Time_s,RPM_Motor,PWM_Motor,Temp_Hotend,PWM_Hotend,t_pid,Kp_Motor,Ki_Motor,Kd_Motor,Kp_Hotend,Ki_Hotend,Kd_Hotend
1.884007215499878,0.0,0.0,201.3,0.0,,,,,,,
2.0978102684020996,0.0,0.0,201.38,0.0,,,,,,,
2.192075252532959,0.0,0.0,201.36,0.0,,,,,,,
2.3001649379730225,0.0,0.0,201.35,0.0,,,,,,,
2.5022318363189697,0.0,0.0,201.33,0.0,,,,,,,
2.6261041164398193,0.0,0.0,201.32,0.0,,,,,,,
2.7987303733825684,0.0,0.0,201.31,0.0,,,,,,,
3.030604362487793,0.0,0.0,201.31,0.0,,,,,,,
3.2006571292877197,0.0,0.0,201.3,0.0,,,,,,,
3.3078742027282715,0.0,0.0,201.3,0.0,,,,,,,
3.6041860580444336,0.0,0.0,201.3,0.0,,,,,,,
3.7295639514923096,0.0,0.0,201.3,0.0,,,,,,,
3.823188543319702,0.0,0.0,201.3,0.0,,,,,,,
4.1030659675598145,0.0,0.0,201.3,0.0,,,,,,,
4.304644823074341,0.0,0.0,201.3,0.0,,,,,,,
4.504520654678345,0.0,0.0,201.3,0.0,,,,,,,
4.614016532897949,0.0,0.0,201.3,0.0,,,,,,,
4.7060627937316895,0.0,0.0,201.3,0.0,,,,,,,
4.816218376159668,0.0,0.0,201.3,0.0,,,,,,,
5.036757707595825,0.0,0.0,201.12,0.0,,,,,,,
5.1469197273254395,0.0,0.0,201.06,0.0,,,,,,,
5.320238351821899,0.0,0.0,200.97,0.0,,,,,,,
5.611194610595703,0.0,0.0,200.89,0.0,,,,,,,
5.718400716781616,0.0,0.0,200.87,0.0,,,,,,,
5.81111741065979,0.0,0.0,200.86,0.0,,,,,,,
6.012056112289429,0.0,0.0,200.84,0.0,,,,,,,
6.137212038040161,0.0,0.0,200.83,0.0,,,,,,,
6.247901678085327,0.0,0.0,200.83,0.0,,,,,,,
6.343042612075806,0.0,0.0,200.82,0.0,,,,,,,
6.622260570526123,0.0,0.0,200.65,0.0,,,,,,,
6.823771715164185,0.0,0.0,200.53,0.0,,,,,,,
7.024564266204834,0.0,0.0,200.46,0.0,,,,,,,
7.119065761566162,0.0,0.0,200.43,0.0,,,,,,,
7.229257822036743,0.0,0.0,200.41,0.0,,,,,,,
7.324132919311523,0.0,0.0,200.39,0.0,,,,,,,
7.557882308959961,0.0,0.0,200.19,0.0,,,,,,,
7.649242877960205,0.0,0.0,200.12,0.0,,,,,,,
7.834153652191162,0.0,0.0,200.02,0.0,,,,,,,
8.129099607467651,0.0,0.0,199.93,0.0,,,,,,,
8.222901582717896,0.0,0.0,199.91,0.0,,,,,,,
8.333520650863647,0.0,0.0,199.8,0.0,,,,,,,
8.534072160720825,0.0,0.0,199.64,0.0,,,,,,,
8.642752647399902,0.0,0.0,199.58,0.0,,,,,,,
8.750953674316406,0.0,0.0,199.54,0.0,,,,,,,
8.860056638717651,0.0,0.0,199.41,0.0,,,,,,,
9.137834310531616,0.0,0.0,199.15,0.0,,,,,,,
9.341143131256104,0.0,0.0,199.05,0.0,,,,,,,
9.637250661849976,0.0,0.0,198.97,0.0,,,,,,,
9.745288133621216,0.0,0.0,198.86,0.0,,,,,,,
9.853254795074463,0.0,0.0,198.86,0.0,,,,,,,
10.071923017501831,0.0,0.0,198.7,0.0,,,,,,,
10.243032932281494,0.0,0.0,198.6,0.0,,,,,,,
10.537552833557129,0.0,0.0,198.51,0.0,,,,,,,
10.645309209823608,0.0,0.0,198.49,0.0,,,,,,,
10.736992835998535,0.0,0.0,198.38,0.0,,,,,,,
10.846237897872925,0.0,0.0,198.29,0.0,,,,,,,
11.04700493812561,0.0,0.0,198.17,0.0,,,,,,,
11.155895233154297,0.0,0.0,198.12,0.0,,,,,,,
11.264665842056274,0.0,0.0,198.09,0.0,,,,,,,
11.542456150054932,0.0,0.0,197.85,0.0,,,,,,,
11.744686365127563,0.0,0.0,197.72,0.0,,,,,,,
11.854057788848877,0.0,0.0,197.67,0.0,,,,,,,
12.145653486251831,0.0,0.0,197.43,0.0,,,,,,,
12.25359559059143,0.0,0.0,197.35,0.0,,,,,,,
12.362028360366821,0.0,0.0,197.28,0.0,,,,,,,
12.581439018249512,0.0,0.0,197.19,0.0,,,,,,,
12.689543724060059,0.0,0.0,197.16,0.0,,,,,,,
12.86081337928772,0.0,0.0,197.02,0.0,,,,,,,
13.156970262527466,0.0,0.0,196.8,0.0,,,,,,,
13.25114631652832,0.0,0.0,196.75,0.0,,,,,,,
13.361154079437256,0.0,0.0,196.63,0.0,,,,,,,
13.56354284286499,0.0,0.0,196.44,0.0,,,,,,,
13.672989845275879,0.0,0.0,196.38,0.0,,,,,,,
13.782524824142456,0.0,0.0,196.33,0.0,,,,,,,
14.062124490737915,0.0,0.0,196.23,0.0,,,,,,,
14.263373613357544,0.0,0.0,196.1,0.0,,,,,,,
14.370625019073486,0.0,0.0,196.01,0.0,,,,,,,
14.66916012763977,0.0,0.0,195.85,0.0,,,,,,,
14.762369155883789,0.0,0.0,195.72,0.0,,,,,,,
14.998195171356201,0.0,0.0,195.63,0.0,,,,,,,
15.092427968978882,0.0,0.0,195.55,0.0,,,,,,,
15.201087951660156,0.0,0.0,195.49,0.0,,,,,,,
15.372417688369751,0.0,0.0,195.39,0.0,,,,,,,
15.669722318649292,0.0,0.0,195.22,0.0,,,,,,,
15.778606176376343,0.0,0.0,195.22,0.0,,,,,,,
15.873321294784546,0.0,0.0,195.14,0.0,,,,,,,
16.073618412017822,0.0,0.0,195.01,0.0,,,,,,,
16.197005033493042,0.0,0.0,194.97,0.0,,,,,,,
16.305495500564575,0.0,0.0,194.84,0.0,,,,,,,
16.506226778030396,0.0,0.0,194.67,0.0,,,,,,,
16.67655038833618,0.0,0.0,194.55,0.0,,,,,,,
16.878422021865845,0.0,0.0,194.48,0.0,,,,,,,
17.188048124313354,0.0,0.0,194.26,0.0,,,,,,,
17.296600580215454,0.0,0.0,194.19,0.0,,,,,,,
17.57895803451538,0.0,0.0,193.9,0.0,,,,,,,
17.718173503875732,0.0,0.0,193.82,0.0,,,,,,,
17.888227939605713,0.0,0.0,193.7,0.0,,,,,,,
18.18055295944214,0.0,0.0,193.51,0.0,,,,,,,
18.291314601898193,0.0,0.0,193.42,0.0,,,,,,,
18.490525484085083,0.0,0.0,193.29,0.0,,,,,,,
18.599202394485474,0.0,0.0,193.24,0.0,,,,,,,
18.708310842514038,0.0,0.0,193.21,0.0,,,,,,,
18.818158388137817,0.0,0.0,193.09,0.0,,,,,,,
19.098015308380127,0.0,0.0,192.87,0.0,,,,,,,
19.300347566604614,0.0,0.0,192.79,0.0,,,,,,,
19.500186920166016,0.0,0.0,192.67,0.0,,,,,,,
19.592092990875244,0.0,0.0,192.58,0.0,,,,,,,
19.700275182724,0.0,0.0,192.5,0.0,,,,,,,
19.794682264328003,0.0,0.0,192.45,0.0,,,,,,,
20.026904582977295,0.0,0.0,192.28,0.0,,,,,,,
20.135437965393066,0.0,0.0,192.18,0.0,,,,,,,
20.30737590789795,0.0,0.0,192.05,0.0,,,,,,,
20.508547067642212,0.0,0.0,191.87,0.0,,,,,,,
20.69572687149048,0.0,0.0,191.7,0.0,,,,,,,
20.804402112960815,0.0,0.0,191.64,0.0,,,,,,,
21.038071632385254,0.0,0.0,191.55,0.0,,,,,,,
21.116349935531616,0.0,0.0,191.43,0.0,,,,,,,
21.224542379379272,0.0,0.0,191.34,0.0,,,,,,,
21.33429217338562,0.0,0.0,191.27,0.0,,,,,,,
21.615909337997437,0.0,0.0,190.98,0.0,,,,,,,
21.81552004814148,0.0,0.0,190.83,0.0,,,,,,,
22.016052722930908,0.0,0.0,190.74,0.0,,,,,,,
22.108452796936035,0.0,0.0,190.62,0.0,,,,,,,
22.217379331588745,0.0,0.0,190.61,0.0,,,,,,,
22.31115484237671,0.0,0.0,190.52,0.0,,,,,,,
22.52938747406006,0.0,0.0,190.39,0.0,,,,,,,
22.638371467590332,0.0,0.0,190.27,0.0,,,,,,,
22.746737480163574,0.0,0.0,190.16,0.0,,,,,,,
22.916495084762573,0.0,0.0,190.02,0.0,,,,,,,
23.21065044403076,0.0,0.0,189.83,0.0,,,,,,,
23.317946910858154,0.0,0.0,189.74,0.0,,,,,,,
23.629744291305542,0.0,0.0,189.55,0.0,,,,,,,
23.736462116241455,0.0,0.0,189.51,0.0,,,,,,,
23.843698978424072,0.0,0.0,189.48,0.0,,,,,,,
24.12259006500244,0.0,0.0,189.23,0.0,,,,,,,
24.323623657226562,0.0,0.0,189.14,0.0,,,,,,,
24.523804664611816,0.0,0.0,188.93,0.0,,,,,,,
24.61816644668579,0.0,0.0,188.86,0.0,,,,,,,
24.72731304168701,0.0,0.0,188.8,0.0,,,,,,,
24.836488723754883,0.0,0.0,188.76,0.0,,,,,,,
25.053632259368896,0.0,0.0,188.69,0.0,,,,,,,
25.163626194000244,0.0,0.0,188.59,0.0,,,,,,,
25.2583270072937,0.0,0.0,188.51,0.0,,,,,,,
25.443150520324707,0.0,0.0,188.39,0.0,,,,,,,
25.624659538269043,0.0,0.0,188.24,0.0,,,,,,,
25.725441217422485,0.0,0.0,188.15,0.0,,,,,,,
25.824726581573486,0.0,0.0,188.08,0.0,,,,,,,
26.03497815132141,0.0,0.0,187.98,0.0,,,,,,,
26.141891717910767,0.0,0.0,187.94,0.0,,,,,,,
26.250561237335205,0.0,0.0,187.91,0.0,,,,,,,
26.35895013809204,0.0,0.0,187.81,0.0,,,,,,,
26.571412801742554,0.0,0.0,187.67,0.0,,,,,,,
26.731266021728516,0.0,0.0,187.5,0.0,,,,,,,
26.8322594165802,0.0,0.0,187.4,0.0,,,,,,,
27.033133029937744,0.0,146.0,187.33,255.0,,,,,,,
27.13408064842224,0.0,59.0,187.27,255.0,,,,,,,
27.234638690948486,0.0,62.0,187.22,255.0,,,,,,,
27.341908931732178,0.0,64.0,187.18,255.0,,,,,,,
27.56015181541443,0.0,70.0,186.99,255.0,,,,,,,
27.66741156578064,0.0,72.0,186.92,255.0,,,,,,,
27.77318549156189,0.0,75.0,186.87,255.0,,,,,,,
27.942493677139282,0.0,81.0,186.73,255.0,,,,,,,
28.139655351638794,0.0,86.0,186.62,255.0,,,,,,,
28.24534773826599,0.0,89.0,186.55,255.0,,,,,,,
28.34190011024475,0.0,91.0,186.49,255.0,,,,,,,
28.553715229034424,0.0,97.0,186.41,255.0,,,,,,,
28.66267204284668,0.0,99.0,186.31,255.0,,,,,,,
28.771479606628418,0.0,102.0,186.23,255.0,,,,,,,
28.957149028778076,0.0,108.0,186.11,255.0,,,,,,,
29.086226224899292,0.0,110.0,185.99,255.0,,,,,,,
29.247343063354492,0.0,116.0,185.88,255.0,,,,,,,
29.34704852104187,0.0,118.0,185.81,255.0,,,,,,,
29.54926872253418,0.0,124.0,185.71,255.0,,,,,,,
29.647605657577515,0.0,126.0,185.67,255.0,,,,,,,
29.74904155731201,0.0,129.0,185.64,255.0,,,,,,,
29.85826563835144,0.0,132.0,185.62,255.0,,,,,,,
30.078386068344116,0.0,137.0,185.58,255.0,,,,,,,
30.18090295791626,0.0,140.0,185.57,255.0,,,,,,,
30.29194688796997,0.0,143.0,185.49,255.0,,,,,,,
30.464757680892944,0.0,148.0,185.5,255.0,,,,,,,
30.654550552368164,0.0,153.0,185.37,255.0,,,,,,,
30.754490613937378,0.0,156.0,185.33,255.0,,,,,,,
30.85622549057007,0.0,56.0,185.29,255.0,,,,,,,
31.05664896965027,0.0,62.0,185.32,255.0,,,,,,,
31.167515993118286,0.0,64.0,185.28,255.0,,,,,,,
31.292033195495605,0.0,67.0,185.26,255.0,,,,,,,
31.464494705200195,0.0,72.0,185.22,255.0,,,,,,,
31.66615891456604,0.0,78.0,185.2,255.0,,,,,,,
31.862607955932617,0.0,83.0,185.18,255.0,,,,,,,
32.067848920822144,0.0,89.0,185.17,255.0,,,,,,,
32.17694163322449,0.0,91.0,185.17,255.0,,,,,,,
32.270187854766846,0.0,94.0,185.16,255.0,,,,,,,
32.579983949661255,0.0,102.0,185.16,255.0,,,,,,,
32.70229148864746,0.0,105.0,185.16,255.0,,,,,,,
32.81156921386719,0.0,108.0,185.16,255.0,,,,,,,
32.9974946975708,0.0,113.0,185.15,255.0,,,,,,,
33.183478355407715,0.0,118.0,185.15,255.0,,,,,,,
33.27663207054138,0.0,121.0,185.15,255.0,,,,,,,
33.38648748397827,0.0,124.0,185.15,255.0,,,,,,,
33.695915937423706,0.0,132.0,185.2,255.0,,,,,,,
33.80368423461914,0.0,135.0,185.26,255.0,,,,,,,
34.08302974700928,0.0,143.0,185.21,255.0,,,,,,,
34.284995794296265,0.0,148.0,185.26,255.0,,,,,,,
34.51639151573181,0.0,153.0,185.3,255.0,,,,,,,
34.68850564956665,0.0,159.0,185.38,255.0,,,,,,,
34.78095555305481,0.0,162.0,185.41,255.0,,,,,,,
35.090319871902466,0.0,170.0,185.46,255.0,,,,,,,
35.289053440093994,0.0,175.0,185.48,255.0,,,,,,,
35.505332469940186,0.0,180.0,185.5,255.0,,,,,,,
35.69197654724121,0.0,186.0,185.57,255.0,,,,,,,
35.80000400543213,0.0,189.0,185.56,255.0,,,,,,,
36.001691579818726,0.0,194.0,185.54,255.0,,,,,,,
36.09372925758362,0.0,197.0,185.54,255.0,,,,,,,
36.201465129852295,0.0,199.0,185.54,255.0,,,,,,,
36.3115291595459,0.0,202.0,185.61,255.0,,,,,,,
36.49672722816467,0.0,207.0,185.71,255.0,,,,,,,
36.6972451210022,0.0,213.0,185.78,255.0,,,,,,,
36.89828038215637,0.0,218.0,185.82,255.0,,,,,,,
37.19429087638855,0.0,226.0,186.04,255.0,,,,,,,
37.30208611488342,0.0,229.0,186.01,255.0,,,,,,,
37.51953387260437,0.0,234.0,186.1,255.0,,,,,,,
37.62903928756714,0.0,237.0,186.14,255.0,,,,,,,
37.737104177474976,0.0,240.0,186.16,255.0,,,,,,,
37.90807580947876,0.0,245.0,186.2,255.0,,,,,,,
38.20229482650757,0.0,253.0,186.23,255.0,,,,,,,
38.30883073806763,0.0,255.0,186.32,255.0,,,,,,,
38.508063077926636,0.0,255.0,186.44,255.0,,,,,,,
38.617868423461914,0.0,255.0,186.48,255.0,,,,,,,
38.726043939590454,0.0,255.0,186.51,255.0,,,,,,,
38.83626961708069,0.0,255.0,186.54,255.0,,,,,,,
39.11565089225769,0.0,255.0,186.59,255.0,,,,,,,
39.31697154045105,0.0,255.0,186.75,255.0,,,,,,,
39.60947370529175,0.0,255.0,186.96,255.0,,,,,,,
39.719231843948364,0.0,255.0,186.97,255.0,,,,,,,
39.826290130615234,0.0,255.0,186.98,255.0,,,,,,,
40.15202260017395,0.0,255.0,187.07,255.0,,,,,,,
40.3228120803833,0.0,255.0,187.19,255.0,,,,,,,
40.61722779273987,0.0,255.0,187.3,255.0,,,,,,,
40.72688388824463,0.0,255.0,187.32,255.0,,,,,,,
40.81870102882385,0.0,255.0,187.41,255.0,,,,,,,
41.12861490249634,0.0,255.0,187.6,255.0,,,,,,,
41.23692727088928,0.0,255.0,187.64,255.0,,,,,,,
41.34683704376221,0.0,255.0,187.67,255.0,,,,,,,
41.626861572265625,0.0,255.0,187.73,255.0,,,,,,,
41.82856321334839,0.0,255.0,187.89,255.0,,,,,,,
42.03012251853943,0.0,255.0,188.0,255.0,,,,,,,
42.12323307991028,0.0,255.0,188.03,255.0,,,,,,,
42.2310254573822,0.0,255.0,188.06,255.0,,,,,,,
42.32647657394409,0.0,255.0,188.17,255.0,,,,,,,
42.555185317993164,0.0,255.0,188.17,255.0,,,,,,,
42.66476559638977,0.0,255.0,188.25,255.0,,,,,,,
42.835113763809204,0.0,255.0,188.37,255.0,,,,,,,
43.14300036430359,0.0,255.0,188.47,255.0,,,,,,,
43.34429621696472,0.0,255.0,188.5,255.0,,,,,,,
43.54682731628418,0.0,255.0,188.53,255.0,,,,,,,
43.640114068984985,0.0,255.0,188.54,255.0,,,,,,,
43.75027871131897,0.0,255.0,188.54,255.0,,,,,,,
43.857314109802246,0.0,255.0,188.63,255.0,,,,,,,
44.149396657943726,0.0,255.0,188.79,255.0,,,,,,,
44.35061478614807,0.0,255.0,188.86,255.0,,,,,,,
44.552608013153076,0.0,255.0,188.96,255.0,,,,,,,
44.64652395248413,0.0,255.0,189.04,255.0,,,,,,,
44.737881898880005,0.0,255.0,189.1,255.0,,,,,,,
44.8481719493866,0.0,255.0,189.16,255.0,,,,,,,
45.0633978843689,0.0,255.0,189.23,255.0,,,,,,,
45.170952558517456,0.0,255.0,189.26,255.0,,,,,,,
45.28137278556824,0.0,255.0,189.28,255.0,,,,,,,
45.451255559921265,0.0,255.0,189.39,255.0,,,,,,,
45.652220010757446,0.0,255.0,189.52,255.0,,,,,,,
45.745906829833984,0.0,255.0,189.57,255.0,,,,,,,
45.852882862091064,0.0,255.0,189.61,255.0,,,,,,,
46.05508828163147,0.0,255.0,189.66,255.0,,,,,,,
46.163161754608154,0.0,255.0,189.76,255.0,,,,,,,
46.27309012413025,0.0,255.0,189.84,255.0,,,,,,,
46.45955491065979,0.0,255.0,189.96,255.0,,,,,,,
46.6616153717041,0.0,255.0,190.03,255.0,,,,,,,
46.86487936973572,0.0,255.0,190.08,255.0,,,,,,,
47.06833362579346,0.0,255.0,190.11,255.0,,,,,,,
47.16186189651489,0.0,255.0,190.2,255.0,,,,,,,
47.25407886505127,0.0,255.0,190.27,255.0,,,,,,,
47.36336040496826,0.0,255.0,190.33,255.0,,,,,,,
47.57751393318176,0.0,255.0,190.42,255.0,,,,,,,
47.686734676361084,0.0,255.0,190.45,255.0,,,,,,,
47.7946138381958,0.0,255.0,190.47,255.0,,,,,,,
47.965298652648926,0.0,255.0,190.65,255.0,,,,,,,
48.16567826271057,0.0,255.0,190.77,255.0,,,,,,,
48.259613037109375,0.0,255.0,190.81,255.0,,,,,,,
48.36844205856323,0.0,255.0,190.84,255.0,,,,,,,
48.57054591178894,0.0,255.0,190.97,255.0,,,,,,,
48.67926383018494,0.0,255.0,190.97,255.0,,,,,,,
48.787346601486206,0.0,255.0,191.06,255.0,,,,,,,
48.974140644073486,0.0,255.0,191.17,255.0,,,,,,,
49.17456078529358,0.0,255.0,191.25,255.0,,,,,,,
49.37453603744507,0.0,255.0,191.3,255.0,,,,,,,
49.577818155288696,0.0,255.0,191.33,255.0,,,,,,,
49.670798540115356,0.0,255.0,191.34,255.0,,,,,,,
49.77994108200073,0.0,255.0,191.43,255.0,,,,,,,
49.98234939575195,0.0,255.0,191.57,255.0,,,,,,,
50.09142351150513,0.0,255.0,191.61,255.0,,,,,,,
50.202861070632935,0.0,255.0,191.65,255.0,,,,,,,
50.310293197631836,0.0,255.0,191.68,255.0,,,,,,,
50.48063898086548,0.0,255.0,191.72,255.0,,,,,,,
50.68354630470276,0.0,255.0,191.75,255.0,,,,,,,
50.77620720863342,0.0,255.0,191.84,255.0,,,,,,,
50.88579440116882,0.0,255.0,191.83,255.0,,,,,,,
51.087992906570435,0.0,255.0,191.91,255.0,,,,,,,
51.1963050365448,0.0,255.0,191.97,255.0,,,,,,,
51.302897930145264,0.0,255.0,192.02,255.0,,,,,,,
51.48987793922424,0.0,255.0,192.09,255.0,,,,,,,
51.69109344482422,0.0,255.0,192.29,255.0,,,,,,,
51.89119267463684,0.0,255.0,192.41,255.0,,,,,,,
52.0923707485199,0.0,255.0,192.49,255.0,,,,,,,
52.18512177467346,0.0,255.0,192.52,255.0,,,,,,,
52.29251146316528,0.0,255.0,192.55,255.0,,,,,,,
52.496450662612915,0.0,255.0,192.58,255.0,,,,,,,
52.62183928489685,0.0,255.0,192.59,255.0,,,,,,,
52.71380400657654,0.0,255.0,192.68,255.0,,,,,,,
52.887253761291504,0.0,255.0,192.82,255.0,,,,,,,
53.10486888885498,0.0,255.0,192.91,255.0,,,,,,,
53.29204726219177,0.0,255.0,192.96,255.0,,,,,,,
53.492382526397705,0.0,255.0,193.08,250.0,,,,,,,
53.6013605594635,0.0,255.0,193.16,250.0,,,,,,,
53.71066212654114,0.0,255.0,193.23,251.0,,,,,,,
53.81963491439819,0.0,255.0,193.19,255.0,,,,,,,
54.10112380981445,0.0,255.0,193.41,254.0,,,,,,,
54.30276966094971,0.0,255.0,193.44,255.0,,,,,,,
54.50256872177124,0.0,255.0,193.54,250.0,,,,,,,
54.61072540283203,0.0,255.0,193.62,251.0,,,,,,,
54.7036874294281,0.0,255.0,193.68,251.0,,,,,,,
54.81109595298767,0.0,255.0,193.72,253.0,,,,,,,
55.01292395591736,0.0,255.0,193.79,255.0,,,,,,,
55.12291741371155,0.0,255.0,193.82,255.0,,,,,,,
55.309788942337036,0.0,255.0,193.85,255.0,,,,,,,
55.510913133621216,0.0,255.0,193.95,255.0,,,,,,,
55.71372127532959,0.0,255.0,194.02,251.0,,,,,,,
55.8051278591156,0.0,255.0,194.09,252.0,,,,,,,
56.008333921432495,0.0,255.0,194.18,254.0,,,,,,,
56.116241455078125,0.0,255.0,194.22,255.0,,,,,,,
56.22577905654907,0.0,255.0,194.24,254.0,,,,,,,
56.335392475128174,0.0,255.0,194.26,255.0,,,,,,,
56.55256509780884,0.0,255.0,194.3,255.0,,,,,,,
56.72192311286926,0.0,255.0,194.4,249.0,,,,,,,
56.95429968833923,0.0,255.0,194.54,249.0,,,,,,,
57.12365198135376,0.0,255.0,194.63,251.0,,,,,,,
57.219231843948364,0.0,255.0,194.66,253.0,,,,,,,
57.32716250419617,0.0,255.0,194.69,254.0,,,,,,,
57.53069877624512,0.0,255.0,194.72,255.0,,,,,,,
57.63943004608154,0.0,255.0,194.82,249.0,,,,,,,
57.825817823410034,0.0,255.0,194.97,249.0,,,,,,,
58.02742624282837,0.0,255.0,195.06,250.0,,,,,,,
58.230090856552124,0.0,255.0,195.12,253.0,,,,,,,
58.323792934417725,0.0,255.0,195.14,254.0,,,,,,,
58.5267128944397,0.0,255.0,195.17,255.0,,,,,,,
58.63655424118042,0.0,255.0,195.18,255.0,,,,,,,
58.747315406799316,0.0,255.0,195.19,255.0,,,,,,,
58.84016799926758,0.0,255.0,195.2,254.0,,,,,,,
59.13395404815674,0.0,255.0,195.21,255.0,,,,,,,
59.336148262023926,0.0,255.0,195.38,250.0,,,,,,,
59.535494804382324,0.0,255.0,195.48,251.0,,,,,,,
59.629812717437744,0.0,255.0,195.52,251.0,,,,,,,
59.73935580253601,0.0,255.0,195.55,252.0,,,,,,,
59.83272695541382,0.0,255.0,195.58,253.0,,,,,,,
60.04974317550659,0.0,255.0,195.61,254.0,,,,,,,
60.157196044921875,0.0,255.0,195.71,250.0,,,,,,,
60.265676736831665,0.0,255.0,195.7,255.0,,,,,,,
60.45203995704651,0.0,255.0,195.78,250.0,,,,,,,
60.637256145477295,0.0,255.0,195.9,250.0,,,,,,,
60.74672770500183,0.0,255.0,195.95,250.0,,,,,,,
60.84043264389038,0.0,255.0,195.98,251.0,,,,,,,
61.04358458518982,0.0,255.0,196.03,252.0,,,,,,,
61.1512246131897,0.0,255.0,196.05,254.0,,,,,,,
61.25858950614929,0.0,255.0,196.15,249.0,,,,,,,
61.36802387237549,0.0,255.0,196.15,254.0,,,,,,,
61.647212505340576,0.0,255.0,196.35,249.0,,,,,,,
61.849714517593384,0.0,255.0,196.43,250.0,,,,,,,
62.0504105091095,0.0,255.0,196.48,252.0,,,,,,,
62.15861916542053,0.0,255.0,196.5,252.0,,,,,,,
62.251434326171875,0.13,255.0,196.51,253.0,,,,,,,
62.34459900856018,0.0,255.0,196.52,255.0,,,,,,,
62.5593056678772,0.0,255.0,196.7,247.0,,,,,,,
62.685051679611206,-0.13,255.0,196.68,253.0,,,,,,,
62.85458064079285,0.0,255.0,196.73,249.0,,,,,,,
63.1635422706604,0.0,255.0,196.87,249.0,,,,,,,
63.35035300254822,0.0,255.0,196.93,250.0,,,,,,,
63.658284425735474,0.0,255.0,196.97,253.0,,,,,,,
63.76650857925415,0.0,255.0,196.98,253.0,,,,,,,
64.06187772750854,0.0,255.0,197.17,248.0,,,,,,,
64.26348543167114,0.0,255.0,197.28,248.0,,,,,,,
64.55934429168701,0.0,255.0,197.38,248.0,,,,,,,
64.66845345497131,0.0,255.0,197.49,242.0,,,,,,,
64.76245665550232,0.0,255.0,197.58,241.0,,,,,,,
64.85724544525146,0.0,255.0,197.66,240.0,,,,,,,
65.07464551925659,0.0,255.0,197.76,239.0,,,,,,,
65.18460869789124,0.0,255.0,197.8,239.0,,,,,,,
65.36948347091675,0.0,255.0,197.85,239.0,,,,,,,
65.67842817306519,0.0,255.0,197.9,240.0,,,,,,,
65.86467099189758,0.0,255.0,197.91,241.0,,,,,,,
66.17334389686584,0.0,255.0,198.08,236.0,,,,,,,
66.28213477134705,0.0,255.0,198.15,235.0,,,,,,,
66.49965572357178,0.0,255.0,198.24,233.0,,,,,,,
66.60855150222778,0.0,255.0,198.28,233.0,,,,,,,
66.78045129776001,0.0,255.0,198.33,233.0,,,,,,,
67.00047588348389,0.0,255.0,198.45,227.0,,,,,,,
67.18564462661743,0.0,255.0,198.61,224.0,,,,,,,
67.28039479255676,0.0,255.0,198.66,223.0,,,,,,,
67.51387047767639,0.0,255.0,198.74,222.0,,,,,,,
67.6062273979187,0.0,255.0,198.77,222.0,,,,,,,
67.69943761825562,0.0,255.0,198.79,222.0,,,,,,,
67.80887579917908,0.0,255.0,198.81,222.0,,,,,,,
68.01049065589905,0.0,255.0,198.84,222.0,,,,,,,
68.18272066116333,0.0,255.0,198.85,222.0,,,,,,,
68.27726125717163,0.0,255.0,198.86,223.0,,,,,,,
68.38564682006836,0.0,255.0,198.86,223.0,,,,,,,
68.69574546813965,0.0,255.0,198.87,224.0,,,,,,,
68.8053367137909,0.0,255.0,198.97,218.0,,,,,,,
69.02160573005676,0.0,255.0,199.11,215.0,,,,,,,
69.19347500801086,0.0,255.0,199.2,213.0,,,,,,,
69.39458131790161,0.0,255.0,199.43,204.0,,,,,,,
69.68940615653992,0.0,255.0,199.5,203.0,,,,,,,
69.79931092262268,0.0,255.0,199.57,201.0,,,,,,,
69.9994592666626,0.0,255.0,199.67,199.0,,,,,,,
70.10773205757141,0.0,255.0,199.7,198.0,,,,,,,
70.23002433776855,0.0,255.0,199.73,197.0,,,,,,,
70.32299876213074,0.0,255.0,199.75,197.0,,,,,,,
70.6044135093689,0.0,255.0,199.79,196.0,,,,,,,
70.80518531799316,0.0,255.0,199.9,189.0,,,,,,,
71.03744649887085,0.0,255.0,199.98,187.0,,,,,,,
71.20873475074768,0.0,255.0,200.1,184.0,,,,,,,
71.31882500648499,0.0,255.0,200.14,183.0,,,,,,,
71.70506620407104,0.0,255.0,200.25,179.0,,,,,,,
71.90582609176636,0.0,255.0,200.27,178.0,,,,,,,
72.21756887435913,0.0,255.0,200.39,171.0,,,,,,,
72.31074023246765,0.0,255.0,200.38,175.0,,,,,,,
72.51213264465332,0.0,255.0,200.43,173.0,,,,,,,
72.62119960784912,0.0,255.0,200.51,167.0,,,,,,,
72.74601078033447,0.0,255.0,200.57,165.0,,,,,,,
72.91584658622742,0.0,255.0,200.65,162.0,,,,,,,
73.20894455909729,0.0,255.0,200.73,160.0,,,,,,,
73.31761765480042,0.0,255.0,200.74,159.0,,,,,,,
73.61360836029053,0.0,255.0,200.77,157.0,,,,,,,
73.72218561172485,0.0,255.0,200.78,157.0,,,,,,,
73.83292388916016,0.0,255.0,200.79,156.0,,,,,,,
74.05067896842957,0.0,255.0,200.89,149.0,,,,,,,
74.22146320343018,0.0,255.0,200.96,146.0,,,,,,,
74.51432633399963,0.0,255.0,201.12,140.0,,,,,,,
74.62438702583313,-0.13,255.0,201.16,139.0,,,,,,,
74.73160862922668,0.13,255.0,201.19,138.0,,,,,,,
74.8263771533966,-0.13,255.0,201.21,137.0,,,,,,,
75.0291645526886,0.0,255.0,201.24,135.0,,,,,,,
75.13848328590393,0.0,255.0,201.25,134.0,,,,,,,
75.24822688102722,0.0,255.0,201.26,133.0,,,,,,,
75.43350148200989,0.0,255.0,201.27,132.0,,,,,,,
75.72852516174316,0.0,255.0,201.29,130.0,,,,,,,
75.82096409797668,0.0,255.0,201.39,123.0,,,,,,,
76.03759455680847,0.0,255.0,201.45,120.0,,,,,,,
76.13020944595337,0.0,255.0,201.42,124.0,,,,,,,
76.23737978935242,0.0,255.0,201.5,118.0,,,,,,,
76.3464834690094,0.0,255.0,201.46,122.0,,,,,,,
76.5642306804657,0.0,255.0,201.4,122.0,,,,,,,
76.73552870750427,0.0,255.0,201.44,120.0,,,,,,,
77.0286865234375,0.0,255.0,201.37,120.0,,,,,,,
77.13743901252747,0.0,255.0,201.46,114.0,,,,,,,
77.24589347839355,0.13,255.0,201.42,118.0,,,,,,,
77.33754801750183,-0.13,255.0,201.4,118.0,,,,,,,
77.55424666404724,0.0,255.0,201.36,118.0,,,,,,,
77.66185903549194,-0.13,255.0,201.45,111.0,,,,,,,
77.77045893669128,0.0,255.0,201.42,115.0,,,,,,,
77.97396516799927,0.0,255.0,201.55,106.0,,,,,,,
78.14365839958191,0.0,255.0,201.64,103.0,,,,,,,
78.25190925598145,0.0,255.0,201.57,108.0,,,,,,,
78.34475827217102,0.0,255.0,201.62,102.0,,,,,,,
78.54304146766663,0.0,255.0,201.68,99.0,,,,,,,
78.65139985084534,0.0,255.0,201.7,98.0,,,,,,,
78.74351215362549,0.0,255.0,201.72,97.0,,,,,,,
78.86707663536072,0.0,255.0,201.64,102.0,,,,,,,
79.08520317077637,0.0,255.0,201.69,95.0,,,,,,,
79.25496649742126,0.0,255.0,201.65,95.0,,,,,,,
79.54668951034546,0.0,255.0,201.54,100.0,,,,,,,
79.6566550731659,0.0,255.0,201.59,94.0,,,,,,,
79.74973940849304,0.0,255.0,201.63,92.0,,,,,,,
79.85751032829285,0.0,255.0,201.66,91.0,,,,,,,
80.06016373634338,0.0,255.0,201.61,95.0,,,,,,,
80.16851329803467,0.0,255.0,201.55,96.0,,,,,,,
80.29215574264526,0.0,255.0,201.6,90.0,,,,,,,
80.4755425453186,-0.13,255.0,201.57,93.0,,,,,,,
80.66225361824036,-0.13,255.0,201.47,95.0,,,,,,,
80.86302161216736,0.13,255.0,201.41,95.0,,,,,,,
81.15640830993652,0.0,255.0,201.35,95.0,,,,,,,
81.27957677841187,0.0,255.0,201.34,95.0,,,,,,,
81.58871006965637,0.0,255.0,201.32,94.0,,,,,,,
81.77332997322083,0.0,255.0,201.31,93.0,,,,,,,
82.06620073318481,0.0,255.0,201.23,94.0,,,,,,,
82.159170627594,0.0,255.0,201.24,93.0,,,,,,,
82.26854109764099,0.0,255.0,201.25,92.0,,,,,,,
82.36153435707092,0.0,255.0,201.16,98.0,,,,,,,
82.5920307636261,0.0,255.0,201.11,99.0,,,,,,,
82.68438863754272,0.0,255.0,201.15,93.0,,,,,,,
82.79497361183167,0.0,255.0,201.08,99.0,,,,,,,
82.99675011634827,0.0,255.0,200.98,100.0,,,,,,,
83.16709160804749,0.0,255.0,200.92,101.0,,,,,,,
83.27370285987854,0.13,255.0,200.9,102.0,,,,,,,
83.38187599182129,0.0,255.0,200.88,102.0,,,,,,,
83.58181524276733,0.0,255.0,200.85,102.0,,,,,,,
83.67557787895203,0.0,255.0,200.84,102.0,,,,,,,
83.78541970252991,-0.13,255.0,200.84,102.0,,,,,,,
84.00171732902527,0.0,255.0,200.82,101.0,,,,,,,
84.10921621322632,0.0,255.0,200.82,101.0,,,,,,,
84.27914524078369,0.0,255.0,200.82,101.0,,,,,,,
84.57411861419678,0.0,255.0,200.81,100.0,,,,,,,
84.6838641166687,0.0,255.0,200.81,99.0,,,,,,,
84.79249382019043,0.0,255.0,200.71,106.0,,,,,,,
85.01251864433289,0.0,255.0,200.65,107.0,,,,,,,
85.10452604293823,0.0,255.0,200.58,108.0,,,,,,,
85.21426224708557,0.0,255.0,200.53,110.0,,,,,,,
85.30714678764343,0.0,255.0,200.49,110.0,,,,,,,
85.51016116142273,0.0,255.0,200.43,112.0,,,,,,,
85.68099427223206,0.0,255.0,200.39,113.0,,,,,,,
85.79028820991516,0.0,255.0,200.37,113.0,,,,,,,
85.88425469398499,0.0,255.0,200.36,113.0,,,,,,,
86.08812022209167,0.0,255.0,200.35,113.0,,,,,,,
86.19614291191101,0.0,255.0,200.34,113.0,,,,,,,
86.30394196510315,0.0,255.0,200.34,113.0,,,,,,,
86.49185562133789,-0.13,255.0,200.16,122.0,,,,,,,
86.69442749023438,0.0,255.0,200.04,125.0,,,,,,,
86.8969464302063,0.0,255.0,199.97,127.0,,,,,,,
87.19070172309875,0.0,255.0,199.9,129.0,,,,,,,
87.29893445968628,0.0,255.0,199.89,129.0,,,,,,,
87.5955286026001,0.0,255.0,199.86,130.0,,,,,,,
87.7210304737091,0.0,255.0,199.86,130.0,,,,,,,
87.83060956001282,0.0,255.0,199.85,130.0,,,,,,,
88.09462094306946,0.0,255.0,199.75,137.0,,,,,,,
88.20337295532227,0.0,255.0,199.77,133.0,,,,,,,
88.3124828338623,0.0,255.0,199.68,139.0,,,,,,,
88.51313853263855,0.0,255.0,199.64,140.0,,,,,,,
88.60596370697021,0.13,255.0,199.68,136.0,,,,,,,
88.71428370475769,-0.13,255.0,199.62,141.0,,,,,,,
88.80798983573914,0.0,255.0,199.66,137.0,,,,,,,
89.0102288722992,0.0,255.0,199.55,144.0,,,,,,,
89.20998430252075,0.13,255.0,199.48,146.0,,,,,,,
89.41074013710022,0.0,255.0,199.36,150.0,,,,,,,
89.70500183105469,0.0,255.0,199.19,159.0,,,,,,,
89.81440615653992,0.0,255.0,199.13,161.0,,,,,,,
90.01590299606323,0.0,255.0,199.04,164.0,,,,,,,
90.12548494338989,0.0,255.0,199.1,159.0,,,,,,,
90.23315286636353,0.0,255.0,199.06,164.0,,,,,,,
90.34293508529663,0.0,255.0,199.02,166.0,,,,,,,
90.62124180793762,0.0,255.0,198.95,169.0,,,,,,,
90.82348346710205,0.0,255.0,198.93,170.0,,,,,,,
91.11988687515259,0.0,255.0,198.91,172.0,,,,,,,
91.22762632369995,0.0,255.0,198.9,173.0,,,,,,,
91.33689475059509,0.0,255.0,198.9,173.0,,,,,,,
91.55409383773804,0.0,255.0,198.89,174.0,,,,,,,
91.72847843170166,0.0,255.0,198.89,175.0,,,,,,,
92.02279210090637,0.0,255.0,198.89,177.0,,,,,,,
92.13143515586853,0.0,255.0,198.79,183.0,,,,,,,
92.22481894493103,0.0,255.0,198.81,180.0,,,,,,,
92.33510541915894,0.0,255.0,198.82,180.0,,,,,,,
92.64262413978577,0.0,255.0,198.62,191.0,,,,,,,
92.75179648399353,0.0,255.0,198.58,192.0,,,,,,,
92.85880398750305,0.0,255.0,198.55,194.0,,,,,,,
93.13864517211914,0.0,255.0,198.48,197.0,,,,,,,
93.34108257293701,0.0,255.0,198.53,197.0,,,,,,,
93.63554859161377,0.0,255.0,198.47,201.0,,,,,,,
93.72884607315063,0.0,255.0,198.46,202.0,,,,,,,
93.85440921783447,0.0,255.0,198.45,203.0,,,,,,,
94.07147598266602,0.0,255.0,198.44,204.0,,,,,,,
94.2414698600769,0.0,255.0,198.43,206.0,,,,,,,
94.5376877784729,0.0,255.0,198.42,208.0,,,,,,,
94.64744687080383,0.0,255.0,198.42,208.0,,,,,,,
94.74069309234619,0.0,255.0,198.42,209.0,,,,,,,
94.85102915763855,0.0,255.0,198.42,210.0,,,,,,,
95.0539493560791,-0.13,255.0,198.41,211.0,,,,,,,
95.16258668899536,0.13,255.0,198.41,212.0,,,,,,,
95.27018618583679,-0.13,255.0,198.32,218.0,,,,,,,
95.55179333686829,0.0,255.0,198.37,216.0,,,,,,,
95.73876762390137,0.0,255.0,198.38,217.0,,,,,,,
95.84655427932739,0.0,255.0,198.39,217.0,,,,,,,
96.1430356502533,0.0,255.0,198.4,219.0,,,,,,,
96.25237965583801,0.0,255.0,198.4,219.0,,,,,,,
96.36045598983765,0.0,255.0,198.4,220.0,,,,,,,
96.5785882472992,0.0,255.0,198.41,221.0,,,,,,,
96.68775916099548,0.0,255.0,198.41,222.0,,,,,,,
96.85784077644348,0.0,255.0,198.5,217.0,,,,,,,
97.1542100906372,0.0,255.0,198.46,223.0,,,,,,,
97.26190638542175,0.0,255.0,198.45,224.0,,,,,,,
97.35493063926697,0.0,255.0,198.44,225.0,,,,,,,
97.57047152519226,0.0,255.0,198.51,224.0,,,,,,,
97.67999339103699,0.0,255.0,198.49,226.0,,,,,,,
97.78917860984802,0.0,255.0,198.57,220.0,,,,,,,
97.99305748939514,0.0,255.0,198.68,218.0,,,,,,,
98.16346907615662,-0.13,255.0,198.75,217.0,,,,,,,
98.36519575119019,0.0,255.0,198.72,219.0,,,,,,,
98.66037154197693,0.0,255.0,198.8,219.0,,,,,,,
98.76870369911194,0.0,255.0,198.82,219.0,,,,,,,
98.95914936065674,0.0,255.0,198.84,219.0,,,,,,,
99.09949779510498,0.0,255.0,198.85,219.0,,,,,,,
99.26975774765015,0.0,255.0,198.86,220.0,,,,,,,
99.4864330291748,0.0,255.0,198.87,220.0,,,,,,,
99.67416620254517,0.0,255.0,198.87,221.0,,,,,,,
99.76824522018433,0.0,255.0,198.88,222.0,,,,,,,
99.87504935264587,0.0,255.0,198.88,222.0,,,,,,,
100.08937072753906,0.0,255.0,198.88,223.0,,,,,,,
100.19724798202515,0.0,255.0,198.88,223.0,,,,,,,
100.30639934539795,0.0,255.0,198.88,224.0,,,,,,,
100.47897553443909,0.0,255.0,198.88,224.0,,,,,,,
100.67837834358215,0.0,255.0,198.88,225.0,,,,,,,
100.88041758537292,0.0,255.0,198.88,226.0,,,,,,,
101.08360004425049,0.13,255.0,198.88,227.0,,,,,,,
101.1762228012085,-0.13,255.0,198.88,228.0,,,,,,,
101.2869701385498,0.0,255.0,198.88,228.0,,,,,,,
101.4728376865387,0.0,255.0,198.98,223.0,,,,,,,
101.6113543510437,0.0,255.0,199.05,221.0,,,,,,,
101.71953582763672,0.0,255.0,199.11,220.0,,,,,,,
101.88657760620117,0.0,255.0,199.2,218.0,,,,,,,
102.08817934989929,0.0,255.0,199.26,217.0,,,,,,,
102.18165302276611,0.0,255.0,199.28,217.0,,,,,,,
102.29164958000183,0.0,255.0,199.29,217.0,,,,,,,
102.4923050403595,0.0,255.0,199.32,217.0,,,,,,,
102.60254645347595,0.0,255.0,199.32,217.0,,,,,,,
102.71107864379883,0.0,255.0,199.43,210.0,,,,,,,
102.8195743560791,0.0,255.0,199.51,208.0,,,,,,,
103.08257675170898,0.0,255.0,199.67,204.0,,,,,,,
103.28490591049194,0.0,255.0,199.65,205.0,,,,,,,
103.39500570297241,0.0,255.0,199.69,204.0,,,,,,,
103.59783291816711,0.0,255.0,199.74,203.0,,,,,,,
103.6917986869812,0.0,255.0,199.76,203.0,,,,,,,
103.80040216445923,0.13,255.0,199.78,202.0,,,,,,,
104.00163054466248,0.0,255.0,199.8,202.0,,,,,,,
104.12700510025024,0.0,255.0,199.8,202.0,,,,,,,
104.29841709136963,0.0,255.0,199.91,195.0,,,,,,,
104.50152516365051,0.0,255.0,199.98,193.0,,,,,,,
104.59443640708923,0.0,255.0,199.95,198.0,,,,,,,
104.70255446434021,0.0,255.0,200.03,192.0,,,,,,,
104.79609441757202,0.0,255.0,199.99,197.0,,,,,,,
104.9989173412323,0.0,255.0,200.11,190.0,,,,,,,
105.10864543914795,0.0,255.0,200.15,189.0,,,,,,,
105.21709179878235,0.0,255.0,200.18,188.0,,,,,,,
105.32561898231506,0.0,255.0,200.21,187.0,,,,,,,
105.60694718360901,0.0,255.0,200.26,185.0,,,,,,,
105.80957674980164,0.0,255.0,200.28,184.0,,,,,,,
106.00863313674927,0.0,255.0,200.3,184.0,,,,,,,
106.10059452056885,0.0,255.0,200.4,177.0,,,,,,,
106.20854759216309,0.0,255.0,200.38,181.0,,,,,,,
106.31808423995972,0.0,255.0,200.37,181.0,,,,,,,
106.53706645965576,0.0,255.0,200.35,181.0,,,,,,,
106.6466121673584,0.0,255.0,200.34,182.0,,,,,,,
106.81818342208862,0.13,255.0,200.33,181.0,,,,,,,
107.00506520271301,-0.13,255.0,200.33,181.0,,,,,,,
107.11441946029663,0.0,255.0,200.33,181.0,,,,,,,
107.2070472240448,0.0,255.0,200.33,181.0,,,,,,,
107.31676268577576,0.0,255.0,200.32,181.0,,,,,,,
107.51788997650146,0.0,255.0,200.42,175.0,,,,,,,
107.62856340408325,0.0,255.0,200.4,179.0,,,,,,,
107.73974108695984,0.0,255.0,200.38,179.0,,,,,,,
107.84861636161804,0.0,255.0,200.47,173.0,,,,,,,
108.12667775154114,0.0,255.0,200.63,168.0,,,,,,,
108.32735085487366,0.0,255.0,200.69,165.0,,,,,,,
108.52846503257751,0.0,255.0,200.73,164.0,,,,,,,
108.62204813957214,0.0,255.0,200.75,163.0,,,,,,,
108.71555209159851,0.0,255.0,200.76,162.0,,,,,,,
108.82456064224243,0.0,255.0,200.77,162.0,,,,,,,
109.05875277519226,0.0,255.0,200.78,161.0,,,,,,,
109.15109968185425,0.0,255.0,200.79,160.0,,,,,,,
109.32189726829529,0.0,255.0,200.79,159.0,,,,,,,
109.52494764328003,0.13,255.0,200.8,159.0,,,,,,,
109.63438749313354,0.0,255.0,200.8,158.0,,,,,,,
109.72843408584595,0.0,255.0,200.8,158.0,,,,,,,
109.82239198684692,0.0,255.0,200.8,158.0,,,,,,,
110.02511644363403,-0.13,255.0,200.8,157.0,,,,,,,
110.15063977241516,0.0,255.0,200.8,157.0,,,,,,,
110.25812268257141,0.0,255.0,200.8,156.0,,,,,,,
110.36548042297363,0.0,255.0,200.8,156.0,,,,,,,
110.6285080909729,0.0,255.0,200.95,151.0,,,,,,,
110.83013558387756,0.0,255.0,200.97,149.0,,,,,,,
111.03015470504761,0.0,255.0,201.01,144.0,,,,,,,
111.13882780075073,0.0,255.0,201.07,142.0,,,,,,,
111.24672651290894,0.0,255.0,201.11,140.0,,,,,,,
111.34136629104614,0.0,255.0,201.15,139.0,,,,,,,
111.57481527328491,0.0,255.0,201.03,145.0,,,,,,,
111.66949534416199,0.0,255.0,200.98,146.0,,,,,,,
111.77722191810608,0.0,255.0,201.05,140.0,,,,,,,
111.96102738380432,0.0,255.0,201.14,137.0,,,,,,,
112.14929938316345,0.0,255.0,201.19,134.0,,,,,,,
112.24366354942322,0.0,255.0,201.21,133.0,,,,,,,
112.33639574050903,0.0,255.0,201.13,138.0,,,,,,,
112.55433130264282,0.0,255.0,201.19,132.0,,,,,,,
112.64820885658264,0.13,255.0,201.21,131.0,,,,,,,
112.7725510597229,0.0,255.0,201.23,130.0,,,,,,,
112.95989298820496,0.0,255.0,201.25,129.0,,,,,,,
113.14636731147766,0.0,255.0,201.27,127.0,,,,,,,
113.3481216430664,0.0,255.0,201.28,126.0,,,,,,,
113.5488531589508,0.0,255.0,201.29,125.0,,,,,,,
113.65856719017029,0.0,255.0,201.29,124.0,,,,,,,
113.75246930122375,0.0,255.0,201.29,123.0,,,,,,,
113.86124086380005,0.0,255.0,201.29,123.0,,,,,,,
114.0790011882782,0.0,255.0,201.29,122.0,,,,,,,
114.18814396858215,0.0,255.0,201.29,121.0,,,,,,,
114.36016082763672,0.0,255.0,201.3,120.0,,,,,,,
114.56389141082764,0.0,255.0,201.3,119.0,,,,,,,
114.65576720237732,0.0,255.0,201.3,119.0,,,,,,,
114.76411318778992,0.0,255.0,201.3,118.0,,,,,,,
114.85856556892395,0.0,255.0,201.3,118.0,,,,,,,
115.06204962730408,0.0,255.0,201.2,123.0,,,,,,,
115.16988778114319,0.0,255.0,201.22,118.0,,,,,,,
115.29459810256958,0.0,255.0,201.23,117.0,,,,,,,
115.46557831764221,0.13,255.0,201.18,118.0,,,,,,,
115.66815662384033,0.0,255.0,201.12,122.0,,,,,,,
115.87125825881958,-0.13,255.0,201.19,116.0,,,,,,,
116.05747127532959,-0.13,255.0,201.23,114.0,,,,,,,
116.1666829586029,0.0,255.0,201.24,113.0,,,,,,,
116.2604489326477,0.0,255.0,201.15,118.0,,,,,,,
116.47845101356506,0.0,255.0,201.11,119.0,,,,,,,
116.60492014884949,0.0,255.0,201.05,120.0,,,,,,,
116.69904255867004,0.0,255.0,201.1,115.0,,,,,,,
116.80810284614563,0.0,255.0,201.04,119.0,,,,,,,
116.97848415374756,0.0,255.0,200.95,121.0,,,,,,,
117.1658730506897,0.0,255.0,200.9,122.0,,,,,,,
117.27421689033508,0.0,255.0,200.88,122.0,,,,,,,
117.36788630485535,0.0,255.0,200.87,122.0,,,,,,,
117.58549284934998,0.0,255.0,200.84,122.0,,,,,,,
117.69430685043335,0.0,255.0,200.84,122.0,,,,,,,
117.80322551727295,0.0,255.0,200.83,122.0,,,,,,,
117.97340989112854,0.0,255.0,200.82,121.0,,,,,,,
118.17645955085754,0.0,255.0,200.82,121.0,,,,,,,
118.37967562675476,0.0,255.0,200.81,120.0,,,,,,,
118.57958936691284,-0.13,255.0,200.81,120.0,,,,,,,
118.68727827072144,0.13,255.0,200.81,119.0,,,,,,,
118.77996110916138,0.0,255.0,200.71,125.0,,,,,,,
118.98289942741394,0.0,255.0,200.74,120.0,,,,,,,
119.10699367523193,0.0,255.0,200.66,126.0,,,,,,,
119.21773409843445,0.0,255.0,200.69,121.0,,,,,,,
119.39116191864014,0.0,255.0,200.63,126.0,,,,,,,
119.59330582618713,0.0,255.0,200.6,126.0,,,,,,,
119.68474078178406,0.0,255.0,200.54,128.0,,,,,,,
119.7936019897461,0.0,255.0,200.5,129.0,,,,,,,
119.99530053138733,0.0,255.0,200.51,128.0,,,,,,,
120.10460996627808,0.0,255.0,200.47,129.0,,,,,,,
120.19753813743591,0.0,255.0,200.44,129.0,,,,,,,
120.32214307785034,0.0,255.0,200.42,130.0,,,,,,,
120.58803129196167,0.0,255.0,200.37,131.0,,,,,,,
120.7905695438385,0.0,255.0,200.35,131.0,,,,,,,
120.89986824989319,0.0,255.0,200.34,131.0,,,,,,,
121.10164761543274,0.0,255.0,200.33,131.0,,,,,,,
121.19520211219788,0.0,255.0,200.33,131.0,,,,,,,
121.30319023132324,0.0,255.0,200.33,131.0,,,,,,,
121.50593948364258,0.13,255.0,200.33,131.0,,,,,,,
121.63069462776184,0.0,255.0,200.32,131.0,,,,,,,
121.80194902420044,0.13,255.0,200.32,130.0,,,,,,,
122.00475859642029,0.0,255.0,200.32,130.0,,,,,,,
122.20739316940308,0.0,255.0,200.32,130.0,,,,,,,
122.29997420310974,0.0,255.0,200.22,136.0,,,,,,,
122.50236701965332,0.0,255.0,200.26,131.0,,,,,,,
122.6118311882019,0.0,255.0,200.27,131.0,,,,,,,
122.72019171714783,0.0,255.0,200.28,131.0,,,,,,,
122.82943058013916,0.0,255.0,200.19,137.0,,,,,,,
123.11014413833618,0.0,255.0,200.19,133.0,,,,,,,
123.31358337402344,0.0,255.0,200.16,133.0,,,,,,,
123.51276087760925,0.0,255.0,200.04,140.0,,,,,,,
123.60641670227051,0.0,255.0,200.0,141.0,,,,,,,
123.71599912643433,0.0,255.0,199.97,142.0,,,,,,,
123.80941486358643,0.0,255.0,199.94,143.0,,,,,,,
123.9503128528595,0.0,255.0,199.92,144.0,,,,,,,
124.04418969154358,0.0,255.0,199.9,144.0,,,,,,,
124.13784909248352,0.0,255.0,199.89,145.0,,,,,,,
124.24544548988342,0.0,255.0,199.88,145.0,,,,,,,
124.41381764411926,-0.13,255.0,199.86,146.0,,,,,,,
124.71116471290588,-0.13,255.0,199.85,146.0,,,,,,,
124.81924080848694,0.0,255.0,199.85,146.0,,,,,,,
125.0198564529419,0.0,255.0,199.84,146.0,,,,,,,
125.12968158721924,0.0,255.0,199.84,147.0,,,,,,,
125.23882937431335,0.0,255.0,199.84,147.0,,,,,,,
125.3482494354248,0.0,255.0,199.84,147.0,,,,,,,
125.62331867218018,0.0,255.0,199.84,147.0,,,,,,,
125.82534527778625,0.0,255.0,199.84,147.0,,,,,,,
126.1195809841156,0.0,255.0,199.74,154.0,,,,,,,
126.22735691070557,0.0,255.0,199.66,156.0,,,,,,,
126.33606314659119,0.0,255.0,199.7,151.0,,,,,,,
126.55722904205322,0.0,255.0,199.75,150.0,,,,,,,
126.66585779190063,0.0,255.0,199.77,150.0,,,,,,,
126.82234954833984,0.0,255.0,199.71,152.0,,,,,,,
127.03860330581665,0.0,255.0,199.66,157.0,,,,,,,
127.23962330818176,0.0,255.0,199.63,158.0,,,,,,,
127.33323359489441,0.13,255.0,199.57,160.0,,,,,,,
127.64524292945862,0.0,255.0,199.54,161.0,,,,,,,
127.75408220291138,0.0,255.0,199.51,162.0,,,,,,,
127.86259388923645,0.0,255.0,199.48,163.0,,,,,,,
128.14136385917664,0.0,255.0,199.58,158.0,,,,,,,
128.34236001968384,0.0,255.0,199.5,164.0,,,,,,,
128.63872623443604,0.0,255.0,199.43,166.0,,,,,,,
128.7488100528717,0.0,255.0,199.41,167.0,,,,,,,
128.84239268302917,0.0,255.0,199.5,161.0,,,,,,,
129.05786395072937,0.0,255.0,199.45,167.0,,,,,,,
129.18072628974915,0.0,255.0,199.43,167.0,,,,,,,
129.35009479522705,0.0,255.0,199.31,175.0,,,,,,,
129.6452353000641,0.0,255.0,199.43,165.0,,,,,,,
129.75388360023499,0.0,255.0,199.41,169.0,,,,,,,
129.84842085838318,0.0,255.0,199.4,170.0,,,,,,,
130.04945373535156,0.0,255.0,199.39,171.0,,,,,,,
130.15970754623413,0.0,255.0,199.38,171.0,,,,,,,
130.26842975616455,-0.13,255.0,199.38,171.0,,,,,,,
130.54834723472595,0.0,255.0,199.37,172.0,,,,,,,
130.75148272514343,0.0,255.0,199.36,173.0,,,,,,,
130.85853385925293,0.0,255.0,199.36,173.0,,,,,,,
131.06211876869202,0.0,255.0,199.27,180.0,,,,,,,
131.15405464172363,0.0,255.0,199.28,176.0,,,,,,,
131.26221561431885,0.0,255.0,199.3,176.0,,,,,,,
131.35638332366943,0.0,255.0,199.31,176.0,,,,,,,
131.59154844284058,0.0,255.0,199.33,176.0,,,,,,,
131.6861629486084,0.0,255.0,199.33,176.0,,,,,,,
131.79468154907227,0.0,255.0,199.24,183.0,,,,,,,
132.06093287467957,0.0,255.0,199.3,178.0,,,,,,,
132.15380263328552,0.0,255.0,199.31,178.0,,,,,,,
132.2610788345337,0.0,255.0,199.32,178.0,,,,,,,
132.3547420501709,0.0,255.0,199.33,179.0,,,,,,,
132.57113122940063,0.0,255.0,199.24,185.0,,,,,,,
132.6813199520111,0.0,255.0,199.17,187.0,,,,,,,
132.79218459129333,0.0,255.0,199.11,189.0,,,,,,,
133.07170176506042,0.0,255.0,199.21,187.0,,,,,,,
133.2722783088684,0.0,255.0,199.09,191.0,,,,,,,
133.57064056396484,0.0,255.0,199.13,191.0,,,,,,,
133.66294717788696,0.0,255.0,199.08,193.0,,,,,,,
133.7715630531311,0.0,255.0,199.04,195.0,,,,,,,
134.00692296028137,0.0,255.0,199.15,189.0,,,,,,,
134.10074067115784,0.0,255.0,199.1,194.0,,,,,,,
134.21085786819458,0.0,255.0,199.06,196.0,,,,,,,
134.38120555877686,0.0,255.0,198.99,198.0,,,,,,,
134.6776843070984,0.0,255.0,198.94,201.0,,,,,,,
134.77052879333496,0.0,255.0,198.93,202.0,,,,,,,
134.87776851654053,0.0,255.0,198.92,202.0,,,,,,,
135.0815315246582,0.0,255.0,199.0,197.0,,,,,,,
135.1907603740692,0.0,255.0,198.98,202.0,,,,,,,
135.2993631362915,0.0,255.0,198.96,203.0,,,,,,,
135.5803828239441,0.13,255.0,198.92,205.0,,,,,,,
135.78495621681213,-0.13,255.0,199.0,200.0,,,,,,,
135.9844512939453,-0.13,255.0,198.96,206.0,,,,,,,
136.0948851108551,0.0,255.0,198.94,207.0,,,,,,,
136.1865861415863,0.0,255.0,198.93,207.0,,,,,,,
136.27927350997925,0.0,255.0,198.92,208.0,,,,,,,
136.5114884376526,0.0,255.0,198.91,209.0,,,,,,,
136.61900281906128,0.0,255.0,198.9,210.0,,,,,,,
136.7902491092682,0.0,255.0,198.9,211.0,,,,,,,
137.0074701309204,0.0,255.0,198.89,212.0,,,,,,,
137.1947045326233,0.0,255.0,198.89,213.0,,,,,,,
137.28721261024475,0.0,255.0,198.89,213.0,,,,,,,
137.51959609985352,0.0,255.0,198.98,208.0,,,,,,,
137.59734916687012,0.0,255.0,198.96,213.0,,,,,,,
137.70647716522217,0.0,255.0,199.04,207.0,,,,,,,
137.8145341873169,0.0,255.0,199.1,206.0,,,,,,,
138.0019223690033,0.0,255.0,199.12,206.0,,,,,,,
138.20350766181946,0.0,255.0,199.03,213.0,,,,,,,
138.40603280067444,0.0,255.0,199.07,209.0,,,,,,,
138.60767030715942,0.0,255.0,199.01,215.0,,,,,,,
138.70073413848877,0.0,255.0,198.98,216.0,,,,,,,
138.80780053138733,0.0,255.0,198.96,217.0,,,,,,,
139.00996041297913,0.0,255.0,199.03,213.0,,,,,,,
139.13414239883423,0.0,255.0,199.09,211.0,,,,,,,
139.30578637123108,0.0,255.0,199.02,218.0,,,,,,,
139.50816464424133,0.0,255.0,199.06,214.0,,,,,,,
139.7073745727539,0.0,255.0,199.09,214.0,,,,,,,
139.80064368247986,0.0,255.0,199.15,212.0,,,,,,,
140.02089524269104,0.0,255.0,199.15,213.0,,,,,,,
140.11505270004272,0.0,255.0,199.19,212.0,,,,,,,
140.22593116760254,0.0,255.0,199.22,212.0,,,,,,,
140.3334822654724,0.0,255.0,199.15,218.0,,,,,,,
140.61447286605835,0.0,255.0,199.19,214.0,,,,,,,
140.81557035446167,0.0,255.0,199.25,213.0,,,,,,,
141.01647353172302,0.0,255.0,199.29,212.0,,,,,,,
141.12430000305176,0.0,255.0,199.3,212.0,,,,,,,
141.216938495636,0.0,255.0,199.31,212.0,,,,,,,
141.32663774490356,0.0,255.0,199.32,212.0,,,,,,,
141.6532747745514,0.0,255.0,199.42,211.0,,,,,,,
141.8245370388031,0.0,255.0,199.49,205.0,,,,,,,
142.11964106559753,0.0,255.0,199.6,203.0,,,,,,,
142.22852063179016,0.0,255.0,199.55,208.0,,,,,,,
142.32110619544983,0.0,255.0,199.51,209.0,,,,,,,
142.52338314056396,0.0,255.0,199.55,205.0,,,,,,,
142.6323115825653,0.0,255.0,199.61,204.0,,,,,,,
142.74179935455322,0.0,255.0,199.65,202.0,,,,,,,
142.85075521469116,0.0,255.0,199.59,208.0,,,,,,,
143.13054513931274,0.0,255.0,199.64,204.0,,,,,,,
143.33188939094543,0.0,255.0,199.71,202.0,,,,,,,
143.62896609306335,0.0,255.0,199.77,200.0,,,,,,,
143.72374606132507,0.0,255.0,199.78,200.0,,,,,,,
143.83308601379395,0.0,255.0,199.79,200.0,,,,,,,
144.05073308944702,0.0,255.0,199.81,200.0,,,,,,,
144.15900707244873,0.0,255.0,199.81,200.0,,,,,,,
144.26815032958984,0.0,255.0,199.82,200.0,,,,,,,
144.53267216682434,0.0,255.0,199.99,191.0,,,,,,,
144.6424651145935,0.0,255.0,200.05,190.0,,,,,,,
144.73622179031372,0.0,255.0,200.11,188.0,,,,,,,
144.84388208389282,0.0,255.0,200.15,187.0,,,,,,,
145.03105115890503,0.0,255.0,200.21,185.0,,,,,,,
145.1398310661316,0.0,255.0,200.23,184.0,,,,,,,
145.26276206970215,0.0,255.0,200.25,184.0,,,,,,,
145.37236166000366,0.0,255.0,200.26,183.0,,,,,,,
145.65117859840393,0.0,255.0,200.29,182.0,,,,,,,
145.8386619091034,0.0,255.0,200.3,182.0,,,,,,,
146.1508331298828,0.0,255.0,200.31,181.0,,,,,,,
146.24397945404053,0.0,255.0,200.31,181.0,,,,,,,
146.3510115146637,0.0,255.0,200.31,181.0,,,,,,,
146.57151651382446,0.0,255.0,200.31,180.0,,,,,,,
146.68091011047363,0.13,255.0,200.32,180.0,,,,,,,
146.85307264328003,0.0,255.0,200.32,180.0,,,,,,,
147.14832854270935,0.0,255.0,200.56,169.0,,,,,,,
147.25771594047546,0.0,255.0,200.61,167.0,,,,,,,
147.35158276557922,0.0,255.0,200.65,166.0,,,,,,,
147.66308498382568,0.0,255.0,200.66,165.0,,,,,,,
147.7710840702057,0.0,255.0,200.69,164.0,,,,,,,
148.05094647407532,0.0,255.0,200.75,161.0,,,,,,,
148.2530117034912,0.0,255.0,200.77,160.0,,,,,,,
148.3618085384369,0.0,255.0,200.78,160.0,,,,,,,
148.6568193435669,0.0,255.0,200.79,158.0,,,,,,,
148.765287399292,0.0,255.0,200.79,158.0,,,,,,,
148.8743965625763,0.0,255.0,200.8,158.0,,,,,,,
149.07690167427063,0.0,255.0,200.8,157.0,,,,,,,
149.26447868347168,0.0,255.0,200.9,150.0,,,,,,,
149.48199772834778,0.0,255.0,200.94,151.0,,,,,,,
149.66668248176575,0.0,255.0,201.07,143.0,,,,,,,
149.75996494293213,0.0,255.0,201.12,142.0,,,,,,,
149.8684320449829,-0.13,255.0,201.15,140.0,,,,,,,
150.0714783668518,0.0,255.0,201.2,138.0,,,,,,,
150.18016505241394,0.0,255.0,201.22,137.0,,,,,,,
150.28915905952454,0.0,255.0,201.24,136.0,,,,,,,
150.5676805973053,0.0,255.0,201.27,134.0,,,,,,,
150.76924967765808,0.0,255.0,201.28,132.0,,,,,,,
150.98759818077087,0.0,255.0,201.28,131.0,,,,,,,
151.17627906799316,0.13,255.0,201.29,130.0,,,,,,,
151.27000761032104,0.0,255.0,201.29,129.0,,,,,,,
151.58206605911255,0.0,255.0,201.29,128.0,,,,,,,
151.70484566688538,0.0,255.0,201.29,127.0,,,,,,,
151.81370568275452,0.0,255.0,201.29,127.0,,,,,,,
152.0020170211792,0.0,255.0,201.3,126.0,,,,,,,
152.18913578987122,0.0,255.0,201.3,125.0,,,,,,,
152.28295636177063,0.0,255.0,201.3,124.0,,,,,,,
152.3760323524475,0.0,255.0,201.3,124.0,,,,,,,
152.57998275756836,0.0,255.0,201.3,123.0,,,,,,,
152.6896378993988,0.0,255.0,201.3,122.0,,,,,,,
152.79933404922485,0.0,255.0,201.3,121.0,,,,,,,
153.0003685951233,0.0,255.0,201.3,120.0,,,,,,,
153.18742179870605,0.0,255.0,201.3,119.0,,,,,,,
153.39103436470032,0.0,255.0,201.3,118.0,,,,,,,
153.68578696250916,0.0,255.0,201.3,117.0,,,,,,,
153.79490733146667,0.0,255.0,201.3,116.0,,,,,,,
154.01370573043823,-0.13,255.0,201.3,115.0,,,,,,,
154.12286138534546,0.13,255.0,201.3,115.0,,,,,,,
154.2161989212036,0.0,255.0,201.3,114.0,,,,,,,
154.32455706596375,0.0,255.0,201.3,114.0,,,,,,,
154.58900046348572,0.0,255.0,201.3,112.0,,,,,,,
154.69786977767944,0.0,255.0,201.3,112.0,,,,,,,
154.79032707214355,0.0,255.0,201.3,111.0,,,,,,,
154.99449396133423,0.0,255.0,201.3,110.0,,,,,,,
155.1032042503357,0.0,255.0,201.3,110.0,,,,,,,
155.21236371994019,0.0,255.0,201.3,109.0,,,,,,,
155.32359552383423,0.0,255.0,201.3,109.0,,,,,,,
155.52847814559937,0.0,255.0,201.3,107.0,,,,,,,
155.63740372657776,0.0,255.0,201.3,107.0,,,,,,,
155.79518175125122,0.0,255.0,201.3,106.0,,,,,,,
155.9052917957306,0.0,255.0,201.3,105.0,,,,,,,
156.20060181617737,0.0,255.0,201.3,104.0,,,,,,,
156.3093228340149,0.0,255.0,201.2,110.0,,,,,,,
156.51139736175537,0.0,255.0,201.14,111.0,,,,,,,
156.63703775405884,0.0,255.0,201.17,106.0,,,,,,,
156.8090000152588,0.0,255.0,201.14,105.0,,,,,,,
157.0247151851654,0.0,255.0,201.19,103.0,,,,,,,
157.21294975280762,0.0,255.0,201.15,103.0,,,,,,,
157.30465459823608,0.0,255.0,201.18,102.0,,,,,,,
157.5223708152771,0.0,255.0,201.22,100.0,,,,,,,
157.6163775920868,-0.13,255.0,201.14,105.0,,,,,,,
157.7262523174286,0.0,255.0,201.07,107.0,,,,,,,
157.83487939834595,0.13,255.0,201.02,108.0,,,,,,,
158.11435222625732,0.0,255.0,200.91,110.0,,,,,,,
158.31490755081177,0.0,255.0,200.88,110.0,,,,,,,
158.51639986038208,0.0,255.0,200.85,110.0,,,,,,,
158.6252417564392,0.0,255.0,200.84,110.0,,,,,,,
158.71714401245117,0.0,255.0,200.83,110.0,,,,,,,
158.81136322021484,0.0,255.0,200.83,110.0,,,,,,,
159.04453659057617,0.0,255.0,200.82,109.0,,,,,,,
159.1382601261139,0.0,255.0,200.82,109.0,,,,,,,
159.32451915740967,0.0,255.0,200.72,115.0,,,,,,,
159.7278299331665,0.0,255.0,200.59,117.0,,,,,,,
159.8205864429474,0.0,255.0,200.64,112.0,,,,,,,
160.02193570137024,0.13,255.0,200.52,118.0,,,,,,,
160.13066244125366,-0.13,255.0,200.58,113.0,,,,,,,
160.24032306671143,0.13,255.0,200.53,118.0,,,,,,,
160.3497030735016,0.0,255.0,200.58,112.0,,,,,,,
160.56504344940186,0.0,255.0,200.49,118.0,,,,,,,
160.73710823059082,-0.13,255.0,200.43,119.0,,,,,,,
161.0317792892456,0.0,255.0,200.37,120.0,,,,,,,
161.1399223804474,0.0,255.0,200.36,121.0,,,,,,,
161.23331022262573,0.0,255.0,200.35,121.0,,,,,,,
161.3273961544037,0.0,255.0,200.35,121.0,,,,,,,
161.55922436714172,0.0,255.0,200.34,121.0,,,,,,,
161.66885256767273,0.0,255.0,200.33,121.0,,,,,,,
161.76264882087708,0.0,255.0,200.33,121.0,,,,,,,
162.04109621047974,0.0,255.0,200.32,120.0,,,,,,,
162.24439096450806,0.0,255.0,200.32,120.0,,,,,,,
162.33807969093323,0.0,255.0,200.32,120.0,,,,,,,
162.5408432483673,0.0,255.0,200.32,120.0,,,,,,,
162.6485366821289,0.0,255.0,200.32,120.0,,,,,,,
162.75588297843933,0.0,255.0,200.32,120.0,,,,,,,
162.86496901512146,0.0,255.0,200.32,120.0,,,,,,,
163.1448953151703,0.0,255.0,200.32,119.0,,,,,,,
163.34852242469788,0.0,255.0,200.14,127.0,,,,,,,
163.64661145210266,0.0,255.0,200.06,130.0,,,,,,,
163.75804328918457,0.0,255.0,200.01,131.0,,,,,,,
163.85118770599365,0.0,255.0,200.07,126.0,,,,,,,
164.06948614120483,0.0,255.0,199.99,132.0,,,,,,,
164.1785809993744,0.0,255.0,199.96,132.0,,,,,,,
164.28581190109253,0.0,255.0,199.93,133.0,,,,,,,
164.54883766174316,0.0,255.0,199.89,135.0,,,,,,,
164.65519762039185,0.0,255.0,199.88,135.0,,,,,,,
164.76508355140686,0.0,255.0,199.77,141.0,,,,,,,
164.85898756980896,0.0,255.0,199.78,138.0,,,,,,,
165.17033338546753,0.0,255.0,199.81,137.0,,,,,,,
165.2632930278778,0.0,255.0,199.81,137.0,,,,,,,
165.55869364738464,0.0,255.0,199.82,137.0,,,,,,,
165.76251935958862,0.0,255.0,199.83,137.0,,,,,,,
166.05516457557678,0.13,255.0,199.74,143.0,,,,,,,
166.16306972503662,0.0,255.0,199.76,139.0,,,,,,,
166.2735698223114,0.0,255.0,199.68,145.0,,,,,,,
166.36774587631226,0.0,255.0,199.61,147.0,,,,,,,
166.58558344841003,0.0,255.0,199.52,150.0,,,,,,,
166.6962661743164,-0.13,255.0,199.49,151.0,,,,,,,
166.86777067184448,0.0,255.0,199.44,153.0,,,,,,,
167.1619782447815,0.0,255.0,199.4,155.0,,,,,,,
167.27100729942322,0.0,255.0,199.39,155.0,,,,,,,
167.36284756660461,0.0,255.0,199.38,156.0,,,,,,,
167.5776481628418,0.0,255.0,199.37,156.0,,,,,,,
167.67094254493713,0.0,255.0,199.37,157.0,,,,,,,
167.79346013069153,0.0,255.0,199.27,163.0,,,,,,,
167.998140335083,0.0,255.0,199.21,166.0,,,,,,,
168.1083071231842,0.0,255.0,199.14,168.0,,,,,,,
168.27993488311768,0.0,255.0,199.05,171.0,,,,,,,
168.5132896900177,0.0,255.0,198.99,174.0,,,,,,,
168.68196845054626,0.0,255.0,198.95,175.0,,,,,,,
168.775892496109,0.0,255.0,198.94,176.0,,,,,,,
169.0857810974121,0.13,255.0,198.91,178.0,,,,,,,
169.2106785774231,0.0,255.0,198.9,179.0,,,,,,,
169.31882095336914,0.0,255.0,198.9,179.0,,,,,,,
169.5815188884735,-0.13,255.0,198.89,181.0,,,,,,,
169.78189539909363,0.0,255.0,198.89,182.0,,,,,,,
169.8913333415985,0.0,255.0,198.89,182.0,,,,,,,
170.19762897491455,0.0,255.0,198.88,184.0,,,,,,,
170.30585622787476,0.0,255.0,198.88,184.0,,,,,,,
170.51133370399475,0.0,255.0,198.88,185.0,,,,,,,
170.62075304985046,0.0,255.0,198.88,186.0,,,,,,,
170.7911434173584,0.0,255.0,198.88,187.0,,,,,,,
170.99452590942383,0.0,255.0,198.88,188.0,,,,,,,
171.0872004032135,0.0,255.0,198.88,188.0,,,,,,,
171.19622826576233,0.0,255.0,198.88,188.0,,,,,,,
171.28967332839966,0.0,255.0,198.88,189.0,,,,,,,
171.6000394821167,0.0,255.0,198.88,190.0,,,,,,,
171.7242636680603,0.0,255.0,198.88,191.0,,,,,,,
171.8326985836029,0.0,255.0,198.88,191.0,,,,,,,
172.0963785648346,0.0,255.0,198.88,192.0,,,,,,,
172.20459032058716,0.0,255.0,198.88,193.0,,,,,,,
172.29653096199036,0.0,255.0,198.88,193.0,,,,,,,
172.51348853111267,-0.13,255.0,198.88,194.0,,,,,,,
172.60583662986755,0.0,255.0,198.88,195.0,,,,,,,
172.69882774353027,0.0,255.0,198.88,195.0,,,,,,,
172.80903887748718,0.0,255.0,198.88,196.0,,,,,,,
173.0103554725647,0.0,255.0,198.88,196.0,,,,,,,
173.21116828918457,0.0,255.0,198.88,197.0,,,,,,,
173.39855194091797,0.0,255.0,198.88,198.0,,,,,,,
173.71148037910461,0.0,255.0,198.88,200.0,,,,,,,
173.80520749092102,0.0,255.0,198.79,206.0,,,,,,,
174.02187728881836,0.0,255.0,198.82,203.0,,,,,,,
174.13036513328552,0.0,255.0,198.83,203.0,,,,,,,
174.23901438713074,0.0,255.0,198.84,203.0,,,,,,,
174.3472855091095,0.0,255.0,198.85,203.0,,,,,,,
174.61192274093628,0.0,255.0,198.87,204.0,,,,,,,
174.72042322158813,0.13,255.0,198.87,205.0,,,,,,,
174.81492567062378,-0.13,255.0,198.87,205.0,,,,,,,
175.01579022407532,0.0,255.0,198.88,206.0,,,,,,,
175.1086323261261,0.0,255.0,198.88,206.0,,,,,,,
175.21799516677856,-0.13,255.0,198.88,207.0,,,,,,,
175.32776188850403,0.0,255.0,198.88,207.0,,,,,,,
175.54586267471313,0.0,255.0,198.88,208.0,,,,,,,
175.6550042629242,0.0,255.0,198.88,208.0,,,,,,,
175.8246579170227,0.0,255.0,198.88,209.0,,,,,,,
176.11698126792908,0.0,255.0,198.88,211.0,,,,,,,
176.22617530822754,0.0,255.0,198.88,211.0,,,,,,,
176.31982398033142,0.0,255.0,198.88,211.0,,,,,,,
176.6457598209381,0.0,255.0,198.88,213.0,,,,,,,
176.75510025024414,0.0,255.0,198.88,213.0,,,,,,,
176.925213098526,0.0,255.0,198.88,214.0,,,,,,,
177.23443627357483,0.0,255.0,198.88,215.0,,,,,,,
177.32862281799316,0.0,255.0,198.88,216.0,,,,,,,
177.62517499923706,0.0,255.0,198.88,217.0,,,,,,,
177.73260712623596,0.0,255.0,198.88,218.0,,,,,,,
177.8416666984558,0.0,255.0,198.88,218.0,,,,,,,
178.0577163696289,0.0,255.0,198.88,219.0,,,,,,,
178.1670322418213,0.0,255.0,198.88,219.0,,,,,,,
178.33887696266174,0.0,255.0,198.88,220.0,,,,,,,
178.63485026359558,0.0,255.0,198.98,215.0,,,,,,,
178.7432291507721,0.0,255.0,198.96,220.0,,,,,,,
178.83609056472778,0.0,255.0,199.04,215.0,,,,,,,
179.0551209449768,0.0,255.0,199.15,212.0,,,,,,,
179.163715839386,0.0,255.0,199.1,218.0,,,,,,,
179.27285265922546,0.0,255.0,199.15,213.0,,,,,,,
179.45978045463562,0.0,255.0,199.22,211.0,,,,,,,
179.64759063720703,0.0,255.0,199.27,211.0,,,,,,,
179.84890961647034,0.0,255.0,199.3,211.0,,,,,,,
180.05025053024292,0.0,255.0,199.32,211.0,,,,,,,
180.14282655715942,0.0,255.0,199.33,211.0,,,,,,,
180.25241947174072,0.0,255.0,199.33,211.0,,,,,,,
180.36158561706543,0.0,255.0,199.43,205.0,,,,,,,
180.57745242118835,0.0,255.0,199.58,201.0,,,,,,,
180.6804587841034,0.0,255.0,199.63,200.0,,,,,,,
180.8459234237671,0.0,255.0,199.7,198.0,,,,,,,
181.0425615310669,0.13,255.0,199.75,197.0,,,,,,,
181.14252090454102,-0.13,255.0,199.77,196.0,,,,,,,
181.24424290657043,0.0,255.0,199.78,196.0,,,,,,,
181.3483762741089,0.0,255.0,199.79,196.0,,,,,,,
181.5561921596527,0.0,255.0,199.81,196.0,,,,,,,
181.66643261909485,0.0,255.0,199.81,196.0,,,,,,,
181.7785234451294,0.0,255.0,199.82,196.0,,,,,,,
181.95256328582764,0.0,255.0,199.9,193.0,,,,,,,
182.14940881729126,0.0,255.0,199.88,194.0,,,,,,,
182.2503204345703,0.0,255.0,199.87,194.0,,,,,,,
182.3665416240692,0.0,255.0,199.86,195.0,,,,,,,
182.5519380569458,0.0,255.0,199.95,189.0,,,,,,,
182.66184949874878,0.0,255.0,199.93,193.0,,,,,,,
182.7708239555359,0.0,255.0,200.0,187.0,,,,,,,
182.95841479301453,0.0,255.0,200.12,184.0,,,,,,,
183.09743428230286,0.0,255.0,200.16,183.0,,,,,,,
183.2679741382599,0.0,255.0,200.22,181.0,,,,,,,
183.485933303833,0.13,255.0,200.25,180.0,,,,,,,
183.6723747253418,0.0,255.0,200.28,179.0,,,,,,,
183.76630425453186,0.0,255.0,200.28,179.0,,,,,,,
183.87571454048157,0.0,255.0,200.29,178.0,,,,,,,
184.08064603805542,0.0,255.0,200.3,178.0,,,,,,,
184.19086480140686,0.0,255.0,200.3,178.0,,,,,,,
184.29820084571838,0.0,255.0,200.31,177.0,,,,,,,
184.46897387504578,0.0,255.0,200.31,177.0,,,,,,,
184.66471886634827,0.0,255.0,200.49,168.0,,,,,,,
184.76456928253174,0.0,255.0,200.46,173.0,,,,,,,
184.86900353431702,0.0,255.0,200.53,167.0,,,,,,,
185.06561470031738,0.0,255.0,200.45,172.0,,,,,,,
185.16788339614868,0.0,255.0,200.52,166.0,,,,,,,
185.27832627296448,0.0,255.0,200.48,255.0,,,,,,,
185.4691162109375,0.0,255.0,200.6,255.0,,,,,,,
185.60352683067322,0.0,255.0,200.64,255.0,,,,,,,
185.77442836761475,0.0,255.0,200.52,255.0,,,,,,,
185.9763867855072,0.0,255.0,200.63,255.0,,,,,,,
186.0844395160675,0.0,255.0,200.66,255.0,,,,,,,
186.17855405807495,0.0,255.0,200.69,255.0,,,,,,,
186.28779649734497,0.0,255.0,200.71,255.0,,,,,,,
186.48890471458435,0.0,255.0,200.75,255.0,,,,,,,
186.60016441345215,0.13,255.0,200.76,255.0,,,,,,,
186.70742225646973,0.0,255.0,200.77,255.0,,,,,,,
186.8158242702484,0.0,255.0,200.78,255.0,,,,,,,
187.0804352760315,0.0,255.0,200.79,255.0,,,,,,,
187.18893337249756,0.0,255.0,200.79,255.0,,,,,,,
187.28253149986267,0.0,255.0,200.8,255.0,,,,,,,
187.39011001586914,0.0,255.0,200.8,255.0,,,,,,,
187.5937201976776,0.0,255.0,200.8,255.0,,,,,,,
187.68573379516602,0.0,255.0,200.8,255.0,,,,,,,
187.79604148864746,0.0,255.0,200.8,255.0,,,,,,,
187.99823212623596,0.0,255.0,200.8,255.0,,,,,,,
188.19906330108643,0.0,255.0,200.88,255.0,,,,,,,
188.40329360961914,0.0,255.0,200.85,255.0,,,,,,,
188.58870434761047,0.0,255.0,201.01,255.0,,,,,,,
188.6982765197754,0.0,255.0,201.07,255.0,,,,,,,
188.79151821136475,0.0,255.0,201.12,255.0,,,,,,,
188.99462270736694,0.0,255.0,201.18,255.0,,,,,,,
189.104177236557,0.0,255.0,201.2,255.0,,,,,,,
189.2136390209198,0.0,255.0,201.22,255.0,,,,,,,
189.33582973480225,0.0,255.0,201.24,255.0,,,,,,,
189.59838199615479,0.0,255.0,201.27,255.0,,,,,,,
189.80127573013306,0.0,255.0,201.36,255.0,,,,,,,
190.00486874580383,0.0,255.0,201.34,255.0,,,,,,,
190.09716367721558,0.0,255.0,201.33,255.0,,,,,,,
190.20543575286865,-0.13,255.0,201.42,255.0,,,,,,,
190.31429624557495,0.0,255.0,201.4,255.0,,,,,,,
190.5008578300476,0.0,255.0,201.46,255.0,,,,,,,
190.64110279083252,0.0,255.0,201.53,255.0,,,,,,,
190.81178402900696,0.0,255.0,201.62,255.0,,,,,,,
191.01227951049805,0.0,255.0,201.68,255.0,,,,,,,
191.10258150100708,0.0,255.0,201.71,255.0,,,,,,,
191.2115261554718,0.0,255.0,201.72,255.0,,,,,,,
191.3034815788269,0.0,255.0,201.74,255.0,,,,,,,
191.50703024864197,0.0,255.0,201.76,255.0,,,,,,,
191.63201475143433,0.0,255.0,201.76,255.0,,,,,,,
191.74030208587646,0.0,255.0,201.77,255.0,,,,,,,
191.84926414489746,0.0,255.0,201.77,255.0,,,,,,,
192.11305809020996,0.0,255.0,201.78,255.0,,,,,,,
192.31319522857666,0.0,255.0,201.97,255.0,,,,,,,
192.4520969390869,0.0,255.0,202.03,255.0,,,,,,,
192.6211588382721,0.0,255.0,202.13,255.0,,,,,,,
192.7146875858307,0.0,255.0,202.16,255.0,,,,,,,
192.83963084220886,0.0,255.0,202.19,255.0,,,,,,,
193.04419898986816,0.0,255.0,202.22,255.0,,,,,,,
193.1526117324829,-0.13,255.0,202.24,255.0,,,,,,,
193.3263556957245,0.0,255.0,202.26,255.0,,,,,,,
193.5264868736267,0.0,255.0,202.37,255.0,,,,,,,
193.62096762657166,0.0,255.0,202.36,255.0,,,,,,,
193.7286250591278,0.0,255.0,202.44,255.0,,,,,,,
193.82234716415405,0.0,255.0,202.52,255.0,,,,,,,
194.02777671813965,0.0,255.0,202.62,255.0,,,,,,,
194.13777565956116,0.0,255.0,202.65,255.0,,,,,,,
194.2602825164795,0.0,255.0,202.68,255.0,,,,,,,
194.35346722602844,0.0,255.0,202.71,255.0,,,,,,,
194.63329029083252,0.0,255.0,202.75,255.0,,,,,,,
194.83728218078613,0.0,255.0,202.77,255.0,,,,,,,
195.02548718452454,0.0,255.0,202.96,255.0,,,,,,,
195.13563585281372,0.0,255.0,203.03,255.0,,,,,,,
195.24450254440308,0.0,255.0,203.09,255.0,,,,,,,
195.35099959373474,0.0,255.0,203.13,255.0,,,,,,,
195.56952810287476,0.0,255.0,203.19,255.0,,,,,,,
195.74128532409668,0.0,255.0,203.32,255.0,,,,,,,
195.95999431610107,0.0,255.0,203.4,255.0,,,,,,,
196.14511060714722,0.0,255.0,203.55,255.0,,,,,,,
196.23982191085815,0.0,255.0,203.6,255.0,,,,,,,
196.34786224365234,0.0,255.0,203.65,255.0,,,,,,,
196.55095529556274,0.0,255.0,203.71,255.0,,,,,,,
196.6601345539093,0.0,255.0,203.73,255.0,,,,,,,
196.7698233127594,0.0,255.0,203.75,255.0,,,,,,,
196.95698165893555,0.0,255.0,203.78,255.0,,,,,,,
197.14305329322815,0.0,255.0,203.79,255.0,,,,,,,
197.25236988067627,0.0,255.0,203.8,255.0,,,,,,,
197.34553170204163,0.0,255.0,203.8,255.0,,,,,,,
197.54841113090515,0.0,255.0,203.91,255.0,,,,,,,
197.64228558540344,0.0,255.0,204.0,255.0,,,,,,,
197.75021815299988,0.0,255.0,203.96,255.0,,,,,,,
197.85987973213196,0.0,255.0,204.04,255.0,,,,,,,
198.07572078704834,0.0,255.0,204.15,255.0,,,,,,,
198.24642729759216,0.13,255.0,204.22,255.0,,,,,,,
198.4621241092682,0.0,255.0,204.26,255.0,,,,,,,
198.6482322216034,-0.13,255.0,204.29,255.0,,,,,,,
198.757417678833,0.13,255.0,204.41,255.0,,,,,,,
198.85018873214722,0.0,255.0,204.5,255.0,,,,,,,
199.06930780410767,0.0,255.0,204.63,255.0,,,,,,,
199.17779302597046,0.0,255.0,204.68,255.0,,,,,,,
199.28529715538025,0.0,255.0,204.72,255.0,,,,,,,
199.45764446258545,0.0,255.0,204.77,255.0,,,,,,,
199.66034650802612,0.0,255.0,204.8,255.0,,,,,,,
199.86105680465698,0.0,255.0,204.83,255.0,,,,,,,
200.06373238563538,0.0,255.0,204.84,255.0,,,,,,,
200.1557731628418,0.0,255.0,204.85,255.0,,,,,,,
200.26217555999756,0.0,255.0,204.85,255.0,,,,,,,
200.46454453468323,0.0,255.0,204.96,255.0,,,,,,,
200.5892424583435,0.0,255.0,205.05,255.0,,,,,,,
200.69894647598267,0.0,255.0,205.12,255.0,,,,,,,
200.86916089057922,0.0,255.0,205.22,255.0,,,,,,,
201.07217669487,0.0,255.0,205.28,255.0,,,,,,,
201.16492748260498,0.0,255.0,205.31,255.0,,,,,,,
201.27569818496704,0.0,255.0,205.32,255.0,,,,,,,
201.36952996253967,0.0,255.0,205.34,255.0,,,,,,,
201.58552765846252,0.0,255.0,205.36,255.0,,,,,,,
201.69504976272583,0.0,255.0,205.37,255.0,,,,,,,
201.8057930469513,0.0,255.0,205.37,255.0,,,,,,,
201.97561240196228,0.0,255.0,205.47,255.0,,,,,,,
202.17888021469116,0.0,255.0,205.55,255.0,,,,,,,
202.3797128200531,0.0,255.0,205.58,255.0,,,,,,,
202.58264088630676,0.0,255.0,205.71,255.0,,,,,,,
202.67625069618225,0.0,255.0,205.75,255.0,,,,,,,
202.7846965789795,0.0,255.0,205.79,255.0,,,,,,,
202.98321533203125,0.0,255.0,205.84,255.0,,,,,,,
203.10833525657654,0.0,255.0,205.86,255.0,,,,,,,
203.21489071846008,0.0,255.0,205.98,255.0,,,,,,,
203.38464379310608,0.13,255.0,205.96,255.0,,,,,,,
203.58602619171143,0.0,255.0,205.95,255.0,,,,,,,
203.67702889442444,0.0,255.0,205.95,255.0,,,,,,,
203.78535890579224,0.0,255.0,205.94,255.0,,,,,,,
203.98719310760498,-0.13,255.0,206.05,255.0,,,,,,,
204.09482836723328,0.0,255.0,206.13,255.0,,,,,,,
204.20175695419312,0.0,255.0,206.2,255.0,,,,,,,
204.32431840896606,0.0,255.0,206.25,255.0,,,,,,,
204.58723783493042,0.0,255.0,206.36,255.0,,,,,,,
204.79161047935486,0.0,255.0,206.4,255.0,,,,,,,
204.8839967250824,0.0,255.0,206.41,255.0,,,,,,,
205.08596014976501,0.0,255.0,206.43,255.0,,,,,,,
205.19536900520325,0.0,255.0,206.44,255.0,,,,,,,
205.30386972427368,0.0,255.0,206.45,255.0,,,,,,,
205.50461721420288,0.0,255.0,206.56,255.0,,,,,,,
205.62902402877808,0.0,255.0,206.66,255.0,,,,,,,
205.79970693588257,0.0,255.0,206.79,255.0,,,,,,,
206.00057578086853,0.13,255.0,206.87,255.0,,,,,,,
206.09319019317627,0.0,255.0,206.9,255.0,,,,,,,
206.20130252838135,0.0,255.0,206.92,255.0,,,,,,,
206.2943832874298,0.0,255.0,206.94,255.0,,,,,,,
206.50926518440247,0.0,255.0,206.88,255.0,,,,,,,
206.61809587478638,0.0,255.0,206.91,255.0,,,,,,,
206.71258544921875,0.0,255.0,206.93,255.0,,,,,,,
206.82335495948792,-0.13,255.0,206.95,255.0,,,,,,,
207.10482454299927,0.0,255.0,206.98,255.0,,,,,,,
207.30664324760437,0.0,255.0,206.99,255.0,,,,,,,
207.50785517692566,0.0,255.0,207.09,255.0,,,,,,,
207.60255312919617,0.0,255.0,207.08,255.0,,,,,,,
207.71062850952148,0.0,255.0,207.06,255.0,,,,,,,
207.8187530040741,0.0,255.0,207.05,255.0,,,,,,,
208.03692269325256,0.0,255.0,207.24,255.0,,,,,,,
208.21152591705322,0.0,255.0,207.36,255.0,,,,,,,
208.4139404296875,0.0,255.0,207.43,255.0,,,,,,,
208.61517238616943,0.0,255.0,207.48,255.0,,,,,,,
208.70849919319153,0.0,255.0,207.61,255.0,,,,,,,
208.81741380691528,0.13,255.0,207.6,255.0,,,,,,,
209.01696276664734,0.0,255.0,207.68,255.0,,,,,,,
209.12893295288086,0.0,255.0,207.77,255.0,,,,,,,
209.23738026618958,0.0,255.0,207.84,255.0,,,,,,,
209.34477925300598,0.0,255.0,207.78,255.0,,,,,,,
209.6254358291626,0.0,255.0,207.79,255.0,,,,,,,
209.8262815475464,0.0,255.0,207.82,255.0,,,,,,,
210.02655124664307,0.0,255.0,207.93,255.0,,,,,,,
210.11896443367004,0.0,255.0,207.97,255.0,,,,,,,
210.22736930847168,0.0,255.0,208.0,255.0,,,,,,,
210.33446216583252,0.0,255.0,208.02,255.0,,,,,,,
210.5528004169464,0.0,255.0,208.06,255.0,,,,,,,
210.66075110435486,0.0,255.0,208.07,255.0,,,,,,,
210.832848072052,0.0,255.0,208.2,255.0,,,,,,,
211.03526186943054,0.0,255.0,208.17,255.0,,,,,,,
211.22169852256775,0.0,255.0,208.16,255.0,,,,,,,
211.33147072792053,0.0,255.0,208.26,255.0,,,,,,,
211.53339791297913,0.0,255.0,208.41,255.0,,,,,,,
211.64148354530334,0.0,255.0,208.47,255.0,,,,,,,
211.74973058700562,0.0,255.0,208.51,255.0,,,,,,,
211.8578794002533,0.0,255.0,208.55,255.0,,,,,,,
212.137686252594,0.0,255.0,208.54,255.0,,,,,,,
212.338552236557,-0.13,255.0,208.59,255.0,,,,,,,
212.53884482383728,0.0,255.0,208.63,255.0,,,,,,,
212.63223528862,0.0,255.0,208.75,255.0,,,,,,,
212.74061250686646,0.0,255.0,208.74,255.0,,,,,,,
212.84966254234314,0.0,255.0,208.84,255.0,,,,,,,
213.06563448905945,0.0,255.0,208.9,255.0,,,,,,,
213.17351961135864,0.0,255.0,208.97,255.0,,,,,,,
213.34361171722412,0.0,255.0,209.07,255.0,,,,,,,
213.6392366886139,0.0,255.0,209.16,255.0,,,,,,,
213.74892830848694,0.0,255.0,209.18,255.0,,,,,,,
213.84336972236633,0.0,255.0,209.19,255.0,,,,,,,
214.04439997673035,0.0,255.0,209.22,255.0,,,,,,,
214.16815900802612,0.13,255.0,209.22,255.0,,,,,,,
214.26018834114075,0.0,255.0,209.23,255.0,,,,,,,
214.46040391921997,0.0,255.0,209.24,255.0,,,,,,,
214.64769172668457,0.0,255.0,209.24,255.0,,,,,,,
214.84552645683289,0.0,255.0,209.36,255.0,,,,,,,
215.05992603302002,0.0,255.0,209.53,255.0,,,,,,,
215.15169763565063,0.0,255.0,209.59,255.0,,,,,,,
215.25981998443604,-0.13,255.0,209.64,255.0,,,,,,,
215.3686547279358,0.0,255.0,209.67,255.0,,,,,,,
215.58488988876343,0.0,255.0,209.73,255.0,,,,,,,
215.7535800933838,0.0,255.0,209.76,255.0,,,,,,,
215.95483207702637,0.0,255.0,209.79,255.0,,,,,,,
216.0616385936737,0.0,255.0,209.8,255.0,,,,,,,
216.1550579071045,0.0,255.0,209.8,255.0,,,,,,,
216.26397919654846,0.0,255.0,209.92,255.0,,,,,,,
216.35586643218994,0.0,255.0,210.02,255.0,,,,,,,
216.57379031181335,0.0,255.0,209.95,255.0,,,,,,,
216.68279790878296,0.0,255.0,210.04,255.0,,,,,,,
216.7900218963623,0.0,255.0,210.12,255.0,,,,,,,
216.96037340164185,0.0,255.0,210.22,255.0,,,,,,,
217.16152453422546,0.0,255.0,210.29,255.0,,,,,,,
217.36390805244446,0.0,255.0,210.33,255.0,,,,,,,
217.5651500225067,0.0,255.0,210.36,255.0,,,,,,,
217.6732144355774,0.0,255.0,210.37,255.0,,,,,,,
217.76510739326477,0.0,255.0,210.38,255.0,,,,,,,
217.96476936340332,0.0,255.0,210.5,255.0,,,,,,,
218.1035168170929,0.0,255.0,210.49,255.0,,,,,,,
218.19605445861816,-0.13,255.0,210.59,255.0,,,,,,,
218.36714243888855,0.0,255.0,210.73,255.0,,,,,,,
218.56991457939148,0.0,255.0,210.83,255.0,,,,,,,
218.67754435539246,0.0,255.0,210.86,255.0,,,,,,,
218.77143239974976,0.0,255.0,210.89,255.0,,,,,,,
218.8800666332245,0.0,255.0,210.91,255.0,,,,,,,
219.08361673355103,0.0,255.0,210.94,255.0,,,,,,,
219.19229698181152,0.0,255.0,210.95,255.0,,,,,,,
219.30244255065918,0.0,255.0,210.96,255.0,,,,,,,
219.48757076263428,0.0,255.0,210.97,255.0,,,,,,,
219.67374897003174,0.13,255.0,210.98,255.0,,,,,,,
219.78171944618225,0.0,255.0,211.1,255.0,,,,,,,
219.8773980140686,0.0,255.0,211.2,255.0,,,,,,,
220.0788176059723,0.0,255.0,211.34,255.0,,,,,,,
220.18825793266296,0.0,255.0,211.39,255.0,,,,,,,
220.27994513511658,0.0,255.0,211.43,255.0,,,,,,,
220.4805200099945,0.0,255.0,211.48,255.0,,,,,,,
220.684095621109,0.0,255.0,211.52,255.0,,,,,,,
220.88747668266296,0.0,255.0,211.54,255.0,,,,,,,
221.08856105804443,-0.13,255.0,211.56,255.0,,,,,,,
221.1801254749298,0.0,255.0,211.56,255.0,,,,,,,
221.28846764564514,0.0,255.0,211.57,255.0,,,,,,,
221.4892578125,0.0,255.0,211.58,255.0,,,,,,,
221.59793090820312,0.0,255.0,211.7,255.0,,,,,,,
221.70597672462463,0.0,255.0,211.79,255.0,,,,,,,
221.81364822387695,0.0,255.0,211.87,255.0,,,,,,,
221.98604917526245,0.0,255.0,211.99,255.0,,,,,,,
222.18777441978455,0.0,255.0,212.06,255.0,,,,,,,
222.2963044643402,0.13,255.0,212.08,255.0,,,,,,,
222.3906307220459,-0.13,255.0,212.1,255.0,,,,,,,
222.5928509235382,0.0,255.0,212.23,255.0,,,,,,,
222.70274591445923,0.0,255.0,212.22,255.0,,,,,,,
222.79533076286316,0.0,255.0,212.21,255.0,,,,,,,
222.99877166748047,0.0,255.0,212.3,255.0,,,,,,,
223.12358498573303,0.0,255.0,212.4,255.0,,,,,,,
223.23060584068298,0.0,255.0,212.48,255.0,,,,,,,
223.40144538879395,0.0,255.0,212.49,255.0,,,,,,,
223.60384845733643,0.0,255.0,212.6,255.0,,,,,,,
223.69589138031006,-0.13,255.0,212.64,255.0,,,,,,,
223.806081533432,0.0,255.0,212.67,255.0,,,,,,,
224.01022362709045,0.13,255.0,212.71,255.0,,,,,,,
224.12084674835205,-0.13,255.0,212.73,255.0,,,,,,,
224.23051047325134,0.0,255.0,212.74,255.0,,,,,,,
224.34038162231445,0.0,255.0,212.75,255.0,,,,,,,
224.60537457466125,-0.13,255.0,212.99,255.0,,,,,,,
224.8095178604126,0.0,255.0,213.04,255.0,,,,,,,
225.01092386245728,0.0,255.0,213.17,255.0,,,,,,,
225.1187915802002,0.0,255.0,213.22,255.0,,,,,,,
225.21198177337646,0.0,255.0,213.26,255.0,,,,,,,
225.321368932724,0.13,255.0,213.28,255.0,,,,,,,
225.5386655330658,0.13,255.0,213.33,255.0,,,,,,,
225.64869236946106,0.0,255.0,213.34,255.0,,,,,,,
225.8193702697754,0.0,255.0,213.36,255.0,,,,,,,
226.02209424972534,0.0,255.0,213.38,255.0,,,,,,,
226.2226860523224,0.0,255.0,213.51,255.0,,,,,,,
226.31562852859497,0.0,255.0,213.49,255.0,,,,,,,
226.51844143867493,0.0,255.0,213.58,255.0,,,,,,,
226.62726712226868,0.0,255.0,213.55,255.0,,,,,,,
226.73593163490295,0.0,255.0,213.64,255.0,,,,,,,
226.8444378376007,-0.13,255.0,213.72,255.0,,,,,,,
227.12689661979675,0.0,255.0,213.87,255.0,,,,,,,
227.31634616851807,0.0,255.0,213.92,255.0,,,,,,,
227.53017354011536,0.0,255.0,213.96,255.0,,,,,,,
227.62390518188477,0.0,255.0,213.97,255.0,,,,,,,
227.73239302635193,0.0,255.0,213.98,255.0,,,,,,,
227.84077644348145,0.0,255.0,213.99,255.0,,,,,,,
228.0436089038849,0.0,255.0,214.0,255.0,,,,,,,
228.22834372520447,0.0,255.0,214.13,255.0,,,,,,,
228.52641677856445,0.0,255.0,214.29,255.0,,,,,,,
228.63545489311218,0.0,255.0,214.36,255.0,,,,,,,
228.72956037521362,0.0,255.0,214.42,255.0,,,,,,,
228.8367896080017,0.0,255.0,214.46,255.0,,,,,,,
229.0400583744049,0.0,255.0,214.53,255.0,,,,,,,
229.14782524108887,0.0,255.0,214.55,255.0,,,,,,,
229.25764393806458,0.0,255.0,214.57,255.0,,,,,,,
229.36679244041443,0.0,255.0,214.59,255.0,,,,,,,
229.64731740951538,0.0,255.0,214.62,255.0,,,,,,,
229.83433985710144,0.0,255.0,214.73,255.0,,,,,,,
230.03596234321594,0.0,255.0,214.83,255.0,,,,,,,
230.14438843727112,0.0,255.0,214.92,255.0,,,,,,,
230.23739671707153,0.0,255.0,214.99,255.0,,,,,,,
230.34747648239136,0.0,255.0,215.05,255.0,,,,,,,
230.56636333465576,0.0,255.0,215.13,255.0,,,,,,,
230.67403054237366,0.0,255.0,215.16,255.0,,,,,,,
230.84465217590332,0.0,255.0,215.21,255.0,,,,,,,
231.1546368598938,0.0,255.0,215.24,255.0,,,,,,,
231.24806141853333,0.0,255.0,215.25,255.0,,,,,,,
231.3416872024536,0.13,255.0,215.26,255.0,,,,,,,
231.66905164718628,0.0,255.0,215.27,255.0,,,,,,,
231.76420211791992,0.0,255.0,215.27,255.0,,,,,,,
232.04484009742737,0.0,255.0,215.41,255.0,,,,,,,
232.24799275398254,0.0,255.0,215.59,255.0,,,,,,,
232.3564646244049,0.0,255.0,215.66,255.0,,,,,,,
232.66536784172058,0.0,255.0,215.79,255.0,,,,,,,
232.7594072818756,0.0,255.0,215.82,255.0,,,,,,,
232.8687288761139,-0.13,255.0,215.84,255.0,,,,,,,
233.19480752944946,0.0,255.0,215.88,255.0,,,,,,,
233.3517735004425,0.0,255.0,215.9,255.0,,,,,,,
233.6604597568512,0.0,255.0,215.91,255.0,,,,,,,
233.76914167404175,0.0,255.0,215.91,255.0,,,,,,,
233.86286282539368,0.0,255.0,215.91,255.0,,,,,,,
234.06596279144287,0.0,255.0,216.15,255.0,,,,,,,
234.1762204170227,0.0,255.0,216.11,255.0,,,,,,,
234.28498005867004,0.13,255.0,216.07,255.0,,,,,,,
234.50258255004883,0.0,255.0,216.25,255.0,,,,,,,
234.67354583740234,0.0,255.0,216.37,255.0,,,,,,,
234.87551832199097,0.0,255.0,216.44,255.0,,,,,,,
235.17138075828552,0.0,255.0,216.4,255.0,,,,,,,
235.26478934288025,0.0,255.0,216.44,255.0,,,,,,,
235.57467603683472,0.0,255.0,216.5,255.0,,,,,,,
235.77857398986816,-0.13,255.0,216.53,255.0,,,,,,,
235.99677228927612,0.0,255.0,216.54,255.0,,,,,,,
236.18311023712158,0.0,255.0,216.69,255.0,,,,,,,
236.27628469467163,0.0,255.0,216.79,255.0,,,,,,,
236.3699028491974,0.0,255.0,216.88,255.0,,,,,,,
236.5870440006256,0.0,255.0,217.01,255.0,,,,,,,
236.69633793830872,0.0,255.0,217.05,255.0,,,,,,,
236.79079413414001,0.0,255.0,217.09,255.0,,,,,,,
237.08527994155884,0.0,255.0,217.16,255.0,,,,,,,
237.28860783576965,0.0,255.0,217.18,255.0,,,,,,,
237.58259987831116,0.0,255.0,217.21,255.0,,,,,,,
237.6916253566742,0.0,255.0,217.21,255.0,,,,,,,
237.78375911712646,0.0,255.0,217.35,255.0,,,,,,,
238.0188102722168,0.0,255.0,217.3,255.0,,,,,,,
238.10914063453674,0.0,255.0,217.42,255.0,,,,,,,
238.2168378829956,0.0,255.0,217.52,255.0,,,,,,,
238.38602304458618,0.0,255.0,217.65,255.0,,,,,,,
238.69663524627686,-0.13,255.0,217.77,255.0,,,,,,,
238.79015803337097,0.0,255.0,217.79,255.0,,,,,,,
238.99203634262085,0.0,255.0,217.83,255.0,,,,,,,
239.10190176963806,0.0,255.0,217.84,255.0,,,,,,,
239.21184849739075,0.0,255.0,217.85,255.0,,,,,,,
239.31972670555115,0.0,255.0,217.86,255.0,,,,,,,
239.59928345680237,0.0,255.0,217.88,255.0,,,,,,,
239.80118012428284,-0.13,255.0,217.88,255.0,,,,,,,
240.01589918136597,0.0,255.0,217.89,255.0,,,,,,,
240.09464120864868,0.0,255.0,217.76,255.0,,,,,,,
240.20284485816956,0.13,255.0,217.78,255.0,,,,,,,
240.2959282398224,0.0,255.0,217.81,255.0,,,,,,,
240.5149073600769,0.0,255.0,218.08,252.0,,,,,,,
240.63733792304993,0.0,255.0,218.04,255.0,,,,,,,
240.73238277435303,0.0,255.0,218.15,251.0,,,,,,,
240.84034729003906,0.0,255.0,218.23,249.0,,,,,,,
241.10544562339783,0.0,255.0,218.39,247.0,,,,,,,
241.21262907981873,0.0,255.0,218.43,246.0,,,,,,,
241.30543494224548,0.0,255.0,218.46,246.0,,,,,,,
241.50834250450134,0.0,255.0,218.5,246.0,,,,,,,
241.61580324172974,0.0,255.0,218.51,247.0,,,,,,,
241.7234823703766,-0.13,255.0,218.52,247.0,,,,,,,
241.83075523376465,0.0,255.0,218.53,247.0,,,,,,,
242.04656767845154,0.0,255.0,218.54,248.0,,,,,,,
242.2162504196167,0.0,255.0,218.55,249.0,,,,,,,
242.52079343795776,0.0,255.0,218.56,250.0,,,,,,,
242.6143138408661,0.0,255.0,218.56,250.0,,,,,,,
242.7222137451172,0.0,255.0,218.56,250.0,,,,,,,
242.81533336639404,0.0,255.0,218.7,241.0,,,,,,,
243.0184280872345,0.0,255.0,218.9,236.0,,,,,,,
243.14243626594543,0.13,255.0,218.97,234.0,,,,,,,
243.32427883148193,0.0,255.0,219.07,231.0,,,,,,,
243.61617255210876,0.0,255.0,219.16,229.0,,,,,,,
243.7239487171173,0.0,255.0,219.17,228.0,,,,,,,
243.81591606140137,0.0,255.0,219.19,228.0,,,,,,,
244.139545917511,0.0,255.0,219.22,227.0,,,,,,,
244.2305145263672,0.0,255.0,219.22,227.0,,,,,,,
244.35196542739868,0.0,255.0,219.23,227.0,,,,,,,
244.63069224357605,0.0,255.0,219.38,217.0,,,,,,,
244.82961130142212,0.0,255.0,219.33,224.0,,,,,,,
245.12252855300903,0.0,255.0,219.63,210.0,,,,,,,
245.23142266273499,0.0,255.0,219.69,209.0,,,,,,,
245.33953261375427,0.0,255.0,219.74,207.0,,,,,,,
245.55453419685364,0.0,255.0,219.81,205.0,,,,,,,
245.66351127624512,0.0,255.0,219.83,205.0,,,,,,,
245.83395218849182,0.13,255.0,219.87,204.0,,,,,,,
246.13019347190857,0.0,255.0,219.9,203.0,,,,,,,
246.23752522468567,0.0,255.0,219.91,202.0,,,,,,,
246.33112335205078,0.0,255.0,219.92,202.0,,,,,,,
246.5345437526703,0.0,255.0,219.92,202.0,,,,,,,
246.6425518989563,0.0,255.0,219.93,202.0,,,,,,,
246.75096893310547,0.0,255.0,219.93,202.0,,,,,,,
246.86008214950562,0.0,255.0,219.93,202.0,,,,,,,
247.13984298706055,0.0,255.0,220.18,190.0,,,,,,,
247.34060859680176,0.0,255.0,220.23,188.0,,,,,,,
247.53984665870667,0.0,255.0,220.27,187.0,,,,,,,
247.64867997169495,0.0,255.0,220.2,194.0,,,,,,,
247.74193477630615,0.0,255.0,220.29,186.0,,,,,,,
247.85194873809814,0.0,255.0,220.36,184.0,,,,,,,
248.06848740577698,0.0,255.0,220.35,184.0,,,,,,,
248.17619848251343,0.0,255.0,220.4,182.0,,,,,,,
248.28423237800598,0.0,255.0,220.45,181.0,,,,,,,
248.5503385066986,0.0,255.0,220.54,178.0,,,,,,,
248.75322794914246,0.13,255.0,220.57,177.0,,,,,,,
248.84683561325073,0.0,255.0,220.59,176.0,,,,,,,
249.15836834907532,0.0,255.0,220.61,175.0,,,,,,,
249.26497840881348,0.0,255.0,220.61,174.0,,,,,,,
249.58741855621338,0.0,255.0,220.62,173.0,,,,,,,
249.75904250144958,0.0,255.0,220.63,173.0,,,,,,,
250.05187487602234,0.0,255.0,220.63,172.0,,,,,,,
250.16086530685425,0.0,255.0,220.63,171.0,,,,,,,
250.2548110485077,0.0,255.0,220.63,171.0,,,,,,,
250.36288452148438,-0.13,255.0,220.63,171.0,,,,,,,
250.58176732063293,0.0,255.0,220.63,170.0,,,,,,,
250.6909511089325,0.0,255.0,220.63,170.0,,,,,,,
250.79837131500244,0.0,255.0,220.63,170.0,,,,,,,
251.0648272037506,0.0,255.0,220.72,166.0,,,,,,,
251.158043384552,0.0,255.0,220.71,167.0,,,,,,,
251.2671024799347,0.0,255.0,220.69,167.0,,,,,,,
251.36017608642578,0.0,255.0,220.68,167.0,,,,,,,
251.5610191822052,0.0,255.0,220.92,154.0,,,,,,,
251.68472814559937,0.0,255.0,221.0,152.0,,,,,,,
251.7775583267212,0.0,255.0,221.07,149.0,,,,,,,
252.0702667236328,0.0,255.0,221.06,154.0,,,,,,,
252.27152681350708,0.0,255.0,220.91,157.0,,,,,,,
252.56721186637878,0.0,255.0,221.03,147.0,,,,,,,
252.67573070526123,0.0,255.0,221.09,145.0,,,,,,,
252.78430366516113,0.0,255.0,221.0,152.0,,,,,,,
252.9895646572113,0.0,255.0,221.12,143.0,,,,,,,
253.09873986244202,0.0,255.0,221.17,141.0,,,,,,,
253.2082130908966,0.0,255.0,221.2,140.0,,,,,,,
253.37992238998413,-0.13,255.0,221.0,150.0,,,,,,,
253.6743586063385,0.0,255.0,221.08,141.0,,,,,,,
253.78285264968872,0.0,255.0,220.99,149.0,,,,,,,
253.87690997123718,0.0,255.0,221.06,141.0,,,,,,,
254.18733930587769,0.0,255.0,220.94,148.0,,,,,,,
254.29602074623108,0.0,255.0,221.02,140.0,,,,,,,
254.58982610702515,0.0,255.0,221.04,144.0,,,,,,,
254.7925591468811,0.13,255.0,221.01,144.0,,,,,,,
255.01126432418823,0.0,255.0,220.87,147.0,,,,,,,
255.18171787261963,0.0,255.0,220.93,139.0,,,,,,,
255.29050588607788,0.0,255.0,220.87,146.0,,,,,,,
255.5866503715515,0.0,255.0,220.75,148.0,,,,,,,
255.72554922103882,0.0,255.0,220.87,139.0,,,,,,,
255.89688086509705,0.0,255.0,220.79,146.0,,,,,,,
256.1936414241791,0.0,255.0,220.8,145.0,,,,,,,
256.30242395401,0.0,255.0,220.77,145.0,,,,,,,
256.52143931388855,-0.13,255.0,220.72,146.0,,,,,,,
256.59890580177307,0.0,255.0,220.7,146.0,,,,,,,
256.7070586681366,0.0,255.0,220.69,146.0,,,,,,,
256.8164258003235,0.0,255.0,220.68,146.0,,,,,,,
257.03475618362427,0.0,255.0,220.66,146.0,,,,,,,
257.2038278579712,0.0,255.0,220.65,146.0,,,,,,,
257.4081537723541,0.0,255.0,220.65,146.0,,,,,,,
257.7029368877411,0.0,255.0,220.55,148.0,,,,,,,
257.8119583129883,0.13,255.0,220.57,147.0,,,,,,,
257.99986839294434,0.0,255.0,220.59,146.0,,,,,,,
258.12408423423767,0.0,255.0,220.6,145.0,,,,,,,
258.2327697277069,0.0,255.0,220.61,145.0,,,,,,,
258.4042730331421,0.0,255.0,220.62,144.0,,,,,,,
258.71670603752136,0.0,255.0,220.63,143.0,,,,,,,
258.80837750434875,0.0,255.0,220.63,143.0,,,,,,,
259.0115923881531,0.0,255.0,220.63,142.0,,,,,,,
259.11858201026917,0.0,255.0,220.63,142.0,,,,,,,
259.2265717983246,0.0,255.0,220.63,142.0,,,,,,,
259.3357264995575,0.0,255.0,220.63,142.0,,,,,,,
259.6158928871155,0.0,255.0,220.63,141.0,,,,,,,
259.8169856071472,0.0,255.0,220.63,140.0,,,,,,,
260.0186333656311,0.0,255.0,220.63,140.0,,,,,,,
260.1122074127197,0.0,255.0,220.49,149.0,,,,,,,
260.22264790534973,0.0,255.0,220.52,142.0,,,,,,,
260.3147120475769,0.0,255.0,220.41,151.0,,,,,,,
260.5171854496002,0.0,255.0,220.38,146.0,,,,,,,
260.6409215927124,0.0,255.0,220.29,154.0,,,,,,,
260.7483494281769,0.13,255.0,220.36,146.0,,,,,,,
260.92012548446655,0.0,255.0,220.32,152.0,,,,,,,
261.2317762374878,0.0,255.0,220.24,154.0,,,,,,,
261.3242018222809,0.0,255.0,220.18,156.0,,,,,,,
261.635799407959,0.0,255.0,220.06,159.0,,,,,,,
261.7284550666809,0.0,255.0,220.04,159.0,,,,,,,
261.85224771499634,0.0,255.0,220.02,160.0,,,,,,,
262.13095808029175,0.0,255.0,220.12,152.0,,,,,,,
262.33367919921875,0.0,255.0,220.05,159.0,,,,,,,
262.5362672805786,0.0,255.0,220.01,160.0,,,,,,,
262.6284728050232,0.0,255.0,220.0,160.0,,,,,,,
262.73738408088684,0.0,255.0,219.98,161.0,,,,,,,
262.8296694755554,0.0,255.0,219.97,161.0,,,,,,,
263.0444686412811,0.0,255.0,219.96,161.0,,,,,,,
263.1689615249634,0.0,255.0,219.96,162.0,,,,,,,
263.26075649261475,0.0,255.0,219.95,162.0,,,,,,,
263.44677805900574,0.0,255.0,219.95,162.0,,,,,,,
263.6309218406677,0.13,255.0,219.94,162.0,,,,,,,
263.73959708213806,0.0,255.0,219.94,162.0,,,,,,,
263.8476164340973,0.0,255.0,219.94,162.0,,,,,,,
264.03325510025024,0.0,255.0,219.94,162.0,,,,,,,
264.1434316635132,0.0,255.0,219.94,162.0,,,,,,,
264.2523787021637,0.0,255.0,219.94,162.0,,,,,,,
264.3613727092743,0.0,255.0,219.94,162.0,,,,,,,
264.57743549346924,0.0,255.0,219.94,162.0,,,,,,,
264.7485373020172,0.0,255.0,219.94,163.0,,,,,,,
264.9519855976105,0.0,255.0,219.94,163.0,,,,,,,
265.04660844802856,0.0,255.0,219.94,163.0,,,,,,,
265.1385164260864,-0.13,255.0,219.94,163.0,,,,,,,
265.2460470199585,0.0,255.0,219.94,163.0,,,,,,,
265.3538706302643,0.0,255.0,219.94,163.0,,,,,,,
265.57176637649536,0.0,255.0,219.94,163.0,,,,,,,
265.6797773838043,0.0,255.0,219.94,163.0,,,,,,,
265.85130500793457,0.0,255.0,219.94,163.0,,,,,,,
266.05192971229553,0.0,255.0,219.83,166.0,,,,,,,
266.25563859939575,0.0,255.0,219.62,177.0,,,,,,,
266.36435890197754,0.0,255.0,219.68,170.0,,,,,,,
266.55166387557983,0.13,255.0,219.53,180.0,,,,,,,
266.65948486328125,0.0,255.0,219.47,182.0,,,,,,,
266.76913380622864,0.0,255.0,219.43,183.0,,,,,,,
266.95692348480225,0.0,255.0,219.36,186.0,,,,,,,
267.1608090400696,0.0,255.0,219.32,187.0,,,,,,,
267.36209511756897,0.0,255.0,219.29,189.0,,,,,,,
267.56243085861206,0.0,255.0,219.28,190.0,,,,,,,
267.6548192501068,0.0,255.0,219.27,190.0,,,,,,,
267.7636935710907,0.0,255.0,219.27,191.0,,,,,,,
267.8731458187103,0.0,255.0,219.26,191.0,,,,,,,
268.0744755268097,0.0,255.0,219.26,192.0,,,,,,,
268.18405866622925,0.0,255.0,219.26,192.0,,,,,,,
268.3685448169708,0.0,255.0,219.25,193.0,,,,,,,
268.5708668231964,0.13,255.0,219.25,193.0,,,,,,,
268.7756700515747,0.0,255.0,219.25,194.0,,,,,,,
268.86971855163574,-0.13,255.0,219.25,194.0,,,,,,,
269.07365798950195,0.0,255.0,219.25,195.0,,,,,,,
269.1832323074341,0.0,255.0,219.25,195.0,,,,,,,
269.2919752597809,0.0,255.0,219.25,196.0,,,,,,,
269.47654008865356,0.0,255.0,219.14,199.0,,,,,,,
269.6786758899689,0.0,255.0,219.18,199.0,,,,,,,
269.8797438144684,0.0,255.0,219.2,199.0,,,,,,,
270.08032393455505,0.0,255.0,219.22,199.0,,,,,,,
270.17320370674133,0.0,255.0,219.22,199.0,,,,,,,
270.2822756767273,0.0,255.0,219.23,199.0,,,,,,,
270.4841237068176,0.0,255.0,218.99,212.0,,,,,,,
270.5923111438751,0.0,255.0,219.04,206.0,,,,,,,
270.7155120372772,-0.13,255.0,219.08,205.0,,,,,,,
270.8085057735443,0.0,255.0,219.12,204.0,,,,,,,
271.0118565559387,0.0,255.0,219.16,204.0,,,,,,,
271.181880235672,0.0,255.0,219.06,212.0,,,,,,,
271.28995394706726,0.0,255.0,219.1,207.0,,,,,,,
271.38422322273254,0.0,255.0,218.99,215.0,,,,,,,
271.69434428215027,0.0,255.0,218.87,220.0,,,,,,,
271.80473160743713,0.0,255.0,218.95,213.0,,,,,,,
271.98808193206787,-0.13,255.0,218.81,223.0,,,,,,,
272.19250297546387,0.0,255.0,218.83,223.0,,,,,,,
272.3944158554077,0.0,255.0,218.98,215.0,,,,,,,
272.68760871887207,0.0,255.0,219.02,215.0,,,,,,,
272.7950177192688,0.0,255.0,219.07,214.0,,,,,,,
273.0126702785492,0.0,255.0,218.89,225.0,,,,,,,
273.10509610176086,0.0,255.0,218.96,218.0,,,,,,,
273.22854709625244,0.0,255.0,218.88,226.0,,,,,,,
273.40008211135864,0.0,255.0,218.9,221.0,,,,,,,
273.6942479610443,0.0,255.0,219.07,217.0,,,,,,,
273.80240750312805,0.0,255.0,219.11,217.0,,,,,,,
274.01883840560913,0.0,255.0,219.05,219.0,,,,,,,
274.0962145328522,0.0,255.0,219.09,218.0,,,,,,,
274.2040603160858,0.0,255.0,219.12,218.0,,,,,,,
274.311402797699,0.0,255.0,219.01,227.0,,,,,,,
274.5130376815796,0.0,255.0,218.99,223.0,,,,,,,
274.6377341747284,0.0,255.0,219.04,222.0,,,,,,,
274.8078501224518,0.0,255.0,219.11,220.0,,,,,,,
275.0073161125183,0.0,255.0,219.16,220.0,,,,,,,
275.1011691093445,0.0,255.0,219.18,220.0,,,,,,,
275.2107722759247,0.0,255.0,219.19,220.0,,,,,,,
275.3047733306885,0.0,255.0,219.2,220.0,,,,,,,
275.50813460350037,0.0,255.0,219.22,220.0,,,,,,,
275.63257670402527,0.0,255.0,219.22,220.0,,,,,,,
275.7417097091675,0.0,255.0,219.23,220.0,,,,,,,
275.91134572029114,-0.13,255.0,219.24,221.0,,,,,,,
276.2057886123657,0.0,255.0,219.24,221.0,,,,,,,
276.31648683547974,0.0,255.0,219.24,222.0,,,,,,,
276.52110266685486,0.0,255.0,219.24,222.0,,,,,,,
276.6146454811096,0.0,255.0,219.24,222.0,,,,,,,
276.7267346382141,0.0,255.0,219.25,223.0,,,,,,,
276.83592534065247,0.0,255.0,219.25,223.0,,,,,,,
277.2109417915344,0.0,255.0,219.25,224.0,,,,,,,
277.5227835178375,0.0,255.0,219.25,225.0,,,,,,,
277.61570048332214,0.0,255.0,219.25,225.0,,,,,,,
277.72691655158997,0.0,255.0,219.25,226.0,,,,,,,
277.8185830116272,0.0,255.0,219.25,226.0,,,,,,,
278.036208152771,0.0,255.0,219.25,226.0,,,,,,,
278.14667677879333,0.0,255.0,219.25,226.0,,,,,,,
278.25420689582825,0.0,255.0,219.25,226.0,,,,,,,
278.4260313510895,0.0,255.0,219.25,226.0,,,,,,,
278.71899223327637,-0.13,255.0,219.34,224.0,,,,,,,
278.8294589519501,0.0,255.0,219.32,224.0,,,,,,,
279.0315637588501,0.0,255.0,219.4,222.0,,,,,,,
279.12562108039856,0.0,255.0,219.51,214.0,,,,,,,
279.2343678474426,0.0,255.0,219.46,220.0,,,,,,,
279.3428876399994,0.0,255.0,219.55,212.0,,,,,,,
279.6689431667328,0.0,255.0,219.6,216.0,,,,,,,
279.83987641334534,0.0,255.0,219.72,208.0,,,,,,,
280.13648414611816,0.0,255.0,219.83,205.0,,,,,,,
280.2309055328369,0.0,255.0,219.85,204.0,,,,,,,
280.33954644203186,0.0,255.0,219.87,204.0,,,,,,,
280.5556993484497,0.0,255.0,219.89,203.0,,,,,,,
280.66490387916565,0.0,255.0,219.9,203.0,,,,,,,
280.7735707759857,0.0,255.0,219.91,203.0,,,,,,,
281.03875732421875,0.0,255.0,219.92,202.0,,,,,,,
281.24189496040344,-0.13,255.0,219.93,202.0,,,,,,,
281.335378408432,0.0,255.0,219.93,202.0,,,,,,,
281.55220460891724,0.0,255.0,219.93,202.0,,,,,,,
281.64513993263245,0.0,255.0,219.93,202.0,,,,,,,
281.7531611919403,0.0,255.0,219.93,202.0,,,,,,,
281.8633065223694,0.0,255.0,219.93,202.0,,,,,,,
282.0794539451599,0.0,255.0,219.94,202.0,,,,,,,
282.25050950050354,0.0,255.0,219.94,202.0,,,,,,,
282.54600405693054,0.0,255.0,219.94,202.0,,,,,,,
282.6533977985382,0.13,255.0,219.94,202.0,,,,,,,
282.74507546424866,0.0,255.0,219.94,202.0,,,,,,,
282.8549790382385,-0.13,255.0,219.94,202.0,,,,,,,
283.07426285743713,0.0,255.0,219.94,202.0,,,,,,,
283.16852259635925,0.0,255.0,219.94,202.0,,,,,,,
283.27887988090515,0.0,255.0,219.94,202.0,,,,,,,
283.5581283569336,0.0,255.0,220.03,199.0,,,,,,,
283.7603368759155,0.0,255.0,220.13,191.0,,,,,,,
283.8549461364746,0.0,255.0,220.09,197.0,,,,,,,
284.1659109592438,-0.13,255.0,220.02,199.0,,,,,,,
284.2754969596863,0.0,255.0,220.0,200.0,,,,,,,
284.49433755874634,0.0,255.0,220.23,188.0,,,,,,,
284.66531682014465,0.0,255.0,220.38,184.0,,,,,,,
284.8674359321594,0.0,255.0,220.47,181.0,,,,,,,
285.0709352493286,0.0,255.0,220.53,179.0,,,,,,,
285.1657671928406,0.0,255.0,220.55,178.0,,,,,,,
285.25838971138,0.0,255.0,220.57,177.0,,,,,,,
285.3690252304077,0.0,255.0,220.58,177.0,,,,,,,
285.6953547000885,0.0,255.0,220.61,175.0,,,,,,,
285.8056583404541,0.0,255.0,220.61,175.0,,,,,,,
285.97698044776917,0.0,255.0,220.62,174.0,,,,,,,
286.1635899543762,0.0,255.0,220.63,174.0,,,,,,,
286.27278327941895,0.0,255.0,220.63,173.0,,,,,,,
286.3673400878906,0.0,255.0,220.63,173.0,,,,,,,
286.5692663192749,0.0,255.0,220.63,172.0,,,,,,,
286.67841148376465,0.0,255.0,220.63,172.0,,,,,,,
286.78766679763794,-0.13,255.0,220.63,172.0,,,,,,,
286.98949790000916,-0.13,255.0,220.63,171.0,,,,,,,
287.176064491272,0.0,255.0,220.63,171.0,,,,,,,
287.37975883483887,0.0,255.0,220.63,170.0,,,,,,,
287.58310985565186,0.0,255.0,220.63,170.0,,,,,,,
287.67632961273193,0.0,255.0,220.63,169.0,,,,,,,
287.78467178344727,0.0,255.0,220.63,169.0,,,,,,,
288.01623272895813,0.0,255.0,220.63,169.0,,,,,,,
288.0922327041626,0.0,255.0,220.63,168.0,,,,,,,
288.20204877853394,0.0,255.0,220.63,168.0,,,,,,,
288.31139636039734,0.0,255.0,220.63,168.0,,,,,,,
288.5767676830292,0.0,255.0,220.63,167.0,,,,,,,
288.68594241142273,0.0,255.0,220.63,167.0,,,,,,,
288.7785098552704,0.0,255.0,220.63,167.0,,,,,,,
288.8856883049011,0.0,255.0,220.63,166.0,,,,,,,
289.0875732898712,0.0,255.0,220.63,166.0,,,,,,,
289.195677280426,0.0,255.0,220.63,166.0,,,,,,,
289.3051075935364,0.0,255.0,220.63,165.0,,,,,,,
289.4916820526123,0.0,255.0,220.63,165.0,,,,,,,
289.69607877731323,-0.13,255.0,220.63,164.0,,,,,,,
289.90008091926575,-0.13,255.0,220.63,164.0,,,,,,,
290.1953182220459,0.0,255.0,220.52,166.0,,,,,,,
290.3034327030182,0.0,255.0,220.55,165.0,,,,,,,
290.506338596344,0.0,255.0,220.58,164.0,,,,,,,
290.61596179008484,0.0,255.0,220.59,164.0,,,,,,,
290.72531390190125,0.0,255.0,220.6,163.0,,,,,,,
290.83374762535095,0.0,255.0,220.61,163.0,,,,,,,
291.100049495697,0.0,255.0,220.62,161.0,,,,,,,
291.30013275146484,0.0,255.0,220.63,161.0,,,,,,,
291.5965414047241,0.0,255.0,220.63,160.0,,,,,,,
291.7052183151245,0.0,255.0,220.63,160.0,,,,,,,
291.815212726593,0.0,255.0,220.63,159.0,,,,,,,
292.0328130722046,0.0,255.0,220.63,159.0,,,,,,,
292.14270663261414,0.0,255.0,220.63,159.0,,,,,,,
292.24353408813477,0.0,255.0,220.63,158.0,,,,,,,
292.39993047714233,0.0,255.0,220.63,158.0,,,,,,,
292.6098778247833,0.0,255.0,220.63,157.0,,,,,,,
292.7024896144867,0.0,255.0,220.63,157.0,,,,,,,
292.81131410598755,-0.13,255.0,220.63,157.0,,,,,,,
293.0149586200714,0.0,255.0,220.63,156.0,,,,,,,
293.138023853302,0.0,255.0,220.63,156.0,,,,,,,
293.2457938194275,0.0,255.0,220.63,156.0,,,,,,,
293.33945631980896,0.0,255.0,220.63,156.0,,,,,,,
293.61762261390686,0.0,255.0,220.63,155.0,,,,,,,
293.8175790309906,0.0,255.0,220.63,154.0,,,,,,,
294.12185525894165,0.0,255.0,220.63,153.0,,,,,,,
294.2167375087738,0.0,255.0,220.63,153.0,,,,,,,
294.32456064224243,0.13,255.0,220.5,162.0,,,,,,,
294.5557370185852,0.0,255.0,220.55,155.0,,,,,,,
294.7274920940399,0.0,255.0,220.58,154.0,,,,,,,
295.03576159477234,0.0,255.0,220.61,152.0,,,,,,,
295.22232389450073,0.0,255.0,220.62,151.0,,,,,,,
295.3302400112152,0.0,255.0,220.62,151.0,,,,,,,
295.5326495170593,0.0,255.0,220.63,150.0,,,,,,,
295.64088559150696,0.0,255.0,220.63,150.0,,,,,,,
295.7620553970337,0.0,255.0,220.63,150.0,,,,,,,
295.92962431907654,0.13,255.0,220.63,149.0,,,,,,,
296.2262978553772,0.0,255.0,220.63,148.0,,,,,,,
296.33478593826294,0.0,255.0,220.63,148.0,,,,,,,
296.6257667541504,0.0,255.0,220.49,157.0,,,,,,,
296.7346351146698,0.0,255.0,220.38,159.0,,,,,,,
296.8445963859558,0.0,255.0,220.43,153.0,,,,,,,
297.0608067512512,0.0,255.0,220.25,163.0,,,,,,,
297.23088455200195,0.0,255.0,220.14,166.0,,,,,,,
297.57038021087646,0.0,255.0,220.04,168.0,,,,,,,
297.7401089668274,0.0,255.0,220.0,169.0,,,,,,,
297.8335030078888,0.0,255.0,219.99,170.0,,,,,,,
298.04930090904236,0.0,255.0,219.97,170.0,,,,,,,
298.15831303596497,0.0,255.0,219.96,170.0,,,,,,,
298.2666563987732,0.0,255.0,219.96,171.0,,,,,,,
298.54660630226135,0.0,255.0,219.95,171.0,,,,,,,
298.7476272583008,0.0,255.0,219.94,171.0,,,,,,,
298.8401415348053,0.0,255.0,219.94,171.0,,,,,,,
299.0436501502991,0.0,255.0,220.08,162.0,,,,,,,
299.15131759643555,0.0,255.0,220.05,168.0,,,,,,,
299.2602045536041,0.0,255.0,220.03,169.0,,,,,,,
299.36717319488525,-0.13,255.0,220.01,169.0,,,,,,,
299.68787956237793,0.0,255.0,219.97,170.0,,,,,,,
299.85693359375,0.0,255.0,219.96,171.0,,,,,,,
300.14832639694214,0.0,255.0,219.95,171.0,,,,,,,
300.2557203769684,0.0,255.0,219.95,171.0,,,,,,,
300.34803009033203,0.0,255.0,219.94,171.0,,,,,,,
300.6811718940735,0.0,255.0,219.83,175.0,,,,,,,
300.77605724334717,0.0,255.0,219.85,174.0,,,,,,,
301.0671808719635,0.0,255.0,219.64,185.0,,,,,,,
301.2665345668793,0.0,255.0,219.5,189.0,,,,,,,
301.35951805114746,0.0,255.0,219.45,191.0,,,,,,,
301.5617504119873,0.0,255.0,219.49,190.0,,,,,,,
301.66926980018616,0.0,255.0,219.44,192.0,,,,,,,
301.762455701828,0.0,255.0,219.4,193.0,,,,,,,
302.062260389328,0.13,255.0,219.41,194.0,,,,,,,
302.20195960998535,0.0,255.0,219.38,195.0,,,,,,,
302.3731210231781,0.0,255.0,219.44,193.0,,,,,,,
302.6680836677551,0.0,255.0,219.35,197.0,,,,,,,
302.77549839019775,0.0,255.0,219.33,198.0,,,,,,,
302.87051701545715,0.0,255.0,219.31,198.0,,,,,,,
303.1967694759369,0.0,255.0,219.42,191.0,,,,,,,
303.3019165992737,0.0,255.0,219.38,197.0,,,,,,,
303.5776002407074,0.0,255.0,219.43,197.0,,,,,,,
303.7786853313446,0.0,255.0,219.36,199.0,,,,,,,
303.8699550628662,0.0,255.0,219.34,200.0,,,,,,,
304.1804060935974,0.0,255.0,219.29,202.0,,,,,,,
304.28785824775696,0.0,255.0,219.42,194.0,,,,,,,
304.5776708126068,0.0,255.0,219.34,202.0,,,,,,,
304.7169523239136,0.0,255.0,219.32,203.0,,,,,,,
304.8855879306793,0.0,255.0,219.29,204.0,,,,,,,
305.17976689338684,0.0,255.0,219.27,206.0,,,,,,,
305.2881827354431,0.0,255.0,219.27,206.0,,,,,,,
305.5185980796814,0.0,255.0,219.26,207.0,,,,,,,
305.595743894577,0.0,255.0,219.26,207.0,,,,,,,
305.70341634750366,0.0,255.0,219.25,207.0,,,,,,,
305.8132688999176,0.0,255.0,219.25,208.0,,,,,,,
305.99935388565063,0.0,255.0,219.25,208.0,,,,,,,
306.18345618247986,0.0,255.0,219.25,209.0,,,,,,,
306.29179310798645,0.0,255.0,219.25,209.0,,,,,,,
306.3847692012787,0.0,255.0,219.25,210.0,,,,,,,
306.60131764411926,0.13,255.0,219.25,210.0,,,,,,,
306.69474244117737,0.0,255.0,219.25,211.0,,,,,,,
306.8045690059662,0.0,255.0,219.25,211.0,,,,,,,
307.0069558620453,0.0,255.0,219.25,212.0,,,,,,,
307.1315424442291,0.0,255.0,219.25,212.0,,,,,,,
307.3004701137543,0.0,255.0,219.25,212.0,,,,,,,
307.5312485694885,0.0,255.0,219.25,213.0,,,,,,,
307.702693939209,0.0,255.0,219.25,214.0,,,,,,,
307.7947175502777,0.0,255.0,219.25,214.0,,,,,,,
307.99401211738586,0.0,255.0,219.25,215.0,,,,,,,
308.1161983013153,-0.13,255.0,219.25,215.0,,,,,,,
308.2231328487396,0.0,255.0,219.25,215.0,,,,,,,
308.33071851730347,0.0,255.0,219.25,215.0,,,,,,,
308.61032938957214,0.0,255.0,219.39,207.0,,,,,,,
308.810448884964,0.0,255.0,219.45,211.0,,,,,,,
309.0101866722107,0.0,255.0,219.51,205.0,,,,,,,
309.1044337749481,0.0,255.0,219.46,212.0,,,,,,,
309.21238827705383,0.0,255.0,219.42,213.0,,,,,,,
309.3217566013336,0.0,255.0,219.38,214.0,,,,,,,
309.70961928367615,0.0,255.0,219.41,214.0,,,,,,,
309.91063261032104,0.0,255.0,219.6,204.0,,,,,,,
310.2063367366791,0.0,255.0,219.65,203.0,,,,,,,
310.3166575431824,0.0,255.0,219.71,202.0,,,,,,,
310.51753878593445,0.0,255.0,219.79,200.0,,,,,,,
310.62495470046997,0.0,255.0,219.82,199.0,,,,,,,
310.73482751846313,0.0,255.0,219.84,198.0,,,,,,,
310.9186923503876,0.0,255.0,219.88,198.0,,,,,,,
311.21362042427063,0.0,255.0,219.91,197.0,,,,,,,
311.321081161499,-0.13,255.0,219.91,197.0,,,,,,,
311.63182973861694,0.0,255.0,219.84,199.0,,,,,,,
311.7262473106384,0.0,255.0,219.86,199.0,,,,,,,
311.8348467350006,0.0,255.0,219.87,198.0,,,,,,,
312.16103076934814,0.0,255.0,219.9,198.0,,,,,,,
312.330194234848,0.0,255.0,219.92,197.0,,,,,,,
312.6235899925232,0.0,255.0,219.93,197.0,,,,,,,
312.73244547843933,0.0,255.0,219.93,197.0,,,,,,,
312.82558703422546,0.13,255.0,219.93,197.0,,,,,,,
313.0417215824127,0.0,255.0,219.79,206.0,,,,,,,
313.1338474750519,0.0,255.0,219.82,200.0,,,,,,,
313.2585835456848,0.0,255.0,219.85,200.0,,,,,,,
313.36756801605225,0.0,255.0,219.86,199.0,,,,,,,
313.7411139011383,0.0,255.0,219.91,198.0,,,,,,,
314.0489592552185,0.0,255.0,219.92,198.0,,,,,,,
314.14118695259094,0.0,255.0,219.92,198.0,,,,,,,
314.2338721752167,0.0,255.0,219.93,198.0,,,,,,,
314.34191036224365,0.0,255.0,219.93,198.0,,,,,,,
314.5615508556366,-0.13,255.0,219.93,198.0,,,,,,,
314.6696753501892,0.0,255.0,219.93,198.0,,,,,,,
314.83810329437256,0.0,255.0,219.93,198.0,,,,,,,
315.14919352531433,0.0,255.0,219.94,198.0,,,,,,,
315.2429358959198,0.0,255.0,219.94,198.0,,,,,,,
315.33598256111145,0.0,255.0,219.8,207.0,,,,,,,
315.66188788414,0.0,255.0,219.87,200.0,,,,,,,
315.77018094062805,0.0,255.0,219.88,200.0,,,,,,,
316.0497245788574,0.13,255.0,219.91,199.0,,,,,,,
316.25189447402954,0.0,255.0,219.92,199.0,,,,,,,
316.34586453437805,0.0,255.0,219.92,199.0,,,,,,,
316.65552949905396,0.0,255.0,219.93,199.0,,,,,,,
316.74948811531067,0.0,255.0,219.93,199.0,,,,,,,
316.8578414916992,0.0,255.0,219.93,199.0,,,,,,,
317.09054255485535,0.0,255.0,219.93,199.0,,,,,,,
317.18442487716675,0.0,255.0,219.93,199.0,,,,,,,
317.355455160141,0.0,255.0,219.94,199.0,,,,,,,
317.5552921295166,0.0,255.0,219.94,199.0,,,,,,,
317.66558146476746,-0.13,255.0,219.94,199.0,,,,,,,
317.7583258152008,0.0,255.0,219.94,199.0,,,,,,,
317.85056829452515,0.0,255.0,219.94,199.0,,,,,,,
318.06928515434265,0.0,255.0,219.94,199.0,,,,,,,
318.1783559322357,0.0,255.0,219.94,199.0,,,,,,,
318.2888560295105,0.0,255.0,219.94,199.0,,,,,,,
318.476309299469,0.0,255.0,220.05,196.0,,,,,,,
318.66153621673584,0.0,255.0,220.01,197.0,,,,,,,
318.865008354187,0.0,255.0,219.98,197.0,,,,,,,
319.06641602516174,0.0,255.0,220.11,189.0,,,,,,,
319.1619625091553,0.13,255.0,220.07,195.0,,,,,,,
319.27009296417236,0.0,255.0,220.04,196.0,,,,,,,
319.56839299201965,0.0,255.0,219.99,197.0,,,,,,,
319.7066674232483,0.0,255.0,220.12,188.0,,,,,,,
319.8766658306122,0.0,255.0,220.19,186.0,,,,,,,
320.1711094379425,0.0,255.0,220.21,186.0,,,,,,,
320.26472878456116,0.0,255.0,220.15,192.0,,,,,,,
320.3717317581177,0.0,255.0,220.25,184.0,,,,,,,
320.5883309841156,0.0,255.0,220.28,183.0,,,,,,,
320.68357276916504,-0.13,255.0,220.35,181.0,,,,,,,
320.806072473526,0.0,255.0,220.41,180.0,,,,,,,
320.990948677063,0.0,255.0,220.49,177.0,,,,,,,
321.1786985397339,0.0,255.0,220.54,175.0,,,,,,,
321.3818199634552,0.0,255.0,220.57,174.0,,,,,,,
321.6767625808716,0.0,255.0,220.4,178.0,,,,,,,
321.7867896556854,0.0,255.0,220.45,176.0,,,,,,,
322.01709818840027,0.0,255.0,220.52,174.0,,,,,,,
322.1095480918884,0.0,255.0,220.54,173.0,,,,,,,
322.2169728279114,0.13,255.0,220.56,173.0,,,,,,,
322.3853106498718,0.0,255.0,220.33,184.0,,,,,,,
322.68352484703064,0.0,255.0,220.48,174.0,,,,,,,
322.7924199104309,0.0,255.0,220.51,173.0,,,,,,,
322.9947123527527,0.0,255.0,220.56,171.0,,,,,,,
323.10294461250305,0.0,255.0,220.57,171.0,,,,,,,
323.2119252681732,0.0,255.0,220.58,170.0,,,,,,,
323.3208510875702,0.0,255.0,220.59,169.0,,,,,,,
323.58689999580383,0.0,255.0,220.61,168.0,,,,,,,
323.7919807434082,-0.13,255.0,220.62,167.0,,,,,,,
323.9012122154236,0.0,255.0,220.62,167.0,,,,,,,
324.1948621273041,0.0,255.0,220.4,178.0,,,,,,,
324.30370569229126,0.0,255.0,220.45,171.0,,,,,,,
324.5224058628082,0.0,255.0,220.51,169.0,,,,,,,
324.6300792694092,0.0,255.0,220.54,168.0,,,,,,,
324.8004307746887,0.0,255.0,220.57,167.0,,,,,,,
325.003294467926,0.0,255.0,220.6,166.0,,,,,,,
325.2046093940735,-0.13,255.0,220.61,165.0,,,,,,,
325.2988064289093,0.13,255.0,220.61,164.0,,,,,,,
325.5283637046814,0.0,255.0,220.62,164.0,,,,,,,
325.60690426826477,0.0,255.0,220.62,163.0,,,,,,,
325.7315628528595,0.0,255.0,220.49,172.0,,,,,,,
325.84005641937256,0.0,255.0,220.52,166.0,,,,,,,
326.0427165031433,0.0,255.0,220.56,164.0,,,,,,,
326.214417219162,0.0,255.0,220.59,163.0,,,,,,,
326.50955748558044,0.0,255.0,220.61,162.0,,,,,,,
326.6169204711914,0.0,255.0,220.61,161.0,,,,,,,
326.71091747283936,0.0,255.0,220.62,161.0,,,,,,,
326.8200376033783,-0.13,255.0,220.62,161.0,,,,,,,
327.0356822013855,0.0,255.0,220.63,160.0,,,,,,,
327.1445310115814,0.0,255.0,220.63,160.0,,,,,,,
327.31489992141724,0.0,255.0,220.63,159.0,,,,,,,
327.6092166900635,0.0,255.0,220.63,158.0,,,,,,,
327.71813917160034,0.0,255.0,220.63,158.0,,,,,,,
327.8117775917053,0.0,255.0,220.49,167.0,,,,,,,
328.02662658691406,0.0,255.0,220.54,160.0,,,,,,,
328.1361734867096,0.0,255.0,220.56,159.0,,,,,,,
328.22987961769104,0.13,255.0,220.58,159.0,,,,,,,
328.3534457683563,0.0,255.0,220.59,158.0,,,,,,,
328.61676597595215,0.0,255.0,220.47,166.0,,,,,,,
328.81982803344727,0.0,255.0,220.42,162.0,,,,,,,
329.02250695228577,0.0,255.0,220.5,159.0,,,,,,,
329.13200855255127,0.0,255.0,220.52,158.0,,,,,,,
329.2248282432556,0.0,255.0,220.55,157.0,,,,,,,
329.3336923122406,0.0,255.0,220.56,157.0,,,,,,,
329.5512418746948,0.0,255.0,220.59,155.0,,,,,,,
329.6599361896515,0.0,255.0,220.6,155.0,,,,,,,
329.8318531513214,-0.13,255.0,220.47,163.0,,,,,,,
330.1274003982544,0.0,255.0,220.44,158.0,,,,,,,
330.2370800971985,0.0,255.0,220.48,157.0,,,,,,,
330.3309795856476,0.0,255.0,220.51,156.0,,,,,,,
330.53343176841736,0.0,255.0,220.3,167.0,,,,,,,
330.64171957969666,0.0,255.0,220.37,159.0,,,,,,,
330.7510726451874,0.0,255.0,220.28,167.0,,,,,,,
330.86038613319397,0.0,255.0,220.35,160.0,,,,,,,
331.2472538948059,0.13,255.0,220.31,166.0,,,,,,,
331.54054069519043,0.0,255.0,220.24,167.0,,,,,,,
331.63358664512634,0.0,255.0,220.32,160.0,,,,,,,
331.74159812927246,0.0,255.0,220.24,167.0,,,,,,,
331.851110458374,0.0,255.0,220.32,159.0,,,,,,,
332.06853556632996,0.0,255.0,220.18,168.0,,,,,,,
332.1774399280548,0.0,255.0,220.13,170.0,,,,,,,
332.3458585739136,0.0,255.0,220.06,171.0,,,,,,,
332.64197993278503,0.0,255.0,220.0,173.0,,,,,,,
332.7509379386902,-0.13,255.0,219.99,173.0,,,,,,,
332.8428158760071,0.0,255.0,219.98,174.0,,,,,,,
333.1546149253845,0.0,255.0,219.96,174.0,,,,,,,
333.2781331539154,0.0,255.0,220.09,165.0,,,,,,,
333.5876019001007,0.0,255.0,220.02,173.0,,,,,,,
333.7562584877014,0.0,255.0,219.99,173.0,,,,,,,
333.9902608394623,0.0,255.0,219.97,174.0,,,,,,,
334.15838623046875,0.13,255.0,219.96,174.0,,,,,,,
334.2509036064148,-0.13,255.0,219.95,174.0,,,,,,,
334.36063957214355,0.0,255.0,219.95,175.0,,,,,,,
334.5787236690521,0.0,255.0,219.95,175.0,,,,,,,
334.6878764629364,0.0,255.0,219.94,175.0,,,,,,,
334.85765075683594,0.0,255.0,219.94,175.0,,,,,,,
335.1522448062897,0.0,255.0,219.94,175.0,,,,,,,
335.2612581253052,0.0,255.0,219.94,175.0,,,,,,,
335.3551926612854,0.0,255.0,219.94,175.0,,,,,,,
335.57490611076355,0.0,255.0,219.94,175.0,,,,,,,
335.6675534248352,-0.13,255.0,219.94,175.0,,,,,,,
335.7911093235016,0.13,255.0,219.94,175.0,,,,,,,
335.99368023872375,0.0,255.0,219.94,175.0,,,,,,,
336.1650483608246,0.0,255.0,219.94,175.0,,,,,,,
336.3669173717499,0.0,255.0,219.94,175.0,,,,,,,
336.6635220050812,0.0,255.0,219.94,176.0,,,,,,,
336.77029037475586,0.0,255.0,219.94,176.0,,,,,,,
336.97094082832336,0.0,255.0,219.94,176.0,,,,,,,
337.0950458049774,0.0,255.0,219.94,176.0,,,,,,,
337.2039647102356,0.0,255.0,219.94,176.0,,,,,,,
337.3765707015991,0.0,255.0,219.94,176.0,,,,,,,
337.67185068130493,0.0,255.0,219.94,176.0,,,,,,,
337.77996611595154,0.0,255.0,219.94,176.0,,,,,,,
337.8731105327606,0.0,255.0,219.94,176.0,,,,,,,
338.07595777511597,0.0,255.0,219.83,179.0,,,,,,,
338.19993925094604,0.0,255.0,219.85,178.0,,,,,,,
338.310183763504,0.0,255.0,219.87,178.0,,,,,,,
338.57513332366943,0.0,255.0,219.9,177.0,,,,,,,
338.79304218292236,-0.13,255.0,219.91,177.0,,,,,,,
339.01168513298035,0.0,255.0,219.78,186.0,,,,,,,
339.1824531555176,0.0,255.0,219.84,179.0,,,,,,,
339.29048252105713,0.0,255.0,219.86,179.0,,,,,,,
339.58455300331116,0.0,255.0,219.9,178.0,,,,,,,
339.72342133522034,0.0,255.0,219.9,178.0,,,,,,,
339.89444637298584,0.0,255.0,219.81,181.0,,,,,,,
340.1895215511322,0.13,255.0,219.73,188.0,,,,,,,
340.29893159866333,0.0,255.0,219.63,191.0,,,,,,,
340.59693336486816,0.0,255.0,219.67,185.0,,,,,,,
340.70637488365173,0.0,255.0,219.59,193.0,,,,,,,
340.81556606292725,0.0,255.0,219.66,186.0,,,,,,,
341.0157856941223,0.0,255.0,219.65,186.0,,,,,,,
341.20136046409607,0.0,255.0,219.5,196.0,,,,,,,
341.3911702632904,0.0,255.0,219.55,190.0,,,,,,,
341.70172023773193,-0.13,255.0,219.6,194.0,,,,,,,
341.8083596229553,0.0,255.0,219.67,187.0,,,,,,,
342.0113203525543,0.0,255.0,219.65,188.0,,,,,,,
342.1352641582489,0.0,255.0,219.71,186.0,,,,,,,
342.3052909374237,0.0,255.0,219.65,193.0,,,,,,,
342.50874280929565,0.0,255.0,219.76,186.0,,,,,,,
342.6984062194824,0.0,255.0,219.57,196.0,,,,,,,
342.80577540397644,0.0,255.0,219.65,189.0,,,,,,,
343.03754568099976,0.0,255.0,219.61,195.0,,,,,,,
343.11578845977783,0.13,255.0,219.54,198.0,,,,,,,
343.22407484054565,0.0,255.0,219.48,199.0,,,,,,,
343.33376574516296,0.0,255.0,219.57,192.0,,,,,,,
343.61270475387573,0.0,255.0,219.55,193.0,,,,,,,
343.81531977653503,0.0,255.0,219.44,202.0,,,,,,,
344.0175518989563,0.0,255.0,219.37,204.0,,,,,,,
344.11189579963684,0.0,255.0,219.35,205.0,,,,,,,
344.2199807167053,0.0,255.0,219.33,206.0,,,,,,,
344.31218123435974,0.0,255.0,219.31,207.0,,,,,,,
344.514271736145,0.0,255.0,219.43,199.0,,,,,,,
344.6386790275574,-0.13,255.0,219.39,205.0,,,,,,,
344.82429242134094,0.0,255.0,219.59,195.0,,,,,,,
345.12074041366577,0.0,255.0,219.62,200.0,,,,,,,
345.21530079841614,-0.13,255.0,219.55,202.0,,,,,,,
345.32413363456726,0.13,255.0,219.49,204.0,,,,,,,
345.6338920593262,0.0,255.0,219.48,204.0,,,,,,,
345.74252939224243,0.0,255.0,219.43,206.0,,,,,,,
345.84873485565186,0.0,255.0,219.4,207.0,,,,,,,
346.1286985874176,0.13,255.0,219.32,210.0,,,,,,,
346.33143067359924,0.0,255.0,219.3,211.0,,,,,,,
346.6263179779053,0.0,255.0,219.27,213.0,,,,,,,
346.73401951789856,0.0,255.0,219.27,213.0,,,,,,,
346.826477766037,0.0,255.0,219.26,214.0,,,,,,,
347.060791015625,0.0,255.0,219.37,211.0,,,,,,,
347.15538024902344,0.0,255.0,219.34,212.0,,,,,,,
347.26454162597656,0.0,255.0,219.32,213.0,,,,,,,
347.5396270751953,-0.13,255.0,219.29,215.0,,,,,,,
347.72726035118103,0.0,255.0,219.27,216.0,,,,,,,
347.8357093334198,0.13,255.0,219.27,216.0,,,,,,,
348.0386323928833,0.0,255.0,219.26,217.0,,,,,,,
348.1470196247101,0.0,255.0,219.26,217.0,,,,,,,
348.25592017173767,0.0,255.0,219.26,218.0,,,,,,,
348.3663766384125,0.0,255.0,219.25,218.0,,,,,,,
348.64613819122314,0.0,255.0,219.25,219.0,,,,,,,
348.8478214740753,0.0,255.0,219.25,220.0,,,,,,,
349.14083766937256,0.0,255.0,219.14,224.0,,,,,,,
349.24828457832336,0.0,255.0,219.16,224.0,,,,,,,
349.34116435050964,0.0,255.0,219.18,223.0,,,,,,,
349.57352089881897,0.0,255.0,219.2,223.0,,,,,,,
349.68334197998047,0.0,255.0,219.21,223.0,,,,,,,
349.8551666736603,0.0,255.0,219.22,224.0,,,,,,,
350.1496801376343,0.0,255.0,219.24,224.0,,,,,,,
350.242800951004,0.0,255.0,219.24,225.0,,,,,,,
350.35265278816223,0.0,255.0,219.24,225.0,,,,,,,
350.55554604530334,0.0,255.0,219.24,225.0,,,,,,,
350.6643853187561,0.0,255.0,219.24,226.0,,,,,,,
350.77308082580566,0.0,255.0,219.24,226.0,,,,,,,
350.9904270172119,-0.13,255.0,219.25,226.0,,,,,,,
351.1613664627075,0.0,255.0,219.36,223.0,,,,,,,
351.364914894104,0.0,255.0,219.43,221.0,,,,,,,
351.6613519191742,0.0,255.0,219.68,209.0,,,,,,,
351.75422763824463,-0.13,255.0,219.59,217.0,,,,,,,
351.86326909065247,0.13,255.0,219.66,209.0,,,,,,,
352.08154129981995,0.0,255.0,219.76,207.0,,,,,,,
352.19174551963806,0.0,255.0,219.79,206.0,,,,,,,
352.36201643943787,0.0,255.0,219.85,204.0,,,,,,,
352.6567213535309,0.0,255.0,219.89,203.0,,,,,,,
352.7666108608246,0.0,255.0,219.9,203.0,,,,,,,
352.87519931793213,0.0,255.0,219.91,203.0,,,,,,,
353.1710159778595,0.0,255.0,219.92,202.0,,,,,,,
353.2941596508026,-0.13,255.0,219.92,202.0,,,,,,,
353.49694657325745,0.13,255.0,219.93,202.0,,,,,,,
353.6676330566406,0.0,255.0,219.93,202.0,,,,,,,
353.8690712451935,0.13,255.0,219.93,202.0,,,,,,,
354.0704152584076,0.13,255.0,219.93,202.0,,,,,,,
354.1799864768982,0.0,255.0,219.93,202.0,,,,,,,
354.272789478302,0.0,255.0,219.94,202.0,,,,,,,
354.568078994751,-0.13,255.0,220.08,193.0,,,,,,,
354.7071044445038,0.13,255.0,220.05,199.0,,,,,,,
354.8786518573761,0.0,255.0,220.12,197.0,,,,,,,
355.1731343269348,0.0,255.0,220.03,199.0,,,,,,,
355.282000541687,0.0,255.0,220.01,199.0,,,,,,,
355.38929295539856,0.0,255.0,220.0,200.0,,,,,,,
355.6986918449402,0.0,255.0,220.22,188.0,,,,,,,
355.8061990737915,0.0,255.0,220.16,195.0,,,,,,,
355.9898624420166,0.0,255.0,220.19,194.0,,,,,,,
356.1785945892334,0.0,255.0,220.21,193.0,,,,,,,
356.3823072910309,-0.13,255.0,220.36,184.0,,,,,,,
356.58392214775085,-0.13,255.0,220.32,190.0,,,,,,,
356.69379448890686,0.0,255.0,220.38,183.0,,,,,,,
356.7857298851013,0.13,255.0,220.43,181.0,,,,,,,
357.0034272670746,0.0,255.0,220.37,188.0,,,,,,,
357.1116409301758,0.0,255.0,220.42,181.0,,,,,,,
357.21869945526123,0.0,255.0,220.46,180.0,,,,,,,
357.39060139656067,0.0,255.0,220.53,178.0,,,,,,,
357.7010862827301,0.0,255.0,220.58,175.0,,,,,,,
357.7950744628906,0.0,255.0,220.59,175.0,,,,,,,
358.0145273208618,0.0,255.0,220.61,174.0,,,,,,,
358.1074318885803,0.0,255.0,220.61,173.0,,,,,,,
358.2010807991028,0.0,255.0,220.62,173.0,,,,,,,
358.3087351322174,0.0,255.0,220.62,173.0,,,,,,,
358.51047706604004,0.0,255.0,220.63,172.0,,,,,,,
358.69642663002014,0.0,255.0,220.63,172.0,,,,,,,
358.89731645584106,0.0,255.0,220.63,171.0,,,,,,,
359.1008212566376,0.0,255.0,220.63,170.0,,,,,,,
359.2087540626526,-0.13,255.0,220.63,170.0,,,,,,,
359.30329990386963,0.0,255.0,220.63,170.0,,,,,,,
359.50353169441223,0.0,255.0,220.63,169.0,,,,,,,
359.6271183490753,0.0,255.0,220.63,169.0,,,,,,,
359.73571944236755,0.0,255.0,220.63,169.0,,,,,,,
359.84260606765747,0.0,255.0,220.63,169.0,,,,,,,
360.10366106033325,0.0,255.0,220.63,168.0,,,,,,,
360.2129154205322,0.0,255.0,220.63,168.0,,,,,,,
360.3067481517792,0.0,255.0,220.63,167.0,,,,,,,
360.52190923690796,0.13,255.0,220.63,167.0,,,,,,,
360.61551880836487,0.0,255.0,220.63,167.0,,,,,,,
360.7246081829071,0.0,255.0,220.63,166.0,,,,,,,
360.83381390571594,0.0,255.0,220.63,166.0,,,,,,,
361.1150553226471,0.0,255.0,220.63,165.0,,,,,,,
361.31787872314453,0.0,255.0,220.63,165.0,,,,,,,
361.6117961406708,0.0,255.0,220.73,161.0,,,,,,,
361.72118377685547,0.0,255.0,220.71,162.0,,,,,,,
361.81483125686646,0.0,255.0,220.69,162.0,,,,,,,
362.017697095871,-0.13,255.0,220.67,162.0,,,,,,,
362.1407961845398,0.0,255.0,220.66,162.0,,,,,,,
362.2491271495819,0.0,255.0,220.66,162.0,,,,,,,
362.35829973220825,0.0,255.0,220.65,161.0,,,,,,,
362.6242229938507,0.0,255.0,220.64,161.0,,,,,,,
362.71731066703796,0.0,255.0,220.64,161.0,,,,,,,
362.8265748023987,0.0,255.0,220.64,161.0,,,,,,,
363.12383246421814,0.0,255.0,220.64,160.0,,,,,,,
363.23288679122925,0.0,255.0,220.64,160.0,,,,,,,
363.35498428344727,0.0,255.0,220.64,159.0,,,,,,,
363.72954273223877,0.0,255.0,220.64,158.0,,,,,,,
364.03790760040283,0.0,255.0,220.64,158.0,,,,,,,
364.13101267814636,0.0,255.0,220.64,157.0,,,,,,,
364.23728227615356,0.0,255.0,220.64,157.0,,,,,,,
364.3309864997864,0.0,255.0,220.64,157.0,,,,,,,
364.55095767974854,0.0,255.0,220.63,156.0,,,,,,,
364.6603829860687,0.0,255.0,220.5,165.0,,,,,,,
364.76881885528564,0.0,255.0,220.52,159.0,,,,,,,
364.9725682735443,-0.13,255.0,220.56,157.0,,,,,,,
365.1433024406433,0.0,255.0,220.7,153.0,,,,,,,
365.2381110191345,0.0,255.0,220.69,153.0,,,,,,,
365.3458149433136,0.0,255.0,220.68,153.0,,,,,,,
365.65663385391235,0.0,255.0,220.66,153.0,,,,,,,
365.74915194511414,0.0,255.0,220.65,153.0,,,,,,,
365.8558111190796,0.0,255.0,220.65,153.0,,,,,,,
366.1486713886261,0.0,255.0,220.64,152.0,,,,,,,
366.34850692749023,0.13,255.0,220.64,152.0,,,,,,,
366.64230585098267,0.0,255.0,220.64,151.0,,,,,,,
366.7496292591095,0.0,255.0,220.64,151.0,,,,,,,
366.84379386901855,0.0,255.0,220.64,150.0,,,,,,,
367.0624418258667,0.0,255.0,220.64,150.0,,,,,,,
367.17144775390625,0.0,255.0,220.64,150.0,,,,,,,
367.28033232688904,0.0,255.0,220.64,149.0,,,,,,,
367.4836130142212,0.0,255.0,220.64,149.0,,,,,,,
367.65366101264954,0.0,255.0,220.64,148.0,,,,,,,
367.7471504211426,0.0,255.0,220.64,148.0,,,,,,,
367.8559823036194,0.0,255.0,220.64,148.0,,,,,,,
368.1633098125458,0.0,255.0,220.63,147.0,,,,,,,
368.2710871696472,0.13,255.0,220.63,147.0,,,,,,,
368.55339312553406,0.0,255.0,220.63,146.0,,,,,,,
368.75440096855164,0.0,255.0,220.63,146.0,,,,,,,
369.0660243034363,0.0,255.0,220.52,148.0,,,,,,,
369.1578371524811,0.0,255.0,220.41,156.0,,,,,,,
369.2652895450592,0.13,255.0,220.31,159.0,,,,,,,
369.35700035095215,0.0,255.0,220.38,152.0,,,,,,,
369.7017433643341,0.0,255.0,220.5,148.0,,,,,,,
369.79442715644836,0.0,255.0,220.53,147.0,,,,,,,
369.99481892585754,0.0,255.0,220.32,158.0,,,,,,,
370.16721653938293,0.0,255.0,220.29,158.0,,,,,,,
370.26016545295715,0.0,255.0,220.22,160.0,,,,,,,
370.3702630996704,0.0,255.0,220.16,161.0,,,,,,,
370.57033491134644,0.0,255.0,220.08,163.0,,,,,,,
370.6786689758301,-0.13,255.0,220.05,164.0,,,,,,,
370.78607058525085,0.0,255.0,220.03,165.0,,,,,,,
371.00521206855774,0.13,255.0,220.0,166.0,,,,,,,
371.1770932674408,0.0,255.0,219.97,166.0,,,,,,,
371.37769293785095,0.0,255.0,219.96,167.0,,,,,,,
371.6815266609192,-0.13,255.0,219.95,167.0,,,,,,,
371.7743515968323,0.0,255.0,219.95,167.0,,,,,,,
372.08449268341064,0.13,255.0,219.94,167.0,,,,,,,
372.20917415618896,0.0,255.0,219.94,168.0,,,,,,,
372.31766057014465,-0.13,255.0,219.94,168.0,,,,,,,
372.5799765586853,0.0,255.0,219.94,168.0,,,,,,,
372.68755197525024,0.0,255.0,219.94,168.0,,,,,,,
372.7806386947632,0.0,255.0,219.94,168.0,,,,,,,
372.8875105381012,0.0,255.0,219.94,168.0,,,,,,,
373.07828855514526,0.0,255.0,219.94,168.0,,,,,,,
373.18133091926575,0.0,255.0,219.94,168.0,,,,,,,
373.3056061267853,0.0,255.0,219.94,168.0,,,,,,,
373.4827256202698,0.0,255.0,219.94,168.0,,,,,,,
373.6944751739502,0.0,255.0,219.94,168.0,,,,,,,
373.88325333595276,0.0,255.0,219.94,168.0,,,,,,,
374.08345460891724,0.0,255.0,219.94,168.0,,,,,,,
374.1915376186371,0.0,255.0,219.94,168.0,,,,,,,
374.28434705734253,0.0,255.0,219.94,168.0,,,,,,,
374.50131583213806,0.0,255.0,219.8,177.0,,,,,,,
374.6099271774292,0.0,255.0,219.69,180.0,,,,,,,
374.7190661430359,0.0,255.0,219.74,174.0,,,,,,,
374.8261260986328,0.0,255.0,219.64,182.0,,,,,,,
375.09044790267944,0.13,255.0,219.65,182.0,,,,,,,
375.2001781463623,0.0,255.0,219.57,185.0,,,,,,,
375.29436111450195,0.0,255.0,219.5,186.0,,,,,,,
375.49830961227417,0.0,255.0,219.41,189.0,,,,,,,
375.59175848960876,0.0,255.0,219.52,182.0,,,,,,,
375.70186614990234,0.0,255.0,219.46,188.0,,,,,,,
375.8129098415375,0.0,255.0,219.56,181.0,,,,,,,
376.01351737976074,0.0,255.0,219.45,190.0,,,,,,,
376.1991262435913,0.0,255.0,219.37,192.0,,,,,,,
376.4017720222473,0.0,255.0,219.33,194.0,,,,,,,
376.60286951065063,-0.13,255.0,219.3,195.0,,,,,,,
376.7110092639923,0.0,255.0,219.29,196.0,,,,,,,
376.8046736717224,0.0,255.0,219.28,196.0,,,,,,,
377.0067882537842,0.0,255.0,219.27,197.0,,,,,,,
377.1307075023651,0.0,255.0,219.26,198.0,,,,,,,
377.24042868614197,0.0,255.0,219.26,198.0,,,,,,,
377.3373851776123,0.0,255.0,219.26,198.0,,,,,,,
377.6039843559265,0.0,255.0,219.25,199.0,,,,,,,
377.70462226867676,0.0,255.0,219.25,200.0,,,,,,,
377.8054656982422,0.0,255.0,219.25,200.0,,,,,,,
378.0140037536621,0.13,255.0,219.25,201.0,,,,,,,
378.1082842350006,0.0,255.0,219.25,201.0,,,,,,,
378.2164263725281,0.0,255.0,219.25,201.0,,,,,,,
378.34026765823364,0.0,255.0,219.25,202.0,,,,,,,
378.5428247451782,0.0,255.0,219.25,202.0,,,,,,,
378.7144224643707,0.0,255.0,219.25,203.0,,,,,,,
378.9489016532898,0.0,255.0,219.25,203.0,,,,,,,
379.11929988861084,0.0,255.0,219.25,204.0,,,,,,,
379.21503019332886,0.0,255.0,219.25,204.0,,,,,,,
379.3231918811798,0.0,255.0,219.25,205.0,,,,,,,
379.54173254966736,0.0,255.0,219.25,205.0,,,,,,,
379.64987111091614,0.0,255.0,219.25,205.0,,,,,,,
379.7603325843811,0.0,255.0,219.25,206.0,,,,,,,
379.930540561676,0.0,255.0,219.25,206.0,,,,,,,
380.22477865219116,0.0,255.0,219.25,207.0,,,,,,,
380.33361768722534,-0.13,255.0,219.25,208.0,,,,,,,
380.626827955246,0.0,255.0,219.25,209.0,,,,,,,
380.73480796813965,-0.13,255.0,219.25,209.0,,,,,,,
380.8438091278076,0.0,255.0,219.25,209.0,,,,,,,
381.0627794265747,0.13,255.0,219.25,210.0,,,,,,,
381.23448967933655,0.0,255.0,219.25,210.0,,,,,,,
381.5445990562439,0.0,255.0,219.25,211.0,,,,,,,
381.6370279788971,0.0,255.0,219.25,212.0,,,,,,,
381.73164415359497,0.0,255.0,219.25,212.0,,,,,,,
381.8405418395996,0.0,255.0,219.25,212.0,,,,,,,
382.0448386669159,0.0,255.0,219.25,213.0,,,,,,,
382.15383219718933,0.0,255.0,219.25,213.0,,,,,,,
382.3406538963318,0.0,255.0,219.25,214.0,,,,,,,
382.63554549217224,-0.13,255.0,219.25,215.0,,,,,,,
382.74455642700195,0.0,255.0,219.25,215.0,,,,,,,
382.8371789455414,0.0,255.0,219.25,215.0,,,,,,,
383.14722084999084,0.0,255.0,219.25,216.0,,,,,,,
383.25716257095337,0.0,255.0,219.25,216.0,,,,,,,
383.36763191223145,0.0,255.0,219.25,217.0,,,,,,,
383.7542304992676,0.0,255.0,219.25,218.0,,,,,,,
384.0498311519623,0.0,255.0,219.25,219.0,,,,,,,
384.15781354904175,0.0,255.0,219.25,219.0,,,,,,,
384.2511999607086,0.0,255.0,219.25,219.0,,,,,,,
384.34482407569885,0.0,255.0,219.25,220.0,,,,,,,
384.5772330760956,0.0,255.0,219.25,220.0,,,,,,,
384.66941690444946,0.0,255.0,219.25,221.0,,,,,,,
384.77834820747375,0.0,255.0,219.25,221.0,,,,,,,
385.057412147522,0.0,255.0,219.25,222.0,,,,,,,
385.25904846191406,0.0,255.0,219.39,213.0,,,,,,,
385.35298585891724,0.0,255.0,219.5,211.0,,,,,,,
385.651584148407,-0.13,255.0,219.46,217.0,,,,,,,
385.77655935287476,0.0,255.0,219.56,210.0,,,,,,,
386.0712857246399,0.0,255.0,219.63,208.0,,,,,,,
386.2575943470001,0.0,255.0,219.74,205.0,,,,,,,
386.56840419769287,0.0,255.0,219.84,203.0,,,,,,,
386.66242933273315,0.0,255.0,219.72,211.0,,,,,,,
386.76992893218994,0.0,255.0,219.62,214.0,,,,,,,
386.86367654800415,0.13,255.0,219.69,207.0,,,,,,,
387.0814480781555,0.0,255.0,219.64,214.0,,,,,,,
387.1906204223633,0.0,255.0,219.7,207.0,,,,,,,
387.29909586906433,0.0,255.0,219.75,206.0,,,,,,,
387.57982563972473,0.0,255.0,219.84,204.0,,,,,,,
387.7669394016266,0.0,255.0,219.87,203.0,,,,,,,
387.87515664100647,0.0,255.0,219.89,203.0,,,,,,,
388.18847942352295,0.0,255.0,219.91,202.0,,,,,,,
388.2817783355713,0.0,255.0,219.92,202.0,,,,,,,
388.5796468257904,0.0,255.0,219.93,202.0,,,,,,,
388.7830984592438,0.0,255.0,219.93,202.0,,,,,,,
389.0013496875763,0.0,255.0,219.93,202.0,,,,,,,
389.1737811565399,0.0,255.0,219.93,202.0,,,,,,,
389.282794713974,0.0,255.0,219.93,202.0,,,,,,,
389.48541951179504,0.0,255.0,219.94,202.0,,,,,,,
389.59514355659485,0.0,255.0,219.94,202.0,,,,,,,
389.70348954200745,0.0,255.0,219.94,202.0,,,,,,,
389.81113624572754,0.13,255.0,219.94,202.0,,,,,,,
390.0105974674225,0.0,255.0,219.94,202.0,,,,,,,
390.1832687854767,0.0,255.0,219.94,202.0,,,,,,,
390.29055190086365,0.0,255.0,219.94,202.0,,,,,,,
390.3850860595703,0.0,255.0,219.94,202.0,,,,,,,
390.69357681274414,0.0,255.0,219.94,202.0,,,,,,,
390.8034620285034,0.0,255.0,219.94,202.0,,,,,,,
391.09992241859436,0.0,255.0,219.94,202.0,,,,,,,
391.28687930107117,0.0,255.0,220.08,193.0,,,,,,,
391.519513130188,0.0,255.0,220.03,199.0,,,,,,,
391.69021463394165,0.0,255.0,219.99,200.0,,,,,,,
391.79767894744873,0.0,255.0,219.98,200.0,,,,,,,
391.9998400211334,0.0,255.0,220.08,198.0,,,,,,,
392.1233665943146,0.0,255.0,220.05,198.0,,,,,,,
392.21497344970703,0.0,255.0,220.17,190.0,,,,,,,
392.32375836372375,0.0,255.0,219.98,205.0,,,,,,,
392.60353207588196,0.13,255.0,220.05,198.0,,,,,,,
392.804692029953,0.0,255.0,220.01,199.0,,,,,,,
393.0074155330658,0.0,255.0,219.98,200.0,,,,,,,
393.09969091415405,0.0,255.0,220.11,191.0,,,,,,,
393.2089991569519,0.0,255.0,220.22,188.0,,,,,,,
393.31741070747375,0.0,255.0,220.3,186.0,,,,,,,
393.6423485279083,0.0,255.0,220.46,181.0,,,,,,,
393.81256437301636,0.0,255.0,220.53,179.0,,,,,,,
394.0145182609558,0.13,255.0,220.56,177.0,,,,,,,
394.1081278324127,-0.13,255.0,220.58,177.0,,,,,,,
394.216242313385,0.0,255.0,220.59,176.0,,,,,,,
394.30844950675964,0.0,255.0,220.6,176.0,,,,,,,
394.5247359275818,0.0,255.0,220.61,175.0,,,,,,,
394.63248682022095,0.0,255.0,220.62,174.0,,,,,,,
394.73949456214905,0.0,255.0,220.62,174.0,,,,,,,
394.8487617969513,0.0,255.0,220.62,174.0,,,,,,,
395.1133544445038,0.0,255.0,220.63,173.0,,,,,,,
395.31664299964905,0.0,255.0,220.63,172.0,,,,,,,
395.52020621299744,0.13,255.0,220.63,172.0,,,,,,,
395.6140604019165,0.0,255.0,220.63,171.0,,,,,,,
395.7233645915985,0.0,255.0,220.63,171.0,,,,,,,
395.83262038230896,0.0,255.0,220.63,171.0,,,,,,,
396.04708790779114,0.0,255.0,220.63,170.0,,,,,,,
396.1536898612976,0.0,255.0,220.63,170.0,,,,,,,
396.3251168727875,0.0,255.0,220.63,170.0,,,,,,,
396.6335484981537,0.0,255.0,220.63,169.0,,,,,,,
396.7272129058838,0.0,255.0,220.63,169.0,,,,,,,
396.8191111087799,-0.13,255.0,220.63,168.0,,,,,,,
397.03361082077026,0.0,255.0,220.63,168.0,,,,,,,
397.14350748062134,0.0,255.0,220.63,168.0,,,,,,,
397.2505512237549,0.0,255.0,220.63,167.0,,,,,,,
397.35912108421326,0.0,255.0,220.63,167.0,,,,,,,
397.63839292526245,0.0,255.0,220.63,166.0,,,,,,,
397.824654340744,0.0,255.0,220.63,166.0,,,,,,,
398.0266306400299,0.0,255.0,220.63,165.0,,,,,,,
398.13507747650146,0.0,255.0,220.63,165.0,,,,,,,
398.2448887825012,0.13,255.0,220.63,165.0,,,,,,,
398.33726263046265,0.0,255.0,220.63,165.0,,,,,,,
398.5714135169983,0.0,255.0,220.63,164.0,,,,,,,
398.74171447753906,0.0,255.0,220.63,164.0,,,,,,,
399.0358829498291,0.0,255.0,220.63,163.0,,,,,,,
399.1447093486786,0.0,255.0,220.63,163.0,,,,,,,
399.23760867118835,0.0,255.0,220.63,162.0,,,,,,,
399.3468689918518,0.0,255.0,220.63,162.0,,,,,,,
399.6600024700165,0.0,255.0,220.63,161.0,,,,,,,
399.76895904541016,-0.13,255.0,220.63,161.0,,,,,,,
400.0502738952637,0.0,255.0,220.63,160.0,,,,,,,
400.2514183521271,0.0,255.0,220.63,160.0,,,,,,,
400.3449079990387,0.0,255.0,220.63,159.0,,,,,,,
400.54584765434265,0.0,255.0,220.63,159.0,,,,,,,
400.6552891731262,0.0,255.0,220.63,159.0,,,,,,,
400.7492506504059,0.13,255.0,220.63,158.0,,,,,,,
400.8580095767975,-0.13,255.0,220.63,158.0,,,,,,,
401.0774869918823,0.13,255.0,220.63,158.0,,,,,,,
401.18595337867737,0.0,255.0,220.63,157.0,,,,,,,
401.356648683548,0.0,255.0,220.63,157.0,,,,,,,
401.6536388397217,0.0,255.0,220.63,156.0,,,,,,,
401.7607042789459,0.0,255.0,220.63,156.0,,,,,,,
401.85349202156067,0.0,255.0,220.63,156.0,,,,,,,
402.1798269748688,0.0,255.0,220.63,155.0,,,,,,,
402.28881335258484,0.0,255.0,220.63,155.0,,,,,,,
402.5530343055725,0.0,255.0,220.63,154.0,,,,,,,
402.75586581230164,0.0,255.0,220.63,153.0,,,,,,,
402.86437463760376,0.0,255.0,220.63,153.0,,,,,,,
403.1599586009979,0.0,255.0,220.63,152.0,,,,,,,
403.26969814300537,0.0,255.0,220.63,152.0,,,,,,,
403.4868326187134,0.0,255.0,220.63,152.0,,,,,,,
403.59702372550964,0.0,255.0,220.63,151.0,,,,,,,
403.7684488296509,0.0,255.0,220.63,151.0,,,,,,,
403.9998846054077,0.0,255.0,220.63,150.0,,,,,,,
404.16943359375,0.13,255.0,220.63,150.0,,,,,,,
404.26149559020996,0.0,255.0,220.63,150.0,,,,,,,
404.3702630996704,0.0,255.0,220.63,149.0,,,,,,,
404.58574867248535,0.0,255.0,220.63,149.0,,,,,,,
404.6935670375824,0.0,255.0,220.63,149.0,,,,,,,
404.80183482170105,0.0,255.0,220.63,148.0,,,,,,,
405.06599855422974,0.0,255.0,220.43,153.0,,,,,,,
405.2828121185303,0.0,255.0,220.37,160.0,,,,,,,
405.3775498867035,0.0,255.0,220.42,153.0,,,,,,,
405.68674898147583,0.0,255.0,220.44,152.0,,,,,,,
405.7933785915375,0.0,255.0,220.48,151.0,,,,,,,
405.99462819099426,0.0,255.0,220.28,161.0,,,,,,,
406.1821279525757,0.0,255.0,220.27,161.0,,,,,,,
406.38452792167664,0.0,255.0,220.4,152.0,,,,,,,
406.58375787734985,0.0,255.0,220.35,159.0,,,,,,,
406.6912627220154,0.0,255.0,220.4,152.0,,,,,,,
406.7843563556671,0.13,255.0,220.31,159.0,,,,,,,
407.00234389305115,0.0,255.0,220.18,163.0,,,,,,,
407.09602451324463,0.0,255.0,220.27,155.0,,,,,,,
407.20552039146423,0.0,255.0,220.2,162.0,,,,,,,
407.3137266635895,0.0,255.0,220.15,163.0,,,,,,,
407.51410579681396,0.0,255.0,220.07,165.0,,,,,,,
407.6862597465515,0.0,255.0,220.02,167.0,,,,,,,
407.792387008667,0.0,255.0,220.01,167.0,,,,,,,
407.8854081630707,0.0,255.0,219.99,168.0,,,,,,,
408.1947898864746,0.0,255.0,219.97,168.0,,,,,,,
408.30480909347534,0.0,255.0,219.96,169.0,,,,,,,
408.5080409049988,-0.13,255.0,219.95,169.0,,,,,,,
408.6311867237091,0.0,255.0,219.95,169.0,,,,,,,
408.8020725250244,0.0,255.0,219.94,169.0,,,,,,,
409.0044000148773,0.0,255.0,219.94,169.0,,,,,,,
409.20619344711304,0.0,255.0,219.94,169.0,,,,,,,
409.300986289978,0.0,255.0,219.94,169.0,,,,,,,
409.5030643939972,0.0,255.0,219.94,169.0,,,,,,,
409.6118278503418,0.0,255.0,219.8,178.0,,,,,,,
409.7209122180939,0.13,255.0,219.83,173.0,,,,,,,
409.82998991012573,0.0,255.0,219.85,172.0,,,,,,,
410.11061096191406,0.0,255.0,219.89,171.0,,,,,,,
410.3124701976776,0.0,255.0,219.77,180.0,,,,,,,
410.5125184059143,0.0,255.0,219.83,173.0,,,,,,,
410.6044454574585,0.0,255.0,219.71,182.0,,,,,,,
410.71225237846375,0.0,255.0,219.62,184.0,,,,,,,
410.81993865966797,0.0,255.0,219.55,186.0,,,,,,,
411.0358238220215,0.0,255.0,219.44,190.0,,,,,,,
411.14513397216797,0.0,255.0,219.54,182.0,,,,,,,
411.313360452652,-0.13,255.0,219.43,191.0,,,,,,,
411.5459315776825,0.0,255.0,219.37,193.0,,,,,,,
411.7173681259155,0.0,255.0,219.32,195.0,,,,,,,
411.80960726737976,0.0,255.0,219.31,195.0,,,,,,,
412.0123543739319,0.0,255.0,219.29,197.0,,,,,,,
412.1218116283417,0.0,255.0,219.28,197.0,,,,,,,
412.24609208106995,0.0,255.0,219.27,197.0,,,,,,,
412.33955693244934,0.0,255.0,219.27,198.0,,,,,,,
412.6186273097992,0.0,255.0,219.26,199.0,,,,,,,
412.82064604759216,0.0,255.0,219.25,200.0,,,,,,,
413.1144161224365,0.0,255.0,219.25,201.0,,,,,,,
413.2236979007721,0.0,255.0,219.25,201.0,,,,,,,
413.3327486515045,0.0,255.0,219.25,201.0,,,,,,,
413.5493423938751,0.0,255.0,219.25,202.0,,,,,,,
413.6585862636566,0.0,255.0,219.25,202.0,,,,,,,
413.82947754859924,0.0,255.0,219.25,203.0,,,,,,,
414.12314105033875,0.0,255.0,219.25,204.0,,,,,,,
414.229608297348,0.0,255.0,219.25,204.0,,,,,,,
414.32241439819336,-0.13,255.0,219.25,204.0,,,,,,,
414.5400993824005,0.0,255.0,219.25,205.0,,,,,,,
414.6492431163788,0.0,255.0,219.25,205.0,,,,,,,
414.757018327713,0.0,255.0,219.25,206.0,,,,,,,
414.86659026145935,0.0,255.0,219.25,206.0,,,,,,,
415.12866044044495,0.0,255.0,219.25,207.0,,,,,,,
415.3285222053528,0.0,255.0,219.25,207.0,,,,,,,
415.6383979320526,0.0,255.0,219.36,205.0,,,,,,,
415.746328830719,0.0,255.0,219.34,206.0,,,,,,,
415.8415775299072,0.0,255.0,219.32,207.0,,,,,,,
416.0602533817291,0.0,255.0,219.29,208.0,,,,,,,
416.16891956329346,0.0,255.0,219.28,209.0,,,,,,,
416.3384611606598,0.0,255.0,219.27,210.0,,,,,,,
416.6342763900757,0.0,255.0,219.26,211.0,,,,,,,
416.7440857887268,0.0,255.0,219.26,211.0,,,,,,,
416.83609104156494,0.0,255.0,219.25,212.0,,,,,,,
417.05319261550903,0.0,255.0,219.25,212.0,,,,,,,
417.16117572784424,0.0,255.0,219.25,213.0,,,,,,,
417.26933789253235,0.0,255.0,219.39,204.0,,,,,,,
417.54842472076416,0.0,255.0,219.32,212.0,,,,,,,
417.7495985031128,0.0,255.0,219.29,213.0,,,,,,,
417.8426878452301,0.0,255.0,219.28,213.0,,,,,,,
418.1534421443939,0.0,255.0,219.27,215.0,,,,,,,
418.26138257980347,0.0,255.0,219.26,215.0,,,,,,,
418.35566329956055,0.0,255.0,219.26,216.0,,,,,,,
418.58865761756897,0.0,255.0,219.25,216.0,,,,,,,
418.68271565437317,0.0,255.0,219.25,217.0,,,,,,,
418.8549528121948,0.0,255.0,219.25,217.0,,,,,,,
419.1506049633026,0.0,255.0,219.25,218.0,,,,,,,
419.2598421573639,0.0,255.0,219.25,219.0,,,,,,,
419.35444259643555,0.0,255.0,219.25,219.0,,,,,,,
419.5562469959259,0.0,255.0,219.25,220.0,,,,,,,
419.67947912216187,0.0,255.0,219.25,220.0,,,,,,,
419.78863430023193,0.0,255.0,219.25,220.0,,,,,,,
419.98984384536743,0.0,255.0,219.25,221.0,,,,,,,
420.16141390800476,0.0,255.0,219.25,221.0,,,,,,,
420.36291551589966,0.0,255.0,219.25,222.0,,,,,,,
420.6577694416046,-0.13,255.0,219.25,223.0,,,,,,,
420.7674741744995,0.0,255.0,219.25,223.0,,,,,,,
421.0617277622223,0.0,255.0,219.25,224.0,,,,,,,
421.28002667427063,0.0,255.0,219.39,216.0,,,,,,,
421.5717988014221,0.0,255.0,219.46,214.0,,,,,,,
421.66627526283264,0.0,255.0,219.55,212.0,,,,,,,
421.776211977005,0.0,255.0,219.49,219.0,,,,,,,
421.87005281448364,0.0,255.0,219.58,212.0,,,,,,,
422.08492136001587,-0.13,255.0,219.46,220.0,,,,,,,
422.19235372543335,0.13,255.0,219.42,221.0,,,,,,,
422.2996733188629,0.0,255.0,219.52,213.0,,,,,,,
422.48721528053284,0.0,255.0,219.53,218.0,,,,,,,
422.67238306999207,0.0,255.0,219.57,212.0,,,,,,,
422.78089690208435,0.0,255.0,219.5,219.0,,,,,,,
422.87260460853577,0.0,255.0,219.59,211.0,,,,,,,
423.1846351623535,0.0,255.0,219.76,207.0,,,,,,,
423.29260087013245,0.0,255.0,219.79,206.0,,,,,,,
423.5880227088928,0.0,255.0,219.86,204.0,,,,,,,
423.78945875167847,0.0,255.0,219.89,203.0,,,,,,,
424.0823793411255,0.0,255.0,219.91,202.0,,,,,,,
424.190589427948,0.0,255.0,219.92,202.0,,,,,,,
424.28290939331055,0.0,255.0,219.92,202.0,,,,,,,
424.484662771225,0.0,255.0,219.93,202.0,,,,,,,
424.5943772792816,0.0,255.0,219.93,202.0,,,,,,,
424.7050142288208,0.0,255.0,219.93,202.0,,,,,,,
424.81381130218506,0.0,255.0,219.93,202.0,,,,,,,
424.9989860057831,0.0,255.0,219.93,202.0,,,,,,,
425.1867961883545,0.13,255.0,219.93,202.0,,,,,,,
425.29594349861145,0.0,255.0,219.93,202.0,,,,,,,
425.38706374168396,0.0,255.0,219.94,202.0,,,,,,,
425.59091806411743,0.0,255.0,219.94,202.0,,,,,,,
425.70103573799133,0.0,255.0,219.94,202.0,,,,,,,
425.79598689079285,0.0,255.0,219.94,202.0,,,,,,,
426.01360034942627,0.0,255.0,219.94,202.0,,,,,,,
426.2004039287567,0.0,255.0,219.94,202.0,,,,,,,
426.404021024704,0.0,255.0,219.94,202.0,,,,,,,
426.69639468193054,0.0,255.0,220.08,193.0,,,,,,,
426.80748438835144,0.0,255.0,220.05,199.0,,,,,,,
427.01070642471313,0.0,255.0,220.01,200.0,,,,,,,
427.1183750629425,0.0,255.0,220.13,191.0,,,,,,,
427.2278525829315,0.0,255.0,220.09,197.0,,,,,,,
427.3366975784302,0.0,255.0,220.2,189.0,,,,,,,
427.60100269317627,0.0,255.0,220.18,194.0,,,,,,,
427.8195698261261,0.0,255.0,220.1,197.0,,,,,,,
428.1171340942383,0.0,255.0,220.25,187.0,,,,,,,
428.20997738838196,0.0,255.0,220.32,185.0,,,,,,,
428.31850957870483,0.0,255.0,220.39,183.0,,,,,,,
428.53631567955017,0.0,255.0,220.48,180.0,,,,,,,
428.6458570957184,0.0,255.0,220.51,179.0,,,,,,,
428.8155701160431,0.0,255.0,220.55,177.0,,,,,,,
429.01996541023254,0.0,255.0,220.58,176.0,,,,,,,
429.2231938838959,0.0,255.0,220.6,175.0,,,,,,,
429.3174817562103,0.0,255.0,220.61,175.0,,,,,,,
429.6295967102051,0.0,255.0,220.62,174.0,,,,,,,
429.73819947242737,0.0,255.0,220.62,173.0,,,,,,,
429.84752655029297,0.0,255.0,220.63,173.0,,,,,,,
430.1254048347473,0.0,255.0,220.63,172.0,,,,,,,
430.3288526535034,0.0,255.0,220.63,172.0,,,,,,,
430.52930212020874,0.0,255.0,220.63,171.0,,,,,,,
430.62183237075806,0.0,255.0,220.63,171.0,,,,,,,
430.73106122016907,0.0,255.0,220.63,171.0,,,,,,,
430.82489681243896,0.0,255.0,220.63,170.0,,,,,,,
431.0549612045288,0.0,255.0,220.63,170.0,,,,,,,
431.16333270072937,0.0,255.0,220.63,169.0,,,,,,,
431.3334333896637,0.0,255.0,220.63,169.0,,,,,,,
431.6316714286804,0.13,255.0,220.63,168.0,,,,,,,
431.72471475601196,0.0,255.0,220.63,168.0,,,,,,,
431.8339033126831,0.0,255.0,220.63,168.0,,,,,,,
432.1467607021332,0.0,255.0,220.63,167.0,,,,,,,
432.25541138648987,0.0,255.0,220.63,167.0,,,,,,,
432.3649377822876,0.0,255.0,220.63,166.0,,,,,,,
432.7370717525482,0.0,255.0,220.63,165.0,,,,,,,
432.84653520584106,0.0,255.0,220.63,165.0,,,,,,,
433.0323266983032,0.0,255.0,220.63,165.0,,,,,,,
433.13994455337524,0.0,255.0,220.63,164.0,,,,,,,
433.2317831516266,-0.13,255.0,220.63,164.0,,,,,,,
433.34221863746643,0.0,255.0,220.63,164.0,,,,,,,
433.57571935653687,0.0,255.0,220.63,163.0,,,,,,,
433.6703939437866,0.0,255.0,220.63,163.0,,,,,,,
433.77835416793823,0.0,255.0,220.63,163.0,,,,,,,
433.9795515537262,0.0,255.0,220.63,162.0,,,,,,,
434.15155267715454,0.0,255.0,220.63,162.0,,,,,,,
434.24541187286377,0.0,255.0,220.63,162.0,,,,,,,
434.35334038734436,0.13,255.0,220.63,161.0,,,,,,,
434.6626863479614,0.0,255.0,220.63,161.0,,,,,,,
434.7730829715729,0.0,255.0,220.63,160.0,,,,,,,
435.052770614624,0.0,255.0,220.63,160.0,,,,,,,
435.2549216747284,0.0,255.0,220.63,159.0,,,,,,,
435.57483959198,0.0,255.0,220.63,158.0,,,,,,,
435.6531035900116,0.0,255.0,220.63,158.0,,,,,,,
435.76064372062683,0.0,255.0,220.63,158.0,,,,,,,
435.8694257736206,0.0,255.0,220.63,158.0,,,,,,,
436.088618516922,0.0,255.0,220.63,157.0,,,,,,,
436.2601156234741,0.0,255.0,220.63,157.0,,,,,,,
436.4755711555481,-0.13,255.0,220.63,156.0,,,,,,,
436.65979504585266,0.0,255.0,220.63,156.0,,,,,,,
436.7687966823578,0.0,255.0,220.63,155.0,,,,,,,
436.86088705062866,0.0,255.0,220.63,155.0,,,,,,,
437.06042551994324,0.0,255.0,220.63,155.0,,,,,,,
437.18466114997864,0.0,255.0,220.63,154.0,,,,,,,
437.277818441391,0.0,255.0,220.63,154.0,,,,,,,
437.57166385650635,0.0,255.0,220.63,153.0,,,,,,,
437.7723550796509,0.13,255.0,220.63,153.0,,,,,,,
438.003475189209,0.0,255.0,220.5,161.0,,,,,,,
438.1746120452881,0.0,255.0,220.55,154.0,,,,,,,
438.2676258087158,0.0,255.0,220.42,163.0,,,,,,,
438.4993484020233,0.0,255.0,220.5,155.0,,,,,,,
438.5942769050598,0.0,255.0,220.53,154.0,,,,,,,
438.705283164978,0.0,255.0,220.41,162.0,,,,,,,
438.87586402893066,0.0,255.0,220.35,164.0,,,,,,,
439.171133518219,0.0,255.0,220.49,154.0,,,,,,,
439.280690908432,0.0,255.0,220.52,153.0,,,,,,,
439.37427854537964,0.0,255.0,220.54,152.0,,,,,,,
439.57544136047363,0.0,255.0,220.44,160.0,,,,,,,
439.69965720176697,0.0,255.0,220.34,163.0,,,,,,,
439.80906343460083,0.0,255.0,220.26,165.0,,,,,,,
440.01162028312683,0.0,255.0,220.25,165.0,,,,,,,
440.183874130249,0.0,255.0,220.25,164.0,,,,,,,
440.3859033584595,0.0,255.0,220.14,167.0,,,,,,,
440.6831531524658,0.0,255.0,220.13,167.0,,,,,,,
440.79179215431213,0.0,255.0,220.09,168.0,,,,,,,
441.0864911079407,0.0,255.0,220.02,170.0,,,,,,,
441.28907585144043,0.0,255.0,219.99,171.0,,,,,,,
441.5827679634094,0.0,255.0,219.96,172.0,,,,,,,
441.6918902397156,0.0,255.0,219.96,172.0,,,,,,,
441.7843430042267,0.0,255.0,219.95,172.0,,,,,,,
441.9881420135498,0.0,255.0,219.95,172.0,,,,,,,
442.09626269340515,0.0,255.0,219.95,172.0,,,,,,,
442.20596528053284,0.0,255.0,219.94,173.0,,,,,,,
442.31503438949585,0.0,255.0,219.94,173.0,,,,,,,
442.51632261276245,-0.13,255.0,219.94,173.0,,,,,,,
442.70368361473083,0.0,255.0,219.94,173.0,,,,,,,
442.907457113266,0.0,255.0,219.94,173.0,,,,,,,
443.20341205596924,0.0,255.0,219.94,173.0,,,,,,,
443.30963587760925,0.0,255.0,219.94,173.0,,,,,,,
443.51182436943054,0.0,255.0,219.94,173.0,,,,,,,
443.6371359825134,0.0,255.0,219.94,173.0,,,,,,,
443.80946254730225,0.0,255.0,219.94,173.0,,,,,,,
444.01137685775757,0.0,255.0,219.94,173.0,,,,,,,
444.21084904670715,0.0,255.0,219.94,173.0,,,,,,,
444.3048758506775,0.0,255.0,219.94,173.0,,,,,,,
444.5084602832794,0.0,255.0,219.94,173.0,,,,,,,
444.61620330810547,0.0,255.0,219.94,173.0,,,,,,,
444.7250156402588,0.0,255.0,219.94,173.0,,,,,,,
444.8332076072693,0.0,255.0,219.94,173.0,,,,,,,
445.11271381378174,0.0,255.0,219.94,173.0,,,,,,,
445.31480288505554,0.0,255.0,219.94,173.0,,,,,,,
445.51626420021057,0.0,255.0,219.94,174.0,,,,,,,
445.60967683792114,-0.13,255.0,219.94,174.0,,,,,,,
445.71909523010254,0.0,255.0,219.94,174.0,,,,,,,
445.8129389286041,0.0,255.0,219.94,174.0,,,,,,,
446.016574382782,0.0,255.0,219.94,174.0,,,,,,,
446.13948130607605,0.0,255.0,219.94,174.0,,,,,,,
446.2483551502228,0.0,255.0,219.94,174.0,,,,,,,
446.4212739467621,0.0,255.0,219.94,174.0,,,,,,,
446.71712613105774,0.0,255.0,219.94,174.0,,,,,,,
446.8259246349335,0.0,255.0,219.94,174.0,,,,,,,
447.02609038352966,0.0,255.0,219.94,174.0,,,,,,,
447.1341600418091,0.13,255.0,219.8,183.0,,,,,,,
447.2425470352173,0.0,255.0,219.69,186.0,,,,,,,
447.3521149158478,0.0,255.0,219.74,180.0,,,,,,,
447.72645354270935,0.0,255.0,219.78,179.0,,,,,,,
448.02079916000366,0.0,255.0,219.77,180.0,,,,,,,
448.1302695274353,0.0,255.0,219.8,179.0,,,,,,,
448.22363901138306,0.0,255.0,219.83,178.0,,,,,,,
448.33221411705017,0.0,255.0,219.71,187.0,,,,,,,
448.5483374595642,0.0,255.0,219.79,179.0,,,,,,,
448.6574866771698,-0.13,255.0,219.82,179.0,,,,,,,
448.76606154441833,0.13,255.0,219.85,178.0,,,,,,,
449.02959966659546,0.0,255.0,219.66,189.0,,,,,,,
449.1377923488617,0.0,255.0,219.72,182.0,,,,,,,
449.2311794757843,0.0,255.0,219.76,181.0,,,,,,,
449.3409335613251,0.0,255.0,219.8,180.0,,,,,,,
449.5420138835907,0.0,255.0,219.71,188.0,,,,,,,
449.6504371166229,0.0,255.0,219.75,181.0,,,,,,,
449.76008892059326,0.0,255.0,219.65,190.0,,,,,,,
449.8538534641266,0.0,255.0,219.57,192.0,,,,,,,
450.13478660583496,0.0,255.0,219.61,191.0,,,,,,,
450.3349940776825,0.0,255.0,219.48,195.0,,,,,,,
450.53658294677734,0.0,255.0,219.4,198.0,,,,,,,
450.64433193206787,0.0,255.0,219.37,199.0,,,,,,,
450.7372431755066,0.0,255.0,219.48,191.0,,,,,,,
450.84478545188904,0.0,255.0,219.43,198.0,,,,,,,
451.0638220310211,0.0,255.0,219.37,200.0,,,,,,,
451.1740279197693,0.0,255.0,219.34,201.0,,,,,,,
451.28414130210876,0.0,255.0,219.32,202.0,,,,,,,
451.5513632297516,0.0,255.0,219.51,192.0,,,,,,,
451.74083185195923,-0.13,255.0,219.53,197.0,,,,,,,
451.8491253852844,0.0,255.0,219.47,199.0,,,,,,,
452.05122661590576,0.0,255.0,219.53,193.0,,,,,,,
452.1612877845764,0.0,255.0,219.47,200.0,,,,,,,
452.2699601650238,0.0,255.0,219.57,192.0,,,,,,,
452.5482213497162,0.0,255.0,219.41,202.0,,,,,,,
452.75023078918457,0.0,255.0,219.49,195.0,,,,,,,
452.8603916168213,0.0,255.0,219.44,202.0,,,,,,,
453.0614221096039,0.0,255.0,219.37,204.0,,,,,,,
453.1562135219574,0.0,255.0,219.35,205.0,,,,,,,
453.2657120227814,0.13,255.0,219.33,206.0,,,,,,,
453.3604350090027,0.0,255.0,219.31,207.0,,,,,,,
453.7623074054718,0.0,255.0,219.27,209.0,,,,,,,
453.9965138435364,0.0,255.0,219.26,210.0,,,,,,,
454.1665952205658,0.0,255.0,219.26,211.0,,,,,,,
454.25939178466797,0.0,255.0,219.26,211.0,,,,,,,
454.36857199668884,0.0,255.0,219.25,211.0,,,,,,,
454.56945610046387,0.0,255.0,219.25,212.0,,,,,,,
454.67980456352234,0.0,255.0,219.25,212.0,,,,,,,
454.7890954017639,-0.13,255.0,219.25,213.0,,,,,,,
454.9732632637024,0.0,255.0,219.25,213.0,,,,,,,
455.17569732666016,0.0,255.0,219.25,214.0,,,,,,,
455.3643043041229,0.0,255.0,219.25,214.0,,,,,,,
455.5664346218109,0.0,255.0,219.25,215.0,,,,,,,
455.6772029399872,0.13,255.0,219.25,215.0,,,,,,,
455.76925778388977,-0.13,255.0,219.25,216.0,,,,,,,
455.97092866897583,0.0,255.0,219.25,216.0,,,,,,,
456.0970792770386,0.0,255.0,219.25,217.0,,,,,,,
456.2055459022522,0.0,255.0,219.25,217.0,,,,,,,
456.30781078338623,0.0,255.0,219.25,217.0,,,,,,,
456.4731934070587,0.0,255.0,219.36,215.0,,,,,,,
456.67710041999817,0.0,255.0,219.32,216.0,,,,,,,
456.78706073760986,0.0,255.0,219.3,217.0,,,,,,,
456.8797085285187,0.0,255.0,219.43,209.0,,,,,,,
457.0740761756897,0.0,255.0,219.61,204.0,,,,,,,
457.18258714675903,0.0,255.0,219.68,202.0,,,,,,,
457.29893255233765,0.0,255.0,219.73,201.0,,,,,,,
457.4866602420807,0.0,255.0,219.69,202.0,,,,,,,
457.68786787986755,-0.13,255.0,219.78,200.0,,,,,,,
457.89094281196594,0.0,255.0,219.84,199.0,,,,,,,
458.0943810939789,0.0,255.0,219.87,198.0,,,,,,,
458.1883978843689,0.0,255.0,219.89,197.0,,,,,,,
458.28164863586426,0.0,255.0,219.9,197.0,,,,,,,
458.5007629394531,0.0,255.0,219.91,197.0,,,,,,,
458.60914754867554,0.0,255.0,219.92,197.0,,,,,,,
458.7188193798065,0.0,255.0,219.92,197.0,,,,,,,
458.82848930358887,0.0,255.0,219.92,197.0,,,,,,,
459.0951945781708,0.0,255.0,219.93,196.0,,,,,,,
459.2925956249237,0.13,255.0,219.93,196.0,,,,,,,
459.494332075119,0.0,255.0,219.93,196.0,,,,,,,
459.6028254032135,0.0,255.0,219.93,196.0,,,,,,,
459.7102892398834,0.0,255.0,219.93,196.0,,,,,,,
459.8181731700897,0.0,255.0,219.94,196.0,,,,,,,
460.09838342666626,0.0,255.0,219.94,197.0,,,,,,,
460.2998468875885,0.0,255.0,219.94,197.0,,,,,,,
460.39240193367004,0.0,255.0,219.94,197.0,,,,,,,
460.59488582611084,0.0,255.0,219.94,197.0,,,,,,,
460.70410108566284,0.0,255.0,219.94,197.0,,,,,,,
460.7972295284271,-0.13,255.0,219.94,197.0,,,,,,,
461.01461601257324,0.0,255.0,219.94,197.0,,,,,,,
461.12412762641907,0.0,255.0,219.94,197.0,,,,,,,
461.23152565956116,0.0,255.0,219.94,197.0,,,,,,,
461.3407578468323,0.0,255.0,219.94,197.0,,,,,,,
461.60030913352966,0.0,255.0,220.08,188.0,,,,,,,
461.7012960910797,0.0,255.0,220.05,194.0,,,,,,,
461.8014225959778,0.0,255.0,220.03,194.0,,,,,,,
461.94747972488403,0.0,255.0,220.01,195.0,,,,,,,
462.1192946434021,0.0,255.0,219.98,196.0,,,,,,,
462.2284801006317,0.0,255.0,219.97,196.0,,,,,,,
462.33668661117554,0.13,255.0,219.97,196.0,,,,,,,
462.61566185951233,0.0,255.0,219.95,196.0,,,,,,,
462.8197400569916,0.0,255.0,219.95,197.0,,,,,,,
463.02279472351074,0.0,255.0,219.94,197.0,,,,,,,
463.1169927120209,0.0,255.0,219.94,197.0,,,,,,,
463.2248799800873,0.0,255.0,219.94,197.0,,,,,,,
463.31823801994324,0.0,255.0,219.94,197.0,,,,,,,
463.5349385738373,0.0,255.0,219.94,197.0,,,,,,,
463.64244532585144,0.0,255.0,219.94,197.0,,,,,,,
463.7520875930786,0.0,255.0,219.94,197.0,,,,,,,
463.9213924407959,0.0,255.0,219.94,197.0,,,,,,,
464.12513494491577,0.0,255.0,220.05,194.0,,,,,,,
464.219411611557,0.0,255.0,220.17,186.0,,,,,,,
464.32849192619324,-0.13,255.0,220.26,183.0,,,,,,,
464.5320837497711,0.0,255.0,220.26,188.0,,,,,,,
464.62343978881836,-0.13,255.0,220.19,190.0,,,,,,,
464.733186006546,0.0,255.0,220.14,191.0,,,,,,,
464.8411362171173,0.0,255.0,220.1,192.0,,,,,,,
465.05959963798523,0.0,255.0,220.15,190.0,,,,,,,
465.2305178642273,-0.13,255.0,220.19,189.0,,,,,,,
465.5273141860962,0.0,255.0,220.18,189.0,,,,,,,
465.63628244400024,0.0,255.0,220.27,182.0,,,,,,,
465.72865557670593,0.0,255.0,220.34,179.0,,,,,,,
465.83667731285095,0.0,255.0,220.4,178.0,,,,,,,
466.05569887161255,0.0,255.0,220.48,175.0,,,,,,,
466.16468477249146,0.0,255.0,220.38,183.0,,,,,,,
466.3358721733093,0.0,255.0,220.47,175.0,,,,,,,
466.53955149650574,0.0,255.0,220.53,173.0,,,,,,,
466.7423405647278,-0.13,255.0,220.57,171.0,,,,,,,
466.8351285457611,0.0,255.0,220.58,171.0,,,,,,,
467.03866052627563,0.0,255.0,220.6,170.0,,,,,,,
467.14800333976746,0.0,255.0,220.61,169.0,,,,,,,
467.25742840766907,0.0,255.0,220.61,169.0,,,,,,,
467.3642280101776,0.0,255.0,220.62,168.0,,,,,,,
467.645112991333,0.0,255.0,220.63,168.0,,,,,,,
467.8509089946747,0.0,255.0,220.63,167.0,,,,,,,
468.04918026924133,0.0,255.0,220.52,170.0,,,,,,,
468.1441385746002,0.13,255.0,220.54,169.0,,,,,,,
468.25452971458435,0.0,255.0,220.56,168.0,,,,,,,
468.34739112854004,0.0,255.0,220.58,167.0,,,,,,,
468.56574606895447,0.0,255.0,220.6,166.0,,,,,,,
468.67645621299744,0.0,255.0,220.6,166.0,,,,,,,
468.7847557067871,0.0,255.0,220.61,165.0,,,,,,,
468.9562876224518,0.0,255.0,220.62,165.0,,,,,,,
469.1583595275879,0.0,255.0,220.62,164.0,,,,,,,
469.2514011859894,0.0,255.0,220.63,164.0,,,,,,,
469.3602514266968,0.0,255.0,220.63,163.0,,,,,,,
469.56110429763794,0.0,255.0,220.63,163.0,,,,,,,
469.6545853614807,0.0,255.0,220.63,163.0,,,,,,,
469.77866196632385,0.0,255.0,220.63,162.0,,,,,,,
469.96477818489075,0.0,255.0,220.63,162.0,,,,,,,
470.1511244773865,0.0,255.0,220.63,161.0,,,,,,,
470.3555145263672,0.0,255.0,220.63,161.0,,,,,,,
470.55810165405273,0.0,255.0,220.63,160.0,,,,,,,
470.6668517589569,0.0,255.0,220.63,160.0,,,,,,,
470.7600028514862,0.0,255.0,220.63,160.0,,,,,,,
470.8697409629822,0.0,255.0,220.63,159.0,,,,,,,
471.0886881351471,0.0,255.0,220.63,159.0,,,,,,,
471.19641971588135,0.13,255.0,220.63,159.0,,,,,,,
471.3673014640808,0.0,255.0,220.63,158.0,,,,,,,
471.66452407836914,0.0,255.0,220.63,157.0,,,,,,,
471.77308416366577,0.0,255.0,220.63,157.0,,,,,,,
471.8661298751831,0.0,255.0,220.63,157.0,,,,,,,
472.06857109069824,0.0,255.0,220.63,156.0,,,,,,,
472.17656230926514,0.0,255.0,220.63,156.0,,,,,,,
472.28529381752014,0.0,255.0,220.5,165.0,,,,,,,
472.47227716445923,0.0,255.0,220.55,158.0,,,,,,,
472.6739001274109,0.0,255.0,220.58,157.0,,,,,,,
472.87505745887756,0.0,255.0,220.6,156.0,,,,,,,
473.0786736011505,0.0,255.0,220.61,155.0,,,,,,,
473.17082810401917,0.0,255.0,220.48,163.0,,,,,,,
473.27959275245667,0.0,255.0,220.51,157.0,,,,,,,
473.4813311100006,0.0,255.0,220.55,155.0,,,,,,,
473.6051697731018,0.0,255.0,220.57,155.0,,,,,,,
473.7143814563751,0.0,255.0,220.58,154.0,,,,,,,
473.88515853881836,0.0,255.0,220.6,153.0,,,,,,,
474.088098526001,0.0,255.0,220.61,152.0,,,,,,,
474.2889316082001,0.13,255.0,220.62,152.0,,,,,,,
474.38198614120483,0.0,255.0,220.62,151.0,,,,,,,
474.5845968723297,0.0,255.0,220.52,154.0,,,,,,,
474.6925518512726,0.0,255.0,220.54,153.0,,,,,,,
474.80120611190796,0.0,255.0,220.56,152.0,,,,,,,
474.9867911338806,0.0,255.0,220.45,160.0,,,,,,,
475.1857166290283,0.0,255.0,220.4,156.0,,,,,,,
475.3879907131195,0.0,255.0,220.49,153.0,,,,,,,
475.58990716934204,0.0,255.0,220.54,151.0,,,,,,,
475.6983494758606,0.0,255.0,220.42,160.0,,,,,,,
475.792498588562,-0.13,255.0,220.32,162.0,,,,,,,
475.99212527275085,-0.13,255.0,220.32,157.0,,,,,,,
476.1171805858612,0.0,255.0,220.25,164.0,,,,,,,
476.22538137435913,0.0,255.0,220.18,166.0,,,,,,,
476.3982684612274,0.0,255.0,220.35,156.0,,,,,,,
476.6006762981415,0.0,255.0,220.2,165.0,,,,,,,
476.8041262626648,0.0,255.0,220.1,167.0,,,,,,,
477.006142616272,0.0,255.0,220.04,169.0,,,,,,,
477.0996539592743,0.0,255.0,220.02,170.0,,,,,,,
477.2084803581238,0.0,255.0,220.01,170.0,,,,,,,
477.31613993644714,0.13,255.0,219.99,170.0,,,,,,,
477.53285217285156,0.0,255.0,219.97,171.0,,,,,,,
477.6400375366211,0.0,255.0,219.96,171.0,,,,,,,
477.81053948402405,0.0,255.0,219.95,171.0,,,,,,,
477.99684715270996,0.0,255.0,219.95,172.0,,,,,,,
478.1049587726593,0.0,255.0,219.95,172.0,,,,,,,
478.21185779571533,0.0,255.0,219.94,172.0,,,,,,,
478.30672097206116,0.0,255.0,219.94,172.0,,,,,,,
478.50823187828064,0.0,255.0,219.94,172.0,,,,,,,
478.6297881603241,0.0,255.0,219.94,172.0,,,,,,,
478.7397029399872,0.0,255.0,219.94,172.0,,,,,,,
478.9085578918457,0.0,255.0,219.94,172.0,,,,,,,
479.1108934879303,0.0,255.0,219.94,172.0,,,,,,,
479.20463824272156,0.0,255.0,219.94,172.0,,,,,,,
479.3141038417816,0.0,255.0,219.94,172.0,,,,,,,
479.5170874595642,0.0,255.0,219.94,172.0,,,,,,,
479.6239929199219,0.0,255.0,219.94,172.0,,,,,,,
479.71689438819885,0.0,255.0,219.94,172.0,,,,,,,
479.824786901474,0.0,255.0,219.94,172.0,,,,,,,
480.0440709590912,0.0,255.0,219.94,172.0,,,,,,,
480.2124083042145,0.0,255.0,219.94,173.0,,,,,,,
480.5210790634155,0.0,255.0,219.94,173.0,,,,,,,
480.629652261734,0.0,255.0,219.94,173.0,,,,,,,
480.72092032432556,0.0,255.0,219.94,173.0,,,,,,,
480.8282239437103,0.0,255.0,219.8,182.0,,,,,,,
481.0276999473572,0.0,255.0,219.85,175.0,,,,,,,
481.1506915092468,0.0,255.0,219.73,184.0,,,,,,,
481.2585599422455,0.0,255.0,219.63,187.0,,,,,,,
481.42831230163574,0.0,255.0,219.6,188.0,,,,,,,
481.6298575401306,0.0,255.0,219.72,180.0,,,,,,,
481.82031750679016,0.0,255.0,219.69,181.0,,,,,,,
482.0355968475342,0.0,255.0,219.78,178.0,,,,,,,
482.12857580184937,0.0,255.0,219.81,178.0,,,,,,,
482.2384340763092,0.0,255.0,219.84,177.0,,,,,,,
482.34703159332275,0.0,255.0,219.72,186.0,,,,,,,
482.5657334327698,0.0,255.0,219.55,191.0,,,,,,,
482.7363839149475,0.0,255.0,219.44,194.0,,,,,,,
482.95396733283997,0.0,255.0,219.37,196.0,,,,,,,
483.14023447036743,0.0,255.0,219.33,198.0,,,,,,,
483.23249530792236,0.0,255.0,219.31,199.0,,,,,,,
483.3404231071472,0.0,255.0,219.44,190.0,,,,,,,
483.55704140663147,0.0,255.0,219.48,195.0,,,,,,,
483.6664733886719,0.0,255.0,219.43,196.0,,,,,,,
483.7762176990509,0.0,255.0,219.39,198.0,,,,,,,
483.96153950691223,0.0,255.0,219.34,200.0,,,,,,,
484.1466295719147,0.0,255.0,219.31,201.0,,,,,,,
484.3456087112427,0.0,255.0,219.4,199.0,,,,,,,
484.5458633899689,0.0,255.0,219.34,201.0,,,,,,,
484.654324054718,0.0,255.0,219.32,202.0,,,,,,,
484.7622413635254,0.0,255.0,219.31,203.0,,,,,,,
484.8586974143982,-0.13,255.0,219.3,203.0,,,,,,,
485.07625246047974,-0.13,255.0,219.28,204.0,,,,,,,
485.2449371814728,0.0,255.0,219.27,205.0,,,,,,,
485.45982599258423,0.0,255.0,219.4,197.0,,,,,,,
485.66046595573425,0.0,255.0,219.34,204.0,,,,,,,
485.7549567222595,0.0,255.0,219.32,205.0,,,,,,,
485.8491518497467,0.0,255.0,219.31,206.0,,,,,,,
486.06445813179016,0.0,255.0,219.42,198.0,,,,,,,
486.17321968078613,0.0,255.0,219.39,204.0,,,,,,,
486.2809672355652,0.13,255.0,219.36,205.0,,,,,,,
486.4494936466217,0.0,255.0,219.32,207.0,,,,,,,
486.66533303260803,0.0,255.0,219.29,208.0,,,,,,,
486.8522765636444,0.0,255.0,219.28,209.0,,,,,,,
487.05470180511475,0.0,255.0,219.27,210.0,,,,,,,
487.1650412082672,0.0,255.0,219.26,210.0,,,,,,,
487.2738609313965,0.0,255.0,219.26,211.0,,,,,,,
487.4586808681488,0.0,255.0,219.25,212.0,,,,,,,
487.59808564186096,0.0,255.0,219.25,212.0,,,,,,,
487.7556436061859,-0.13,255.0,219.25,213.0,,,,,,,
487.9584243297577,0.0,255.0,219.36,210.0,,,,,,,
488.0658826828003,0.0,255.0,219.34,211.0,,,,,,,
488.1599507331848,0.0,255.0,219.32,212.0,,,,,,,
488.2690255641937,0.0,255.0,219.3,212.0,,,,,,,
488.3620367050171,0.0,255.0,219.29,213.0,,,,,,,
488.58177304267883,0.0,255.0,219.41,205.0,,,,,,,
488.69082045555115,0.0,255.0,219.38,211.0,,,,,,,
488.7986533641815,0.0,255.0,219.35,212.0,,,,,,,
488.97114634513855,0.0,255.0,219.45,205.0,,,,,,,
489.17338347435,0.13,255.0,219.49,209.0,,,,,,,
489.265429019928,0.0,255.0,219.44,211.0,,,,,,,
489.37586736679077,0.0,255.0,219.4,212.0,,,,,,,
489.5770809650421,0.0,255.0,219.46,211.0,,,,,,,
489.6714508533478,0.0,255.0,219.41,213.0,,,,,,,
489.7798180580139,0.0,255.0,219.52,205.0,,,,,,,
489.97957611083984,0.0,255.0,219.67,201.0,,,,,,,
490.18327927589417,0.0,255.0,219.66,202.0,,,,,,,
490.3854160308838,0.0,255.0,219.76,199.0,,,,,,,
490.57172870635986,0.0,255.0,219.82,197.0,,,,,,,
490.6806309223175,0.0,255.0,219.84,197.0,,,,,,,
490.77505469322205,0.0,255.0,219.86,196.0,,,,,,,
490.9742319583893,0.0,255.0,219.75,205.0,,,,,,,
491.0970823764801,0.0,255.0,219.65,208.0,,,,,,,
491.204035282135,0.0,255.0,219.71,201.0,,,,,,,
491.3134262561798,0.0,255.0,219.75,200.0,,,,,,,
491.4822316169739,0.0,255.0,219.82,198.0,,,,,,,
491.681928396225,0.0,255.0,219.86,197.0,,,,,,,
491.78928422927856,0.0,255.0,219.88,197.0,,,,,,,
491.8815424442291,0.13,255.0,219.89,197.0,,,,,,,
492.08150815963745,0.0,255.0,219.77,205.0,,,,,,,
492.19024777412415,0.0,255.0,219.8,199.0,,,,,,,
492.299329996109,0.0,255.0,219.83,199.0,,,,,,,
492.48572182655334,0.0,255.0,219.87,198.0,,,,,,,
492.62437558174133,0.0,255.0,219.88,197.0,,,,,,,
492.7937185764313,0.0,255.0,219.9,197.0,,,,,,,
492.99794578552246,0.0,255.0,219.8,200.0,,,,,,,
493.0912697315216,0.0,255.0,219.83,199.0,,,,,,,
493.1998474597931,0.0,255.0,219.85,198.0,,,,,,,
493.29313945770264,-0.13,255.0,219.87,198.0,,,,,,,
493.4925184249878,0.0,255.0,219.89,197.0,,,,,,,
493.61821603775024,0.0,255.0,219.9,197.0,,,,,,,
493.72668981552124,0.0,255.0,219.91,197.0,,,,,,,
493.8350348472595,0.0,255.0,219.91,197.0,,,,,,,
494.1019022464752,0.0,255.0,219.93,197.0,,,,,,,
494.3021354675293,0.0,255.0,219.93,197.0,,,,,,,
494.5049846172333,0.0,255.0,219.93,197.0,,,,,,,
494.5974087715149,0.0,255.0,219.79,206.0,,,,,,,
494.70407605171204,0.13,255.0,219.82,200.0,,,,,,,
494.81110548973083,0.0,255.0,219.85,199.0,,,,,,,
495.01239490509033,0.0,255.0,219.88,198.0,,,,,,,
495.13657450675964,0.0,255.0,219.89,198.0,,,,,,,
495.3101119995117,0.0,255.0,219.91,198.0,,,,,,,
495.5110094547272,0.0,255.0,219.92,198.0,,,,,,,
495.6025674343109,0.0,255.0,219.92,197.0,,,,,,,
495.71130895614624,0.0,255.0,219.92,197.0,,,,,,,
495.8039162158966,0.0,255.0,219.93,197.0,,,,,,,
496.0051426887512,-0.13,255.0,219.93,197.0,,,,,,,
496.12816095352173,0.0,255.0,219.93,197.0,,,,,,,
496.238089799881,0.0,255.0,219.93,197.0,,,,,,,
496.346209526062,0.0,255.0,219.93,197.0,,,,,,,
496.60960817337036,0.0,255.0,219.93,197.0,,,,,,,
496.71718192100525,0.0,255.0,219.94,197.0,,,,,,,
496.80872774124146,0.0,255.0,219.94,197.0,,,,,,,
496.94910073280334,0.0,255.0,219.94,197.0,,,,,,,
497.1201946735382,0.0,255.0,219.94,197.0,,,,,,,
497.2281303405762,0.0,255.0,219.94,198.0,,,,,,,
497.3380973339081,0.0,255.0,219.94,198.0,,,,,,,
497.55328822135925,0.0,255.0,219.94,198.0,,,,,,,
497.7232503890991,0.0,255.0,219.94,198.0,,,,,,,
497.9560966491699,0.0,255.0,219.94,198.0,,,,,,,
498.12716722488403,0.0,255.0,219.94,198.0,,,,,,,
498.2197518348694,0.0,255.0,219.94,198.0,,,,,,,
498.3283655643463,0.0,255.0,219.94,198.0,,,,,,,
498.53273582458496,0.0,255.0,219.94,198.0,,,,,,,
498.64215087890625,0.0,255.0,219.94,198.0,,,,,,,
498.75117111206055,0.0,255.0,219.94,198.0,,,,,,,
498.8593657016754,-0.13,255.0,219.94,198.0,,,,,,,
499.1364018917084,0.0,255.0,219.94,198.0,,,,,,,
499.3379683494568,0.0,255.0,219.94,198.0,,,,,,,
499.5398304462433,0.0,255.0,219.94,198.0,,,,,,,
499.6319479942322,0.0,255.0,219.94,198.0,,,,,,,
499.7404646873474,0.0,255.0,219.94,198.0,,,,,,,
499.84881472587585,0.0,255.0,219.94,198.0,,,,,,,
500.06960225105286,0.0,255.0,219.94,198.0,,,,,,,
500.2392771244049,0.0,255.0,219.94,198.0,,,,,,,
500.4572570323944,0.0,255.0,220.08,189.0,,,,,,,
500.64356541633606,0.0,255.0,220.28,183.0,,,,,,,
500.7360770702362,0.0,255.0,220.21,190.0,,,,,,,
500.8444662094116,0.0,255.0,220.29,183.0,,,,,,,
501.04693031311035,0.0,255.0,220.42,179.0,,,,,,,
501.16938304901123,0.0,255.0,220.46,178.0,,,,,,,
501.26257967948914,0.0,255.0,220.5,177.0,,,,,,,
501.5442545413971,-0.13,255.0,220.56,174.0,,,,,,,
501.7471396923065,0.0,255.0,220.59,173.0,,,,,,,
501.83976340293884,0.0,255.0,220.6,172.0,,,,,,,
502.04106426239014,0.0,255.0,220.61,172.0,,,,,,,
502.1496014595032,0.0,255.0,220.62,171.0,,,,,,,
502.259952545166,0.0,255.0,220.62,171.0,,,,,,,
502.36950612068176,0.0,255.0,220.62,170.0,,,,,,,
502.57301473617554,0.0,255.0,220.63,170.0,,,,,,,
502.7596046924591,0.0,255.0,220.63,169.0,,,,,,,
502.94643807411194,0.13,255.0,220.63,169.0,,,,,,,
503.0561316013336,0.0,255.0,220.63,168.0,,,,,,,
503.1508095264435,0.0,255.0,220.63,168.0,,,,,,,
503.26086807250977,0.0,255.0,220.63,168.0,,,,,,,
503.3550579547882,0.0,255.0,220.63,168.0,,,,,,,
503.5586178302765,0.0,255.0,220.63,167.0,,,,,,,
503.6825466156006,0.0,255.0,220.63,167.0,,,,,,,
503.792085647583,0.0,255.0,220.63,167.0,,,,,,,
503.962753534317,0.0,255.0,220.63,166.0,,,,,,,
504.1664824485779,0.0,255.0,220.63,166.0,,,,,,,
504.35368752479553,0.0,255.0,220.63,165.0,,,,,,,
504.55504322052,0.0,255.0,220.63,165.0,,,,,,,
504.6644926071167,0.0,255.0,220.63,164.0,,,,,,,
504.77320075035095,0.0,255.0,220.63,164.0,,,,,,,
504.96049404144287,0.0,255.0,220.63,164.0,,,,,,,
505.10104417800903,0.0,255.0,220.63,163.0,,,,,,,
505.2727880477905,0.0,255.0,220.63,163.0,,,,,,,
505.459885597229,0.0,255.0,220.63,162.0,,,,,,,
505.5683455467224,0.0,255.0,220.63,162.0,,,,,,,
505.6626057624817,0.0,255.0,220.63,162.0,,,,,,,
505.7712802886963,0.0,255.0,220.63,162.0,,,,,,,
505.8652198314667,0.13,255.0,220.63,161.0,,,,,,,
506.083683013916,0.0,255.0,220.63,161.0,,,,,,,
506.19192028045654,0.0,255.0,220.63,161.0,,,,,,,
506.30078864097595,0.0,255.0,220.63,160.0,,,,,,,
506.4730818271637,0.0,255.0,220.63,160.0,,,,,,,
506.67591309547424,0.0,255.0,220.63,159.0,,,,,,,
506.8785591125488,0.0,255.0,220.63,159.0,,,,,,,
507.0797986984253,0.0,255.0,220.63,158.0,,,,,,,
507.173588514328,0.0,255.0,220.63,158.0,,,,,,,
507.28255796432495,0.0,255.0,220.63,158.0,,,,,,,
507.4858253002167,0.0,255.0,220.63,157.0,,,,,,,
507.61083126068115,0.0,255.0,220.63,157.0,,,,,,,
507.7809188365936,0.0,255.0,220.63,156.0,,,,,,,
507.9828827381134,0.0,255.0,220.63,156.0,,,,,,,
508.0770652294159,0.0,255.0,220.63,156.0,,,,,,,
508.18652725219727,0.0,255.0,220.63,155.0,,,,,,,
508.2942142486572,0.0,255.0,220.63,155.0,,,,,,,
508.48073506355286,0.0,255.0,220.63,155.0,,,,,,,
508.6054575443268,0.0,255.0,220.63,154.0,,,,,,,
508.71544671058655,0.0,255.0,220.63,154.0,,,,,,,
508.8082363605499,0.13,255.0,220.63,154.0,,,,,,,
508.99366521835327,0.0,255.0,220.63,153.0,,,,,,,
509.19204807281494,0.0,255.0,220.63,153.0,,,,,,,
509.39293217658997,0.0,255.0,220.63,152.0,,,,,,,
509.5966353416443,0.0,255.0,220.63,152.0,,,,,,,
509.6905951499939,0.0,255.0,220.63,152.0,,,,,,,
509.79742646217346,0.0,255.0,220.63,151.0,,,,,,,
509.99887585639954,0.0,255.0,220.63,151.0,,,,,,,
510.12235593795776,0.0,255.0,220.63,151.0,,,,,,,
510.23082184791565,0.0,255.0,220.63,150.0,,,,,,,
510.40054655075073,0.0,255.0,220.63,150.0,,,,,,,
510.60227274894714,0.0,255.0,220.63,149.0,,,,,,,
510.6952986717224,0.0,255.0,220.63,149.0,,,,,,,
510.8032684326172,0.0,255.0,220.63,149.0,,,,,,,
511.0048463344574,0.0,255.0,220.63,148.0,,,,,,,
511.1142792701721,0.0,255.0,220.63,148.0,,,,,,,
511.2236964702606,0.0,255.0,220.63,148.0,,,,,,,
511.33426451683044,0.0,255.0,220.63,148.0,,,,,,,
511.6006073951721,0.0,255.0,220.52,150.0,,,,,,,
511.8016941547394,0.0,255.0,220.42,158.0,,,,,,,
512.0051929950714,0.0,255.0,220.39,153.0,,,,,,,
512.1133236885071,0.0,255.0,220.3,161.0,,,,,,,
512.2051401138306,0.0,255.0,220.23,163.0,,,,,,,
512.3122556209564,0.0,255.0,220.17,164.0,,,,,,,
512.513813495636,0.0,255.0,220.22,157.0,,,,,,,
512.71533036232,0.0,255.0,220.12,165.0,,,,,,,
512.9035353660583,0.0,255.0,220.05,167.0,,,,,,,
513.1066155433655,0.0,255.0,220.01,168.0,,,,,,,
513.2150855064392,-0.13,255.0,220.0,168.0,,,,,,,
513.3237748146057,0.0,255.0,219.98,169.0,,,,,,,
513.5244908332825,0.0,255.0,219.97,169.0,,,,,,,
513.6314373016357,0.0,255.0,219.96,169.0,,,,,,,
513.7394626140594,0.0,255.0,219.96,170.0,,,,,,,
513.8475139141083,0.0,255.0,219.95,170.0,,,,,,,
514.110687494278,0.0,255.0,219.94,170.0,,,,,,,
514.2204804420471,0.0,255.0,219.94,170.0,,,,,,,
514.3275675773621,0.0,255.0,219.94,170.0,,,,,,,
514.5145497322083,0.0,255.0,219.83,173.0,,,,,,,
514.6240670681,0.13,255.0,219.85,173.0,,,,,,,
514.7165770530701,0.0,255.0,219.87,172.0,,,,,,,
514.8263921737671,0.0,255.0,219.88,172.0,,,,,,,
515.0457265377045,0.0,255.0,219.9,172.0,,,,,,,
515.1546549797058,0.0,255.0,219.91,171.0,,,,,,,
515.3268458843231,0.0,255.0,219.92,171.0,,,,,,,
515.5274434089661,0.0,255.0,219.93,171.0,,,,,,,
515.6218371391296,0.0,255.0,219.93,171.0,,,,,,,
515.7294945716858,0.0,255.0,219.93,171.0,,,,,,,
515.8376266956329,0.0,255.0,219.93,171.0,,,,,,,
516.0416131019592,0.13,255.0,219.93,171.0,,,,,,,
516.1495404243469,-0.13,255.0,219.93,171.0,,,,,,,
516.2576758861542,0.0,255.0,219.93,171.0,,,,,,,
516.3661630153656,0.0,255.0,219.93,171.0,,,,,,,
516.6317460536957,0.0,255.0,219.94,171.0,,,,,,,
516.8342101573944,0.0,255.0,219.94,171.0,,,,,,,
517.0366444587708,0.0,255.0,219.94,171.0,,,,,,,
517.1298453807831,0.0,255.0,219.94,171.0,,,,,,,
517.2382457256317,0.0,255.0,219.94,171.0,,,,,,,
517.3459026813507,0.0,255.0,219.94,171.0,,,,,,,
517.5646119117737,0.13,255.0,219.94,171.0,,,,,,,
517.6751136779785,0.0,255.0,219.94,171.0,,,,,,,
517.846212387085,0.0,255.0,219.94,171.0,,,,,,,
518.0480806827545,0.0,255.0,219.8,180.0,,,,,,,
518.1422617435455,0.0,255.0,219.69,184.0,,,,,,,
518.2507598400116,0.0,255.0,219.74,177.0,,,,,,,
518.3444888591766,0.0,255.0,219.78,176.0,,,,,,,
518.5460789203644,0.0,255.0,219.7,184.0,,,,,,,
518.6549649238586,0.0,255.0,219.61,186.0,,,,,,,
518.7647621631622,0.0,255.0,219.54,189.0,,,,,,,
518.9657638072968,0.0,255.0,219.68,180.0,,,,,,,
519.1505618095398,0.0,255.0,219.63,186.0,,,,,,,
519.3517789840698,0.0,255.0,219.49,191.0,,,,,,,
519.5530290603638,0.0,255.0,219.52,190.0,,,,,,,
519.6466917991638,0.0,255.0,219.6,183.0,,,,,,,
519.7538080215454,0.0,255.0,219.67,181.0,,,,,,,
519.862339258194,0.0,255.0,219.58,189.0,,,,,,,
520.0808217525482,0.0,255.0,219.46,193.0,,,,,,,
520.1904444694519,0.0,255.0,219.56,185.0,,,,,,,
520.3609867095947,0.0,255.0,219.56,191.0,,,,,,,
520.5622954368591,0.0,255.0,219.58,185.0,,,,,,,
520.6581308841705,0.0,255.0,219.52,192.0,,,,,,,
520.7507576942444,0.0,255.0,219.46,194.0,,,,,,,
520.8595509529114,0.0,255.0,219.56,186.0,,,,,,,
521.0620832443237,0.0,255.0,219.56,192.0,,,,,,,
521.1706092357635,0.0,255.0,219.63,185.0,,,,,,,
521.2769248485565,0.0,255.0,219.55,192.0,,,,,,,
521.4658942222595,0.0,255.0,219.55,193.0,,,,,,,
521.6696138381958,0.0,255.0,219.44,196.0,,,,,,,
521.8719003200531,0.0,255.0,219.37,199.0,,,,,,,
522.0595254898071,0.0,255.0,219.33,200.0,,,,,,,
522.167314529419,0.0,255.0,219.31,201.0,,,,,,,
522.2757284641266,0.0,255.0,219.3,202.0,,,,,,,
522.4597129821777,0.0,255.0,219.28,203.0,,,,,,,
522.5977385044098,0.0,255.0,219.27,203.0,,,,,,,
522.7677035331726,0.0,255.0,219.26,204.0,,,,,,,
522.967798948288,0.0,255.0,219.26,205.0,,,,,,,
523.0753645896912,0.0,255.0,219.26,205.0,,,,,,,
523.1673991680145,0.0,255.0,219.25,206.0,,,,,,,
523.2759892940521,0.0,255.0,219.25,206.0,,,,,,,
523.3694069385529,0.0,255.0,219.25,206.0,,,,,,,
523.587687253952,0.0,255.0,219.25,207.0,,,,,,,
523.6965997219086,0.0,255.0,219.25,207.0,,,,,,,
523.790497303009,0.0,255.0,219.25,207.0,,,,,,,
523.9751994609833,0.0,255.0,219.25,208.0,,,,,,,
524.1783518791199,0.0,255.0,219.25,209.0,,,,,,,
524.3806569576263,0.0,255.0,219.36,206.0,,,,,,,
524.5818839073181,0.0,255.0,219.32,208.0,,,,,,,
524.6739902496338,0.0,255.0,219.3,208.0,,,,,,,
524.7838475704193,0.0,255.0,219.29,209.0,,,,,,,
524.9862582683563,-0.13,255.0,219.28,210.0,,,,,,,
525.112147808075,0.0,255.0,219.27,211.0,,,,,,,
525.2205445766449,0.0,255.0,219.27,211.0,,,,,,,
525.3920335769653,0.0,255.0,219.26,212.0,,,,,,,
525.6859166622162,0.0,255.0,219.25,213.0,,,,,,,
525.7946312427521,0.0,255.0,219.25,213.0,,,,,,,
525.9815673828125,0.0,255.0,219.39,205.0,,,,,,,
526.0914273262024,0.0,255.0,219.36,211.0,,,,,,,
526.214658498764,0.0,255.0,219.34,212.0,,,,,,,
526.3232119083405,0.0,255.0,219.32,213.0,,,,,,,
526.5864489078522,0.13,255.0,219.28,214.0,,,,,,,
526.7863829135895,0.0,255.0,219.27,215.0,,,,,,,
526.8956134319305,0.0,255.0,219.27,216.0,,,,,,,
527.0967741012573,0.0,255.0,219.26,217.0,,,,,,,
527.1905264854431,0.0,255.0,219.26,217.0,,,,,,,
527.299905538559,0.0,255.0,219.25,217.0,,,,,,,
527.5017373561859,0.0,255.0,219.25,218.0,,,,,,,
527.6261560916901,0.0,255.0,219.39,209.0,,,,,,,
527.7995343208313,0.0,255.0,219.34,216.0,,,,,,,
528.0033445358276,0.0,255.0,219.31,218.0,,,,,,,
528.2028410434723,0.0,255.0,219.28,219.0,,,,,,,
528.295154094696,0.0,255.0,219.41,210.0,,,,,,,
528.4972145557404,0.0,255.0,219.35,218.0,,,,,,,
528.6047434806824,0.0,255.0,219.47,210.0,,,,,,,
528.7140944004059,0.0,255.0,219.43,216.0,,,,,,,
528.8376281261444,0.0,255.0,219.39,217.0,,,,,,,
529.1018452644348,0.0,255.0,219.41,218.0,,,,,,,
529.3041753768921,0.0,255.0,219.35,220.0,,,,,,,
529.5070741176605,-0.13,255.0,219.42,218.0,,,,,,,
529.6158630847931,0.0,255.0,219.39,219.0,,,,,,,
529.7104015350342,0.0,255.0,219.36,220.0,,,,,,,
529.8192827701569,0.0,255.0,219.48,212.0,,,,,,,
530.0377373695374,0.0,255.0,219.53,211.0,,,,,,,
530.1470410823822,0.0,255.0,219.61,209.0,,,,,,,
530.3182661533356,0.0,255.0,219.59,215.0,,,,,,,
530.5206763744354,0.0,255.0,219.61,210.0,,,,,,,
530.7219731807709,0.0,255.0,219.72,207.0,,,,,,,
530.8157186508179,0.0,255.0,219.77,206.0,,,,,,,
531.0204451084137,0.0,255.0,219.83,204.0,,,,,,,
531.1292953491211,-0.13,255.0,219.85,204.0,,,,,,,
531.2372748851776,0.0,255.0,219.87,203.0,,,,,,,
531.3472878932953,0.0,255.0,219.88,203.0,,,,,,,
531.626401424408,0.0,255.0,219.91,202.0,,,,,,,
531.8270559310913,0.0,255.0,219.92,202.0,,,,,,,
532.0274147987366,0.0,255.0,219.92,202.0,,,,,,,
532.1180663108826,0.0,255.0,219.93,202.0,,,,,,,
532.2257215976715,0.0,255.0,219.93,202.0,,,,,,,
532.3338181972504,0.0,255.0,219.93,202.0,,,,,,,
532.5520913600922,0.13,255.0,219.93,202.0,,,,,,,
532.6605088710785,0.0,255.0,219.93,202.0,,,,,,,
532.8318367004395,0.0,255.0,219.93,202.0,,,,,,,
533.0337977409363,0.0,255.0,219.94,202.0,,,,,,,
533.1269431114197,0.0,255.0,219.94,202.0,,,,,,,
533.2366437911987,0.0,255.0,219.94,202.0,,,,,,,
533.329288482666,0.0,255.0,219.94,202.0,,,,,,,
533.5308146476746,0.0,255.0,219.94,202.0,,,,,,,
533.6385109424591,0.0,255.0,219.94,202.0,,,,,,,
533.7481737136841,0.0,255.0,219.94,202.0,,,,,,,
533.8717975616455,0.0,255.0,220.08,193.0,,,,,,,
534.1350207328796,0.0,255.0,220.1,197.0,,,,,,,
534.336921453476,0.0,255.0,220.18,190.0,,,,,,,
534.5381214618683,0.0,255.0,220.34,185.0,,,,,,,
534.6318466663361,0.0,255.0,220.4,183.0,,,,,,,
534.7406229972839,0.0,255.0,220.45,182.0,,,,,,,
534.8497397899628,0.0,255.0,220.35,189.0,,,,,,,
535.0692570209503,0.0,255.0,220.31,190.0,,,,,,,
535.177127122879,0.0,255.0,220.38,183.0,,,,,,,
535.3474657535553,0.0,255.0,220.47,180.0,,,,,,,
535.5468533039093,0.0,255.0,220.42,181.0,,,,,,,
535.640406370163,0.0,255.0,220.46,180.0,,,,,,,
535.7488534450531,0.0,255.0,220.5,179.0,,,,,,,
535.8420212268829,0.0,255.0,220.52,178.0,,,,,,,
536.0445902347565,0.0,255.0,220.56,176.0,,,,,,,
536.1534719467163,0.0,255.0,220.58,175.0,,,,,,,
536.2623972892761,0.0,255.0,220.59,175.0,,,,,,,
536.4479489326477,0.0,255.0,220.61,174.0,,,,,,,
536.5882737636566,0.0,255.0,220.61,174.0,,,,,,,
536.7588922977448,0.0,255.0,220.62,173.0,,,,,,,
536.962513923645,0.0,255.0,220.63,172.0,,,,,,,
537.0569305419922,0.13,255.0,220.63,172.0,,,,,,,
537.1485385894775,-0.13,255.0,220.63,172.0,,,,,,,
537.2590091228485,0.0,255.0,220.63,171.0,,,,,,,
537.3680965900421,0.0,255.0,220.63,171.0,,,,,,,
537.5860404968262,0.0,255.0,220.63,170.0,,,,,,,
537.6948583126068,0.0,255.0,220.77,161.0,,,,,,,
537.8648445606232,0.0,255.0,220.72,167.0,,,,,,,
538.0666182041168,0.0,255.0,220.69,167.0,,,,,,,
538.2658483982086,0.0,255.0,220.67,167.0,,,,,,,
538.35924243927,0.0,255.0,220.66,167.0,,,,,,,
538.5609874725342,0.0,255.0,220.77,164.0,,,,,,,
538.6829504966736,0.0,255.0,220.74,164.0,,,,,,,
538.7927007675171,0.0,255.0,220.72,165.0,,,,,,,
538.9633638858795,0.0,255.0,220.69,165.0,,,,,,,
539.1650910377502,0.0,255.0,220.67,165.0,,,,,,,
539.3675615787506,0.0,255.0,220.66,165.0,,,,,,,
539.568708896637,0.0,255.0,220.76,161.0,,,,,,,
539.6623048782349,0.0,255.0,220.74,162.0,,,,,,,
539.7713589668274,0.0,255.0,220.72,162.0,,,,,,,
539.9724085330963,0.0,255.0,220.69,162.0,,,,,,,
540.0956778526306,-0.13,255.0,220.68,162.0,,,,,,,
540.2042949199677,0.0,255.0,220.67,162.0,,,,,,,
540.3738560676575,0.0,255.0,220.66,162.0,,,,,,,
540.5748717784882,0.0,255.0,220.65,162.0,,,,,,,
540.6692585945129,0.0,255.0,220.65,161.0,,,,,,,
540.7780616283417,0.0,255.0,220.64,161.0,,,,,,,
540.8714184761047,0.0,255.0,220.64,161.0,,,,,,,
541.0741331577301,0.0,255.0,220.64,161.0,,,,,,,
541.198205947876,0.0,255.0,220.64,160.0,,,,,,,
541.3079507350922,0.0,255.0,220.64,160.0,,,,,,,
541.4802367687225,0.0,255.0,220.64,160.0,,,,,,,
541.6828970909119,0.0,255.0,220.64,159.0,,,,,,,
541.8854494094849,0.0,255.0,220.64,159.0,,,,,,,
542.0890073776245,0.0,255.0,220.64,158.0,,,,,,,
542.1806979179382,0.0,255.0,220.64,158.0,,,,,,,
542.2917265892029,0.0,255.0,220.64,158.0,,,,,,,
542.4938912391663,0.0,255.0,220.75,154.0,,,,,,,
542.6178021430969,0.0,255.0,220.73,154.0,,,,,,,
542.7868938446045,-0.13,255.0,220.69,155.0,,,,,,,
542.9896521568298,-0.13,255.0,220.67,155.0,,,,,,,
543.1894609928131,0.0,255.0,220.66,154.0,,,,,,,
543.2973692417145,0.0,255.0,220.65,154.0,,,,,,,
543.5013220310211,0.0,255.0,220.65,154.0,,,,,,,
543.5949850082397,0.0,255.0,220.64,154.0,,,,,,,
543.7044508457184,0.0,255.0,220.64,154.0,,,,,,,
543.8123710155487,0.0,255.0,220.64,153.0,,,,,,,
543.9992847442627,0.0,255.0,220.64,153.0,,,,,,,
544.2016594409943,0.0,255.0,220.64,152.0,,,,,,,
544.4021108150482,0.0,255.0,220.64,152.0,,,,,,,
544.6041903495789,0.0,255.0,220.64,151.0,,,,,,,
544.6973791122437,0.0,255.0,220.64,151.0,,,,,,,
544.8067333698273,0.0,255.0,220.64,151.0,,,,,,,
545.0089409351349,0.0,255.0,220.64,150.0,,,,,,,
545.1314635276794,0.0,255.0,220.64,150.0,,,,,,,
545.3027701377869,0.0,255.0,220.64,150.0,,,,,,,
545.5044310092926,0.0,255.0,220.63,149.0,,,,,,,
545.706610918045,-0.13,255.0,220.63,149.0,,,,,,,
545.7992691993713,0.0,255.0,220.63,148.0,,,,,,,
546.0159864425659,0.0,255.0,220.63,148.0,,,,,,,
546.1095943450928,0.0,255.0,220.63,148.0,,,,,,,
546.2192912101746,0.0,255.0,220.63,147.0,,,,,,,
546.3278312683105,0.0,255.0,220.63,147.0,,,,,,,
546.609087228775,0.0,255.0,220.63,146.0,,,,,,,
546.8109250068665,0.0,255.0,220.63,146.0,,,,,,,
547.0141699314117,0.0,255.0,220.63,145.0,,,,,,,
547.1068398952484,0.13,255.0,220.63,145.0,,,,,,,
547.2154202461243,0.0,255.0,220.63,145.0,,,,,,,
547.3086745738983,0.0,255.0,220.63,145.0,,,,,,,
547.4479002952576,0.0,255.0,220.63,144.0,,,,,,,
547.5420291423798,0.0,255.0,220.63,144.0,,,,,,,
547.6354327201843,0.0,255.0,220.63,144.0,,,,,,,
547.8221645355225,0.0,255.0,220.63,143.0,,,,,,,
548.0238611698151,0.0,255.0,220.63,143.0,,,,,,,
548.2253048419952,0.0,255.0,220.63,142.0,,,,,,,
548.318473815918,0.0,255.0,220.5,151.0,,,,,,,
548.5204229354858,0.13,255.0,220.55,144.0,,,,,,,
548.6285140514374,-0.13,255.0,220.42,153.0,,,,,,,
548.7386684417725,0.0,255.0,220.47,146.0,,,,,,,
548.8479223251343,0.0,255.0,220.5,145.0,,,,,,,
549.1283781528473,0.0,255.0,220.43,152.0,,,,,,,
549.3317620754242,0.0,255.0,220.5,144.0,,,,,,,
549.6285994052887,0.0,255.0,220.37,147.0,,,,,,,
549.7235767841339,0.0,255.0,220.42,146.0,,,,,,,
549.8328394889832,0.0,255.0,220.46,144.0,,,,,,,
550.0495989322662,0.13,255.0,220.38,151.0,,,,,,,
550.1570744514465,0.0,255.0,220.3,154.0,,,,,,,
550.2635819911957,0.0,255.0,220.22,155.0,,,,,,,
550.4495069980621,0.0,255.0,220.23,155.0,,,,,,,
550.63476729393,0.0,255.0,220.13,158.0,,,,,,,
550.7426447868347,0.0,255.0,220.09,159.0,,,,,,,
550.8343572616577,0.0,255.0,220.06,160.0,,,,,,,
551.0344967842102,0.0,255.0,220.01,161.0,,,,,,,
551.1429748535156,0.0,255.0,220.0,161.0,,,,,,,
551.2522048950195,0.0,255.0,219.99,162.0,,,,,,,
551.3604848384857,-0.13,255.0,219.98,162.0,,,,,,,
551.5751118659973,0.0,255.0,219.96,162.0,,,,,,,
551.7435319423676,0.0,255.0,219.95,163.0,,,,,,,
551.9596455097198,0.0,255.0,219.95,163.0,,,,,,,
552.1451115608215,0.0,255.0,219.94,163.0,,,,,,,
552.2368459701538,0.0,255.0,219.94,163.0,,,,,,,
552.3452677726746,0.0,255.0,219.94,163.0,,,,,,,
552.5629649162292,0.0,255.0,219.94,163.0,,,,,,,
552.6708266735077,0.0,255.0,219.94,163.0,,,,,,,
552.7809364795685,0.13,255.0,219.94,163.0,,,,,,,
552.9497289657593,0.0,255.0,219.94,163.0,,,,,,,
553.1513504981995,0.0,255.0,219.94,163.0,,,,,,,
553.2449295520782,0.0,255.0,219.94,163.0,,,,,,,
553.3526151180267,0.0,255.0,219.94,163.0,,,,,,,
553.5537300109863,0.0,255.0,219.94,163.0,,,,,,,
553.6624710559845,0.0,255.0,219.94,163.0,,,,,,,
553.7722520828247,0.0,255.0,219.94,163.0,,,,,,,
553.9572639465332,0.0,255.0,219.94,164.0,,,,,,,
554.159384727478,0.0,255.0,219.8,173.0,,,,,,,
554.3614065647125,0.0,255.0,219.85,166.0,,,,,,,
554.5638799667358,0.0,255.0,219.77,169.0,,,,,,,
554.6562881469727,0.0,255.0,219.8,168.0,,,,,,,
554.7515592575073,0.0,255.0,219.69,176.0,,,,,,,
554.8602130413055,0.0,255.0,219.74,170.0,,,,,,,
555.0927855968475,0.0,255.0,219.56,180.0,,,,,,,
555.1868999004364,0.0,255.0,219.64,173.0,,,,,,,
555.2943978309631,0.0,255.0,219.56,180.0,,,,,,,
555.4961972236633,0.0,255.0,219.45,184.0,,,,,,,
555.6678547859192,0.13,255.0,219.38,186.0,,,,,,,
555.7601346969604,0.0,255.0,219.35,187.0,,,,,,,
555.8687708377838,0.0,255.0,219.33,188.0,,,,,,,
556.0715112686157,0.0,255.0,219.3,190.0,,,,,,,
556.1805989742279,0.0,255.0,219.29,190.0,,,,,,,
556.289621591568,0.0,255.0,219.28,191.0,,,,,,,
556.4766638278961,0.0,255.0,219.27,192.0,,,,,,,
556.6769671440125,0.0,255.0,219.26,192.0,,,,,,,
556.8760867118835,0.0,255.0,219.26,193.0,,,,,,,
557.0787937641144,-0.13,255.0,219.25,194.0,,,,,,,
557.1712350845337,0.0,255.0,219.25,194.0,,,,,,,
557.2774119377136,0.0,255.0,219.25,194.0,,,,,,,
557.4784803390503,0.0,255.0,219.25,195.0,,,,,,,
557.603212594986,0.0,255.0,219.25,195.0,,,,,,,
557.7117102146149,0.0,255.0,219.25,196.0,,,,,,,
557.8810980319977,0.0,255.0,219.25,196.0,,,,,,,
558.0842125415802,0.0,255.0,219.25,197.0,,,,,,,
558.2844843864441,0.0,255.0,219.25,198.0,,,,,,,
558.3790104389191,0.13,255.0,219.25,198.0,,,,,,,
558.5832231044769,0.0,255.0,219.25,198.0,,,,,,,
558.6923930644989,0.0,255.0,219.25,199.0,,,,,,,
558.8009505271912,0.0,255.0,219.25,199.0,,,,,,,
558.9872925281525,0.0,255.0,219.25,200.0,,,,,,,
559.188410282135,0.0,255.0,219.25,200.0,,,,,,,
559.3886821269989,0.0,255.0,219.25,201.0,,,,,,,
559.5893821716309,0.0,255.0,219.25,201.0,,,,,,,
559.6833698749542,0.0,255.0,219.25,202.0,,,,,,,
559.7923214435577,-0.13,255.0,219.25,202.0,,,,,,,
559.9945316314697,0.0,255.0,219.25,203.0,,,,,,,
560.1172170639038,0.0,255.0,219.25,203.0,,,,,,,
560.2253890037537,0.0,255.0,219.25,203.0,,,,,,,
560.3963270187378,0.0,255.0,219.25,204.0,,,,,,,
560.5955374240875,0.0,255.0,219.11,213.0,,,,,,,
560.6897411346436,0.0,255.0,219.14,208.0,,,,,,,
560.7988305091858,0.0,255.0,219.16,208.0,,,,,,,
561.0006375312805,0.0,255.0,219.19,207.0,,,,,,,
561.0942614078522,0.0,255.0,219.2,207.0,,,,,,,
561.203138589859,0.13,255.0,219.21,207.0,,,,,,,
561.311931848526,0.0,255.0,219.22,208.0,,,,,,,
561.4976854324341,0.0,255.0,219.23,208.0,,,,,,,
561.6985378265381,0.0,255.0,219.24,208.0,,,,,,,
561.9005601406097,0.0,255.0,219.13,212.0,,,,,,,
562.1020686626434,0.0,255.0,219.06,215.0,,,,,,,
562.2095267772675,0.0,255.0,219.1,214.0,,,,,,,
562.3044896125793,0.0,255.0,219.13,213.0,,,,,,,
562.5063362121582,0.0,255.0,219.17,213.0,,,,,,,
562.6295490264893,0.0,255.0,219.19,213.0,,,,,,,
562.7364938259125,-0.13,255.0,219.2,213.0,,,,,,,
562.9049825668335,0.0,255.0,219.08,222.0,,,,,,,
563.1061999797821,0.0,255.0,219.14,216.0,,,,,,,
563.21533203125,0.0,255.0,219.16,216.0,,,,,,,
563.3079710006714,0.0,255.0,219.18,215.0,,,,,,,
563.511679649353,0.0,255.0,219.2,215.0,,,,,,,
563.6198182106018,0.0,255.0,219.21,216.0,,,,,,,
563.7269773483276,0.0,255.0,219.22,216.0,,,,,,,
563.8373370170593,0.0,255.0,219.22,216.0,,,,,,,
564.118364572525,0.0,255.0,219.24,216.0,,,,,,,
564.319365978241,0.0,255.0,219.24,217.0,,,,,,,
564.5210859775543,0.0,255.0,219.24,217.0,,,,,,,
564.6150953769684,0.0,255.0,219.24,218.0,,,,,,,
564.7237727642059,0.0,255.0,219.24,218.0,,,,,,,
564.8173730373383,0.0,255.0,219.24,218.0,,,,,,,
565.0345251560211,0.0,255.0,219.25,219.0,,,,,,,
565.1420073509216,0.0,255.0,219.25,219.0,,,,,,,
565.2508535385132,0.0,255.0,219.25,219.0,,,,,,,
565.4219663143158,0.0,255.0,219.25,220.0,,,,,,,
565.6219413280487,0.0,255.0,219.25,221.0,,,,,,,
565.7309055328369,0.0,255.0,219.25,221.0,,,,,,,
565.8252272605896,0.0,255.0,219.25,221.0,,,,,,,
566.0250954627991,0.0,255.0,219.25,222.0,,,,,,,
566.1344821453094,0.0,255.0,219.25,222.0,,,,,,,
566.2415626049042,0.0,255.0,219.25,222.0,,,,,,,
566.3503351211548,0.0,255.0,219.25,223.0,,,,,,,
566.6293165683746,0.0,255.0,219.25,224.0,,,,,,,
566.8341517448425,0.13,255.0,219.25,224.0,,,,,,,
567.0359635353088,0.0,255.0,219.25,225.0,,,,,,,
567.1295683383942,0.0,255.0,219.25,225.0,,,,,,,
567.2389280796051,0.0,255.0,219.25,225.0,,,,,,,
567.3330273628235,0.0,255.0,219.25,226.0,,,,,,,
567.5500066280365,0.0,255.0,219.25,226.0,,,,,,,
567.659910440445,0.0,255.0,219.25,226.0,,,,,,,
567.7687940597534,0.0,255.0,219.25,226.0,,,,,,,
567.9548473358154,0.0,255.0,219.25,226.0,,,,,,,
568.1423554420471,0.0,255.0,219.36,223.0,,,,,,,
568.2354965209961,-0.13,255.0,219.34,224.0,,,,,,,
568.3428757190704,0.0,255.0,219.46,215.0,,,,,,,
568.5450298786163,0.0,255.0,219.52,213.0,,,,,,,
568.6541409492493,0.0,255.0,219.6,211.0,,,,,,,
568.7636377811432,0.0,255.0,219.53,218.0,,,,,,,
568.8564250469208,0.0,255.0,219.61,211.0,,,,,,,
569.076384305954,0.0,255.0,219.73,208.0,,,,,,,
569.246435880661,0.0,255.0,219.8,205.0,,,,,,,
569.4625899791718,0.0,255.0,219.85,204.0,,,,,,,
569.6507937908173,0.13,255.0,219.88,203.0,,,,,,,
569.7434859275818,0.0,255.0,219.89,203.0,,,,,,,
569.8514127731323,0.0,255.0,219.9,203.0,,,,,,,
570.0699999332428,0.0,255.0,219.91,202.0,,,,,,,
570.178475856781,0.0,255.0,219.92,202.0,,,,,,,
570.2855007648468,0.0,255.0,219.92,202.0,,,,,,,
570.4561173915863,0.0,255.0,219.93,202.0,,,,,,,
570.6594481468201,0.0,255.0,219.93,202.0,,,,,,,
570.8606207370758,0.0,255.0,219.93,202.0,,,,,,,
571.048572063446,0.0,255.0,219.93,202.0,,,,,,,
571.1559913158417,0.0,255.0,219.93,202.0,,,,,,,
571.2651884555817,0.0,255.0,219.94,202.0,,,,,,,
571.4521708488464,0.0,255.0,219.94,202.0,,,,,,,
571.5933244228363,0.0,255.0,219.94,202.0,,,,,,,
571.7624096870422,0.0,255.0,219.94,202.0,,,,,,,
571.9633893966675,0.0,255.0,220.08,193.0,,,,,,,
572.0581855773926,0.0,255.0,220.05,199.0,,,,,,,
572.1661508083344,0.0,255.0,220.17,190.0,,,,,,,
572.2589764595032,0.0,255.0,220.26,187.0,,,,,,,
572.3703877925873,0.13,255.0,220.33,185.0,,,,,,,
572.5871262550354,0.0,255.0,220.44,182.0,,,,,,,
572.6952695846558,0.0,255.0,220.34,190.0,,,,,,,
572.8028123378754,0.0,255.0,220.4,183.0,,,,,,,
572.9588625431061,0.0,255.0,220.34,189.0,,,,,,,
573.1638305187225,0.0,255.0,220.45,181.0,,,,,,,
573.2738695144653,0.0,255.0,220.49,180.0,,,,,,,
573.3678743839264,0.0,255.0,220.52,179.0,,,,,,,
573.5706126689911,0.0,255.0,220.56,177.0,,,,,,,
573.6783876419067,0.0,255.0,220.57,176.0,,,,,,,
573.7870135307312,0.0,255.0,220.59,176.0,,,,,,,
573.9716036319733,0.0,255.0,220.6,175.0,,,,,,,
574.1103541851044,0.0,255.0,220.61,174.0,,,,,,,
574.280944108963,0.0,255.0,220.62,174.0,,,,,,,
574.482574224472,0.0,255.0,220.62,173.0,,,,,,,
574.5763342380524,0.0,255.0,220.63,173.0,,,,,,,
574.685524225235,0.0,255.0,220.63,172.0,,,,,,,
574.7786865234375,0.0,255.0,220.63,172.0,,,,,,,
574.9813957214355,0.0,255.0,220.63,171.0,,,,,,,
575.0911915302277,0.0,255.0,220.63,171.0,,,,,,,
575.2152240276337,0.0,255.0,220.63,171.0,,,,,,,
575.3868205547333,0.0,255.0,220.63,170.0,,,,,,,
575.5754256248474,0.0,255.0,220.63,170.0,,,,,,,
575.6841292381287,0.0,255.0,220.63,170.0,,,,,,,
575.7775323390961,0.0,255.0,220.63,169.0,,,,,,,
575.8864350318909,0.0,255.0,220.63,169.0,,,,,,,
576.0891697406769,0.0,255.0,220.63,169.0,,,,,,,
576.1981680393219,0.0,255.0,220.63,168.0,,,,,,,
576.2922785282135,0.0,255.0,220.63,168.0,,,,,,,
576.4795653820038,0.0,255.0,220.63,168.0,,,,,,,
576.697347164154,-0.13,255.0,220.63,167.0,,,,,,,
576.8837106227875,0.0,255.0,220.63,167.0,,,,,,,
577.0866143703461,0.0,255.0,220.63,166.0,,,,,,,
577.1951298713684,0.0,255.0,220.63,166.0,,,,,,,
577.288284778595,0.0,255.0,220.63,166.0,,,,,,,
577.4896578788757,0.0,255.0,220.63,165.0,,,,,,,
577.6140341758728,0.0,255.0,220.63,165.0,,,,,,,
577.7239091396332,0.0,255.0,220.63,165.0,,,,,,,
577.8321692943573,0.0,255.0,220.63,164.0,,,,,,,
578.0965812206268,0.13,255.0,220.63,163.0,,,,,,,
578.2067863941193,0.0,255.0,220.63,163.0,,,,,,,
578.5035376548767,0.0,255.0,220.63,162.0,,,,,,,
578.5960302352905,0.0,255.0,220.63,162.0,,,,,,,
578.7046520709991,0.0,255.0,220.63,162.0,,,,,,,
578.815669298172,0.0,255.0,220.63,162.0,,,,,,,
579.003659248352,0.0,255.0,220.63,161.0,,,,,,,
579.2038106918335,0.0,255.0,220.63,161.0,,,,,,,
579.4077026844025,0.0,255.0,220.63,160.0,,,,,,,
579.6100857257843,-0.13,255.0,220.63,160.0,,,,,,,
579.7171137332916,0.0,255.0,220.63,159.0,,,,,,,
579.8110496997833,0.0,255.0,220.63,159.0,,,,,,,
580.0129914283752,0.0,255.0,220.63,159.0,,,,,,,
580.1377129554749,0.0,255.0,220.63,158.0,,,,,,,
580.2471709251404,0.0,255.0,220.63,158.0,,,,,,,
580.3408443927765,0.0,255.0,220.63,158.0,,,,,,,
580.6189301013947,0.0,255.0,220.63,157.0,,,,,,,
580.8054511547089,0.0,255.0,220.63,157.0,,,,,,,
581.007586479187,0.0,255.0,220.63,156.0,,,,,,,
581.1168532371521,0.0,255.0,220.63,156.0,,,,,,,
581.225656747818,0.0,255.0,220.63,156.0,,,,,,,
581.3339018821716,0.0,255.0,220.63,155.0,,,,,,,
581.5512893199921,0.0,255.0,220.63,155.0,,,,,,,
581.7225544452667,0.0,255.0,220.63,154.0,,,,,,,
581.9558634757996,0.0,255.0,220.63,154.0,,,,,,,
582.1272449493408,0.0,255.0,220.63,153.0,,,,,,,
582.221312046051,0.0,255.0,220.63,153.0,,,,,,,
582.3154275417328,0.0,255.0,220.63,153.0,,,,,,,
582.4546189308167,0.0,255.0,220.5,162.0,,,,,,,
582.5323641300201,-0.13,255.0,220.52,155.0,,,,,,,
582.6439161300659,0.0,255.0,220.55,155.0,,,,,,,
582.7525520324707,0.0,255.0,220.56,154.0,,,,,,,
582.9251384735107,0.0,255.0,220.59,153.0,,,,,,,
583.12553191185,0.0,255.0,220.61,152.0,,,,,,,
583.2333040237427,0.0,255.0,220.61,151.0,,,,,,,
583.3269236087799,0.0,255.0,220.62,151.0,,,,,,,
583.530383348465,0.0,255.0,220.62,150.0,,,,,,,
583.6226360797882,0.0,255.0,220.63,150.0,,,,,,,
583.7480735778809,0.0,255.0,220.63,150.0,,,,,,,
583.8416171073914,0.13,255.0,220.63,149.0,,,,,,,
584.1367042064667,0.0,255.0,220.63,149.0,,,,,,,
584.3382487297058,0.0,255.0,220.63,148.0,,,,,,,
584.5275118350983,0.0,255.0,220.63,148.0,,,,,,,
584.6351616382599,0.0,255.0,220.63,147.0,,,,,,,
584.7306385040283,0.0,255.0,220.63,147.0,,,,,,,
584.838739156723,0.0,255.0,220.49,156.0,,,,,,,
585.0589890480042,0.0,255.0,220.55,149.0,,,,,,,
585.153263092041,0.0,255.0,220.42,157.0,,,,,,,
585.2763495445251,0.0,255.0,220.33,160.0,,,,,,,
585.5394644737244,0.0,255.0,220.36,153.0,,,,,,,
585.740026473999,0.0,255.0,220.32,159.0,,,,,,,
585.8498556613922,0.0,255.0,220.38,152.0,,,,,,,
586.0376808643341,0.0,255.0,220.34,158.0,,,,,,,
586.1458749771118,0.0,255.0,220.26,160.0,,,,,,,
586.2547073364258,0.0,255.0,220.33,153.0,,,,,,,
586.364697933197,0.0,255.0,220.25,160.0,,,,,,,
586.6482524871826,0.0,255.0,220.19,162.0,,,,,,,
586.8519628047943,-0.13,255.0,220.1,164.0,,,,,,,
587.054009437561,0.0,255.0,220.18,157.0,,,,,,,
587.1487195491791,0.0,255.0,220.13,163.0,,,,,,,
587.258624792099,0.0,255.0,220.09,164.0,,,,,,,
587.3519332408905,0.0,255.0,220.06,165.0,,,,,,,
587.5682430267334,0.0,255.0,220.02,166.0,,,,,,,
587.6776461601257,0.0,255.0,220.0,167.0,,,,,,,
587.7854092121124,0.0,255.0,219.99,167.0,,,,,,,
587.9562830924988,0.0,255.0,220.11,158.0,,,,,,,
588.1586718559265,0.0,255.0,220.19,156.0,,,,,,,
588.2664127349854,0.0,255.0,220.14,163.0,,,,,,,
588.3587894439697,-0.13,255.0,220.1,164.0,,,,,,,
588.5595424175262,0.0,255.0,220.04,165.0,,,,,,,
588.6661479473114,0.0,255.0,220.02,166.0,,,,,,,
588.7747189998627,0.0,255.0,220.0,166.0,,,,,,,
588.9608745574951,0.0,255.0,219.98,167.0,,,,,,,
589.1628894805908,0.0,255.0,219.96,167.0,,,,,,,
589.3652641773224,0.0,255.0,219.95,168.0,,,,,,,
589.5668878555298,0.0,255.0,220.06,165.0,,,,,,,
589.6611306667328,0.0,255.0,220.03,165.0,,,,,,,
589.7698750495911,0.0,255.0,220.02,166.0,,,,,,,
589.8631255626678,0.13,255.0,220.0,166.0,,,,,,,
590.0804743766785,0.0,255.0,219.98,167.0,,,,,,,
590.1871650218964,0.0,255.0,219.97,167.0,,,,,,,
590.2944624423981,0.0,255.0,219.96,167.0,,,,,,,
590.4663619995117,0.0,255.0,219.95,168.0,,,,,,,
590.6686754226685,0.0,255.0,219.95,168.0,,,,,,,
590.7779700756073,0.0,255.0,219.95,168.0,,,,,,,
590.8707091808319,0.0,255.0,219.94,168.0,,,,,,,
591.0730111598969,0.0,255.0,219.94,168.0,,,,,,,
591.181325674057,0.0,255.0,219.94,168.0,,,,,,,
591.2746331691742,0.0,255.0,219.94,168.0,,,,,,,
591.4926135540009,0.0,255.0,219.94,168.0,,,,,,,
591.6800887584686,0.0,255.0,219.94,168.0,,,,,,,
591.8830420970917,0.0,255.0,219.94,168.0,,,,,,,
592.0816404819489,0.0,255.0,219.94,169.0,,,,,,,
592.1757624149323,0.0,255.0,219.94,169.0,,,,,,,
592.2843189239502,0.0,255.0,219.94,169.0,,,,,,,
592.4866766929626,0.0,255.0,219.94,169.0,,,,,,,
592.5953757762909,0.0,255.0,219.94,169.0,,,,,,,
592.7038996219635,0.0,255.0,219.94,169.0,,,,,,,
592.8131527900696,0.13,255.0,219.94,169.0,,,,,,,
592.9824869632721,0.0,255.0,219.94,169.0,,,,,,,
593.1838262081146,0.0,255.0,219.8,178.0,,,,,,,
593.2944357395172,0.0,255.0,219.83,172.0,,,,,,,
593.387907743454,0.0,255.0,219.85,171.0,,,,,,,
593.5904240608215,0.0,255.0,219.88,171.0,,,,,,,
593.6837384700775,0.0,255.0,219.89,170.0,,,,,,,
593.8093705177307,0.0,255.0,219.9,170.0,,,,,,,
593.9969356060028,0.0,255.0,219.67,182.0,,,,,,,
594.1984865665436,0.0,255.0,219.51,187.0,,,,,,,
594.3972735404968,0.0,255.0,219.42,190.0,,,,,,,
594.5969977378845,0.0,255.0,219.36,192.0,,,,,,,
594.6898288726807,0.0,255.0,219.33,193.0,,,,,,,
594.7997560501099,0.0,255.0,219.32,193.0,,,,,,,
595.0028872489929,0.0,255.0,219.29,195.0,,,,,,,
595.1097741127014,0.0,255.0,219.28,195.0,,,,,,,
595.2178859710693,0.0,255.0,219.28,196.0,,,,,,,
595.3280913829803,0.0,255.0,219.27,196.0,,,,,,,
595.6058573722839,0.0,255.0,219.26,197.0,,,,,,,
595.8082780838013,0.0,255.0,219.25,198.0,,,,,,,
595.9950680732727,0.0,255.0,219.25,199.0,,,,,,,
596.1057176589966,0.0,255.0,219.25,199.0,,,,,,,
596.1988456249237,0.0,255.0,219.25,199.0,,,,,,,
596.3075752258301,0.0,255.0,219.25,200.0,,,,,,,
596.5096380710602,0.0,255.0,219.25,200.0,,,,,,,
596.6347575187683,0.0,255.0,219.25,201.0,,,,,,,
596.804475069046,0.0,255.0,219.25,201.0,,,,,,,
597.0066316127777,0.0,255.0,219.25,202.0,,,,,,,
597.1151130199432,0.0,255.0,219.25,202.0,,,,,,,
597.208393573761,-0.13,255.0,219.25,203.0,,,,,,,
597.317554473877,0.0,255.0,219.25,203.0,,,,,,,
597.5202288627625,0.0,255.0,219.25,203.0,,,,,,,
597.630295753479,0.0,255.0,219.25,204.0,,,,,,,
597.7396297454834,0.0,255.0,219.25,204.0,,,,,,,
597.8502840995789,0.0,255.0,219.25,204.0,,,,,,,
598.1121709346771,0.0,255.0,219.25,205.0,,,,,,,
598.2202944755554,0.0,255.0,219.25,206.0,,,,,,,
598.3125970363617,0.0,255.0,219.25,206.0,,,,,,,
598.5184955596924,0.0,255.0,219.25,206.0,,,,,,,
598.6111326217651,0.0,255.0,219.25,207.0,,,,,,,
598.7195661067963,0.0,255.0,219.25,207.0,,,,,,,
598.8277819156647,0.0,255.0,219.25,207.0,,,,,,,
599.044896364212,0.0,255.0,219.25,208.0,,,,,,,
599.1548655033112,0.0,255.0,219.39,199.0,,,,,,,
599.3268783092499,0.0,255.0,219.45,203.0,,,,,,,
599.5286357402802,0.0,255.0,219.37,206.0,,,,,,,
599.620589017868,0.0,255.0,219.35,207.0,,,,,,,
599.7295908927917,0.0,255.0,219.33,207.0,,,,,,,
599.8218972682953,0.0,255.0,219.31,208.0,,,,,,,
600.039048910141,0.0,255.0,219.29,209.0,,,,,,,
600.147524356842,-0.13,255.0,219.28,210.0,,,,,,,
600.2563173770905,0.0,255.0,219.27,210.0,,,,,,,
600.3643248081207,0.0,255.0,219.27,211.0,,,,,,,
600.6276609897614,0.0,255.0,219.26,212.0,,,,,,,
600.7367043495178,0.0,255.0,219.26,212.0,,,,,,,
600.8321993350983,0.0,255.0,219.25,213.0,,,,,,,
601.0326845645905,0.0,255.0,219.25,213.0,,,,,,,
601.1260566711426,0.0,255.0,219.25,214.0,,,,,,,
601.2359788417816,0.0,255.0,219.25,214.0,,,,,,,
601.3455541133881,0.0,255.0,219.25,214.0,,,,,,,
601.5628657341003,0.0,255.0,219.25,215.0,,,,,,,
601.6721560955048,0.13,255.0,219.25,215.0,,,,,,,
601.8430397510529,0.0,255.0,219.25,216.0,,,,,,,
602.044144153595,0.0,255.0,219.25,216.0,,,,,,,
602.1388685703278,0.0,255.0,219.25,217.0,,,,,,,
602.2463963031769,0.0,255.0,219.39,208.0,,,,,,,
602.3398501873016,0.0,255.0,219.36,214.0,,,,,,,
602.5574669837952,0.0,255.0,219.46,207.0,,,,,,,
602.6666843891144,0.0,255.0,219.41,213.0,,,,,,,
602.7755675315857,0.0,255.0,219.52,206.0,,,,,,,
602.9628901481628,0.0,255.0,219.56,205.0,,,,,,,
603.1482329368591,0.0,255.0,219.58,204.0,,,,,,,
603.3516662120819,0.0,255.0,219.71,201.0,,,,,,,
603.5536975860596,0.0,255.0,219.79,199.0,,,,,,,
603.6476519107819,0.0,255.0,219.82,198.0,,,,,,,
603.7579765319824,0.0,255.0,219.84,198.0,,,,,,,
603.866037607193,0.0,255.0,219.86,197.0,,,,,,,
604.0836308002472,0.0,255.0,219.75,206.0,,,,,,,
604.2557187080383,0.0,255.0,219.71,202.0,,,,,,,
604.4566969871521,0.13,255.0,219.79,200.0,,,,,,,
604.6603920459747,0.0,255.0,219.84,199.0,,,,,,,
604.7523832321167,0.0,255.0,219.86,198.0,,,,,,,
604.8620715141296,0.0,255.0,219.88,198.0,,,,,,,
605.0641260147095,0.0,255.0,219.76,206.0,,,,,,,
605.1738288402557,0.0,255.0,219.8,200.0,,,,,,,
605.2831027507782,0.0,255.0,219.82,200.0,,,,,,,
605.4535224437714,0.0,255.0,219.86,199.0,,,,,,,
605.6549363136292,0.0,255.0,219.89,198.0,,,,,,,
605.7645921707153,0.0,255.0,219.9,198.0,,,,,,,
605.858142375946,0.13,255.0,219.91,198.0,,,,,,,
606.0595779418945,0.0,255.0,219.92,197.0,,,,,,,
606.1685512065887,0.0,255.0,219.92,197.0,,,,,,,
606.2787127494812,0.0,255.0,219.92,197.0,,,,,,,
606.4663605690002,0.0,255.0,219.93,197.0,,,,,,,
606.6688132286072,0.0,255.0,219.93,197.0,,,,,,,
606.8709721565247,0.0,255.0,219.93,197.0,,,,,,,
607.073009967804,0.0,255.0,219.93,197.0,,,,,,,
607.1657016277313,0.13,255.0,219.94,197.0,,,,,,,
607.2746102809906,0.0,255.0,219.94,197.0,,,,,,,
607.367924451828,0.0,255.0,219.94,197.0,,,,,,,
607.585830450058,0.0,255.0,220.05,194.0,,,,,,,
607.695422410965,0.0,255.0,220.03,195.0,,,,,,,
607.8042452335358,0.0,255.0,220.01,195.0,,,,,,,
607.976503610611,0.0,255.0,219.98,196.0,,,,,,,
608.1786978244781,0.0,255.0,220.08,193.0,,,,,,,
608.380934715271,0.0,255.0,220.03,195.0,,,,,,,
608.5827860832214,-0.13,255.0,219.99,195.0,,,,,,,
608.6758961677551,0.0,255.0,219.98,196.0,,,,,,,
608.7856268882751,0.0,255.0,219.97,196.0,,,,,,,
608.9733839035034,0.0,255.0,219.96,196.0,,,,,,,
609.1116409301758,0.0,255.0,219.96,197.0,,,,,,,
609.2844250202179,0.0,255.0,219.95,197.0,,,,,,,
609.4875037670135,0.0,255.0,220.08,188.0,,,,,,,
609.6889679431915,0.0,255.0,220.14,191.0,,,,,,,
609.7828938961029,0.13,255.0,220.1,192.0,,,,,,,
609.9872887134552,0.0,255.0,220.04,194.0,,,,,,,
610.0953094959259,0.0,255.0,220.02,195.0,,,,,,,
610.20334649086,0.0,255.0,220.0,195.0,,,,,,,
610.3133862018585,0.0,255.0,219.99,195.0,,,,,,,
610.4844477176666,0.0,255.0,220.22,184.0,,,,,,,
610.6858172416687,0.0,255.0,220.23,188.0,,,,,,,
610.7952907085419,0.0,255.0,220.17,190.0,,,,,,,
610.8888912200928,0.0,255.0,220.26,182.0,,,,,,,
611.0898385047913,0.0,255.0,220.4,178.0,,,,,,,
611.1838314533234,-0.13,255.0,220.45,177.0,,,,,,,
611.2945418357849,0.0,255.0,220.34,185.0,,,,,,,
611.4982826709747,0.0,255.0,220.34,179.0,,,,,,,
611.6199450492859,0.0,255.0,220.4,178.0,,,,,,,
611.7296855449677,0.0,255.0,220.44,176.0,,,,,,,
611.900622844696,0.0,255.0,220.26,186.0,,,,,,,
612.1017293930054,0.0,255.0,220.26,186.0,,,,,,,
612.1951973438263,0.0,255.0,220.33,179.0,,,,,,,
612.3043797016144,0.0,255.0,220.39,177.0,,,,,,,
612.5070261955261,0.0,255.0,220.37,177.0,,,,,,,
612.6163065433502,0.0,255.0,220.28,185.0,,,,,,,
612.7266557216644,0.0,255.0,220.21,186.0,,,,,,,
612.8356840610504,0.0,255.0,220.3,179.0,,,,,,,
613.1007151603699,0.0,255.0,220.26,179.0,,,,,,,
613.3026173114777,0.0,255.0,220.26,185.0,,,,,,,
613.5052630901337,0.0,255.0,220.39,175.0,,,,,,,
613.6134903430939,0.0,255.0,220.44,174.0,,,,,,,
613.7081317901611,0.0,255.0,220.48,173.0,,,,,,,
613.8172500133514,-0.13,255.0,220.51,171.0,,,,,,,
614.0334672927856,0.0,255.0,220.44,173.0,,,,,,,
614.1435539722443,0.0,255.0,220.48,172.0,,,,,,,
614.3159077167511,0.0,255.0,220.43,173.0,,,,,,,
614.5186369419098,0.0,255.0,220.5,171.0,,,,,,,
614.613520860672,0.0,255.0,220.39,179.0,,,,,,,
614.7074055671692,0.0,255.0,220.44,172.0,,,,,,,
614.8166887760162,0.0,255.0,220.34,180.0,,,,,,,
615.0181558132172,0.0,255.0,220.44,171.0,,,,,,,
615.128898859024,0.13,255.0,220.48,170.0,,,,,,,
615.2390384674072,0.0,255.0,220.51,169.0,,,,,,,
615.3467984199524,0.0,255.0,220.4,177.0,,,,,,,
615.6111130714417,0.0,255.0,220.31,174.0,,,,,,,
615.7181675434113,0.0,255.0,220.38,172.0,,,,,,,
615.8121328353882,0.0,255.0,220.43,170.0,,,,,,,
615.952231168747,0.0,255.0,220.47,169.0,,,,,,,
616.1226649284363,0.0,255.0,220.39,176.0,,,,,,,
616.2156796455383,-0.13,255.0,220.44,169.0,,,,,,,
616.3389894962311,0.0,255.0,220.34,177.0,,,,,,,
616.5415341854095,0.13,255.0,220.44,169.0,,,,,,,
616.7284364700317,0.0,255.0,220.51,167.0,,,,,,,
616.9607026576996,0.0,255.0,220.31,177.0,,,,,,,
617.1308948993683,0.0,255.0,220.28,178.0,,,,,,,
617.2242813110352,0.0,255.0,220.35,170.0,,,,,,,
617.3322706222534,0.0,255.0,220.41,169.0,,,,,,,
617.5331790447235,0.0,255.0,220.38,169.0,,,,,,,
617.6427614688873,0.0,255.0,220.43,168.0,,,,,,,
617.7503201961517,0.0,255.0,220.47,166.0,,,,,,,
617.8603389263153,0.0,255.0,220.36,174.0,,,,,,,
618.1252157688141,0.0,255.0,220.3,171.0,,,,,,,
618.226277589798,0.0,255.0,220.22,0.0,,,,,,,
618.3269984722137,0.0,255.0,220.17,0.0,,,,,,,
618.5282688140869,0.0,255.0,220.2,0.0,,,,,,,
618.6293518543243,0.0,255.0,220.14,0.0,,,,,,,
618.7307047843933,0.0,255.0,220.1,0.0,,,,,,,
618.8398404121399,0.0,255.0,220.07,0.0,,,,,,,
619.0575907230377,0.0,255.0,220.13,0.0,,,,,,,
619.1664719581604,0.0,255.0,220.09,0.0,,,,,,,
619.2769112586975,0.0,255.0,220.06,0.0,,,,,,,
619.4506206512451,0.0,255.0,220.02,0.0,,,,,,,
619.646107673645,0.0,255.0,219.99,0.0,,,,,,,
619.7409138679504,0.0,255.0,219.98,0.0,,,,,,,
619.8492085933685,0.0,255.0,219.97,0.0,,,,,,,
620.0520467758179,0.0,255.0,219.96,0.0,,,,,,,
620.1607916355133,0.0,255.0,219.95,0.0,,,,,,,
620.2692308425903,0.0,255.0,219.95,0.0,,,,,,,
620.4562573432922,0.0,255.0,219.95,0.0,,,,,,,
620.6425566673279,0.0,255.0,219.94,0.0,,,,,,,
620.7509648799896,0.0,255.0,219.94,0.0,,,,,,,
620.8451633453369,0.0,255.0,219.94,0.0,,,,,,,
621.047004699707,0.0,255.0,219.94,0.0,,,,,,,
621.1570301055908,0.0,255.0,219.94,0.0,,,,,,,
621.2500386238098,0.0,255.0,219.94,0.0,,,,,,,
621.3585815429688,0.0,255.0,219.94,0.0,,,,,,,
621.5902485847473,0.0,255.0,219.94,0.0,,,,,,,
621.7467913627625,0.0,255.0,219.94,0.0,,,,,,,
621.9648954868317,0.0,255.0,219.8,0.0,,,,,,,
622.1528506278992,0.0,255.0,219.6,0.0,,,,,,,
622.2602353096008,0.0,255.0,219.53,0.0,,,,,,,
622.3550956249237,0.0,255.0,219.47,0.0,,,,,,,
622.5749695301056,0.0,255.0,219.5,0.0,,,,,,,
622.6685066223145,0.0,255.0,219.45,0.0,,,,,,,
622.7777247428894,0.0,255.0,219.41,0.0,,,,,,,
622.9628715515137,0.0,255.0,219.35,0.0,,,,,,,
623.1640477180481,0.0,255.0,219.31,0.0,,,,,,,
623.3667032718658,0.0,255.0,219.29,0.0,,,,,,,
623.5686781406403,0.0,255.0,219.14,0.0,,,,,,,
623.6624135971069,0.0,255.0,219.16,0.0,,,,,,,
623.7725112438202,0.0,255.0,219.18,0.0,,,,,,,
623.9748797416687,0.0,255.0,219.09,0.0,,,,,,,
624.0989406108856,0.0,255.0,219.12,0.0,,,,,,,
624.2698543071747,0.0,255.0,218.92,0.0,,,,,,,
624.4720401763916,0.0,255.0,218.79,0.0,,,,,,,
624.6730399131775,0.0,255.0,218.71,0.0,,,,,,,
624.7663555145264,0.0,255.0,218.68,0.0,,,,,,,
624.8747746944427,0.0,255.0,218.66,0.0,,,,,,,
625.0754432678223,0.0,255.0,218.63,0.0,,,,,,,
625.1992690563202,0.0,255.0,218.61,0.0,,,,,,,
625.2923634052277,0.13,255.0,218.6,0.0,,,,,,,
625.479905128479,0.0,255.0,218.35,0.0,,,,,,,
625.6803340911865,0.0,255.0,218.18,0.0,,,,,,,
625.8827619552612,0.0,255.0,218.08,0.0,,,,,,,
626.0857801437378,0.0,255.0,218.01,0.0,,,,,,,
626.1793735027313,0.0,255.0,217.99,0.0,,,,,,,
626.2890660762787,0.0,255.0,217.97,0.0,,,,,,,
626.4907102584839,0.0,255.0,217.94,0.0,,,,,,,
626.6163957118988,0.0,255.0,217.8,0.0,,,,,,,
626.7894811630249,0.0,255.0,217.59,0.0,,,,,,,
626.9902851581573,0.0,255.0,217.46,0.0,,,,,,,
627.1917896270752,0.0,255.0,217.38,0.0,,,,,,,
627.2790772914886,0.0,255.0,217.35,0.0,,,,,,,
627.4854032993317,-0.13,255.0,217.17,0.0,,,,,,,
627.5967607498169,0.0,255.0,217.05,0.0,,,,,,,
627.7071077823639,0.0,255.0,216.96,0.0,,,,,,,
627.814359664917,0.0,255.0,216.88,0.0,,,,,,,
627.9992213249207,0.0,255.0,216.77,0.0,,,,,,,
628.1871626377106,0.0,255.0,216.7,0.0,,,,,,,
628.2962810993195,0.0,255.0,216.67,0.0,,,,,,,
628.3898024559021,0.0,255.0,216.52,0.0,,,,,,,
628.5927064418793,0.0,255.0,216.41,0.0,,,,,,,
628.702648639679,0.0,255.0,216.31,0.0,,,,,,,
628.8120517730713,0.0,255.0,216.24,0.0,,,,,,,
628.9986724853516,0.0,255.0,216.12,0.0,,,,,,,
629.1994876861572,-0.13,255.0,216.05,0.0,,,,,,,
629.4005980491638,0.0,255.0,216.01,0.0,,,,,,,
629.603316783905,0.0,255.0,215.98,0.0,,,,,,,
629.6958839893341,0.0,255.0,215.84,0.0,,,,,,,
629.804826259613,0.0,255.0,215.73,0.0,,,,,,,
630.0054636001587,0.0,255.0,215.57,0.0,,,,,,,
630.113142490387,0.0,255.0,215.51,0.0,,,,,,,
630.2196762561798,0.0,255.0,215.46,0.0,,,,,,,
630.326776266098,0.0,255.0,215.43,0.0,,,,,,,
630.6053836345673,0.0,255.0,215.13,0.0,,,,,,,
630.8083755970001,-0.13,255.0,214.96,0.0,,,,,,,
631.0112574100494,0.0,255.0,214.85,0.0,,,,,,,
631.1024699211121,0.0,255.0,214.81,0.0,,,,,,,
631.212708234787,0.0,255.0,214.65,0.0,,,,,,,
631.3205404281616,0.0,255.0,214.52,0.0,,,,,,,
631.5386457443237,0.0,255.0,214.34,0.0,,,,,,,
631.6486060619354,0.0,255.0,214.28,0.0,,,,,,,
631.8195135593414,-0.13,255.0,214.19,0.0,,,,,,,
632.022748708725,0.0,255.0,214.0,0.0,,,,,,,
632.2100832462311,0.0,255.0,213.79,0.0,,,,,,,
632.3177568912506,0.0,255.0,213.71,0.0,,,,,,,
632.5212545394897,0.0,255.0,213.6,0.0,,,,,,,
632.6302669048309,0.0,255.0,213.44,0.0,,,,,,,
632.7398762702942,0.0,255.0,213.31,0.0,,,,,,,
632.8494009971619,0.0,255.0,213.21,0.0,,,,,,,
633.1274168491364,0.13,255.0,213.08,0.0,,,,,,,
633.3289620876312,0.0,255.0,212.98,0.0,,,,,,,
633.6226258277893,0.0,255.0,212.59,0.0,,,,,,,
633.7316915988922,0.0,255.0,212.51,0.0,,,,,,,
633.8263092041016,0.0,255.0,212.44,0.0,,,,,,,
634.0574152469635,0.0,255.0,212.35,0.0,,,,,,,
634.151166677475,0.0,255.0,212.2,0.0,,,,,,,
634.3358812332153,0.0,255.0,211.98,0.0,,,,,,,
634.6267004013062,0.0,255.0,211.79,0.0,,,,,,,
634.7354388237,0.0,255.0,211.75,0.0,,,,,,,
634.8292653560638,0.0,255.0,211.6,0.0,,,,,,,
635.0306804180145,0.0,255.0,211.38,0.0,,,,,,,
635.139680147171,0.0,255.0,211.3,0.0,,,,,,,
635.2468137741089,0.0,255.0,211.24,0.0,,,,,,,
635.3714804649353,0.0,255.0,211.19,0.0,,,,,,,
635.7431364059448,-0.13,255.0,210.96,0.0,,,,,,,
636.0409421920776,0.0,255.0,210.69,0.0,,,,,,,
636.1346702575684,0.0,255.0,210.63,0.0,,,,,,,
636.2437598705292,0.0,255.0,210.59,0.0,,,,,,,
636.3380727767944,0.0,255.0,210.55,0.0,,,,,,,
636.5701966285706,0.0,255.0,210.5,0.0,,,,,,,
636.6784875392914,0.0,255.0,210.48,0.0,,,,,,,
636.8483800888062,0.0,255.0,210.25,0.0,,,,,,,
637.1449658870697,0.0,255.0,210.04,0.0,,,,,,,
637.2394876480103,-0.13,255.0,209.88,0.0,,,,,,,
637.3486640453339,0.0,255.0,209.76,0.0,,,,,,,
637.5496399402618,0.0,255.0,209.58,0.0,,,,,,,
637.657016992569,0.0,255.0,209.51,0.0,,,,,,,
637.7657606601715,0.0,255.0,209.46,0.0,,,,,,,
638.0561425685883,0.0,255.0,209.08,0.0,,,,,,,
638.2591559886932,0.13,255.0,208.94,0.0,,,,,,,
638.4750502109528,0.0,255.0,208.85,0.0,,,,,,,
638.6581356525421,-0.13,255.0,208.68,0.0,,,,,,,
638.7502121925354,0.13,255.0,208.57,0.0,,,,,,,
638.8590240478516,0.0,255.0,208.48,0.0,,,,,,,
639.2586221694946,0.0,255.0,208.16,0.0,,,,,,,
639.5669589042664,0.0,255.0,207.98,0.0,,,,,,,
639.7536005973816,0.0,255.0,207.83,0.0,,,,,,,
639.8631174564362,0.0,255.0,207.78,0.0,,,,,,,
640.0634398460388,-0.13,255.0,207.5,0.0,,,,,,,
640.1712622642517,0.0,255.0,207.41,0.0,,,,,,,
640.2797727584839,0.13,255.0,207.33,0.0,,,,,,,
640.5756525993347,0.0,255.0,207.18,0.0,,,,,,,
640.7623677253723,0.0,255.0,207.01,0.0,,,,,,,
640.8722755908966,0.0,255.0,206.9,0.0,,,,,,,
641.1678733825684,0.0,255.0,206.69,0.0,,,,,,,
641.2770421504974,-0.13,255.0,206.65,0.0,,,,,,,
641.4942150115967,-0.13,255.0,206.39,0.0,,,,,,,
641.6022989749908,0.13,255.0,206.3,0.0,,,,,,,
641.6958119869232,0.0,255.0,206.22,0.0,,,,,,,
641.8812036514282,0.0,255.0,206.12,0.0,,,,,,,
642.1758499145508,0.0,255.0,205.94,0.0,,,,,,,
642.2688972949982,0.0,255.0,205.94,0.0,,,,,,,
642.3775904178619,0.0,255.0,205.83,0.0,,,,,,,
642.5786740779877,0.0,255.0,205.67,0.0,,,,,,,
642.6826102733612,0.0,255.0,205.62,0.0,,,,,,,
642.7922236919403,0.0,255.0,205.57,0.0,,,,,,,
642.9722943305969,0.0,255.0,205.4,0.0,,,,,,,
643.1835255622864,0.0,255.0,205.21,2.0,,,,,,,
643.3855299949646,0.0,255.0,205.09,1.0,,,,,,,
643.5801086425781,0.0,255.0,204.9,6.0,,,,,,,
643.6769661903381,0.0,255.0,204.79,7.0,,,,,,,
643.7903983592987,0.0,255.0,204.7,8.0,,,,,,,
643.9950528144836,0.0,255.0,204.57,8.0,,,,,,,
644.1043586730957,0.0,255.0,204.53,7.0,,,,,,,
644.2164957523346,0.13,255.0,204.39,13.0,,,,,,,
644.3960828781128,0.0,255.0,204.18,15.0,,,,,,,
644.5994107723236,0.0,255.0,204.05,16.0,,,,,,,
644.7837278842926,0.0,255.0,203.97,15.0,,,,,,,
644.9854791164398,0.0,255.0,203.83,15.0,,,,,,,
645.0936968326569,0.0,255.0,203.73,21.0,,,,,,,
645.2046637535095,0.0,255.0,203.65,21.0,,,,,,,
645.313309431076,0.0,255.0,203.58,22.0,,,,,,,
645.5006260871887,0.0,255.0,203.48,22.0,,,,,,,
645.7030239105225,0.0,255.0,203.24,30.0,,,,,,,
645.9045147895813,0.0,255.0,203.08,31.0,,,,,,,
646.105180978775,0.0,255.0,202.98,32.0,,,,,,,
646.198404788971,0.0,255.0,202.94,32.0,,,,,,,
646.3076043128967,0.0,255.0,202.91,31.0,,,,,,,
646.4936606884003,0.0,255.0,202.77,37.0,,,,,,,
646.633064031601,0.0,255.0,202.68,38.0,,,,,,,
646.8041281700134,0.0,255.0,202.54,40.0,,,,,,,
647.0064854621887,0.13,255.0,202.45,40.0,,,,,,,
647.2086846828461,0.0,255.0,202.29,47.0,,,,,,,
647.3023290634155,0.0,255.0,202.19,48.0,,,,,,,
647.5045554637909,0.0,255.0,202.05,51.0,,,,,,,
647.6133511066437,0.13,255.0,202.0,51.0,,,,,,,
647.7230596542358,0.0,255.0,201.96,52.0,,,,,,,
647.8311378955841,0.0,255.0,201.82,58.0,,,,,,,
648.0462090969086,0.0,255.0,201.63,62.0,,,,,,,
648.2168760299683,0.0,255.0,201.51,64.0,,,,,,,
648.4478805065155,0.0,255.0,201.44,65.0,,,,,,,
648.6173319816589,0.0,255.0,201.39,66.0,,,,,,,
648.711443901062,0.0,255.0,201.37,65.0,,,,,,,
648.8191862106323,0.0,255.0,201.26,72.0,,,,,,,
649.0378844738007,0.13,255.0,201.09,75.0,,,,,,,
649.1466398239136,0.0,255.0,201.04,76.0,,,,,,,
649.2550282478333,0.0,255.0,200.99,77.0,,,,,,,
649.4106285572052,0.0,255.0,200.83,85.0,,,,,,,
649.6275501251221,0.0,255.0,200.64,89.0,,,,,,,
649.7220995426178,0.0,255.0,200.68,84.0,,,,,,,
649.8158137798309,0.0,255.0,200.6,90.0,,,,,,,
650.0168137550354,0.0,255.0,200.5,92.0,,,,,,,
650.125275850296,0.0,255.0,200.37,99.0,,,,,,,
650.2340581417084,0.0,255.0,200.36,96.0,,,,,,,
650.343582868576,0.0,255.0,200.35,96.0,,,,,,,
650.5593733787537,0.0,255.0,200.16,105.0,,,,,,,
650.7323069572449,0.0,255.0,200.05,108.0,,,,,,,
650.9511225223541,0.0,255.0,199.97,110.0,,,,,,,
651.1380174160004,0.0,255.0,199.92,111.0,,,,,,,
651.2304031848907,0.0,255.0,199.9,112.0,,,,,,,
651.3394932746887,0.0,255.0,199.8,118.0,,,,,,,
651.5568373203278,0.0,255.0,199.73,117.0,,,,,,,
651.6653125286102,0.0,255.0,199.56,129.0,,,,,,,
651.836588382721,0.0,255.0,199.32,136.0,,,,,,,
652.0358312129974,0.0,255.0,199.16,141.0,,,,,,,
652.2364017963409,0.13,255.0,199.06,144.0,,,,,,,
652.3277385234833,0.0,255.0,199.03,146.0,,,,,,,
652.5310974121094,0.0,255.0,198.97,148.0,,,,,,,
652.6549203395844,0.0,255.0,198.96,149.0,,,,,,,
652.7468430995941,0.0,255.0,198.94,150.0,,,,,,,
652.8553307056427,0.0,255.0,198.93,151.0,,,,,,,
653.1489477157593,0.0,255.0,198.91,152.0,,,,,,,
653.347907781601,0.0,255.0,198.8,160.0,,,,,,,
653.5357387065887,0.0,255.0,198.66,165.0,,,,,,,
653.6449921131134,0.0,255.0,198.61,167.0,,,,,,,
653.7380313873291,0.0,255.0,198.57,168.0,,,,,,,
653.8371779918671,0.0,255.0,198.54,170.0,,,,,,,
654.0697875022888,0.0,255.0,198.49,172.0,,,,,,,
654.1786277294159,0.0,255.0,198.48,173.0,,,,,,,
654.2854223251343,0.0,255.0,198.46,174.0,,,,,,,
654.5484571456909,0.0,255.0,198.36,179.0,,,,,,,
654.6567947864532,0.0,255.0,198.28,185.0,,,,,,,
654.7500545978546,0.0,255.0,198.31,182.0,,,,,,,
654.8580656051636,0.0,255.0,198.23,188.0,,,,,,,
655.1705276966095,0.0,255.0,198.09,194.0,,,,,,,
655.2790336608887,0.0,255.0,198.06,196.0,,,,,,,
655.5550489425659,0.0,255.0,198.01,200.0,,,,,,,
655.7559142112732,0.0,255.0,197.98,202.0,,,,,,,
655.9760401248932,0.0,255.0,197.97,204.0,,,,,,,
656.1615054607391,0.0,255.0,197.87,212.0,,,,,,,
656.2551743984222,-0.13,255.0,197.88,209.0,,,,,,,
656.365131855011,0.13,255.0,197.8,215.0,,,,,,,
656.5800049304962,-0.13,255.0,197.76,218.0,,,,,,,
656.6876931190491,0.13,255.0,197.8,215.0,,,,,,,
656.7958600521088,0.0,255.0,197.74,221.0,,,,,,,
657.0594878196716,0.0,255.0,197.71,221.0,,,,,,,
657.1672654151917,0.0,255.0,197.66,227.0,,,,,,,
657.2609627246857,0.0,255.0,197.63,229.0,,,,,,,
657.3694407939911,0.0,255.0,197.6,230.0,,,,,,,
657.6799161434174,0.0,255.0,197.54,235.0,,,,,,,
657.7882702350616,0.0,255.0,197.53,236.0,,,,,,,
658.0062074661255,0.0,255.0,197.51,238.0,,,,,,,
658.1799600124359,0.0,255.0,197.5,241.0,,,,,,,
658.3649053573608,0.0,255.0,197.5,243.0,,,,,,,
658.6711418628693,0.0,255.0,197.49,246.0,,,,,,,
658.7797541618347,0.0,255.0,197.49,247.0,,,,,,,
658.9958484172821,0.0,255.0,197.49,249.0,,,,,,,
659.0902180671692,0.0,255.0,197.49,250.0,,,,,,,
659.2755951881409,0.0,255.0,197.48,252.0,,,,,,,
659.586014509201,0.13,255.0,197.48,255.0,,,,,,,
659.7733774185181,0.0,255.0,197.56,254.0,,,,,,,
659.8820915222168,0.0,255.0,197.54,255.0,,,,,,,
660.1943616867065,-0.13,255.0,197.61,250.0,,,,,,,
660.3020751476288,0.0,255.0,197.67,249.0,,,,,,,
660.5172929763794,0.0,255.0,197.68,255.0,,,,,,,
660.6893465518951,0.0,255.0,197.7,251.0,,,,,,,
660.89324426651,0.0,255.0,197.62,255.0,,,,,,,
661.1888670921326,0.0,255.0,197.63,255.0,,,,,,,
661.2821202278137,0.0,255.0,197.69,253.0,,,,,,,
661.484050989151,0.0,255.0,197.78,252.0,,,,,,,
661.6075220108032,0.0,255.0,197.82,252.0,,,,,,,
661.7925255298615,0.0,255.0,197.86,252.0,,,,,,,
662.0106859207153,0.0,255.0,197.89,253.0,,,,,,,
662.1961286067963,0.0,255.0,197.91,254.0,,,,,,,
662.2888324260712,0.0,255.0,197.92,255.0,,,,,,,
662.5210697650909,0.0,255.0,197.93,255.0,,,,,,,
662.5970265865326,0.0,255.0,197.93,255.0,,,,,,,
662.7049331665039,0.0,255.0,197.93,255.0,,,,,,,
662.8126904964447,0.0,255.0,198.03,248.0,,,,,,,
663.0122673511505,-0.13,255.0,198.09,248.0,,,,,,,
663.1986615657806,0.0,255.0,198.13,249.0,,,,,,,
663.3981759548187,0.0,255.0,198.23,247.0,,,,,,,
663.712883234024,0.0,255.0,198.32,247.0,,,,,,,
663.8051247596741,0.0,255.0,198.34,247.0,,,,,,,
664.0068774223328,0.0,255.0,198.37,248.0,,,,,,,
664.1308424472809,0.0,255.0,198.37,248.0,,,,,,,
664.2397093772888,0.0,255.0,198.48,242.0,,,,,,,
664.410192489624,0.0,255.0,198.55,242.0,,,,,,,
664.7070999145508,0.0,255.0,198.71,239.0,,,,,,,
664.8152692317963,0.0,255.0,198.75,238.0,,,,,,,
665.0186295509338,0.0,255.0,198.79,238.0,,,,,,,
665.1109855175018,0.0,255.0,198.81,238.0,,,,,,,
665.2199904918671,0.0,255.0,198.83,238.0,,,,,,,
665.3287794589996,0.0,255.0,198.84,238.0,,,,,,,
665.5463457107544,0.0,255.0,198.85,239.0,,,,,,,
665.7178392410278,0.0,255.0,198.86,239.0,,,,,,,
666.0276117324829,0.0,255.0,198.87,239.0,,,,,,,
666.1207277774811,0.0,255.0,198.87,239.0,,,,,,,
666.2138295173645,0.0,255.0,198.88,239.0,,,,,,,
666.3217222690582,0.0,255.0,198.88,239.0,,,,,,,
666.5401880741119,0.0,255.0,199.05,231.0,,,,,,,
666.6477806568146,0.0,255.0,199.11,229.0,,,,,,,
666.756409406662,0.0,255.0,199.16,228.0,,,,,,,
666.9294998645782,0.0,255.0,199.31,224.0,,,,,,,
667.2257258892059,0.0,255.0,199.5,215.0,,,,,,,
667.3180878162384,0.0,255.0,199.47,219.0,,,,,,,
667.5202631950378,0.0,255.0,199.6,212.0,,,,,,,
667.6285200119019,0.13,255.0,199.65,210.0,,,,,,,
667.7377917766571,-0.13,255.0,199.69,209.0,,,,,,,
667.8461985588074,0.13,255.0,199.72,209.0,,,,,,,
668.0632874965668,0.0,255.0,199.76,207.0,,,,,,,
668.2352449893951,0.0,255.0,199.79,207.0,,,,,,,
668.5284535884857,0.0,255.0,199.91,200.0,,,,,,,
668.6354365348816,0.0,255.0,199.99,197.0,,,,,,,
668.7286310195923,0.0,255.0,199.96,202.0,,,,,,,
668.8370208740234,0.0,255.0,200.03,196.0,,,,,,,
669.1634771823883,0.0,255.0,200.17,192.0,,,,,,,
669.271814584732,0.0,255.0,200.2,191.0,,,,,,,
669.5514023303986,0.0,255.0,200.26,189.0,,,,,,,
669.7364251613617,0.0,255.0,200.28,189.0,,,,,,,
669.8443205356598,0.0,255.0,200.29,188.0,,,,,,,
670.0472099781036,0.0,255.0,200.3,188.0,,,,,,,
670.1421844959259,0.0,255.0,200.4,181.0,,,,,,,
670.250096321106,0.0,255.0,200.48,179.0,,,,,,,
670.3599750995636,0.0,255.0,200.55,177.0,,,,,,,
670.5770251750946,0.0,255.0,200.64,174.0,,,,,,,
670.7465753555298,0.0,255.0,200.7,172.0,,,,,,,
671.0395028591156,0.0,255.0,200.75,169.0,,,,,,,
671.1484408378601,0.0,255.0,200.76,169.0,,,,,,,
671.2566266059875,0.0,255.0,200.77,168.0,,,,,,,
671.3488736152649,0.0,255.0,200.78,168.0,,,,,,,
671.5635664463043,0.0,255.0,200.87,164.0,,,,,,,
671.672036409378,0.0,255.0,200.85,164.0,,,,,,,
671.7804844379425,0.0,255.0,200.84,164.0,,,,,,,
672.0584146976471,0.0,255.0,201.0,155.0,,,,,,,
672.2590675354004,0.0,255.0,200.93,160.0,,,,,,,
672.3535566329956,0.0,255.0,201.0,154.0,,,,,,,
672.5549728870392,0.0,255.0,201.01,157.0,,,,,,,
672.6641161441803,0.0,255.0,201.07,151.0,,,,,,,
672.7720940113068,0.0,255.0,201.11,149.0,,,,,,,
673.0661187171936,0.0,255.0,201.2,145.0,,,,,,,
673.2681596279144,0.0,255.0,201.24,143.0,,,,,,,
673.5637195110321,0.0,255.0,201.27,141.0,,,,,,,
673.6573269367218,0.0,255.0,201.27,140.0,,,,,,,
673.765974521637,0.0,255.0,201.28,140.0,,,,,,,
673.85990858078,0.0,255.0,201.28,139.0,,,,,,,
674.0790677070618,0.0,255.0,201.29,138.0,,,,,,,
674.1855275630951,0.0,255.0,201.29,137.0,,,,,,,
674.294652223587,0.0,255.0,201.39,130.0,,,,,,,
674.4979410171509,0.0,255.0,201.53,125.0,,,,,,,
674.6682116985321,0.0,255.0,201.55,124.0,,,,,,,
674.7784087657928,0.0,255.0,201.6,122.0,,,,,,,
674.8712258338928,0.0,255.0,201.54,126.0,,,,,,,
675.0736429691315,0.0,255.0,201.55,121.0,,,,,,,
675.1826343536377,0.0,255.0,201.6,119.0,,,,,,,
675.276168346405,0.0,255.0,201.64,117.0,,,,,,,
675.5706815719604,0.0,255.0,201.71,113.0,,,,,,,
675.773187160492,0.0,255.0,201.74,111.0,,,,,,,
675.9754807949066,0.0,255.0,201.76,109.0,,,,,,,
676.0694072246552,0.0,255.0,201.77,108.0,,,,,,,
676.1788196563721,0.0,255.0,201.77,107.0,,,,,,,
676.2885835170746,0.0,255.0,201.78,107.0,,,,,,,
676.4746477603912,0.0,255.0,201.78,105.0,,,,,,,
676.5984816551208,0.0,255.0,201.78,104.0,,,,,,,
676.7060217857361,0.0,255.0,201.79,104.0,,,,,,,
676.8143830299377,0.0,255.0,201.79,103.0,,,,,,,
677.00106549263,0.0,255.0,201.89,95.0,,,,,,,
677.1833829879761,0.0,255.0,201.85,98.0,,,,,,,
677.278725862503,0.0,255.0,201.84,98.0,,,,,,,
677.3863158226013,0.0,255.0,201.83,97.0,,,,,,,
677.6974742412567,0.0,255.0,201.81,95.0,,,,,,,
677.8063216209412,0.0,255.0,201.81,95.0,,,,,,,
678.0070207118988,0.0,255.0,201.7,100.0,,,,,,,
678.1925160884857,0.0,255.0,201.74,94.0,,,,,,,
678.3938143253326,0.0,255.0,201.76,92.0,,,,,,,
678.595362663269,0.0,255.0,201.77,90.0,,,,,,,
678.6892282962799,0.0,255.0,201.77,89.0,,,,,,,
678.7988495826721,-0.13,255.0,201.78,89.0,,,,,,,
679.0153975486755,0.0,255.0,201.78,87.0,,,,,,,
679.1237344741821,0.0,255.0,201.79,86.0,,,,,,,
679.2166748046875,0.0,255.0,201.79,86.0,,,,,,,
679.3255093097687,0.0,255.0,201.69,91.0,,,,,,,
679.5901350975037,0.0,255.0,201.74,84.0,,,,,,,
679.699942111969,0.0,255.0,201.75,83.0,,,,,,,
679.8085570335388,0.0,255.0,201.76,82.0,,,,,,,
680.010330915451,0.0,255.0,201.77,80.0,,,,,,,
680.102959394455,0.0,255.0,201.78,80.0,,,,,,,
680.2120471000671,0.0,255.0,201.78,79.0,,,,,,,
680.3227653503418,0.0,255.0,201.78,78.0,,,,,,,
680.6029410362244,0.0,255.0,201.71,78.0,,,,,,,
680.8019032478333,0.0,255.0,201.56,84.0,,,,,,,
681.0059072971344,0.0,255.0,201.47,86.0,,,,,,,
681.0999908447266,0.0,255.0,201.43,86.0,,,,,,,
681.2075307369232,0.0,255.0,201.4,86.0,,,,,,,
681.3155438899994,-0.13,255.0,201.38,86.0,,,,,,,
681.5338053703308,0.0,255.0,201.35,86.0,,,,,,,
681.6266942024231,0.0,255.0,201.34,86.0,,,,,,,
681.7356512546539,0.0,255.0,201.33,86.0,,,,,,,
681.8448030948639,0.0,255.0,201.33,85.0,,,,,,,
682.1102201938629,0.0,255.0,201.31,84.0,,,,,,,
682.2043805122375,0.0,255.0,201.31,84.0,,,,,,,
682.3120868206024,0.0,255.0,201.31,83.0,,,,,,,
682.5175592899323,0.0,255.0,201.3,82.0,,,,,,,
682.6108076572418,0.0,255.0,201.2,88.0,,,,,,,
682.7172291278839,0.0,255.0,201.12,90.0,,,,,,,
682.8258490562439,-0.13,255.0,201.16,85.0,,,,,,,
683.1170432567596,0.0,255.0,200.99,92.0,,,,,,,
683.3212592601776,0.0,255.0,200.92,93.0,,,,,,,
683.6174874305725,0.0,255.0,200.86,94.0,,,,,,,
683.7268414497375,0.0,255.0,200.85,94.0,,,,,,,
683.8200442790985,0.0,255.0,200.84,94.0,,,,,,,
684.036768913269,0.0,255.0,200.83,93.0,,,,,,,
684.1451675891876,0.13,255.0,200.82,93.0,,,,,,,
684.2532243728638,0.0,255.0,200.72,99.0,,,,,,,
684.362478017807,0.0,255.0,200.64,101.0,,,,,,,
684.628659248352,0.0,255.0,200.48,105.0,,,,,,,
684.8302159309387,0.0,255.0,200.42,106.0,,,,,,,
685.1286110877991,0.0,255.0,200.44,105.0,,,,,,,
685.2383306026459,0.0,255.0,200.41,106.0,,,,,,,
685.3479127883911,-0.13,255.0,200.39,106.0,,,,,,,
685.7365763187408,0.0,255.0,200.35,107.0,,,,,,,
686.0307049751282,0.0,255.0,200.33,107.0,,,,,,,
686.1379823684692,0.0,255.0,200.33,107.0,,,,,,,
686.2300016880035,0.0,255.0,200.23,113.0,,,,,,,
686.3387010097504,0.0,255.0,200.25,109.0,,,,,,,
686.5564138889313,0.0,255.0,200.18,114.0,,,,,,,
686.6645693778992,0.0,255.0,200.21,110.0,,,,,,,
686.773508310318,0.13,255.0,200.13,115.0,,,,,,,
687.0379819869995,0.0,255.0,199.99,119.0,,,,,,,
687.2418880462646,0.0,255.0,199.93,121.0,,,,,,,
687.3510196208954,0.0,255.0,199.91,121.0,,,,,,,
687.6461956501007,0.0,255.0,199.88,123.0,,,,,,,
687.7570526599884,0.0,255.0,199.87,123.0,,,,,,,
687.8657586574554,0.0,255.0,199.86,123.0,,,,,,,
688.0813548564911,0.0,255.0,199.85,123.0,,,,,,,
688.2539384365082,0.0,255.0,199.85,124.0,,,,,,,
688.5468175411224,0.0,255.0,199.75,130.0,,,,,,,
688.6539263725281,0.0,255.0,199.76,126.0,,,,,,,
688.746503829956,0.0,255.0,199.68,132.0,,,,,,,
688.8539896011353,0.0,255.0,199.62,134.0,,,,,,,
689.0726778507233,0.0,255.0,199.52,137.0,,,,,,,
689.1819505691528,0.0,255.0,199.49,138.0,,,,,,,
689.2900235652924,0.0,255.0,199.46,139.0,,,,,,,
689.4768102169037,0.0,255.0,199.43,141.0,,,,,,,
689.6634695529938,0.13,255.0,199.31,148.0,,,,,,,
689.8666369915009,0.0,255.0,199.23,151.0,,,,,,,
690.1631169319153,0.0,255.0,199.06,157.0,,,,,,,
690.2705230712891,0.0,255.0,199.02,158.0,,,,,,,
690.564905166626,0.0,255.0,198.96,161.0,,,,,,,
690.7667398452759,0.0,255.0,198.93,163.0,,,,,,,
691.0015304088593,0.13,255.0,198.91,164.0,,,,,,,
691.1705918312073,0.0,255.0,198.9,165.0,,,,,,,
691.2633440494537,0.0,255.0,198.9,166.0,,,,,,,
691.3710942268372,0.0,255.0,198.89,166.0,,,,,,,
691.5873703956604,0.0,255.0,198.89,167.0,,,,,,,
691.6972229480743,0.0,255.0,198.89,168.0,,,,,,,
691.8059542179108,0.0,255.0,198.89,168.0,,,,,,,
691.9925560951233,0.0,255.0,198.89,169.0,,,,,,,
692.1634192466736,0.13,255.0,198.88,170.0,,,,,,,
692.2720711231232,0.0,255.0,198.88,170.0,,,,,,,
692.3805158138275,0.0,255.0,198.88,171.0,,,,,,,
692.5679883956909,0.0,255.0,198.88,172.0,,,,,,,
692.6751711368561,0.0,255.0,198.88,172.0,,,,,,,
692.7849953174591,0.0,255.0,198.88,173.0,,,,,,,
693.0817406177521,0.0,255.0,198.88,174.0,,,,,,,
693.2834784984589,0.0,255.0,198.88,175.0,,,,,,,
693.5784277915955,-0.13,255.0,198.88,176.0,,,,,,,
693.6861894130707,0.0,255.0,198.88,177.0,,,,,,,
693.7781522274017,0.0,255.0,198.79,183.0,,,,,,,
693.9800832271576,0.0,255.0,198.82,180.0,,,,,,,
694.1043446063995,0.0,255.0,198.83,180.0,,,,,,,
694.1987800598145,0.0,255.0,198.84,180.0,,,,,,,
694.3075354099274,0.0,255.0,198.85,180.0,,,,,,,
694.5854897499084,0.0,255.0,198.7,190.0,,,,,,,
694.7912743091583,0.0,255.0,198.67,191.0,,,,,,,
694.8848328590393,0.0,255.0,198.71,187.0,,,,,,,
695.0863914489746,0.0,255.0,198.7,189.0,,,,,,,
695.1951518058777,0.0,255.0,198.64,194.0,,,,,,,
695.3030688762665,0.0,255.0,198.6,196.0,,,,,,,
695.5046479701996,0.0,255.0,198.7,191.0,,,,,,,
695.627763748169,0.0,255.0,198.74,190.0,,,,,,,
695.7987718582153,0.0,255.0,198.79,190.0,,,,,,,
696.002809047699,0.0,255.0,198.82,190.0,,,,,,,
696.0963289737701,0.0,255.0,198.83,190.0,,,,,,,
696.1899399757385,0.0,255.0,198.84,190.0,,,,,,,
696.2992603778839,0.0,255.0,198.76,197.0,,,,,,,
696.5028584003448,-0.13,255.0,198.71,199.0,,,,,,,
696.610345363617,0.0,255.0,198.74,195.0,,,,,,,
696.7193121910095,0.0,255.0,198.68,201.0,,,,,,,
696.8273358345032,0.0,255.0,198.62,203.0,,,,,,,
697.1072721481323,0.0,255.0,198.75,197.0,,,,,,,
697.3089118003845,0.0,255.0,198.72,199.0,,,,,,,
697.4958200454712,-0.13,255.0,198.78,199.0,,,,,,,
697.6055347919464,0.0,255.0,198.8,199.0,,,,,,,
697.6984188556671,0.0,255.0,198.82,199.0,,,,,,,
697.8223445415497,0.0,255.0,198.83,199.0,,,,,,,
698.040486574173,0.0,255.0,198.85,199.0,,,,,,,
698.2108614444733,0.0,255.0,198.77,206.0,,,,,,,
698.4154582023621,0.0,255.0,198.71,208.0,,,,,,,
698.709016084671,0.0,255.0,198.74,206.0,,,,,,,
698.8166537284851,0.0,255.0,198.67,212.0,,,,,,,
699.1284174919128,0.0,255.0,198.77,207.0,,,,,,,
699.2377569675446,0.13,255.0,198.8,207.0,,,,,,,
699.346348285675,0.0,255.0,198.81,207.0,,,,,,,
699.7208862304688,0.0,255.0,198.85,207.0,,,,,,,
699.8141083717346,0.0,255.0,198.86,208.0,,,,,,,
700.0325739383698,0.0,255.0,198.87,208.0,,,,,,,
700.1101791858673,0.0,255.0,198.87,209.0,,,,,,,
700.2183811664581,0.0,255.0,198.87,209.0,,,,,,,
700.3273825645447,0.0,255.0,198.87,209.0,,,,,,,
700.5461027622223,0.0,255.0,198.88,210.0,,,,,,,
700.6549022197723,0.0,255.0,198.88,211.0,,,,,,,
700.8272025585175,-0.13,255.0,198.88,212.0,,,,,,,
701.1204831600189,0.0,255.0,198.88,213.0,,,,,,,
701.2312622070312,0.0,255.0,198.88,213.0,,,,,,,
701.3242576122284,0.0,255.0,198.88,214.0,,,,,,,
701.6484036445618,0.0,255.0,198.88,215.0,,,,,,,
701.7578685283661,0.0,255.0,198.88,216.0,,,,,,,
701.8658051490784,0.0,255.0,198.88,216.0,,,,,,,
702.1308190822601,0.0,255.0,198.88,217.0,,,,,,,
702.333794593811,-0.13,255.0,198.88,218.0,,,,,,,
702.6287689208984,0.0,255.0,198.88,220.0,,,,,,,
702.7396926879883,0.0,255.0,198.88,220.0,,,,,,,
702.8491077423096,0.0,255.0,198.88,220.0,,,,,,,
703.0670177936554,0.0,255.0,198.88,221.0,,,,,,,
703.2364902496338,0.0,255.0,198.98,216.0,,,,,,,
703.466409444809,0.13,255.0,199.04,215.0,,,,,,,
703.6353921890259,0.0,255.0,199.06,219.0,,,,,,,
703.744588136673,0.13,255.0,199.12,214.0,,,,,,,
703.8379759788513,0.0,255.0,199.17,213.0,,,,,,,
704.055465221405,0.0,255.0,199.23,212.0,,,,,,,
704.1627380847931,0.0,255.0,199.26,211.0,,,,,,,
704.2705948352814,0.0,255.0,199.28,211.0,,,,,,,
704.5489435195923,0.0,255.0,199.49,203.0,,,,,,,
704.7523760795593,0.0,255.0,199.61,199.0,,,,,,,
704.8457839488983,0.0,255.0,199.66,198.0,,,,,,,
705.1562812328339,-0.13,255.0,199.74,196.0,,,,,,,
705.2491347789764,0.13,255.0,199.76,196.0,,,,,,,
705.3572373390198,0.0,255.0,199.78,196.0,,,,,,,
705.7451813220978,0.0,255.0,199.81,195.0,,,,,,,
706.0558938980103,0.0,255.0,199.82,195.0,,,,,,,
706.1483285427094,0.0,255.0,199.83,195.0,,,,,,,
706.2572412490845,0.0,255.0,199.92,189.0,,,,,,,
706.3519020080566,0.0,255.0,200.0,186.0,,,,,,,
706.5680174827576,0.0,255.0,200.04,185.0,,,,,,,
706.6774954795837,0.0,255.0,200.1,184.0,,,,,,,
706.7866704463959,0.0,255.0,200.14,183.0,,,,,,,
707.0550363063812,0.0,255.0,200.23,180.0,,,,,,,
707.2681291103363,0.0,255.0,200.26,179.0,,,,,,,
707.3600504398346,0.0,255.0,200.27,178.0,,,,,,,
707.6676690578461,-0.13,255.0,200.29,177.0,,,,,,,
707.7760934829712,0.13,255.0,200.3,177.0,,,,,,,
708.071564912796,-0.13,255.0,200.31,177.0,,,,,,,
708.2717761993408,0.0,255.0,200.31,176.0,,,,,,,
708.5645885467529,0.0,255.0,200.32,176.0,,,,,,,
708.6725730895996,0.0,255.0,200.32,176.0,,,,,,,
708.7674486637115,0.0,255.0,200.41,169.0,,,,,,,
708.8755195140839,0.0,255.0,200.39,173.0,,,,,,,
709.0786011219025,0.0,255.0,200.45,171.0,,,,,,,
709.1873564720154,0.0,255.0,200.52,165.0,,,,,,,
709.2949199676514,0.0,255.0,200.57,164.0,,,,,,,
709.5766046047211,0.0,255.0,200.69,160.0,,,,,,,
709.7784349918365,0.0,255.0,200.73,158.0,,,,,,,
709.8706049919128,0.0,255.0,200.75,157.0,,,,,,,
710.1825633049011,0.0,255.0,200.77,156.0,,,,,,,
710.2911019325256,0.0,255.0,200.78,155.0,,,,,,,
710.5872287750244,0.0,255.0,200.79,154.0,,,,,,,
710.788007736206,0.0,255.0,200.8,153.0,,,,,,,
711.0085995197296,-0.13,255.0,200.8,152.0,,,,,,,
711.1775283813477,0.0,255.0,200.8,152.0,,,,,,,
711.2856407165527,0.0,255.0,200.8,151.0,,,,,,,
711.5802798271179,0.0,255.0,200.8,150.0,,,,,,,
711.7042202949524,0.0,255.0,200.8,150.0,,,,,,,
711.8129694461823,0.0,255.0,200.8,150.0,,,,,,,
711.99893450737,0.0,255.0,200.8,149.0,,,,,,,
712.1857631206512,0.0,255.0,200.9,142.0,,,,,,,
712.294371843338,0.13,255.0,200.88,146.0,,,,,,,
712.3869462013245,0.0,255.0,200.87,146.0,,,,,,,
712.5866813659668,0.0,255.0,200.94,139.0,,,,,,,
712.6962113380432,0.0,255.0,200.92,143.0,,,,,,,
712.8043160438538,0.0,255.0,200.99,137.0,,,,,,,
713.0048780441284,0.0,255.0,201.0,140.0,,,,,,,
713.1288294792175,0.0,255.0,201.06,134.0,,,,,,,
713.2965834140778,0.0,255.0,201.15,131.0,,,,,,,
713.530396938324,0.0,255.0,201.2,128.0,,,,,,,
713.7000279426575,0.0,255.0,201.24,127.0,,,,,,,
713.7946689128876,0.0,255.0,201.25,126.0,,,,,,,
714.0109767913818,0.0,255.0,201.27,124.0,,,,,,,
714.1045734882355,0.0,255.0,201.27,123.0,,,,,,,
714.2268640995026,0.0,255.0,201.28,123.0,,,,,,,
714.3356955051422,0.0,255.0,201.28,122.0,,,,,,,
714.708916425705,0.13,255.0,201.35,118.0,,,,,,,
715.0038425922394,0.0,255.0,201.33,117.0,,,,,,,
715.1131465435028,0.0,255.0,201.32,117.0,,,,,,,
715.2058732509613,0.13,255.0,201.32,116.0,,,,,,,
715.3138661384583,-0.13,255.0,201.31,116.0,,,,,,,
715.5293011665344,0.0,255.0,201.23,117.0,,,,,,,
715.7152192592621,0.0,255.0,201.25,116.0,,,,,,,
715.9182033538818,0.0,255.0,201.27,114.0,,,,,,,
716.2101192474365,0.0,255.0,201.28,112.0,,,,,,,
716.3171143531799,0.0,255.0,201.29,112.0,,,,,,,
716.520706653595,0.0,255.0,201.29,111.0,,,,,,,
716.6288135051727,0.0,255.0,201.29,110.0,,,,,,,
716.7385301589966,0.0,255.0,201.29,109.0,,,,,,,
716.84699010849,-0.13,255.0,201.29,109.0,,,,,,,
717.1251468658447,0.0,255.0,201.3,107.0,,,,,,,
717.3255071640015,0.0,255.0,201.22,109.0,,,,,,,
717.6217067241669,0.0,255.0,201.16,112.0,,,,,,,
717.7155709266663,0.0,255.0,201.19,107.0,,,,,,,
717.8264448642731,0.0,255.0,201.21,106.0,,,,,,,
718.0429558753967,0.0,255.0,201.14,111.0,,,,,,,
718.1515235900879,0.0,255.0,201.17,106.0,,,,,,,
718.3239793777466,0.0,255.0,201.12,110.0,,,,,,,
718.620002746582,0.0,255.0,201.04,111.0,,,,,,,
718.7295141220093,0.0,255.0,201.0,112.0,,,,,,,
718.8219375610352,0.0,255.0,200.96,112.0,,,,,,,
719.0411286354065,0.0,255.0,200.9,113.0,,,,,,,
719.1499876976013,0.0,255.0,200.88,113.0,,,,,,,
719.2603464126587,0.0,255.0,200.87,114.0,,,,,,,
719.3531329631805,0.0,255.0,200.86,114.0,,,,,,,
719.6332895755768,0.0,255.0,200.83,113.0,,,,,,,
719.8347344398499,0.0,255.0,200.82,113.0,,,,,,,
720.038328409195,0.0,255.0,200.82,112.0,,,,,,,
720.131249666214,0.0,255.0,200.91,106.0,,,,,,,
720.2416768074036,0.0,255.0,200.89,110.0,,,,,,,
720.3502962589264,0.0,255.0,200.87,110.0,,,,,,,
720.5686349868774,0.0,255.0,200.85,110.0,,,,,,,
720.7408809661865,0.0,255.0,200.83,109.0,,,,,,,
721.0514063835144,0.13,255.0,200.82,109.0,,,,,,,
721.2369093894958,0.0,255.0,200.74,110.0,,,,,,,
721.3446853160858,0.0,255.0,200.75,110.0,,,,,,,
721.5441160202026,0.0,255.0,200.77,109.0,,,,,,,
721.6532468795776,0.0,255.0,200.68,115.0,,,,,,,
721.7766206264496,0.0,255.0,200.61,116.0,,,,,,,
722.0577569007874,0.0,255.0,200.47,120.0,,,,,,,
722.2442636489868,-0.13,255.0,200.41,121.0,,,,,,,
722.3534009456635,0.0,255.0,200.39,121.0,,,,,,,
722.6495044231415,-0.13,255.0,200.36,122.0,,,,,,,
722.7599380016327,0.0,255.0,200.35,122.0,,,,,,,
722.8690760135651,0.0,255.0,200.34,122.0,,,,,,,
723.0875494480133,0.13,255.0,200.33,122.0,,,,,,,
723.2579057216644,0.0,255.0,200.33,122.0,,,,,,,
723.5677433013916,0.13,255.0,200.32,121.0,,,,,,,
723.7542498111725,0.0,255.0,200.32,121.0,,,,,,,
723.8632266521454,0.0,255.0,200.32,121.0,,,,,,,
724.0657122135162,0.0,255.0,200.15,129.0,,,,,,,
724.1740262508392,0.0,255.0,200.08,131.0,,,,,,,
724.2826724052429,0.0,255.0,200.13,126.0,,,,,,,
724.5626091957092,0.0,255.0,199.99,134.0,,,,,,,
724.7626376152039,0.0,255.0,199.93,135.0,,,,,,,
724.8690006732941,0.0,255.0,199.91,136.0,,,,,,,
725.1627933979034,0.0,255.0,199.88,137.0,,,,,,,
725.2697277069092,0.13,255.0,199.87,137.0,,,,,,,
725.4711503982544,0.0,255.0,199.86,138.0,,,,,,,
725.5942206382751,0.0,255.0,199.85,138.0,,,,,,,
725.7020661830902,0.0,255.0,199.85,138.0,,,,,,,
725.8722274303436,0.0,255.0,199.84,138.0,,,,,,,
726.1687612533569,0.0,255.0,199.84,138.0,,,,,,,
726.2761645317078,0.0,255.0,199.84,139.0,,,,,,,
726.3707206249237,0.0,255.0,199.84,139.0,,,,,,,
726.5851233005524,0.0,255.0,199.84,139.0,,,,,,,
726.6951162815094,0.0,255.0,199.84,139.0,,,,,,,
726.8038287162781,0.0,255.0,199.74,145.0,,,,,,,
727.0837063789368,0.0,255.0,199.61,149.0,,,,,,,
727.2725355625153,0.0,255.0,199.52,152.0,,,,,,,
727.3806350231171,0.0,255.0,199.58,147.0,,,,,,,
727.6876826286316,0.0,255.0,199.55,152.0,,,,,,,
727.7813475131989,-0.13,255.0,199.61,147.0,,,,,,,
727.9985618591309,0.0,255.0,199.52,153.0,,,,,,,
728.1855301856995,0.0,255.0,199.46,155.0,,,,,,,
728.3867790699005,-0.13,255.0,199.42,157.0,,,,,,,
728.5894448757172,0.0,255.0,199.32,160.0,,,,,,,
728.6818606853485,0.0,255.0,199.23,166.0,,,,,,,
728.7907335758209,0.0,255.0,199.26,162.0,,,,,,,
729.0095298290253,0.13,255.0,199.12,170.0,,,,,,,
729.1019976139069,0.0,255.0,199.08,172.0,,,,,,,
729.2108852863312,0.0,255.0,199.04,174.0,,,,,,,
729.3201429843903,0.0,255.0,199.01,175.0,,,,,,,
729.6957211494446,0.0,255.0,198.93,178.0,,,,,,,
729.8984286785126,0.0,255.0,198.91,180.0,,,,,,,
730.1923222541809,0.0,255.0,198.9,182.0,,,,,,,
730.3007369041443,0.0,255.0,198.9,182.0,,,,,,,
730.5004105567932,0.0,255.0,198.89,183.0,,,,,,,
730.6254305839539,0.0,255.0,198.89,184.0,,,,,,,
730.7961211204529,0.0,255.0,198.89,185.0,,,,,,,
730.9979381561279,0.0,255.0,198.89,185.0,,,,,,,
731.1060597896576,0.0,255.0,198.88,186.0,,,,,,,
731.1990251541138,0.0,255.0,198.88,186.0,,,,,,,
731.3073031902313,0.0,255.0,198.88,187.0,,,,,,,
731.5074474811554,0.0,255.0,198.88,188.0,,,,,,,
731.6162631511688,0.13,255.0,198.88,188.0,,,,,,,
731.7268524169922,0.0,255.0,198.88,189.0,,,,,,,
731.8362295627594,0.0,255.0,198.88,189.0,,,,,,,
732.1168761253357,0.0,255.0,198.88,190.0,,,,,,,
732.3032915592194,0.0,255.0,198.88,191.0,,,,,,,
732.5193128585815,0.0,255.0,198.88,192.0,,,,,,,
732.6131563186646,0.0,255.0,198.88,193.0,,,,,,,
732.7062659263611,0.0,255.0,198.88,193.0,,,,,,,
732.8149094581604,0.0,255.0,198.88,194.0,,,,,,,
733.0169637203217,-0.13,255.0,198.88,194.0,,,,,,,
733.1414303779602,0.0,255.0,198.88,195.0,,,,,,,
733.2501974105835,0.0,255.0,198.88,195.0,,,,,,,
733.4227080345154,0.0,255.0,198.88,196.0,,,,,,,
733.715987443924,0.0,255.0,198.88,198.0,,,,,,,
733.8107097148895,0.0,255.0,198.88,198.0,,,,,,,
734.014413356781,0.0,255.0,198.88,199.0,,,,,,,
734.1234982013702,0.0,255.0,198.88,199.0,,,,,,,
734.2322804927826,0.13,255.0,198.88,200.0,,,,,,,
734.3416664600372,0.0,255.0,198.88,200.0,,,,,,,
734.6236288547516,0.0,255.0,198.88,202.0,,,,,,,
734.8236012458801,0.0,255.0,198.88,203.0,,,,,,,
735.1312239170074,0.0,255.0,198.88,204.0,,,,,,,
735.224308013916,0.0,255.0,198.88,204.0,,,,,,,
735.3337140083313,0.0,255.0,198.88,205.0,,,,,,,
735.6614303588867,0.0,255.0,198.88,206.0,,,,,,,
735.8316459655762,0.0,255.0,198.88,207.0,,,,,,,
736.1287679672241,0.0,255.0,198.88,208.0,,,,,,,
736.238333940506,0.0,255.0,198.88,209.0,,,,,,,
736.3312120437622,0.0,255.0,198.88,209.0,,,,,,,
736.5313858985901,0.0,255.0,198.88,210.0,,,,,,,
736.6408293247223,0.0,255.0,198.88,211.0,,,,,,,
736.7495546340942,0.0,255.0,198.88,211.0,,,,,,,
736.8592405319214,0.13,255.0,198.88,211.0,,,,,,,
737.140841960907,0.0,255.0,198.88,213.0,,,,,,,
737.3404221534729,0.0,255.0,199.05,205.0,,,,,,,
737.6496479511261,0.0,255.0,199.14,204.0,,,,,,,
737.7439994812012,0.0,255.0,199.18,203.0,,,,,,,
737.8525078296661,0.0,255.0,199.22,203.0,,,,,,,
738.0691668987274,-0.13,255.0,199.27,202.0,,,,,,,
738.1787521839142,0.0,255.0,199.29,202.0,,,,,,,
738.3467173576355,0.0,255.0,199.31,201.0,,,,,,,
738.6424608230591,0.0,255.0,199.43,195.0,,,,,,,
738.7508883476257,0.0,255.0,199.51,193.0,,,,,,,
738.8447554111481,0.0,255.0,199.48,198.0,,,,,,,
739.0478699207306,0.0,255.0,199.44,200.0,,,,,,,
739.1570196151733,0.0,255.0,199.42,200.0,,,,,,,
739.2652530670166,0.0,255.0,199.41,201.0,,,,,,,
739.4813330173492,0.13,255.0,199.47,200.0,,,,,,,
739.6533658504486,0.0,255.0,199.43,201.0,,,,,,,
739.8548309803009,0.0,255.0,199.57,194.0,,,,,,,
740.0574491024017,0.0,255.0,199.59,194.0,,,,,,,
740.1511693000793,0.0,255.0,199.64,193.0,,,,,,,
740.2595901489258,0.0,255.0,199.68,192.0,,,,,,,
740.369722366333,0.0,255.0,199.71,191.0,,,,,,,
740.5734529495239,0.13,255.0,199.76,190.0,,,,,,,
740.6827247142792,-0.13,255.0,199.77,190.0,,,,,,,
740.853705406189,0.13,255.0,199.79,189.0,,,,,,,
741.1635048389435,0.0,255.0,199.81,189.0,,,,,,,
741.2555539608002,0.0,255.0,199.92,182.0,,,,,,,
741.3648731708527,0.0,255.0,199.9,186.0,,,,,,,
741.6753764152527,-0.13,255.0,199.87,187.0,,,,,,,
741.784814119339,0.0,255.0,199.86,188.0,,,,,,,
742.0641865730286,0.0,255.0,199.85,188.0,,,,,,,
742.2636396884918,0.0,255.0,199.92,186.0,,,,,,,
742.3714570999146,0.0,255.0,199.9,187.0,,,,,,,
742.6662111282349,0.0,255.0,199.95,186.0,,,,,,,
742.7749319076538,0.0,255.0,200.02,180.0,,,,,,,
743.0052950382233,0.0,255.0,200.13,177.0,,,,,,,
743.0986406803131,0.0,255.0,200.17,176.0,,,,,,,
743.206419467926,0.0,255.0,200.2,175.0,,,,,,,
743.3769700527191,0.0,255.0,200.24,174.0,,,,,,,
743.686723947525,0.0,255.0,200.28,172.0,,,,,,,
743.7787086963654,0.0,255.0,200.29,172.0,,,,,,,
743.8718037605286,-0.13,255.0,200.29,172.0,,,,,,,
744.0746812820435,0.13,255.0,200.3,171.0,,,,,,,
744.1836905479431,0.0,255.0,200.31,171.0,,,,,,,
744.3081748485565,0.0,255.0,200.31,171.0,,,,,,,
744.5100839138031,0.13,255.0,200.31,170.0,,,,,,,
744.682788848877,0.0,255.0,200.31,170.0,,,,,,,
744.8840775489807,0.0,255.0,200.32,170.0,,,,,,,
745.1950039863586,0.0,255.0,200.32,169.0,,,,,,,
745.2887105941772,0.0,255.0,200.41,163.0,,,,,,,
745.489342212677,0.0,255.0,200.48,161.0,,,,,,,
745.6137645244598,0.0,255.0,200.54,159.0,,,,,,,
745.7225971221924,0.0,255.0,200.6,157.0,,,,,,,
745.892865896225,0.0,255.0,200.5,163.0,,,,,,,
746.1885557174683,0.0,255.0,200.65,155.0,,,,,,,
746.2968759536743,0.13,255.0,200.68,153.0,,,,,,,
746.513997554779,0.0,255.0,200.72,152.0,,,,,,,
746.5918481349945,0.0,255.0,200.74,151.0,,,,,,,
746.7147407531738,0.13,255.0,200.75,150.0,,,,,,,
746.8075847625732,0.0,255.0,200.76,150.0,,,,,,,
746.9967341423035,0.0,255.0,200.78,149.0,,,,,,,
747.1995418071747,0.0,255.0,200.69,154.0,,,,,,,
747.403247833252,0.0,255.0,200.73,149.0,,,,,,,
747.6970970630646,0.0,255.0,200.77,147.0,,,,,,,
747.8078968524933,0.0,255.0,200.78,146.0,,,,,,,
748.0099632740021,0.0,255.0,200.79,145.0,,,,,,,
748.1197221279144,0.0,255.0,200.79,145.0,,,,,,,
748.3067510128021,0.0,255.0,200.8,144.0,,,,,,,
748.5087218284607,0.0,255.0,200.8,143.0,,,,,,,
748.7120048999786,-0.13,255.0,200.8,143.0,,,,,,,
748.8055481910706,0.0,255.0,200.8,142.0,,,,,,,
749.0076746940613,0.0,255.0,200.8,142.0,,,,,,,
749.1174464225769,0.0,255.0,200.8,141.0,,,,,,,
749.22620844841,0.0,255.0,200.8,141.0,,,,,,,
749.3340754508972,0.0,255.0,200.8,141.0,,,,,,,
749.6160924434662,0.0,255.0,200.8,140.0,,,,,,,
749.8169362545013,0.0,255.0,200.81,139.0,,,,,,,
750.1120774745941,0.0,255.0,200.81,138.0,,,,,,,
750.2202401161194,0.0,255.0,200.81,138.0,,,,,,,
750.31502866745,0.0,255.0,200.81,137.0,,,,,,,
750.5185735225677,0.0,255.0,200.88,135.0,,,,,,,
750.6446619033813,0.0,255.0,200.87,135.0,,,,,,,
750.751975774765,0.0,255.0,200.86,135.0,,,,,,,
750.9228701591492,0.0,255.0,200.84,134.0,,,,,,,
751.2190897464752,-0.13,255.0,200.9,132.0,,,,,,,
751.3285572528839,0.13,255.0,200.98,125.0,,,,,,,
751.5162017345428,0.0,255.0,201.02,124.0,,,,,,,
751.6239032745361,0.13,255.0,201.07,122.0,,,,,,,
751.733300447464,0.0,255.0,201.02,126.0,,,,,,,
751.8410859107971,-0.13,255.0,200.98,127.0,,,,,,,
752.0582258701324,0.0,255.0,201.09,119.0,,,,,,,
752.2292790412903,0.13,255.0,201.09,119.0,,,,,,,
752.5257606506348,0.13,255.0,201.11,117.0,,,,,,,
752.6338548660278,0.0,255.0,201.05,122.0,,,,,,,
752.7268841266632,0.0,255.0,201.0,123.0,,,,,,,
752.8368043899536,0.0,255.0,201.06,117.0,,,,,,,
753.0548360347748,0.0,255.0,201.07,116.0,,,,,,,
753.1637029647827,0.0,255.0,201.11,114.0,,,,,,,
753.3325796127319,0.0,255.0,201.08,118.0,,,,,,,
753.6277878284454,0.0,255.0,201.19,110.0,,,,,,,
753.7356431484222,0.0,255.0,201.11,115.0,,,,,,,
753.8283295631409,0.0,255.0,201.05,116.0,,,,,,,
754.0307219028473,-0.13,255.0,201.14,109.0,,,,,,,
754.154082775116,0.0,255.0,201.07,115.0,,,,,,,
754.246678352356,0.0,255.0,201.02,116.0,,,,,,,
754.3560004234314,0.0,255.0,200.98,116.0,,,,,,,
754.6363937854767,0.0,255.0,200.89,118.0,,,,,,,
754.8391959667206,0.0,255.0,200.86,118.0,,,,,,,
755.0385496616364,0.0,255.0,200.84,118.0,,,,,,,
755.1467380523682,0.0,255.0,200.83,117.0,,,,,,,
755.2537643909454,0.13,255.0,200.83,117.0,,,,,,,
755.3461589813232,-0.13,255.0,200.82,117.0,,,,,,,
755.563732624054,0.0,255.0,200.82,117.0,,,,,,,
755.6729044914246,0.0,255.0,200.81,116.0,,,,,,,
755.7816236019135,0.0,255.0,200.81,116.0,,,,,,,
755.9822714328766,0.0,255.0,200.81,115.0,,,,,,,
756.1533243656158,0.0,255.0,200.81,115.0,,,,,,,
756.2469494342804,0.0,255.0,200.81,115.0,,,,,,,
756.3546352386475,0.0,255.0,200.81,114.0,,,,,,,
756.5571353435516,0.0,255.0,200.71,120.0,,,,,,,
756.6664464473724,0.0,255.0,200.73,116.0,,,,,,,
756.7751240730286,-0.13,255.0,200.74,115.0,,,,,,,
756.9787156581879,0.0,255.0,200.77,114.0,,,,,,,
757.1635909080505,0.0,255.0,200.68,119.0,,,,,,,
757.3646705150604,0.0,255.0,200.73,114.0,,,,,,,
757.6602802276611,0.0,255.0,200.69,114.0,,,,,,,
757.770005941391,0.0,255.0,200.71,113.0,,,,,,,
757.8639781475067,0.0,255.0,200.63,118.0,,,,,,,
758.083158493042,0.0,255.0,200.6,119.0,,,,,,,
758.1922044754028,0.0,255.0,200.54,120.0,,,,,,,
758.3641376495361,0.0,255.0,200.46,122.0,,,,,,,
758.6581590175629,0.0,255.0,200.39,123.0,,,,,,,
758.7667870521545,0.0,255.0,200.38,124.0,,,,,,,
758.8599445819855,0.0,255.0,200.37,124.0,,,,,,,
759.0769882202148,0.0,255.0,200.35,124.0,,,,,,,
759.169460773468,0.0,255.0,200.34,124.0,,,,,,,
759.293618440628,0.0,255.0,200.34,124.0,,,,,,,
759.5750873088837,0.0,255.0,200.33,124.0,,,,,,,
759.7772972583771,0.0,255.0,200.32,124.0,,,,,,,
759.9952886104584,0.0,255.0,200.25,126.0,,,,,,,
760.1810901165009,0.0,255.0,200.27,125.0,,,,,,,
760.2750618457794,0.0,255.0,200.28,124.0,,,,,,,
760.5704264640808,0.0,255.0,200.24,125.0,,,,,,,
760.7105140686035,0.0,255.0,200.25,125.0,,,,,,,
760.8809127807617,0.0,255.0,200.18,130.0,,,,,,,
761.1752686500549,0.0,255.0,200.09,133.0,,,,,,,
761.2856268882751,0.0,255.0,200.04,134.0,,,,,,,
761.3790192604065,0.0,255.0,200.0,135.0,,,,,,,
761.6901664733887,0.0,255.0,199.92,137.0,,,,,,,
761.7981731891632,0.0,255.0,199.9,138.0,,,,,,,
762.0919616222382,0.0,255.0,199.87,139.0,,,,,,,
762.2953426837921,-0.13,255.0,199.86,139.0,,,,,,,
762.4940733909607,0.0,255.0,199.85,140.0,,,,,,,
762.5873620510101,0.0,255.0,199.85,140.0,,,,,,,
762.6805670261383,0.0,255.0,199.84,140.0,,,,,,,
762.7876641750336,0.0,255.0,199.84,140.0,,,,,,,
763.021810054779,0.0,255.0,199.84,140.0,,,,,,,
763.114798784256,0.0,255.0,199.84,140.0,,,,,,,
763.2233684062958,0.0,255.0,199.84,140.0,,,,,,,
763.3916871547699,0.0,255.0,199.84,141.0,,,,,,,
763.6879162788391,0.13,255.0,199.74,147.0,,,,,,,
763.7969686985016,0.0,255.0,199.66,149.0,,,,,,,
764.0287034511566,0.0,255.0,199.63,151.0,,,,,,,
764.0904629230499,0.0,255.0,199.67,146.0,,,,,,,
764.2138962745667,0.0,255.0,199.7,145.0,,,,,,,
764.3228256702423,0.0,255.0,199.63,151.0,,,,,,,
764.6041173934937,0.0,255.0,199.5,155.0,,,,,,,
764.8068294525146,0.0,255.0,199.54,151.0,,,,,,,
764.9958050251007,0.0,255.0,199.55,154.0,,,,,,,
765.1043214797974,0.0,255.0,199.61,149.0,,,,,,,
765.1971909999847,0.0,255.0,199.56,155.0,,,,,,,
765.3068602085114,0.0,255.0,199.52,156.0,,,,,,,
765.6005127429962,0.0,255.0,199.44,159.0,,,,,,,
765.7412679195404,0.0,255.0,199.42,159.0,,,,,,,
765.9126641750336,-0.13,255.0,199.4,160.0,,,,,,,
766.209673166275,0.0,255.0,199.38,162.0,,,,,,,
766.3184297084808,0.0,255.0,199.37,162.0,,,,,,,
766.6135039329529,0.0,255.0,199.19,171.0,,,,,,,
766.7224926948547,0.0,255.0,199.23,167.0,,,,,,,
766.8328125476837,0.0,255.0,199.16,173.0,,,,,,,
767.051203250885,0.0,255.0,199.13,174.0,,,,,,,
767.2216057777405,0.0,255.0,199.04,178.0,,,,,,,
767.5170841217041,0.0,255.0,199.03,179.0,,,,,,,
767.6108748912811,0.0,255.0,199.0,181.0,,,,,,,
767.7184631824493,0.0,255.0,198.97,182.0,,,,,,,
767.8282659053802,0.0,255.0,198.96,182.0,,,,,,,
768.031120300293,0.0,255.0,198.93,184.0,,,,,,,
768.1379156112671,0.0,255.0,198.92,185.0,,,,,,,
768.3237550258636,0.0,255.0,198.91,186.0,,,,,,,
768.6187448501587,0.0,255.0,198.89,188.0,,,,,,,
768.727668762207,0.0,255.0,198.89,188.0,,,,,,,
768.8214054107666,0.0,255.0,198.89,189.0,,,,,,,
769.024964094162,0.0,255.0,198.89,190.0,,,,,,,
769.1331717967987,-0.13,255.0,198.89,190.0,,,,,,,
769.2425050735474,0.13,255.0,198.89,191.0,,,,,,,
769.352313041687,0.0,255.0,198.88,191.0,,,,,,,
769.6334202289581,0.0,255.0,198.88,192.0,,,,,,,
769.8361434936523,0.0,255.0,198.88,193.0,,,,,,,
770.0380046367645,0.0,255.0,198.88,194.0,,,,,,,
770.131560087204,0.0,255.0,198.88,195.0,,,,,,,
770.2400186061859,0.0,255.0,198.88,195.0,,,,,,,
770.3330121040344,0.0,255.0,198.88,196.0,,,,,,,
770.5504961013794,0.0,255.0,198.88,196.0,,,,,,,
770.6600904464722,0.0,255.0,198.88,197.0,,,,,,,
770.7680513858795,0.0,255.0,198.88,197.0,,,,,,,
771.0315446853638,0.13,255.0,198.88,199.0,,,,,,,
771.1392061710358,-0.13,255.0,198.88,199.0,,,,,,,
771.2310473918915,0.13,255.0,198.88,200.0,,,,,,,
771.3386895656586,0.0,255.0,198.88,200.0,,,,,,,
771.6502196788788,-0.13,255.0,198.88,201.0,,,,,,,
771.7598292827606,0.13,255.0,198.88,202.0,,,,,,,
771.8677961826324,0.0,255.0,198.88,202.0,,,,,,,
772.2427353858948,0.0,255.0,198.88,204.0,,,,,,,
772.4740791320801,0.0,255.0,198.88,205.0,,,,,,,
772.6447410583496,0.0,255.0,198.88,206.0,,,,,,,
772.7537655830383,0.0,255.0,198.88,206.0,,,,,,,
772.8472054004669,0.0,255.0,198.88,207.0,,,,,,,
773.0644414424896,0.0,255.0,198.88,208.0,,,,,,,
773.1745040416718,0.0,255.0,198.88,208.0,,,,,,,
773.2827425003052,0.0,255.0,198.88,209.0,,,,,,,
773.4848308563232,0.0,255.0,198.88,209.0,,,,,,,
773.6558437347412,0.0,255.0,198.88,210.0,,,,,,,
773.7500655651093,0.0,255.0,198.88,211.0,,,,,,,
773.8582904338837,0.0,255.0,198.88,211.0,,,,,,,
774.0568375587463,-0.13,255.0,198.88,212.0,,,,,,,
774.1508197784424,0.0,255.0,198.88,213.0,,,,,,,
774.2760572433472,0.13,255.0,198.88,213.0,,,,,,,
774.5594716072083,0.0,255.0,198.88,214.0,,,,,,,
774.7622694969177,0.0,255.0,198.88,215.0,,,,,,,
774.9620740413666,0.0,255.0,198.88,216.0,,,,,,,
775.0551633834839,0.0,255.0,198.98,210.0,,,,,,,
775.1650357246399,0.0,255.0,198.96,215.0,,,,,,,
775.2572424411774,0.0,255.0,198.94,216.0,,,,,,,
775.3639006614685,0.0,255.0,198.93,216.0,,,,,,,
775.5803809165955,0.0,255.0,199.08,209.0,,,,,,,
775.6901204586029,0.0,255.0,199.14,208.0,,,,,,,
775.797619342804,0.0,255.0,199.18,207.0,,,,,,,
776.0638973712921,0.0,255.0,199.27,206.0,,,,,,,
776.1722283363342,0.0,255.0,199.29,206.0,,,,,,,
776.2651009559631,0.0,255.0,199.3,206.0,,,,,,,
776.3733537197113,0.0,255.0,199.41,199.0,,,,,,,
776.5720360279083,0.0,255.0,199.47,202.0,,,,,,,
776.6808786392212,-0.13,255.0,199.54,196.0,,,,,,,
776.7887818813324,0.13,255.0,199.6,195.0,,,,,,,
776.9883422851562,0.0,255.0,199.68,193.0,,,,,,,
777.1752307415009,-0.13,255.0,199.74,192.0,,,,,,,
777.3755192756653,0.13,255.0,199.77,191.0,,,,,,,
777.6717793941498,0.0,255.0,199.8,190.0,,,,,,,
777.7802076339722,0.13,255.0,199.81,190.0,,,,,,,
777.9990005493164,0.0,255.0,199.82,190.0,,,,,,,
778.0918252468109,0.0,255.0,199.82,190.0,,,,,,,
778.2001421451569,0.0,255.0,199.83,190.0,,,,,,,
778.3095550537109,0.0,255.0,199.92,184.0,,,,,,,
778.51171708107,0.0,255.0,199.89,188.0,,,,,,,
778.6832752227783,-0.13,255.0,199.87,189.0,,,,,,,
778.791250705719,0.13,255.0,199.96,183.0,,,,,,,
778.8838765621185,0.0,255.0,199.94,187.0,,,,,,,
779.1948282718658,0.0,255.0,199.96,186.0,,,,,,,
779.3046717643738,0.0,255.0,199.94,187.0,,,,,,,
779.4901309013367,0.0,255.0,200.08,180.0,,,,,,,
779.6893272399902,0.0,255.0,200.09,179.0,,,,,,,
779.8926200866699,0.0,255.0,200.17,177.0,,,,,,,
780.1885569095612,0.13,255.0,200.24,175.0,,,,,,,
780.2961270809174,-0.13,255.0,200.26,174.0,,,,,,,
780.5123448371887,0.13,255.0,200.28,173.0,,,,,,,
780.6189398765564,0.0,255.0,200.29,173.0,,,,,,,
780.7271800041199,0.0,255.0,200.29,173.0,,,,,,,
780.8977613449097,0.0,255.0,200.3,172.0,,,,,,,
781.1920986175537,0.0,255.0,200.31,172.0,,,,,,,
781.3014581203461,0.0,255.0,200.22,178.0,,,,,,,
781.5324971675873,0.0,255.0,200.33,171.0,,,,,,,
781.594708442688,0.0,255.0,200.33,171.0,,,,,,,
781.7012877464294,0.0,255.0,200.42,164.0,,,,,,,
781.808699131012,0.0,255.0,200.5,162.0,,,,,,,
782.0095472335815,0.0,255.0,200.51,165.0,,,,,,,
782.1348776817322,0.0,255.0,200.57,159.0,,,,,,,
782.3058807849884,0.0,255.0,200.56,163.0,,,,,,,
782.5081598758698,-0.13,255.0,200.47,165.0,,,,,,,
782.6018297672272,0.0,255.0,200.54,159.0,,,,,,,
782.7107839584351,0.0,255.0,200.59,157.0,,,,,,,
782.802812576294,0.0,255.0,200.54,162.0,,,,,,,
783.0050609111786,0.0,255.0,200.63,156.0,,,,,,,
783.1297299861908,0.13,255.0,200.67,154.0,,,,,,,
783.2375535964966,0.0,255.0,200.7,153.0,,,,,,,
783.3460099697113,-0.13,255.0,200.72,152.0,,,,,,,
783.7190141677856,0.0,255.0,200.77,150.0,,,,,,,
783.813200712204,0.0,255.0,200.78,149.0,,,,,,,
784.0157034397125,0.0,255.0,200.79,148.0,,,,,,,
784.1083731651306,0.0,255.0,200.79,148.0,,,,,,,
784.2312746047974,0.0,255.0,200.79,148.0,,,,,,,
784.3389706611633,0.0,255.0,200.8,147.0,,,,,,,
784.6184742450714,0.0,255.0,200.8,146.0,,,,,,,
784.8187272548676,0.0,255.0,200.8,145.0,,,,,,,
785.0195896625519,0.0,255.0,200.8,145.0,,,,,,,
785.1137487888336,0.0,255.0,200.8,144.0,,,,,,,
785.2239723205566,0.0,255.0,200.8,144.0,,,,,,,
785.3180878162384,0.0,255.0,200.8,144.0,,,,,,,
785.5356135368347,0.0,255.0,200.8,143.0,,,,,,,
785.6452991962433,0.0,255.0,200.8,143.0,,,,,,,
785.7543830871582,0.0,255.0,200.81,142.0,,,,,,,
785.8630118370056,0.0,255.0,200.81,142.0,,,,,,,
786.1258509159088,0.0,255.0,200.81,141.0,,,,,,,
786.2327303886414,0.0,255.0,200.81,141.0,,,,,,,
786.3268792629242,0.0,255.0,200.81,140.0,,,,,,,
786.5284588336945,0.0,255.0,200.81,140.0,,,,,,,
786.637033700943,0.0,255.0,200.81,140.0,,,,,,,
786.7463164329529,0.0,255.0,200.81,139.0,,,,,,,
786.8549597263336,0.0,255.0,200.81,139.0,,,,,,,
787.1358036994934,0.0,255.0,200.81,138.0,,,,,,,
787.3362312316895,-0.13,255.0,200.81,137.0,,,,,,,
787.6307244300842,0.0,255.0,200.81,136.0,,,,,,,
787.739001750946,0.0,255.0,200.81,136.0,,,,,,,
787.8315961360931,0.0,255.0,200.81,136.0,,,,,,,
788.048793554306,0.0,255.0,200.81,135.0,,,,,,,
788.1571455001831,0.0,255.0,200.81,135.0,,,,,,,
788.2666726112366,0.0,255.0,200.81,134.0,,,,,,,
788.5331752300262,0.13,255.0,200.81,133.0,,,,,,,
788.642867565155,0.0,255.0,200.81,133.0,,,,,,,
788.7367928028107,0.0,255.0,200.81,133.0,,,,,,,
788.8449473381042,0.0,255.0,200.81,132.0,,,,,,,
789.045925617218,0.0,255.0,200.81,132.0,,,,,,,
789.139057636261,0.0,255.0,200.81,131.0,,,,,,,
789.2471857070923,0.0,255.0,200.81,131.0,,,,,,,
789.3556303977966,0.0,255.0,200.81,131.0,,,,,,,
789.7450337409973,0.0,255.0,200.81,130.0,,,,,,,
790.0427911281586,-0.13,255.0,200.81,129.0,,,,,,,
790.1512744426727,0.0,255.0,200.81,128.0,,,,,,,
790.2463552951813,0.0,255.0,200.81,128.0,,,,,,,
790.353652715683,0.0,255.0,200.81,128.0,,,,,,,
790.5720620155334,0.0,255.0,200.81,127.0,,,,,,,
790.6808519363403,0.0,255.0,200.81,127.0,,,,,,,
790.7898321151733,0.0,255.0,200.81,126.0,,,,,,,
791.0542709827423,0.0,255.0,200.81,125.0,,,,,,,
791.259003162384,0.13,255.0,200.81,125.0,,,,,,,
791.3510301113129,0.0,255.0,200.81,124.0,,,,,,,
791.5538232326508,0.0,255.0,200.81,124.0,,,,,,,
791.6612803936005,0.0,255.0,200.81,123.0,,,,,,,
791.771409034729,0.0,255.0,200.81,123.0,,,,,,,
792.068291425705,0.0,255.0,200.81,122.0,,,,,,,
792.2691202163696,0.0,255.0,200.81,121.0,,,,,,,
792.5677618980408,0.0,255.0,200.81,121.0,,,,,,,
792.6598908901215,0.0,255.0,200.81,120.0,,,,,,,
792.7678501605988,-0.13,255.0,200.81,120.0,,,,,,,
792.8616642951965,0.0,255.0,200.81,120.0,,,,,,,
793.0787928104401,0.0,255.0,200.81,119.0,,,,,,,
793.1889731884003,0.0,255.0,200.81,119.0,,,,,,,
793.296373128891,0.0,255.0,200.81,118.0,,,,,,,
793.484129190445,0.0,255.0,200.81,118.0,,,,,,,
793.6702914237976,0.0,255.0,200.81,117.0,,,,,,,
793.7643494606018,0.0,255.0,200.81,117.0,,,,,,,
793.8735411167145,0.0,255.0,200.81,116.0,,,,,,,
794.0759027004242,0.13,255.0,200.81,116.0,,,,,,,
794.1682639122009,0.0,255.0,200.81,115.0,,,,,,,
794.2941782474518,0.0,255.0,200.81,115.0,,,,,,,
794.5710558891296,0.0,255.0,200.81,114.0,,,,,,,
794.7735753059387,0.0,255.0,200.73,116.0,,,,,,,
795.0076990127563,0.0,255.0,200.58,123.0,,,,,,,
795.1761538982391,0.0,255.0,200.49,125.0,,,,,,,
795.2846999168396,0.0,255.0,200.45,126.0,,,,,,,
795.5795352458954,0.0,255.0,200.39,127.0,,,,,,,
795.7032098770142,0.0,255.0,200.37,127.0,,,,,,,
795.8126718997955,0.0,255.0,200.36,127.0,,,,,,,
796.0005886554718,0.0,255.0,200.35,128.0,,,,,,,
796.1856813430786,0.0,255.0,200.34,128.0,,,,,,,
796.2939348220825,0.0,255.0,200.33,128.0,,,,,,,
796.3886787891388,0.0,255.0,200.33,128.0,,,,,,,
796.587327003479,0.0,255.0,200.33,127.0,,,,,,,
796.6947615146637,0.0,255.0,200.32,127.0,,,,,,,
796.8037030696869,0.13,255.0,200.32,127.0,,,,,,,
797.0223999023438,0.0,255.0,200.32,127.0,,,,,,,
797.194970369339,0.0,255.0,200.32,127.0,,,,,,,
797.3951711654663,0.0,255.0,200.32,127.0,,,,,,,
797.7040228843689,0.0,255.0,200.32,126.0,,,,,,,
797.7980682849884,0.0,255.0,200.32,126.0,,,,,,,
797.9973895549774,0.0,255.0,200.32,126.0,,,,,,,
798.1062712669373,0.0,255.0,200.22,132.0,,,,,,,
798.2298488616943,-0.13,255.0,200.14,134.0,,,,,,,
798.3990526199341,0.0,255.0,200.11,135.0,,,,,,,
798.6942894458771,0.0,255.0,200.05,136.0,,,,,,,
798.8033509254456,0.0,255.0,200.01,138.0,,,,,,,
799.0077497959137,0.0,255.0,199.95,139.0,,,,,,,
799.1011872291565,0.0,255.0,199.92,140.0,,,,,,,
799.2099411487579,0.0,255.0,199.91,140.0,,,,,,,
799.3193700313568,0.0,255.0,199.89,141.0,,,,,,,
799.5366656780243,0.13,255.0,199.87,142.0,,,,,,,
799.7068922519684,0.0,255.0,199.86,142.0,,,,,,,
799.9074501991272,0.0,255.0,199.85,142.0,,,,,,,
800.2152321338654,0.0,255.0,199.84,143.0,,,,,,,
800.30876994133,0.0,255.0,199.84,143.0,,,,,,,
800.510525226593,0.0,255.0,199.84,143.0,,,,,,,
800.6341309547424,0.0,255.0,199.84,143.0,,,,,,,
800.7289433479309,0.0,255.0,199.84,143.0,,,,,,,
800.9143280982971,-0.13,255.0,199.84,143.0,,,,,,,
801.2221593856812,0.0,255.0,199.84,144.0,,,,,,,
801.5475754737854,0.0,255.0,199.74,150.0,,,,,,,
801.6248369216919,0.0,255.0,199.76,146.0,,,,,,,
801.7167160511017,0.0,255.0,199.68,152.0,,,,,,,
801.8413770198822,0.0,255.0,199.61,154.0,,,,,,,
802.0443012714386,0.0,255.0,199.52,157.0,,,,,,,
802.2288570404053,0.0,255.0,199.46,159.0,,,,,,,
802.5401272773743,0.0,255.0,199.41,161.0,,,,,,,
802.7297418117523,0.0,255.0,199.39,162.0,,,,,,,
802.8217577934265,0.0,255.0,199.38,162.0,,,,,,,
803.0406730175018,0.0,255.0,199.37,163.0,,,,,,,
803.1490921974182,0.0,255.0,199.37,164.0,,,,,,,
803.2444188594818,0.0,255.0,199.37,164.0,,,,,,,
803.4300999641418,0.0,255.0,199.29,167.0,,,,,,,
803.7377817630768,0.0,255.0,199.09,177.0,,,,,,,
804.0308985710144,0.0,255.0,198.99,181.0,,,,,,,
804.1391406059265,0.0,255.0,198.97,182.0,,,,,,,
804.2306776046753,0.0,255.0,198.95,183.0,,,,,,,
804.3552083969116,0.0,255.0,198.94,183.0,,,,,,,
804.556830406189,0.0,255.0,198.92,185.0,,,,,,,
804.7415404319763,0.0,255.0,198.9,186.0,,,,,,,
805.0502572059631,0.0,255.0,198.89,188.0,,,,,,,
805.2352175712585,0.0,255.0,198.89,189.0,,,,,,,
805.34361743927,0.0,255.0,198.89,189.0,,,,,,,
805.5429058074951,0.0,255.0,198.89,190.0,,,,,,,
805.6660187244415,0.0,255.0,198.89,191.0,,,,,,,
805.7744703292847,0.0,255.0,198.88,191.0,,,,,,,
806.0534286499023,0.0,255.0,198.88,192.0,,,,,,,
806.2404725551605,-0.13,255.0,198.88,193.0,,,,,,,
806.3477776050568,0.0,255.0,198.88,194.0,,,,,,,
806.5526666641235,0.0,255.0,198.88,195.0,,,,,,,
806.6474125385284,0.0,255.0,198.88,195.0,,,,,,,
806.7549214363098,0.0,255.0,198.88,196.0,,,,,,,
806.8627247810364,0.0,255.0,198.88,196.0,,,,,,,
807.0787997245789,0.0,255.0,198.88,197.0,,,,,,,
807.2474853992462,0.0,255.0,198.88,198.0,,,,,,,
807.5600831508636,0.0,255.0,198.88,199.0,,,,,,,
807.6543734073639,0.13,255.0,198.88,200.0,,,,,,,
807.762603521347,0.0,255.0,198.88,200.0,,,,,,,
807.8549447059631,0.0,255.0,198.88,200.0,,,,,,,
808.0721650123596,0.0,255.0,198.88,201.0,,,,,,,
808.1666572093964,0.0,255.0,198.88,202.0,,,,,,,
808.291241645813,0.0,255.0,198.88,202.0,,,,,,,
808.5560667514801,0.0,255.0,198.88,204.0,,,,,,,
808.757809638977,0.0,255.0,198.88,204.0,,,,,,,
808.8664035797119,0.0,255.0,198.88,205.0,,,,,,,
809.1633353233337,0.0,255.0,198.88,206.0,,,,,,,
809.2723157405853,0.0,255.0,198.88,207.0,,,,,,,
809.5683715343475,0.0,255.0,198.88,208.0,,,,,,,
809.7720630168915,0.0,255.0,198.88,209.0,,,,,,,
809.9883329868317,0.0,255.0,198.88,210.0,,,,,,,
810.1724698543549,0.0,255.0,198.88,211.0,,,,,,,
810.2655386924744,0.0,255.0,198.88,211.0,,,,,,,
810.3757197856903,0.0,255.0,198.88,212.0,,,,,,,
810.5910239219666,0.0,255.0,198.88,213.0,,,,,,,
810.6997728347778,0.0,255.0,198.88,213.0,,,,,,,
810.794379234314,0.0,255.0,198.88,213.0,,,,,,,
811.0750958919525,0.0,255.0,198.88,215.0,,,,,,,
811.278520822525,0.0,255.0,198.88,216.0,,,,,,,
811.3710730075836,0.0,255.0,198.88,216.0,,,,,,,
811.6821868419647,0.0,255.0,199.18,206.0,,,,,,,
811.7763092517853,-0.13,255.0,199.21,205.0,,,,,,,
812.0869424343109,0.0,255.0,199.28,204.0,,,,,,,
812.2742419242859,0.0,255.0,199.41,197.0,,,,,,,
812.491382598877,0.0,255.0,199.46,200.0,,,,,,,
812.6788830757141,0.0,255.0,199.6,193.0,,,,,,,
812.7870044708252,0.0,255.0,199.65,192.0,,,,,,,
812.9893600940704,0.0,255.0,199.64,192.0,,,,,,,
813.0980520248413,0.0,255.0,199.68,191.0,,,,,,,
813.2082829475403,0.13,255.0,199.71,190.0,,,,,,,
813.3169782161713,0.0,255.0,199.73,190.0,,,,,,,
813.6943006515503,0.0,255.0,199.79,189.0,,,,,,,
813.8959078788757,0.0,255.0,199.81,188.0,,,,,,,
814.097083568573,0.0,255.0,199.82,188.0,,,,,,,
814.1909680366516,0.0,255.0,199.82,188.0,,,,,,,
814.3001916408539,0.0,255.0,199.82,188.0,,,,,,,
814.5005149841309,0.0,255.0,199.83,188.0,,,,,,,
814.6241731643677,0.0,255.0,199.83,188.0,,,,,,,
814.7329201698303,-0.13,255.0,199.83,188.0,,,,,,,
814.9040260314941,0.0,255.0,199.83,188.0,,,,,,,
815.1999182701111,0.0,255.0,199.83,189.0,,,,,,,
815.2941460609436,0.0,255.0,199.83,189.0,,,,,,,
815.4960350990295,0.0,255.0,199.83,189.0,,,,,,,
815.6044445037842,0.0,255.0,199.83,189.0,,,,,,,
815.7139172554016,0.0,255.0,199.84,189.0,,,,,,,
815.8363168239594,0.0,255.0,199.84,189.0,,,,,,,
816.100029706955,0.13,255.0,199.84,189.0,,,,,,,
816.3018333911896,0.0,255.0,199.84,189.0,,,,,,,
816.5043895244598,0.0,255.0,199.93,183.0,,,,,,,
816.6115050315857,0.0,255.0,199.91,187.0,,,,,,,
816.703494310379,0.0,255.0,199.99,181.0,,,,,,,
816.8122737407684,0.0,255.0,200.06,180.0,,,,,,,
817.014919757843,0.0,255.0,200.07,179.0,,,,,,,
817.1394639015198,0.0,255.0,200.03,184.0,,,,,,,
817.2483096122742,0.0,255.0,200.09,179.0,,,,,,,
817.4186203479767,0.0,255.0,200.17,176.0,,,,,,,
817.6203985214233,0.0,255.0,200.22,175.0,,,,,,,
817.7139468193054,0.0,255.0,200.24,174.0,,,,,,,
817.8084633350372,0.0,255.0,200.26,174.0,,,,,,,
818.0277478694916,0.0,255.0,200.28,173.0,,,,,,,
818.1363344192505,0.0,255.0,200.29,172.0,,,,,,,
818.2296006679535,0.0,255.0,200.29,172.0,,,,,,,
818.3543078899384,0.0,255.0,200.3,172.0,,,,,,,
818.6198675632477,-0.13,255.0,200.31,171.0,,,,,,,
818.8218352794647,-0.13,255.0,200.31,171.0,,,,,,,
819.0251519680023,0.0,255.0,200.31,171.0,,,,,,,
819.1334939002991,0.0,255.0,200.31,170.0,,,,,,,
819.2265887260437,0.0,255.0,200.32,170.0,,,,,,,
819.3350973129272,0.0,255.0,200.32,170.0,,,,,,,
819.6606945991516,0.13,255.0,200.32,170.0,,,,,,,
819.831337928772,0.0,255.0,200.32,169.0,,,,,,,
820.126594543457,0.0,255.0,200.32,169.0,,,,,,,
820.23526263237,0.0,255.0,200.32,169.0,,,,,,,
820.3302369117737,0.0,255.0,200.32,169.0,,,,,,,
820.5329134464264,0.0,255.0,200.32,169.0,,,,,,,
820.6416733264923,0.0,255.0,200.32,168.0,,,,,,,
820.7499911785126,0.0,255.0,200.32,168.0,,,,,,,
820.8599538803101,0.0,255.0,200.42,162.0,,,,,,,
821.1407070159912,0.0,255.0,200.54,158.0,,,,,,,
821.3426721096039,0.0,255.0,200.46,163.0,,,,,,,
821.6365704536438,0.0,255.0,200.49,158.0,,,,,,,
821.7431969642639,0.0,255.0,200.55,156.0,,,,,,,
821.8527240753174,0.0,255.0,200.6,155.0,,,,,,,
822.069762468338,0.0,255.0,200.68,152.0,,,,,,,
822.2414891719818,0.0,255.0,200.72,150.0,,,,,,,
822.5359132289886,0.0,255.0,200.69,150.0,,,,,,,
822.6441643238068,0.0,255.0,200.71,150.0,,,,,,,
822.7364635467529,0.0,255.0,200.73,149.0,,,,,,,
822.8437523841858,0.0,255.0,200.74,148.0,,,,,,,
823.0596036911011,0.0,255.0,200.77,147.0,,,,,,,
823.1532950401306,0.0,255.0,200.77,146.0,,,,,,,
823.2621102333069,0.0,255.0,200.78,146.0,,,,,,,
823.5549669265747,0.0,255.0,200.79,144.0,,,,,,,
823.7563133239746,0.0,255.0,200.8,144.0,,,,,,,
824.0482370853424,0.0,255.0,200.8,143.0,,,,,,,
824.157331943512,0.0,255.0,200.8,142.0,,,,,,,
824.249772310257,0.0,255.0,200.8,142.0,,,,,,,
824.3585045337677,0.0,255.0,200.8,142.0,,,,,,,
824.574245929718,0.0,255.0,200.8,141.0,,,,,,,
824.759373664856,0.0,255.0,200.8,140.0,,,,,,,
825.0538957118988,0.0,255.0,200.97,131.0,,,,,,,
825.1627397537231,0.0,255.0,200.93,135.0,,,,,,,
825.2577531337738,0.0,255.0,200.91,136.0,,,,,,,
825.3662841320038,0.0,255.0,200.99,129.0,,,,,,,
825.6767897605896,0.0,255.0,200.9,134.0,,,,,,,
825.7842607498169,0.0,255.0,200.88,135.0,,,,,,,
826.0652086734772,-0.13,255.0,200.84,134.0,,,,,,,
826.268975019455,0.0,255.0,200.83,134.0,,,,,,,
826.4707505702972,0.0,255.0,200.82,134.0,,,,,,,
826.5639209747314,0.0,255.0,200.82,134.0,,,,,,,
826.6721799373627,0.0,255.0,200.82,133.0,,,,,,,
826.7605230808258,0.0,255.0,200.81,133.0,,,,,,,
826.9608151912689,0.13,255.0,200.81,132.0,,,,,,,
827.0882847309113,0.0,255.0,200.81,132.0,,,,,,,
827.1983082294464,0.0,255.0,200.81,132.0,,,,,,,
827.3705244064331,0.0,255.0,200.81,131.0,,,,,,,
827.5718007087708,0.0,255.0,200.91,124.0,,,,,,,
827.681316614151,0.0,255.0,200.98,122.0,,,,,,,
827.7746183872223,0.0,255.0,200.95,126.0,,,,,,,
827.8670003414154,0.0,255.0,200.92,126.0,,,,,,,
828.2984600067139,0.0,255.0,200.85,127.0,,,,,,,
828.701589345932,0.0,255.0,200.89,124.0,,,,,,,
828.78054022789,-0.13,255.0,200.87,124.0,,,,,,,
828.87415599823,0.0,255.0,200.86,125.0,,,,,,,
829.0125999450684,0.0,255.0,200.85,124.0,,,,,,,
829.0889430046082,0.0,255.0,200.84,124.0,,,,,,,
829.1815037727356,0.0,255.0,200.83,124.0,,,,,,,
829.2909653186798,0.0,255.0,200.83,124.0,,,,,,,
829.4757690429688,0.0,255.0,200.82,124.0,,,,,,,
829.5840616226196,0.0,255.0,200.82,123.0,,,,,,,
829.6929202079773,0.0,255.0,200.81,123.0,,,,,,,
829.7843637466431,0.0,255.0,200.81,123.0,,,,,,,
829.8931841850281,0.0,255.0,200.81,122.0,,,,,,,
830.0817441940308,0.0,255.0,200.81,122.0,,,,,,,
830.1896281242371,0.13,255.0,200.81,122.0,,,,,,,
830.2826917171478,-0.13,255.0,200.81,121.0,,,,,,,
830.3909244537354,0.0,255.0,200.81,121.0,,,,,,,
830.5912318229675,0.0,255.0,200.81,120.0,,,,,,,
830.7004187107086,0.0,255.0,200.81,120.0,,,,,,,
830.7925689220428,0.0,255.0,200.81,120.0,,,,,,,
830.8848094940186,0.0,255.0,200.81,119.0,,,,,,,
831.0233962535858,0.0,255.0,200.81,119.0,,,,,,,
831.086660861969,0.0,255.0,200.81,119.0,,,,,,,
831.1963906288147,0.0,255.0,200.81,118.0,,,,,,,
831.2890732288361,-0.13,255.0,200.81,118.0,,,,,,,
831.3970115184784,0.0,255.0,200.81,118.0,,,,,,,
831.6008384227753,0.0,255.0,200.81,117.0,,,,,,,
831.693617105484,0.0,255.0,200.81,117.0,,,,,,,
831.8034224510193,0.0,255.0,200.81,117.0,,,,,,,
831.896057844162,0.0,255.0,200.81,116.0,,,,,,,
832.0345590114594,0.0,255.0,200.81,116.0,,,,,,,
832.1285057067871,0.0,255.0,200.71,122.0,,,,,,,
832.2364432811737,0.0,255.0,200.63,124.0,,,,,,,
832.4080712795258,0.0,255.0,200.52,126.0,,,,,,,
832.5957334041595,0.0,255.0,200.45,128.0,,,,,,,
832.7037749290466,0.0,255.0,200.42,129.0,,,,,,,
832.7974364757538,0.0,255.0,200.4,129.0,,,,,,,
832.9065136909485,0.0,255.0,200.48,123.0,,,,,,,
833.1073994636536,0.0,255.0,200.42,128.0,,,,,,,
833.2157247066498,0.0,255.0,200.4,128.0,,,,,,,
833.308140039444,0.13,255.0,200.39,129.0,,,,,,,
833.4022414684296,0.0,255.0,200.37,129.0,,,,,,,
833.5394797325134,0.0,255.0,200.36,129.0,,,,,,,
833.6006968021393,0.0,255.0,200.35,129.0,,,,,,,
833.708575963974,0.0,255.0,200.35,129.0,,,,,,,
833.8151948451996,0.0,255.0,200.34,129.0,,,,,,,
834.0160882472992,-0.13,255.0,200.33,129.0,,,,,,,
834.1096932888031,0.0,255.0,200.33,129.0,,,,,,,
834.2158024311066,0.0,255.0,200.33,129.0,,,,,,,
834.3062858581543,0.0,255.0,200.33,129.0,,,,,,,
834.4139285087585,0.0,255.0,200.32,129.0,,,,,,,
834.6134037971497,0.0,255.0,200.32,129.0,,,,,,,
834.7198512554169,0.0,255.0,200.32,128.0,,,,,,,
834.8132622241974,0.0,255.0,200.32,128.0,,,,,,,
834.9214725494385,0.0,255.0,200.32,128.0,,,,,,,
835.1226665973663,0.0,255.0,200.32,128.0,,,,,,,
835.2146263122559,0.0,255.0,200.32,128.0,,,,,,,
835.323561668396,0.0,255.0,200.32,128.0,,,,,,,
835.4155814647675,0.0,255.0,200.32,128.0,,,,,,,
835.5553615093231,0.0,255.0,200.32,127.0,,,,,,,
835.6321721076965,0.0,255.0,200.32,127.0,,,,,,,
835.7403974533081,0.0,255.0,200.32,127.0,,,,,,,
835.8495728969574,0.0,255.0,200.32,127.0,,,,,,,
836.0219533443451,0.0,255.0,200.22,133.0,,,,,,,
836.1295862197876,0.0,255.0,200.24,129.0,,,,,,,
836.222089767456,0.13,255.0,200.16,135.0,,,,,,,
836.3310697078705,0.0,255.0,200.1,136.0,,,,,,,
836.5306787490845,0.0,255.0,200.0,139.0,,,,,,,
836.6245102882385,0.0,255.0,199.97,140.0,,,,,,,
836.733473777771,0.0,255.0,199.94,141.0,,,,,,,
836.8263239860535,-0.13,255.0,199.92,141.0,,,,,,,
836.9204053878784,0.0,255.0,199.9,142.0,,,,,,,
837.0591237545013,0.0,255.0,199.89,142.0,,,,,,,
837.2296876907349,0.0,255.0,199.87,143.0,,,,,,,
837.3221578598022,0.0,255.0,199.86,143.0,,,,,,,
837.5241072177887,0.0,255.0,199.85,144.0,,,,,,,
837.6332802772522,0.0,255.0,199.85,144.0,,,,,,,
837.7410621643066,0.0,255.0,199.85,144.0,,,,,,,
837.8333880901337,0.0,255.0,199.84,144.0,,,,,,,
838.0344817638397,0.0,255.0,199.84,144.0,,,,,,,
838.1276779174805,0.0,255.0,199.84,144.0,,,,,,,
838.2369699478149,0.0,255.0,199.84,144.0,,,,,,,
838.33007979393,0.0,255.0,199.84,144.0,,,,,,,
838.4400646686554,0.0,255.0,199.84,145.0,,,,,,,
839.3603568077087,0.0,255.0,199.79,147.0,,,,,,,
840.0770981311798,0.0,255.0,199.54,158.0,,,,,,,
840.2471363544464,0.0,255.0,199.47,19.0,,,,,,,
840.3541769981384,0.0,255.0,199.45,20.0,,,,,,,
840.5558304786682,0.0,255.0,199.49,19.0,,,,,,,
840.6488847732544,0.0,255.0,199.47,20.0,,,,,,,
840.7578997612,0.0,255.0,199.44,21.0,,,,,,,
840.8511257171631,0.0,255.0,199.43,22.0,,,,,,,
841.0542094707489,0.0,255.0,199.31,29.0,,,,,,,
841.1462924480438,0.0,255.0,199.32,25.0,,,,,,,
841.2542974948883,0.0,255.0,199.32,25.0,,,,,,,
841.3481876850128,0.0,255.0,199.24,32.0,,,,,,,
841.5506999492645,0.0,255.0,199.3,23.0,,,,,,,
841.6601824760437,0.0,255.0,199.22,33.0,,,,,,,
841.7534618377686,0.0,255.0,199.15,35.0,,,,,,,
841.8616845607758,0.0,255.0,199.1,37.0,,,,,,,
842.0657441616058,0.13,255.0,199.02,40.0,,,,,,,
842.160751581192,-0.13,255.0,198.99,41.0,,,,,,,
842.2680945396423,0.0,255.0,198.97,42.0,,,,,,,
842.3635792732239,0.0,255.0,198.95,43.0,,,,,,,
842.5652258396149,0.0,255.0,198.93,45.0,,,,,,,
842.6583232879639,0.0,255.0,198.92,45.0,,,,,,,
842.7681527137756,0.0,255.0,198.91,46.0,,,,,,,
842.860782623291,0.0,255.0,198.91,47.0,,,,,,,
842.9987232685089,0.0,255.0,198.9,47.0,,,,,,,
843.0612795352936,0.0,255.0,198.9,48.0,,,,,,,
843.170449256897,0.0,255.0,198.89,48.0,,,,,,,
843.2807669639587,0.0,255.0,198.89,49.0,,,,,,,
843.4664506912231,0.0,255.0,198.89,50.0,,,,,,,
843.5605301856995,0.0,255.0,198.89,50.0,,,,,,,
843.6684808731079,0.0,255.0,198.89,51.0,,,,,,,
843.7774851322174,0.0,255.0,198.89,51.0,,,,,,,
843.8709511756897,0.0,255.0,198.88,52.0,,,,,,,
844.0705153942108,0.0,255.0,198.88,53.0,,,,,,,
844.1640660762787,0.0,255.0,198.88,53.0,,,,,,,
844.2717247009277,0.0,255.0,198.88,53.0,,,,,,,
