Time_s,Temperatura_Hotend,RPM_Motor_DC,Grosor_Filamento,Estado_Motor_DC,Estado_Fan,Estado_Extrusor,Estado_Heater
0.0,30.82,-3.06,,0,0,0,0
0.1,30.82,-3.06,,0,0,0,0
0.2,30.82,-3.06,,0,0,0,0
0.3,30.82,-3.06,,0,0,0,0
0.4,30.82,-3.06,,0,0,0,0
0.5,30.82,-3.06,,0,0,0,0
0.6,30.82,-3.06,,0,0,0,0
0.7,30.82,-3.06,,0,0,0,0
0.8,30.82,-3.06,,0,0,0,0
0.9,30.82,-3.19,,0,0,0,0
1.0,30.82,-2.93,,0,0,0,0
1.1,30.82,-3.06,,0,0,0,0
1.2,30.82,-3.06,,0,0,0,0
1.3,30.82,-2.81,,0,0,0,0
1.4,30.82,-3.06,,0,0,0,0
1.5,30.82,-3.06,,0,0,0,0
1.6,30.82,-2.81,,0,0,0,0
1.7,30.82,-3.06,,0,0,0,0
1.8,30.82,-3.06,,0,0,0,0
1.9,30.82,-3.06,,0,0,0,1
2.0,30.82,-3.06,,0,0,0,1
2.1,30.82,-2.81,,0,0,0,1
2.2,30.82,-3.06,,0,0,0,1
2.3,30.82,-3.06,,0,0,0,1
2.4,30.82,-3.06,,0,0,0,1
2.5,31.26,-3.32,,0,0,0,1
2.6,30.82,-3.06,,0,0,0,1
2.7,30.82,-3.06,,0,0,0,1
2.8,30.82,-3.06,,0,0,0,1
2.9,30.38,-2.81,,0,0,0,1
3.0,30.82,-3.06,,0,0,0,1
3.1,30.82,-3.06,,0,0,0,1
3.2,30.82,-3.06,,0,0,0,1
3.3,30.82,-3.06,,0,0,0,1
3.4,30.82,-2.55,,0,0,0,1
3.5,30.82,-3.32,,0,0,0,1
3.6,30.38,-2.68,,0,0,0,1
3.7,30.82,-3.06,,0,0,0,1
3.8,30.82,-3.06,,0,0,0,1
3.9,30.82,-3.06,,0,0,0,1
4.0,30.38,-3.06,,0,0,0,1
4.1,30.82,-3.06,,0,0,0,1
4.2,30.82,-2.81,,0,0,0,1
4.3,30.82,-3.06,,0,0,0,1
4.4,30.82,-3.11,,0,0,0,1
4.5,30.82,-3.06,,0,0,0,1
4.6,30.82,-3.06,,0,0,0,1
4.7,30.82,-3.06,,0,0,0,1
4.8,30.82,-2.81,,0,0,0,1
4.9,30.38,-3.07,,0,0,0,1
5.0,30.82,-2.83,,0,0,0,1
5.1,30.82,-3.06,,0,0,0,1
5.2,30.82,-2.81,,0,0,0,1
5.3,30.38,-2.93,,0,0,0,1
5.4,30.82,-3.06,,0,0,0,1
5.5,30.82,-2.55,,0,0,0,1
5.6,30.82,-3.06,,0,0,0,1
5.7,30.82,-3.06,,0,0,0,1
5.8,30.82,-3.06,,0,0,0,1
5.9,30.82,-3.06,,0,0,0,1
6.0,30.82,-3.06,,0,0,0,1
6.1,30.82,-3.06,,0,0,0,1
6.2,30.82,-3.06,,0,0,0,1
6.3,30.82,-2.81,,0,0,0,1
6.4,30.82,-3.06,,0,0,0,1
6.5,30.82,-3.06,,0,0,0,1
6.6,30.82,-2.78,,0,0,0,1
6.7,30.38,-3.32,,0,0,0,1
6.8,30.82,-3.06,,0,0,0,1
6.9,30.82,-3.06,,0,0,0,1
7.0,30.82,-2.81,,0,0,0,1
7.1,30.82,-3.06,,0,0,0,1
7.2,30.82,-2.81,,0,0,0,1
7.3,30.82,-3.06,,0,0,0,1
7.4,30.82,-2.81,,0,0,0,1
7.5,30.82,-3.06,,0,0,0,1
7.6,30.82,-3.06,,0,0,0,1
7.7,30.82,-3.19,,0,0,0,1
7.8,30.82,-2.81,,0,0,0,1
7.9,30.82,-3.19,,0,0,0,1
8.0,30.82,-2.81,,0,0,0,1
8.1,30.82,-3.06,,0,0,0,1
8.2,30.82,-3.06,,0,0,0,1
8.3,30.82,-3.06,,0,0,0,1
8.4,30.82,-3.06,,0,0,0,1
8.5,30.82,-3.06,,0,0,0,1
8.6,30.82,-3.06,,0,0,0,1
8.7,30.82,-2.81,,0,0,0,1
8.8,30.82,-3.06,,0,0,0,1
8.9,30.82,-3.06,,0,0,0,1
9.0,30.38,-3.06,,0,0,0,1
9.1,30.82,-3.06,,0,0,0,1
9.2,30.38,-3.32,,0,0,0,1
9.3,30.38,-2.81,,0,0,0,1
9.4,30.38,-2.55,,0,0,0,1
9.5,30.82,-2.78,,0,0,0,1
9.6,30.82,-3.06,,0,0,0,1
9.7,30.82,-2.81,,0,0,0,1
9.8,30.38,-3.06,,0,0,0,1
9.9,30.82,-2.81,,0,0,0,1
10.0,30.82,-3.06,,0,0,0,1
10.1,30.82,-3.06,,0,0,0,1
10.2,30.38,-3.19,,0,0,0,1
10.3,30.82,-3.19,,0,0,0,1
10.4,30.38,-3.06,,0,0,0,1
10.5,30.82,-3.06,,0,0,0,1
10.6,30.82,-3.06,,0,0,0,1
10.7,30.82,-2.81,,0,0,0,1
10.8,30.38,-3.06,,0,0,0,1
10.9,30.82,-3.06,,0,0,0,1
11.0,31.26,-2.81,,0,0,0,1
11.1,30.82,-3.06,,0,0,0,1
11.2,30.82,-2.81,,0,0,0,1
11.3,30.82,-3.06,,0,0,0,1
11.4,30.82,-2.81,,0,0,0,1
11.5,30.82,-2.81,,0,0,0,1
11.6,30.82,-2.81,,0,0,0,1
11.7,30.38,-2.81,,0,0,0,1
11.8,30.82,-3.06,,0,0,0,1
11.9,30.38,-2.81,,0,0,0,1
12.0,30.38,-3.06,,0,0,0,1
12.1,30.38,-3.06,,0,0,0,1
12.2,30.82,-3.06,,0,0,0,1
12.3,30.38,-2.81,,0,0,0,1
12.4,30.38,-2.81,,0,0,0,1
12.5,30.38,-2.81,,0,0,0,1
12.6,30.38,-2.81,,0,0,0,1
12.7,30.38,-3.06,,0,0,0,1
12.8,30.38,-2.55,,0,0,0,1
12.9,30.82,-2.81,,0,0,0,1
13.0,30.38,-3.06,,0,0,0,1
13.1,30.82,-3.06,,0,0,0,1
13.2,30.82,-1.79,,0,0,0,1
13.3,30.82,-1.28,,0,0,0,1
13.4,30.38,-1.79,,0,0,0,1
13.5,30.82,-2.81,,0,0,0,1
13.6,30.82,-2.3,,0,0,0,1
13.7,30.82,-2.55,,0,0,0,1
13.8,30.82,-1.53,,0,0,0,1
13.9,30.82,-1.53,,0,0,0,1
14.0,30.82,-3.06,,0,0,0,1
14.1,30.38,-2.55,,0,0,0,1
14.2,30.38,-2.3,,0,0,0,1
14.3,30.38,-1.02,,0,0,0,1
14.4,30.82,-0.77,,0,0,0,1
14.5,30.38,-1.28,,0,0,0,1
14.6,30.38,-2.04,,0,0,0,1
14.7,30.38,-3.06,,0,0,0,1
14.8,30.38,-2.81,,0,0,0,1
14.9,30.38,-2.04,,0,0,0,1
15.0,30.38,-2.81,,0,0,0,1
15.1,30.82,-3.06,,0,0,0,1
15.2,30.38,-2.81,,0,0,0,1
15.3,30.38,-3.06,,0,0,0,1
15.4,30.38,-1.91,,0,0,0,1
15.5,30.82,-0.89,,0,0,0,1
15.6,30.82,-0.51,,0,0,0,1
15.7,30.82,-0.77,,0,0,0,1
15.8,30.82,0.0,,0,0,0,1
15.9,30.82,-0.77,,0,0,0,1
16.0,30.82,-0.26,,0,0,0,1
16.1,30.82,-1.79,,0,0,0,1
16.2,30.82,-2.81,,0,0,0,1
16.3,30.82,-2.81,,0,0,0,1
16.4,30.82,-3.06,,0,0,0,1
16.5,30.82,-3.06,,0,0,0,1
16.6,30.82,-3.06,,0,0,0,1
16.7,30.38,-3.06,,0,0,0,1
16.8,29.94,-2.81,,0,0,0,1
16.9,30.38,-3.06,,0,0,0,1
17.0,30.38,-3.06,,0,0,0,1
17.1,30.38,-2.55,,0,0,0,1
17.2,30.38,-3.06,,0,0,0,1
17.3,30.38,-2.93,,0,0,0,1
17.4,30.38,-3.09,,0,0,0,1
17.5,30.38,-2.55,,0,0,0,1
17.6,30.38,-2.81,,0,0,0,1
17.7,30.38,-3.06,,0,0,0,1
17.8,30.38,-3.06,,0,0,0,1
17.9,30.38,-2.81,,0,0,0,1
18.0,30.82,-3.06,,0,0,0,1
18.1,30.38,-3.06,,0,0,0,1
18.2,30.82,-3.06,,0,0,0,1
18.3,30.82,-3.06,,0,0,0,1
18.4,30.82,-3.06,,0,0,0,1
18.5,30.38,-3.06,,0,0,0,1
18.6,30.38,-3.06,,0,0,0,1
18.7,30.38,-3.32,,0,0,0,1
18.8,30.38,-2.81,,0,0,0,1
18.9,30.82,-2.55,,0,0,0,1
19.0,30.82,-3.06,,0,0,0,1
19.1,30.38,-2.81,,0,0,0,1
19.2,30.82,-3.06,,0,0,0,1
19.3,30.82,-3.06,,0,0,0,1
19.4,30.38,-2.55,,0,0,0,1
19.5,30.82,-3.06,,0,0,0,1
19.6,30.82,-3.06,,0,0,0,1
19.7,30.38,-2.81,,0,0,0,1
19.8,30.82,-3.06,,0,0,0,1
19.9,30.82,-3.06,,0,0,0,1
20.0,30.38,-3.06,,0,0,0,1
20.1,30.38,-3.06,,0,0,0,1
20.2,30.38,-2.81,,0,0,0,1
20.3,30.38,-3.06,,0,0,0,1
20.4,30.38,-3.06,,0,0,0,1
20.5,30.38,-3.06,,0,0,0,1
20.6,30.38,-3.06,,0,0,0,1
20.7,30.38,-2.81,,0,0,0,1
20.8,30.38,-3.06,,0,0,0,1
20.9,30.38,-3.06,,0,0,0,1
21.0,30.38,-2.81,,0,0,0,1
21.1,30.38,-3.06,,0,0,0,1
21.2,30.38,-3.19,,0,0,0,1
21.3,30.38,-3.06,,0,0,0,1
21.4,30.38,-3.06,,0,0,0,1
21.5,30.82,-2.81,,0,0,0,1
21.6,30.82,-3.06,,0,0,0,1
21.7,30.82,-3.06,,0,0,0,1
21.8,30.82,-3.06,,0,0,0,1
21.9,30.82,-3.06,,0,0,0,1
22.0,30.82,-3.06,,0,0,0,1
22.1,30.82,-3.06,,0,0,0,1
22.2,30.82,-3.06,,0,0,0,1
22.3,30.82,-3.06,,0,0,0,1
22.4,30.82,-2.55,,0,0,0,1
22.5,30.82,-2.81,,0,0,0,1
22.6,30.82,-3.06,,0,0,0,1
22.7,30.82,-3.32,,0,0,0,1
22.8,30.82,-3.06,,0,0,0,1
22.9,30.82,-3.06,,0,0,0,1
23.0,30.82,-3.06,,0,0,0,1
23.1,30.82,-2.81,,0,0,0,1
23.2,30.82,-3.06,,0,0,0,1
23.3,31.26,-3.06,,0,0,0,1
23.4,30.82,-3.06,,0,0,0,1
23.5,30.82,-3.06,,0,0,0,1
23.6,30.82,-3.06,,0,0,0,1
23.7,30.82,-3.06,,0,0,0,1
23.8,31.26,-3.06,,0,0,0,1
23.9,31.26,-3.32,,0,0,0,1
24.0,31.26,-3.06,,0,0,0,1
24.1,31.26,-3.06,,0,0,0,1
24.2,32.11,-3.06,,0,0,0,1
24.3,31.69,-3.06,,0,0,0,1
24.4,31.69,-2.81,,0,0,0,1
24.5,31.69,-3.06,,0,0,0,1
24.6,31.69,-3.06,,0,0,0,1
24.7,31.69,-3.06,,0,0,0,1
24.8,31.69,-3.06,,0,0,0,1
24.9,31.69,-3.06,,0,0,0,1
25.0,31.69,-3.06,,0,0,0,1
25.1,31.69,-3.06,,0,0,0,1
25.2,31.69,-2.81,,0,0,0,1
25.3,32.11,-2.55,,0,0,0,1
25.4,31.69,-2.3,,0,0,0,1
25.5,32.11,-2.55,,0,0,0,1
25.6,32.11,-3.06,,0,0,0,1
25.7,32.11,-3.06,,0,0,0,1
25.8,32.53,-3.06,,0,0,0,1
25.9,32.11,-2.81,,0,0,0,1
26.0,32.53,-3.06,,0,0,0,1
26.1,32.53,-3.06,,0,0,0,1
26.2,32.53,-3.06,,0,0,0,1
26.3,32.53,-2.55,,0,0,0,1
26.4,32.53,-1.66,,0,0,0,1
26.5,32.94,-2.3,,0,0,0,1
26.6,32.94,-3.06,,0,0,0,1
26.7,32.94,-3.06,,0,0,0,1
26.8,33.35,-3.06,,0,0,0,1
26.9,32.94,-3.06,,0,0,0,1
27.0,33.35,-3.06,,0,0,0,1
27.1,33.35,-3.06,,0,0,0,1
27.2,33.35,-3.06,,0,0,0,1
27.3,33.35,-3.06,,0,0,0,1
27.4,33.75,-3.06,,0,0,0,1
27.5,33.75,-3.06,,0,0,0,1
27.6,33.75,-3.06,,0,0,0,1
27.7,33.75,-3.06,,0,0,0,1
27.8,33.75,-2.68,,0,0,0,1
27.9,33.75,-2.55,,0,0,0,1
28.0,33.75,-2.81,,0,0,0,1
28.1,34.15,-2.81,,0,0,0,1
28.2,34.15,-2.81,,0,0,0,1
28.3,34.15,-2.04,,0,0,0,1
28.4,34.15,-2.55,,0,0,0,1
28.5,34.54,-2.3,,0,0,0,1
28.6,34.15,-2.3,,0,0,0,1
28.7,34.54,-1.79,,0,0,0,1
28.8,34.54,-2.17,,0,0,0,1
28.9,34.54,-1.66,,0,0,0,1
29.0,34.93,-2.3,,0,0,0,1
29.1,34.93,-2.04,,0,0,0,1
29.2,34.93,-1.53,,0,0,0,1
29.3,34.93,-2.04,,0,0,0,1
29.4,35.31,-1.79,,0,0,0,1
29.5,35.31,-1.79,,0,0,0,1
29.6,35.69,-1.79,,0,0,0,1
29.7,35.31,-2.04,,0,0,0,1
29.8,35.69,-2.04,,0,0,0,1
29.9,35.69,-2.04,,0,0,0,1
30.0,35.69,-2.55,,0,0,0,1
30.1,36.07,-2.55,,0,0,0,1
30.2,35.69,-1.79,,0,0,0,1
30.3,36.07,-1.28,,0,0,0,1
30.4,36.07,-0.77,,0,0,0,1
30.5,36.07,-0.77,,0,0,0,1
30.6,36.44,-1.53,,0,0,0,1
30.7,36.44,-1.79,,0,0,0,1
30.8,36.44,-2.3,,0,0,0,1
30.9,36.81,-2.04,,0,0,0,1
31.0,36.81,-2.81,,0,0,0,1
31.1,36.81,-2.04,,0,0,0,1
31.2,36.81,-2.3,,0,0,0,1
31.3,37.17,-2.3,,0,0,0,1
31.4,37.17,-2.81,,0,0,0,1
31.5,37.17,-2.3,,0,0,0,1
31.6,37.53,-2.04,,0,0,0,1
31.7,37.17,-1.79,,0,0,0,1
31.8,37.53,-2.3,,0,0,0,1
31.9,38.23,-2.3,,0,0,0,1
32.0,37.88,-1.79,,0,0,0,1
32.1,37.88,-2.04,,0,0,0,1
32.2,37.88,-2.05,,0,0,0,1
32.3,37.88,-1.8,,0,0,0,1
32.4,37.88,-1.53,,0,0,0,1
32.5,38.23,-1.53,,0,0,0,1
32.6,38.23,-1.79,,0,0,0,1
32.7,38.58,-1.79,,0,0,0,1
32.8,38.58,-1.53,,0,0,0,1
32.9,38.58,-1.52,,0,0,0,1
33.0,38.58,-1.53,,0,0,0,1
33.1,38.93,-1.79,,0,0,0,1
33.2,38.93,-1.79,,0,0,0,1
33.3,39.27,-1.53,,0,0,0,1
33.4,39.27,-1.53,,0,0,0,1
33.5,39.27,-2.3,,0,0,0,1
33.6,39.27,-2.04,,0,0,0,1
33.7,39.27,-1.79,,0,0,0,1
33.8,39.61,-2.3,,0,0,0,1
33.9,39.61,-2.3,,0,0,0,1
34.0,39.61,-2.81,,0,0,0,1
34.1,39.94,-2.55,,0,0,0,1
34.2,39.94,-1.79,,0,0,0,1
34.3,39.94,-1.53,,0,0,0,1
34.4,40.27,-2.04,,0,0,0,1
34.5,40.27,-1.53,,0,0,0,1
34.6,40.27,-1.91,,0,0,0,1
34.7,40.6,-1.4,,0,0,0,1
34.8,40.6,-2.17,,0,0,0,1
34.9,40.6,-1.53,,0,0,0,1
35.0,40.93,-1.53,,0,0,0,1
35.1,40.93,-2.3,,0,0,0,1
35.2,41.25,-2.04,,0,0,0,1
35.3,40.93,-2.04,,0,0,0,1
35.4,41.25,-2.04,,0,0,0,1
35.5,41.25,-2.04,,0,0,0,1
35.6,41.57,-2.04,,0,0,0,1
35.7,41.88,-2.04,,0,0,0,1
35.8,41.57,-2.3,,0,0,0,1
35.9,41.88,-2.55,,0,0,0,1
36.0,41.88,-2.04,,0,0,0,1
36.1,42.2,-2.3,,0,0,0,1
36.2,41.88,-1.53,,0,0,0,1
36.3,42.2,-1.28,,0,0,0,1
36.4,42.2,-0.51,,0,0,0,1
36.5,42.51,-0.26,,0,0,0,1
36.6,42.51,-1.53,,0,0,0,1
36.7,42.82,-1.53,,0,0,0,1
36.8,42.82,-1.53,,0,0,0,1
36.9,42.82,-0.51,,0,0,0,1
37.0,43.13,-0.26,,0,0,0,1
37.1,43.13,0.0,,0,0,0,1
37.2,43.13,-0.77,,0,0,0,1
37.3,43.13,-0.26,,0,0,0,1
37.4,43.43,-0.77,,0,0,0,1
37.5,43.43,-0.51,,0,0,0,1
37.6,43.43,-0.51,,0,0,0,1
37.7,43.73,-0.26,,0,0,0,1
37.8,43.73,0.0,,0,0,0,1
37.9,44.03,0.0,,0,0,0,1
38.0,44.03,-0.26,,0,0,0,1
38.1,44.03,-1.02,,0,0,0,1
38.2,44.33,-1.02,,0,0,0,1
38.3,44.33,-0.51,,0,0,0,1
38.4,44.33,-0.26,,0,0,0,1
38.5,44.62,-0.51,,0,0,0,1
38.6,44.62,-0.51,,0,0,0,1
38.7,44.62,-0.51,,0,0,0,1
38.8,44.91,-0.26,,0,0,0,1
38.9,44.91,0.0,,0,0,0,1
39.0,45.2,-0.26,,0,0,0,1
39.1,45.2,-1.53,,0,0,0,1
39.2,45.2,-3.06,,0,0,0,1
39.3,45.49,-3.06,,0,0,0,1
39.4,45.49,-2.81,,0,0,0,1
39.5,45.49,-3.06,,0,0,0,1
39.6,45.49,-3.06,,0,0,0,1
39.7,45.78,-3.06,,0,0,0,1
39.8,45.78,-3.32,,0,0,0,1
39.9,45.78,-3.06,,0,0,0,1
40.0,46.06,-3.06,,0,0,0,1
40.1,46.34,-3.06,,0,0,0,1
40.2,46.62,-3.06,,0,0,0,1
40.3,46.62,-3.06,,0,0,0,1
40.4,46.62,-3.06,,0,0,0,1
40.5,46.62,-3.06,,0,0,0,1
40.6,46.62,-3.06,,0,0,0,1
40.7,46.9,-3.06,,0,0,0,1
40.8,46.9,-3.06,,0,0,0,1
40.9,47.17,-3.06,,0,0,0,1
41.0,47.17,-3.06,,0,0,0,1
41.1,47.17,-3.06,,0,0,0,1
41.2,47.45,-3.32,,0,0,0,1
41.3,47.45,-3.06,,0,0,0,1
41.4,47.45,-3.06,,0,0,0,1
41.5,47.72,-3.06,,0,0,0,1
41.6,47.99,-3.06,,0,0,0,1
41.7,47.99,-3.06,,0,0,0,1
41.8,47.99,-3.06,,0,0,0,1
41.9,48.26,-3.06,,0,0,0,1
42.0,48.26,-3.06,,0,0,0,1
42.1,48.26,-3.06,,0,0,0,1
42.2,48.52,-3.06,,0,0,0,1
42.3,48.52,-3.06,,0,0,0,1
42.4,48.52,-3.32,,0,0,0,1
42.5,48.52,-3.06,,0,0,0,1
42.6,48.79,-3.06,,0,0,0,1
42.7,49.05,-3.06,,0,0,0,1
42.8,49.05,-3.06,,0,0,0,1
42.9,49.31,-3.06,,0,0,0,1
43.0,49.31,-3.06,,0,0,0,1
43.1,49.31,-3.06,,0,0,0,1
43.2,49.57,-3.06,,0,0,0,1
43.3,49.57,-3.06,,0,0,0,1
43.4,49.83,-3.06,,0,0,0,1
43.5,49.83,-3.06,,0,0,0,1
43.6,49.83,-3.06,,0,0,0,1
43.7,50.08,-3.06,,0,,,
43.8,50.08,-3.32,,0,,,
43.9,50.08,-3.06,,0,,,
44.0,50.34,-3.06,,0,,,
44.1,50.34,-3.06,,0,,,
44.2,50.34,-3.06,,0,,,
44.3,50.59,-3.06,,0,,,
44.4,50.59,-3.06,,0,,,
44.5,50.84,-3.06,,0,,,
44.6,50.84,-3.06,,0,,,
44.7,50.84,-3.06,,0,,,
44.8,51.09,-3.06,,0,,,
44.9,51.34,-3.06,,0,,,
45.0,51.34,-3.32,,0,,,
45.1,51.34,-3.06,,0,,,
45.2,51.59,-3.06,,0,,,
45.3,51.84,-3.06,,0,,,
45.4,51.84,-3.06,,0,,,
45.5,51.84,-3.06,,0,,,
45.6,52.08,-3.06,,0,,,
45.7,52.08,-3.06,,0,,,
45.8,52.32,-3.06,,0,,,
45.9,52.32,-3.06,,0,,,
46.0,52.32,-3.06,,0,,,
46.1,52.57,-3.06,,0,,,
46.2,52.57,-3.06,,0,,,
46.3,52.81,-3.06,,0,,,
46.4,52.81,-3.19,,0,,,
46.5,53.04,-3.19,,0,,,
46.6,52.57,-3.06,,0,,,
46.7,53.04,-3.06,,0,,,
46.8,53.28,-3.06,,0,,,
46.9,53.28,-3.06,,0,,,
47.0,53.28,-3.06,,0,,,
47.1,53.28,-3.16,,0,,,
47.2,53.52,-3.06,,0,,,
47.3,53.75,-3.06,,0,,,
47.4,53.75,-3.06,,0,,,
47.5,53.99,-1.53,,0,,,
47.6,53.99,-1.53,,0,,,
47.7,54.22,-3.06,,0,,,
47.8,54.22,-3.06,,0,,,
47.9,54.45,-3.06,,0,,,
48.0,54.68,-3.06,,0,,,
48.1,54.68,-3.06,,0,,,
48.2,54.68,-2.04,,0,,,
48.3,54.68,-2.81,,0,,,
48.4,55.14,-2.81,,0,,,
48.5,54.91,-3.06,,0,,,
48.6,55.14,-2.55,,0,,,
48.7,55.14,-2.3,,0,,,
48.8,55.37,-2.3,,0,,,
48.9,55.37,-2.55,,0,,,
49.0,55.59,-2.04,,0,,,
49.1,55.59,-2.27,,0,,,
49.2,55.82,-2.04,,0,,,
49.3,55.82,-2.55,,0,,,
49.4,56.04,-1.53,,0,,,
49.5,56.04,-2.3,,0,,,
49.6,56.04,-2.3,,0,,,
49.7,56.04,-1.79,,0,,,
49.8,56.27,-2.3,,0,,,
49.9,56.49,-2.55,,0,,,
50.0,56.49,-1.79,,0,,,
50.1,56.71,-2.04,,0,,,
50.2,56.93,-2.3,,0,,,
50.3,56.71,-1.79,,0,,,
50.4,56.93,-1.79,,0,,,
50.5,56.93,-2.04,,0,,,
50.6,57.15,-1.53,,0,,,
50.7,57.15,-1.79,,0,,,
50.8,57.36,-2.04,,0,,,
50.9,57.36,-1.66,,0,,,
51.0,57.58,-1.91,,0,,,
51.1,57.8,-2.04,,0,,,
51.2,57.8,-1.79,,0,,,
51.3,57.8,-1.53,,0,,,
51.4,58.01,-2.04,,0,,,
51.5,58.01,-1.53,,0,,,
51.6,58.23,-1.53,,0,,,
51.7,58.23,-1.79,,0,,,
51.8,58.44,-1.53,,0,,,
51.9,58.44,-1.79,,0,,,
52.0,58.65,-1.52,,0,,,
52.1,58.65,-1.53,,0,,,
52.2,58.65,-1.53,,0,,,
52.3,58.65,-1.79,,0,,,
52.4,58.86,-1.79,,0,,,
52.5,59.07,-1.79,,0,,,
52.6,59.07,-1.53,,0,,,
52.7,59.28,-1.53,,0,,,
52.8,59.28,-1.53,,0,,,
52.9,59.49,-1.79,,0,,,
53.0,59.49,-1.53,,0,,,
53.1,59.7,-1.53,,0,,,
53.2,59.7,-1.53,,0,,,
53.3,59.9,-1.53,,0,,,
53.4,59.9,-1.66,,0,,,
53.5,60.11,-1.53,,0,,,
53.6,60.11,-1.66,,0,,,
53.7,60.32,-1.53,,0,,,
53.8,60.32,-1.53,,0,,,
53.9,60.52,-1.53,,0,,,
54.0,60.52,-1.53,,0,,,
54.1,60.72,-1.53,,0,,,
54.2,60.72,-1.28,,0,,,
54.3,60.93,-1.02,,0,,,
54.4,60.93,-1.02,,0,,,
54.5,61.13,-1.02,,0,,,
54.6,61.13,-1.28,,0,,,
54.7,61.33,-0.51,,0,,,
54.8,61.33,-1.28,,0,,,
54.9,61.33,-1.52,,0,,,
55.0,61.53,-1.53,,0,,,
55.1,61.73,-1.53,,0,,,
55.2,61.73,-1.53,,0,,,
55.3,61.73,-1.53,,0,,,
55.4,61.93,-1.53,,0,,,
55.5,62.13,-1.53,,0,,,
55.6,62.13,-1.53,,0,,,
55.7,62.13,-1.53,,0,,,
55.8,62.32,-1.53,,0,,,
55.9,62.52,-2.04,,0,,,
56.0,62.52,-1.79,,0,,,
56.1,62.72,-1.79,,0,,,
56.2,62.72,-2.55,,0,,,
56.3,62.91,-2.3,,0,,,
56.4,62.91,-2.3,,0,,,
56.5,63.11,-2.04,,0,,,
56.6,63.11,-2.3,,0,,,
56.7,63.3,-2.04,,0,,,
56.8,63.5,-2.3,,0,,,
56.9,63.69,-2.04,,0,,,
57.0,63.5,-2.04,,0,,,
57.1,63.69,-2.04,,0,,,
57.2,63.88,-3.06,,0,,,
57.3,63.88,-2.81,,0,,,
57.4,63.88,-2.81,,0,,,
57.5,64.07,-2.81,,0,,,
57.6,64.26,-2.55,,0,,,
57.7,64.26,-2.81,,0,,,
57.8,64.26,-3.06,,0,,,
57.9,64.45,-2.55,,0,,,
58.0,64.64,-2.81,,0,,,
58.1,64.64,-3.06,,0,,,
58.2,64.83,-3.06,,0,,,
58.3,64.83,-2.3,,0,,,
58.4,64.83,-2.55,,0,,,
58.5,65.02,-2.3,,0,,,
58.6,65.02,-2.55,,0,,,
58.7,65.21,-2.55,,0,,,
58.8,65.21,-2.81,,0,,,
58.9,65.39,-2.68,,0,,,
59.0,65.39,-1.66,,0,,,
59.1,65.77,-2.68,,0,,,
59.2,65.77,-3.06,,0,,,
59.3,65.95,-2.55,,0,,,
59.4,65.95,-3.06,,0,,,
59.5,66.14,-2.81,,0,,,
59.6,66.32,-2.55,,0,,,
59.7,66.32,-2.81,,0,,,
59.8,66.32,-2.81,,0,,,
59.9,66.5,-2.55,,0,,,
60.0,66.5,-2.55,,0,,,
60.1,66.69,-2.81,,0,,,
60.2,66.87,-2.81,,0,,,
60.3,66.87,-2.81,,0,,,
60.4,66.87,-3.06,,0,,,
60.5,67.05,-2.88,,0,,,
60.6,67.05,-2.83,,0,,,
60.7,67.23,-2.55,,0,,,
60.8,67.41,-3.06,,0,,,
60.9,67.41,-2.81,,0,,,
61.0,67.41,-2.55,,0,,,
61.1,67.59,-3.06,,0,,,
61.2,67.59,-2.53,,0,,,
61.3,67.77,-3.06,,0,,,
61.4,67.77,-2.81,,0,,,
61.5,68.13,-2.55,,0,,,
61.6,68.13,-2.81,,0,,,
61.7,68.13,-2.81,,0,,,
61.8,68.31,-3.06,,0,,,
61.9,68.31,-2.55,,0,,,
62.0,68.49,-3.06,,0,,,
62.1,68.49,-1.66,,0,,,
62.2,68.67,-3.06,,0,,,
62.3,68.84,-2.55,,0,,,
62.4,68.84,-3.06,,0,,,
62.5,69.02,-2.81,,0,,,
62.6,69.19,-2.55,,0,,,
62.7,69.19,-2.3,,0,,,
62.8,69.19,-2.55,,0,,,
62.9,69.37,-2.3,,0,,,
63.0,69.55,-2.81,,0,,,
63.1,69.55,-2.55,,0,,,
63.2,69.72,-2.55,,0,,,
63.3,69.72,-2.55,,0,,,
63.4,69.72,-2.81,,0,,,
63.5,69.89,-2.81,,0,,,
63.6,70.07,-2.55,,0,,,
63.7,70.07,-2.55,,0,,,
63.8,70.07,-3.06,,0,,,
63.9,70.24,-2.81,,0,,,
64.0,70.41,-2.55,,0,,,
64.1,70.41,-2.53,,0,,,
64.2,70.59,-2.55,,0,,,
64.3,70.59,-2.81,,0,,,
64.4,70.76,-2.55,,0,,,
64.5,70.76,-2.81,,0,,,
64.6,70.93,-2.42,,0,,,
64.7,71.1,-2.17,,0,,,
64.8,71.1,-2.68,,0,,,
64.9,71.27,-2.3,,0,,,
65.0,71.27,-2.81,,0,,,
65.1,71.44,-2.04,,0,,,
65.2,71.61,-2.81,,0,,,
65.3,71.61,-3.06,,0,,,
65.4,71.78,-2.55,,0,,,
65.5,71.78,-3.06,,0,,,
65.6,71.95,-3.06,,0,,,
65.7,71.95,-2.55,,0,,,
65.8,72.12,-2.81,,0,,,
65.9,72.29,-3.06,,0,,,
66.0,72.29,-2.81,,0,,,
66.1,72.29,-3.06,,0,,,
66.2,72.45,-2.81,,0,,,
66.3,72.45,-3.19,,0,,,
66.4,72.79,-3.06,,0,,,
66.5,72.62,-2.81,,0,,,
66.6,72.79,-2.55,,0,,,
66.7,72.96,-2.55,,0,,,
66.8,73.12,-2.81,,0,,,
66.9,73.12,-2.81,,0,,,
67.0,73.29,-2.81,,0,,,
67.1,73.45,-2.81,,0,,,
67.2,73.45,-3.06,,0,,,
67.3,73.62,-2.81,,0,,,
67.4,73.62,-2.81,,0,,,
67.5,73.78,-3.19,,0,,,
67.6,73.78,-2.55,,0,,,
67.7,73.95,-3.19,,0,,,
67.8,73.95,-2.55,,0,,,
67.9,74.11,-3.06,,0,,,
68.0,74.28,-2.81,,0,,,
68.1,74.28,-2.81,,0,,,
68.2,74.44,-2.81,,0,,,
68.3,74.44,-3.06,,0,,,
68.4,74.6,-2.55,,0,,,
68.5,74.77,-2.81,,0,,,
68.6,74.93,-2.55,,0,,,
68.7,74.93,-2.81,,0,,,
68.8,74.93,-3.06,,0,,,
68.9,75.09,-3.06,,0,,,
69.0,75.09,-2.81,,0,,,
69.1,75.25,-3.06,,0,,,
69.2,75.25,-3.32,,0,,,
69.3,75.42,-2.3,,0,,,
69.4,75.42,-2.81,,0,,,
69.5,75.42,-2.81,,0,,,
69.6,75.58,-2.81,,0,,,
69.7,75.74,-3.06,,0,,,
69.8,75.9,-2.81,,0,,,
69.9,76.06,-3.06,,0,,,
70.0,76.06,-3.06,,0,,,
70.1,76.22,-3.06,,0,,,
70.2,76.22,-3.06,,0,,,
70.3,76.38,-2.55,,0,,,
70.4,76.38,-3.32,,0,,,
70.5,76.54,-3.06,,0,,,
70.6,76.54,-2.81,,0,,,
70.7,76.7,-2.81,,0,,,
70.8,76.86,-3.06,,0,,,
70.9,77.01,-2.81,,0,,,
71.0,77.01,-2.04,,0,,,
71.1,77.17,-2.55,,0,,,
71.2,77.33,-2.81,,0,,,
71.3,77.33,-2.3,,0,,,
71.4,77.49,-2.81,,0,,,
71.5,77.49,-2.55,,0,,,
71.6,77.65,-2.81,,0,,,
71.7,77.65,-2.55,,0,,,
71.8,77.8,-3.06,,0,,,
71.9,77.8,-2.81,,0,,,
72.0,77.96,-3.06,,0,,,
72.1,77.96,-2.55,,0,,,
72.2,78.12,-2.3,,0,,,
72.3,78.27,-2.04,,0,,,
72.4,78.43,-2.04,,0,,,
72.5,78.43,-1.53,,0,,,
72.6,78.43,-1.79,,0,,,
72.7,78.58,-1.79,,0,,,
72.8,78.74,-1.53,,0,,,
72.9,78.74,-2.04,,0,,,
73.0,78.9,-2.04,,0,,,
73.1,78.9,-2.17,,0,,,
73.2,79.05,-2.3,,0,,,
73.3,79.21,-2.68,,0,,,
73.4,79.21,-2.81,,0,,,
73.5,79.51,-2.55,,0,,,
73.6,79.51,-2.81,,0,,,
73.7,79.51,-2.55,,0,,,
73.8,79.67,-3.06,,0,,,
73.9,79.67,-2.81,,0,,,
74.0,79.82,-3.06,,0,,,
74.1,79.98,-2.81,,0,,,
74.2,79.98,-3.06,,0,,,
74.3,80.13,-2.81,,0,,,
74.4,80.28,-2.88,,0,,,
74.5,80.28,-2.83,,0,,,
74.6,80.44,-3.06,,0,,,
74.7,80.44,-2.81,,0,,,
74.8,80.59,-2.81,,0,,,
74.9,80.59,-3.22,,0,,,
75.0,80.74,-2.81,,0,,,
75.1,80.74,-3.06,,0,,,
75.2,80.89,-3.06,,0,,,
75.3,81.04,-3.06,,0,,,
75.4,81.04,-2.81,,0,,,
75.5,81.2,-2.81,,0,,,
75.6,81.2,-2.81,,0,,,
75.7,81.35,-2.81,,0,,,
75.8,81.5,-3.19,,0,,,
75.9,81.65,-2.93,,0,,,
76.0,81.5,-2.81,,0,,,
76.1,81.8,-2.55,,0,,,
76.2,81.95,-2.78,,0,,,
76.3,81.95,-2.55,,0,,,
76.4,82.1,-2.81,,0,,,
76.5,82.1,-2.55,,0,,,
76.6,82.25,-2.81,,0,,,
76.7,82.25,-2.81,,0,,,
76.8,82.4,-2.55,,0,,,
76.9,82.55,-2.81,,0,,,
77.0,82.55,-3.06,,0,,,
77.1,82.55,-2.81,,0,,,
77.2,82.7,-2.81,,0,,,
77.3,82.85,-3.32,,0,,,
77.4,82.85,-2.81,,0,,,
77.5,83.0,-2.81,,0,,,
77.6,83.0,-2.81,,0,,,
77.7,83.15,-3.06,,0,,,
77.8,83.3,-3.06,,0,,,
77.9,83.3,-3.06,,0,,,
78.0,83.3,-3.06,,0,,,
78.1,83.45,-3.06,,0,,,
78.2,83.6,-2.81,,0,,,
78.3,83.6,-3.06,,0,,,
78.4,83.75,-3.06,,0,,,
78.5,83.89,-2.81,,0,,,
78.6,83.89,-2.81,,0,,,
78.7,84.04,-2.55,,0,,,
78.8,84.19,-2.81,,0,,,
78.9,84.19,-2.81,,0,,,
79.0,84.34,-2.81,,0,,,
79.1,84.49,-3.03,,0,,,
79.2,84.49,-2.3,,0,,,
79.3,84.63,-2.55,,0,,,
79.4,84.63,-2.3,,0,,,
79.5,84.63,-2.55,,0,,,
79.6,84.78,-2.3,,0,,,
79.7,84.93,-2.04,,0,,,
79.8,84.93,-3.32,,0,,,
79.9,85.07,-2.81,,0,,,
80.0,85.07,-2.55,,0,,,
80.1,85.22,-2.55,,0,,,
80.2,85.37,-3.06,,0,,,
80.3,85.37,-3.06,,0,,,
80.4,85.51,-2.81,,0,,,
80.5,85.66,-2.3,,0,,,
80.6,85.66,-2.81,,0,,,
80.7,85.66,-2.55,,0,,,
80.8,85.81,-3.19,,0,,,
80.9,85.95,-2.68,,0,,,
81.0,85.95,-3.19,,0,,,
81.1,86.1,-2.81,,0,,,
81.2,86.24,-2.81,,0,,,
81.3,86.39,-2.81,,0,,,
81.4,86.39,-3.06,,0,,,
81.5,86.53,-3.06,,0,,,
81.6,86.68,-3.06,,0,,,
81.7,86.68,-3.06,,0,,,
81.8,86.83,-3.06,,0,,,
81.9,86.83,-2.3,,0,,,
82.0,86.97,-2.78,,0,,,
82.1,86.97,-2.55,,0,,,
82.2,86.97,-3.06,,0,,,
82.3,87.11,-2.55,,0,,,
82.4,87.26,-3.06,,0,,,
82.5,87.26,-2.81,,0,,,
82.6,87.4,-3.06,,0,,,
82.7,87.4,-2.55,,0,,,
82.8,87.55,-2.81,,0,,,
82.9,87.69,-2.81,,0,,,
83.0,87.69,-3.06,,0,,,
83.1,87.84,-3.06,,0,,,
83.2,87.84,-2.55,,0,,,
83.3,87.98,-2.55,,0,,,
83.4,87.98,-2.81,,0,,,
83.5,88.12,-2.3,,0,,,
83.6,88.27,-3.06,,0,,,
83.7,88.41,-2.81,,0,,,
83.8,88.41,-2.55,,0,,,
83.9,88.56,-2.81,,0,,,
84.0,88.7,-2.81,,0,,,
84.1,88.7,-3.06,,0,,,
84.2,88.84,-2.81,,0,,,
84.3,88.84,-2.81,,0,,,
84.4,88.99,-2.55,,0,,,
84.5,88.99,-2.3,,0,,,
84.6,89.13,-3.06,,0,,,
84.7,89.27,-3.06,,0,,,
84.8,89.27,-3.06,,0,,,
84.9,89.41,-3.06,,0,,,
85.0,89.41,-2.3,,0,,,
85.1,89.56,-2.55,,0,,,
85.2,89.56,-3.06,,0,,,
85.3,89.7,-2.55,,0,,,
85.4,89.84,-2.55,,0,,,
85.5,89.84,-2.81,,0,,,
85.6,89.98,-2.55,,0,,,
85.7,89.98,-2.55,,0,,,
85.8,90.13,-2.55,,0,,,
85.9,90.27,-3.06,,0,,,
86.0,90.27,-3.19,,0,,,
86.1,90.41,-2.68,,0,,,
86.2,90.41,-3.19,,0,,,
86.3,90.55,-2.81,,0,,,
86.4,90.69,-2.55,,0,,,
86.5,90.84,-2.55,,0,,,
86.6,90.84,-3.06,,0,,,
86.7,90.84,-2.81,,0,,,
86.8,90.98,-2.81,,0,,,
86.9,91.12,-2.55,,0,,,
87.0,91.12,-2.81,,0,,,
87.1,91.26,-2.3,,0,,,
87.2,91.26,-2.81,,0,,,
87.3,91.4,-2.81,,0,,,
87.4,91.54,-2.81,,0,,,
87.5,91.54,-2.81,,0,,,
87.6,91.68,-3.06,,0,,,
87.7,91.68,-3.06,,0,,,
87.8,91.83,-2.81,,0,,,
87.9,91.97,-3.06,,0,,,
88.0,91.97,-2.81,,0,,,
88.1,92.11,-2.81,,0,,,
88.2,92.11,-2.81,,0,,,
88.3,92.11,-2.3,,0,,,
88.4,92.25,-2.81,,0,,,
88.5,92.39,-3.06,,0,,,
88.6,92.53,-2.55,,0,,,
88.7,92.53,-3.06,,0,,,
88.8,92.67,-2.73,,0,,,
88.9,92.81,-2.3,,0,,,
89.0,92.81,-2.55,,0,,,
89.1,92.81,-2.81,,0,,,
89.2,92.95,-2.81,,0,,,
89.3,93.09,-2.81,,0,,,
89.4,93.09,-2.81,,0,,,
89.5,93.23,-2.42,,0,,,
89.6,93.23,-2.93,,0,,,
89.7,93.51,-2.55,,0,,,
89.8,93.51,-2.81,,0,,,
89.9,93.65,-2.55,,0,,,
90.0,93.65,-2.81,,0,,,
90.1,93.79,-2.04,,0,,,
90.2,93.93,-2.3,,0,,,
90.3,94.07,-3.06,,0,,,
90.4,94.07,-2.81,,0,,,
90.5,94.07,-2.81,,0,,,
90.6,94.21,-2.55,,0,,,
90.7,94.35,-2.81,,0,,,
90.8,94.35,-2.81,,0,,,
90.9,94.49,-2.55,,0,,,
91.0,94.49,-2.81,,0,,,
91.1,94.49,-2.55,,0,,,
91.2,94.77,-3.06,,0,,,
91.3,94.77,-3.06,,0,,,
91.4,94.91,-2.81,,0,,,
91.5,94.91,-3.06,,0,,,
91.6,95.05,-2.81,,0,,,
91.7,95.19,-2.3,,0,,,
91.8,95.19,-2.3,,0,,,
91.9,95.33,-2.55,,0,,,
92.0,95.33,-2.81,,0,,,
92.1,95.47,-2.81,,0,,,
92.2,95.61,-2.55,,0,,,
92.3,95.61,-3.06,,0,,,
92.4,95.61,-3.06,,0,,,
92.5,95.75,-3.06,,0,,,
92.6,95.89,-2.55,,0,,,
92.7,96.02,-2.55,,0,,,
92.8,96.02,-2.3,,0,,,
92.9,96.16,-3.06,,0,,,
93.0,96.3,-3.06,,0,,,
93.1,96.3,-2.04,,0,,,
93.2,96.3,-2.81,,0,,,
93.3,96.58,-2.04,,0,,,
93.4,96.58,-2.55,,0,,,
93.5,96.58,-2.55,,0,,,
93.6,96.72,-2.81,,0,,,
93.7,96.86,-2.55,,0,,,
93.8,96.86,-2.55,,0,,,
93.9,97.0,-2.81,,0,,,
94.0,97.14,-2.81,,0,,,
94.1,97.14,-3.06,,0,,,
94.2,97.14,-2.81,,0,,,
94.3,97.27,-3.06,,0,,,
94.4,97.41,-2.55,,0,,,
94.5,97.41,-3.06,,0,,,
94.6,97.55,-2.55,,0,,,
94.7,97.55,-2.93,,0,,,
94.8,97.69,-2.04,,0,,,
94.9,97.83,-2.55,,0,,,
95.0,97.97,-2.04,,0,,,
95.1,97.97,-2.81,,0,,,
95.2,98.11,-2.55,,0,,,
95.3,98.11,-2.81,,0,,,
95.4,98.24,-3.06,,0,,,
95.5,98.24,-3.06,,0,,,
95.6,98.38,-3.06,,0,,,
95.7,98.52,-2.81,,0,,,
95.8,98.52,-2.81,,0,,,
95.9,98.66,-2.81,,0,,,
96.0,98.66,-2.55,,0,,,
96.1,98.8,-3.06,,0,,,
96.2,98.8,-2.55,,0,,,
96.3,98.8,-2.3,,0,,,
96.4,98.94,-3.06,,0,,,
96.5,99.07,-2.55,,0,,,
96.6,99.07,-2.81,,0,,,
96.7,99.21,-2.55,,0,,,
96.8,99.35,-2.55,,0,,,
96.9,99.35,-3.06,,0,,,
97.0,99.49,-2.81,,0,,,
97.1,99.49,-2.55,,0,,,
97.2,99.63,-2.68,,0,,,
97.3,99.77,-2.68,,0,,,
97.4,99.77,-2.04,,0,,,
97.5,99.9,-2.81,,0,,,
97.6,100.04,-2.81,,0,,,
97.7,100.18,-2.3,,0,,,
97.8,100.18,-2.04,,0,,,
97.9,100.32,-2.55,,0,,,
98.0,100.32,-2.81,,0,,,
98.1,100.32,-2.81,,0,,,
98.2,100.46,-2.81,,0,,,
98.3,100.59,-2.55,,0,,,
98.4,100.59,-2.55,,0,,,
98.5,100.73,-2.81,,0,,,
98.6,100.73,-2.55,,0,,,
98.7,100.87,-3.06,,0,,,
98.8,100.87,-3.06,,0,,,
98.9,101.01,-3.06,,0,,,
99.0,101.15,-2.3,,0,,,
99.1,101.15,-2.55,,0,,,
99.2,101.29,-2.55,,0,,,
99.3,101.29,-2.81,,0,,,
99.4,101.42,-2.81,,0,,,
99.5,101.56,-2.3,,0,,,
99.6,101.56,-2.81,,0,,,
99.7,101.7,-3.06,,0,,,
99.8,101.7,-2.81,,0,,,
99.9,101.84,-2.81,,0,,,
100.0,101.98,-3.06,,0,,,
100.1,102.11,-2.55,,0,,,
100.2,102.11,-2.55,,0,,,
100.3,102.25,-2.81,,0,,,
100.4,102.25,-2.55,,0,,,
100.5,102.39,-2.81,,0,,,
100.6,102.53,-2.81,,0,,,
100.7,102.53,-2.3,,0,,,
100.8,102.67,-2.3,,0,,,
100.9,102.67,-2.81,,0,,,
101.0,102.8,-2.81,,0,,,
101.1,102.8,-3.19,,0,,,
101.2,102.8,-2.81,,0,,,
101.3,102.94,-2.93,,0,,,
101.4,103.08,-3.06,,0,,,
101.5,103.08,-2.55,,0,,,
101.6,103.22,-2.81,,0,,,
101.7,103.22,-2.81,,0,,,
101.8,103.36,-2.81,,0,,,
101.9,103.5,-3.06,,0,,,
102.0,103.63,-3.06,,0,,,
102.1,103.63,-2.81,,0,,,
102.2,103.63,-2.55,,0,,,
102.3,103.77,-2.93,,0,,,
102.4,103.91,-2.42,,0,,,
102.5,103.91,-2.81,,0,,,
102.6,104.05,-2.81,,0,,,
102.7,104.05,-2.66,,0,,,
102.8,104.19,-2.72,,0,,,
102.9,104.33,-3.06,,0,,,
103.0,104.33,-2.55,,0,,,
103.1,104.46,-3.06,,0,,,
103.2,104.6,-2.81,,0,,,
103.3,104.6,-2.55,,0,,,
103.4,104.6,-2.81,,0,,,
103.5,104.74,-2.55,,0,,,
103.6,104.88,-2.93,,0,,,
103.7,105.02,-2.81,,0,,,
103.8,104.88,-3.06,,0,,,
103.9,105.16,-2.02,,0,,,
104.0,105.16,-2.81,,0,,,
104.1,105.29,-3.06,,0,,,
104.2,105.29,-2.55,,0,,,
104.3,105.43,-2.55,,0,,,
104.4,105.43,-2.55,,0,,,
104.5,105.57,-2.17,,0,,,
104.6,105.57,-3.19,,0,,,
104.7,105.71,-2.55,,0,,,
104.8,105.71,-2.55,,0,,,
104.9,105.85,-2.3,,0,,,
105.0,105.99,-2.55,,0,,,
105.1,106.13,-2.81,,0,,,
105.2,106.13,-2.81,,0,,,
105.3,106.13,-2.81,,0,,,
105.4,106.26,-2.81,,0,,,
105.5,106.4,-2.81,,0,,,
105.6,106.4,-2.3,,0,,,
105.7,106.54,-2.81,,0,,,
105.8,106.4,-2.3,,0,,,
105.9,106.68,-3.06,,0,,,
106.0,106.68,-2.81,,0,,,
106.1,106.82,-2.55,,0,,,
106.2,106.96,-2.81,,0,,,
106.3,106.96,-2.3,,0,,,
106.4,107.1,-2.55,,0,,,
106.5,107.1,-1.79,,0,,,
106.6,107.24,-2.3,,0,,,
106.7,107.24,-1.79,,0,,,
106.8,107.24,-2.53,,0,,,
106.9,107.38,-2.93,,0,,,
107.0,107.51,-2.42,,0,,,
107.1,107.51,-2.55,,0,,,
107.2,107.65,-2.55,,0,,,
107.3,107.79,-2.55,,0,,,
107.4,107.79,-3.06,,0,,,
107.5,107.93,-2.04,,0,,,
107.6,107.93,-2.55,,0,,,
107.7,108.07,-2.3,,0,,,
107.8,108.07,-2.81,,0,,,
107.9,108.21,-2.3,,0,,,
108.0,108.35,-2.81,,0,,,
108.1,108.35,-2.3,,0,,,
108.2,108.35,-3.06,,0,,,
108.3,108.49,-3.06,,0,,,
108.4,108.49,-3.06,,0,,,
108.5,108.63,-3.06,,0,,,
108.6,108.63,-2.81,,0,,,
108.7,108.77,-3.06,,0,,,
108.8,108.77,-3.06,,0,,,
108.9,108.91,-3.06,,0,,,
109.0,109.05,-2.81,,0,,,
109.1,109.05,-2.81,,0,,,
109.2,109.19,-2.81,,0,,,
109.3,109.19,-2.81,,0,,,
109.4,109.33,-3.06,,0,,,
109.5,109.33,-3.06,,0,,,
109.6,109.47,-3.06,,0,,,
109.7,109.61,-2.81,,0,,,
109.8,109.61,-2.81,,0,,,
109.9,109.75,-2.81,,0,,,
110.0,109.75,-2.81,,0,,,
110.1,109.89,-2.81,,0,,,
110.2,110.03,-2.55,,0,,,
110.3,110.03,-2.81,,0,,,
110.4,110.03,-2.81,,0,,,
110.5,110.17,-2.81,,0,,,
110.6,110.17,-2.81,,0,,,
110.7,110.31,-2.81,,0,,,
110.8,110.31,-3.06,,0,,,
110.9,110.45,-2.55,,0,,,
111.0,110.59,-3.06,,0,,,
111.1,110.73,-2.55,,0,,,
111.2,110.59,-2.55,,0,,,
111.3,110.73,-2.55,,0,,,
111.4,110.87,-2.55,,0,,,
111.5,110.87,-2.3,,0,,,
111.6,111.01,-3.06,,0,,,
111.7,111.01,-2.55,,0,,,
111.8,111.01,-2.55,,0,,,
111.9,111.15,-2.81,,0,,,
112.0,111.29,-2.3,,0,,,
112.1,111.29,-2.04,,0,,,
112.2,111.29,-2.81,,0,,,
112.3,111.57,-2.81,,0,,,
112.4,111.57,-2.3,,0,,,
112.5,111.71,-2.3,,0,,,
112.6,111.71,-2.55,,0,,,
112.7,111.86,-3.06,,0,,,
112.8,111.86,-2.81,,0,,,
112.9,112.0,-2.81,,0,,,
113.0,112.0,-2.3,,0,,,
113.1,112.14,-2.55,,0,,,
113.2,112.14,-2.55,,0,,,
113.3,112.28,-2.55,,0,,,
113.4,112.42,-3.06,,0,,,
113.5,112.42,-2.3,,0,,,
113.6,112.42,-2.55,,0,,,
113.7,112.42,-2.04,,0,,,
113.8,112.56,-2.04,,0,,,
113.9,112.7,-1.53,,0,,,
114.0,112.7,-0.26,,0,,,
114.1,112.85,0.0,,0,,,
114.2,112.85,-0.51,,0,,,
114.3,112.99,-2.55,,0,,,
114.4,112.99,-2.81,,0,,,
114.5,113.13,-2.81,,0,,,
114.6,113.13,-3.06,,0,,,
114.7,113.27,-3.06,,0,,,
114.8,113.27,-3.06,,0,,,
114.9,113.41,-3.19,,0,,,
115.0,113.56,-3.06,,0,,,
115.1,113.56,-3.06,,0,,,
115.2,113.7,-3.06,,0,,,
115.3,113.84,-3.06,,0,,,
115.4,113.84,-3.06,,0,,,
115.5,113.98,-3.06,,0,,,
115.6,113.98,-3.06,,0,,,
115.7,114.12,-3.06,,0,,,
115.8,114.12,-3.06,,0,,,
115.9,114.27,-3.06,,0,,,
116.0,114.27,-3.06,,0,,,
116.1,114.41,-3.16,,0,,,
116.2,114.41,-3.06,,0,,,
116.3,114.55,-3.06,,0,,,
116.4,114.55,-3.06,,0,,,
116.5,114.7,-3.06,,0,,,
116.6,114.7,-3.03,,0,,,
116.7,114.84,-3.06,,0,,,
116.8,114.98,-3.19,,0,,,
116.9,114.98,-3.06,,0,,,
117.0,115.13,-3.06,,0,,,
117.1,115.13,-3.06,,0,,,
117.2,115.27,-3.06,,0,,,
117.3,115.27,-3.06,,0,,,
117.4,115.41,-3.06,,0,,,
117.5,115.41,-3.06,,0,,,
117.6,115.56,-3.06,,0,,,
117.7,115.56,-3.06,,0,,,
117.8,115.7,-3.06,,0,,,
117.9,115.7,-3.32,,0,,,
118.0,115.84,-3.06,,0,,,
118.1,115.99,-3.06,,0,,,
118.2,115.99,-3.06,,0,,,
118.3,115.99,-3.06,,0,,,
118.4,116.13,-3.06,,0,,,
118.5,116.28,-3.06,,0,,,
118.6,116.28,-3.06,,0,,,
118.7,116.42,-3.06,,0,,,
118.8,116.42,-3.06,,0,,,
118.9,116.56,-3.06,,0,,,
119.0,116.56,-3.06,,0,,,
119.1,116.56,-3.06,,0,,,
119.2,116.71,-3.32,,0,,,
119.3,116.71,-3.06,,0,,,
119.4,116.85,-3.06,,0,,,
119.5,117.0,-3.03,,0,,,
119.6,117.0,-3.06,,0,,,
119.7,117.0,-2.81,,0,,,
119.8,117.14,-3.06,,0,,,
119.9,117.29,-3.06,,0,,,
120.0,117.29,-3.06,,0,,,
120.1,117.43,-3.06,,0,,,
120.2,117.43,-2.81,,0,,,
120.3,117.58,-2.81,,0,,,
120.4,117.58,-2.81,,0,,,
120.5,117.72,-2.3,,0,,,
120.6,117.72,-2.04,,0,,,
120.7,117.87,-2.81,,0,,,
120.8,117.87,-2.55,,0,,,
120.9,118.01,-3.06,,0,,,
121.0,118.01,-2.3,,0,,,
121.1,118.16,-2.55,,0,,,
121.2,118.16,-2.3,,0,,,
121.3,118.31,-2.81,,0,,,
121.4,118.31,-2.55,,0,,,
121.5,118.45,-3.06,,0,,,
121.6,118.6,-2.42,,0,,,
121.7,118.6,-3.06,,0,,,
121.8,118.6,-2.55,,0,,,
121.9,118.75,-2.81,,0,,,
122.0,118.75,-3.06,,0,,,
122.1,118.89,-2.81,,0,,,
122.2,118.89,-2.81,,0,,,
122.3,118.89,-3.06,,0,,,
122.4,119.04,-2.78,,0,,,
122.5,119.19,-3.19,,0,,,
122.6,119.19,-2.55,,0,,,
122.7,119.33,-2.81,,0,,,
122.8,119.48,-2.55,,0,,,
122.9,119.48,-3.06,,0,,,
123.0,119.48,-2.81,,0,,,
123.1,119.63,-2.04,,0,,,
123.2,119.63,-2.3,,0,,,
123.3,119.63,-2.04,,0,,,
123.4,119.77,-2.55,,0,,,
123.5,119.77,-2.55,,0,,,
123.6,119.92,-2.04,,0,,,
123.7,120.07,-1.79,,0,,,
123.8,120.22,-2.04,,0,,,
123.9,120.07,-1.79,,0,,,
124.0,120.22,-2.3,,0,,,
124.1,120.36,-1.53,,0,,,
124.2,120.36,-1.53,,0,,,
124.3,120.36,-2.3,,0,,,
124.4,120.51,-1.79,,0,,,
124.5,120.51,-2.81,,0,,,
124.6,120.66,-2.3,,0,,,
124.7,120.66,-2.04,,0,,,
124.8,120.81,-1.28,,0,,,
124.9,120.81,-1.4,,0,,,
125.0,120.96,-1.66,,0,,,
125.1,120.96,-1.79,,0,,,
125.2,121.11,-2.04,,0,,,
125.3,121.11,-2.55,,0,,,
125.4,121.26,-2.04,,0,,,
125.5,121.41,-2.3,,0,,,
125.6,121.41,-2.04,,0,,,
125.7,121.41,-2.04,,0,,,
125.8,121.55,-1.79,,0,,,
125.9,121.55,-2.3,,0,,,
126.0,121.7,-1.79,,0,,,
126.1,121.7,-1.53,,0,,,
126.2,121.7,-2.3,,0,,,
126.3,121.85,-2.81,,0,,,
126.4,121.85,-1.79,,0,,,
126.5,122.0,-2.04,,0,,,
126.6,122.0,-2.04,,0,,,
126.7,122.0,-2.3,,0,,,
126.8,122.15,-2.3,,0,,,
126.9,122.3,-2.3,,0,,,
127.0,122.3,-2.3,,0,,,
127.1,122.3,-2.81,,0,,,
127.2,122.45,-3.06,,0,,,
127.3,122.45,-2.55,,0,,,
127.4,122.6,-2.81,,0,,,
127.5,122.6,-2.68,,0,,,
127.6,122.75,-2.93,,0,,,
127.7,122.75,-3.06,,0,,,
127.8,122.91,-2.55,,0,,,
127.9,123.06,-2.3,,0,,,
128.0,123.06,-2.3,,0,,,
128.1,123.06,-2.81,,0,,,
128.2,123.21,-2.04,,0,,,
128.3,123.21,-2.55,,0,,,
128.4,123.36,-2.3,,0,,,
128.5,123.36,-1.79,,0,,,
128.6,123.51,-2.04,,0,,,
128.7,123.51,-2.04,,0,,,
128.8,123.66,-2.3,,0,,,
128.9,123.66,-1.53,,0,,,
129.0,123.66,-2.3,,0,,,
129.1,123.81,-2.04,,0,,,
129.2,123.81,-2.04,,0,,,
129.3,123.97,-2.04,,0,,,
129.4,123.97,-2.04,,0,,,
129.5,123.97,-2.04,,0,,,
129.6,124.12,-2.04,,0,,,
129.7,124.12,-2.3,,0,,,
129.8,124.27,-2.55,,0,,,
129.9,124.27,-1.79,,0,,,
130.0,124.27,-1.79,,0,,,
130.1,124.42,-1.91,,0,,,
130.2,124.58,-1.91,,0,,,
130.3,124.58,-1.53,,0,,,
130.4,124.73,-1.79,,0,,,
130.5,124.58,-2.04,,0,,,
130.6,124.73,-1.53,,0,,,
130.7,124.88,-1.79,,0,,,
130.8,124.88,-2.04,,0,,,
130.9,124.88,-1.79,,0,,,
131.0,125.04,-1.62,,0,,,
131.1,125.19,-1.8,,0,,,
131.2,125.19,-1.79,,0,,,
131.3,125.19,-2.42,,0,,,
131.4,125.35,-1.79,,0,,,
131.5,125.35,-2.17,,0,,,
131.6,125.5,-1.53,,0,,,
131.7,125.5,-1.79,,0,,,
131.8,125.65,-1.79,,0,,,
131.9,125.65,-1.79,,0,,,
132.0,125.81,-1.53,,0,,,
132.1,125.81,-2.04,,0,,,
132.2,125.81,-1.79,,0,,,
132.3,125.96,-1.79,,0,,,
132.4,125.96,-1.53,,0,,,
132.5,126.12,-2.04,,0,,,
132.6,126.12,-1.79,,0,,,
132.7,126.12,-1.79,,0,,,
132.8,126.27,-1.79,,0,,,
132.9,126.27,-1.53,,0,,,
133.0,126.43,-2.3,,0,,,
133.1,126.43,-1.52,,0,,,
133.2,126.43,-2.04,,0,,,
133.3,126.58,-2.3,,0,,,
133.4,126.58,-2.04,,0,,,
133.5,126.74,-2.3,,0,,,
133.6,126.74,-2.04,,0,,,
133.7,126.9,-2.3,,0,,,
133.8,126.9,-2.55,,0,,,
133.9,126.9,-2.3,,0,,,
134.0,127.05,-1.79,,0,,,
134.1,127.05,-2.3,,0,,,
134.2,127.21,-1.79,,0,,,
134.3,127.21,-1.79,,0,,,
134.4,127.21,-2.81,,0,,,
134.5,127.37,-2.3,,0,,,
134.6,127.37,-1.79,,0,,,
134.7,127.52,-2.04,,0,,,
134.8,127.52,-2.55,,0,,,
134.9,127.68,-2.3,,0,,,
135.0,127.68,-1.79,,0,,,
135.1,127.68,-2.04,,0,,,
135.2,127.84,-2.55,,0,,,
135.3,127.84,-1.79,,0,,,
135.4,127.99,-2.3,,0,,,
135.5,127.99,-2.04,,0,,,
135.6,127.99,-1.79,,0,,,
135.7,128.15,-1.79,,0,,,
135.8,128.15,-1.79,,0,,,
135.9,128.31,-1.53,,0,,,
136.0,128.47,-2.02,,0,,,
136.1,128.47,-1.79,,0,,,
136.2,128.47,-2.04,,0,,,
136.3,128.47,-1.91,,0,,,
136.4,128.63,-1.79,,0,,,
136.5,128.63,-1.79,,0,,,
136.6,128.79,-2.3,,0,,,
136.7,128.79,-1.79,,0,,,
136.8,128.95,-2.55,,0,,,
136.9,128.95,-1.79,,0,,,
137.0,129.11,-2.04,,0,,,
137.1,129.11,-2.3,,0,,,
137.2,129.11,-2.3,,0,,,
137.3,129.26,-2.04,,0,,,
137.4,129.26,-2.04,,0,,,
137.5,129.42,-2.3,,0,,,
137.6,129.42,-1.79,,0,,,
137.7,129.42,-2.3,,0,,,
137.8,129.58,-2.3,,0,,,
137.9,129.58,-1.53,,0,,,
138.0,129.75,-2.55,,0,,,
138.1,129.75,-2.81,,0,,,
138.2,129.91,-1.53,,0,,,
138.3,129.91,-1.79,,0,,,
138.4,129.91,-2.55,,0,,,
138.5,129.91,-2.3,,0,,,
138.6,130.07,-2.04,,0,,,
138.7,130.23,-2.04,,0,,,
138.8,130.23,-2.42,,0,,,
138.9,130.23,-2.4,,0,,,
139.0,130.39,-2.55,,0,,,
139.1,130.39,-2.3,,0,,,
139.2,130.55,-2.81,,0,,,
139.3,130.55,-2.04,,0,,,
139.4,130.55,-2.04,,0,,,
139.5,130.71,-2.3,,0,,,
139.6,130.71,-2.04,,0,,,
139.7,130.88,-2.04,,0,,,
139.8,130.88,-1.79,,0,,,
139.9,131.04,-2.81,,0,,,
140.0,131.04,-2.3,,0,,,
140.1,131.04,-2.3,,0,,,
140.2,131.04,-2.3,,0,,,
140.3,131.2,-2.04,,0,,,
140.4,131.2,-2.81,,0,,,
140.5,131.36,-2.55,,0,,,
140.6,131.36,-2.04,,0,,,
140.7,131.53,-1.79,,0,,,
140.8,131.53,-2.3,,0,,,
140.9,131.53,-2.04,,0,,,
141.0,131.69,-2.3,,0,,,
141.1,131.69,-2.04,,0,,,
141.2,131.85,-2.17,,0,,,
141.3,131.85,-2.3,,0,,,
141.4,132.02,-2.04,,0,,,
141.5,132.02,-2.55,,0,,,
141.6,132.02,-2.04,,0,,,
141.7,132.18,-1.79,,0,,,
141.8,132.18,-2.3,,0,,,
141.9,132.35,-2.3,,0,,,
142.0,132.35,-2.3,,0,,,
142.1,132.35,-2.3,,0,,,
142.2,132.35,-2.3,,0,,,
142.3,132.51,-2.55,,0,,,
142.4,132.68,-2.81,,0,,,
142.5,132.68,-1.79,,0,,,
142.6,132.68,-2.81,,0,,,
142.7,132.84,-2.04,,0,,,
142.8,132.84,-2.3,,0,,,
142.9,132.84,-2.04,,0,,,
143.0,133.01,-1.53,,0,,,
143.1,133.01,-1.79,,0,,,
143.2,133.18,-1.79,,0,,,
143.3,133.18,-1.79,,0,,,
143.4,133.18,-2.04,,0,,,
143.5,133.34,-1.53,,0,,,
143.6,133.51,-1.79,,0,,,
143.7,133.51,-1.66,,0,,,
143.8,133.51,-1.79,,0,,,
143.9,133.51,-1.79,,0,,,
144.0,133.68,-1.53,,0,,,
144.1,133.68,-1.79,,0,,,
144.2,133.84,-1.79,,0,,,
144.3,133.84,-2.55,,0,,,
144.4,134.01,-2.3,,0,,,
144.5,134.01,-1.53,,0,,,
144.6,134.01,-2.3,,0,,,
144.7,134.18,-1.79,,0,,,
144.8,134.18,-2.04,,0,,,
144.9,134.18,-2.04,,0,,,
145.0,134.35,-2.04,,0,,,
145.1,134.35,-2.3,,0,,,
145.2,134.35,-2.3,,0,,,
145.3,134.52,-2.3,,0,,,
145.4,134.52,-2.28,,0,,,
145.5,134.69,-2.32,,0,,,
145.6,134.69,-1.79,,0,,,
145.7,134.85,-2.3,,0,,,
145.8,134.85,-2.53,,0,,,
145.9,134.85,-2.55,,0,,,
146.0,135.02,-2.3,,0,,,
146.1,135.02,-2.81,,0,,,
146.2,135.02,-2.04,,0,,,
146.3,135.19,-1.53,,0,,,
146.4,135.19,-2.04,,0,,,
146.5,135.19,-2.55,,0,,,
146.6,135.54,-2.3,,0,,,
146.7,135.36,-2.3,,0,,,
146.8,135.54,-2.04,,0,,,
146.9,135.54,-2.17,,0,,,
147.0,135.54,-1.79,,0,,,
147.1,135.54,-2.17,,0,,,
147.2,135.71,-1.53,,0,,,
147.3,135.71,-2.81,,0,,,
147.4,135.88,-1.79,,0,,,
147.5,135.88,-2.55,,0,,,
147.6,135.88,-2.55,,0,,,
147.7,136.05,-2.55,,0,,,
147.8,136.05,-2.04,,0,,,
147.9,136.22,-2.55,,0,,,
148.0,136.22,-2.04,,0,,,
148.1,136.22,-2.55,,0,,,
148.2,136.39,-2.3,,0,,,
148.3,136.39,-1.79,,0,,,
148.4,136.57,-2.04,,0,,,
148.5,136.57,-1.79,,0,,,
148.6,136.57,-1.79,,0,,,
148.7,136.74,-2.3,,0,,,
148.8,136.74,-1.79,,0,,,
148.9,136.74,-1.79,,0,,,
149.0,136.91,-2.04,,0,,,
149.1,136.91,-2.04,,0,,,
149.2,136.91,-2.55,,0,,,
149.3,137.09,-2.3,,0,,,
149.4,137.09,-1.79,,0,,,
149.5,137.09,-2.42,,0,,,
149.6,137.26,-2.42,,0,,,
149.7,137.26,-2.68,,0,,,
149.8,137.26,-2.55,,0,,,
149.9,137.26,-2.3,,0,,,
150.0,137.44,-3.06,,0,,,
150.1,137.44,-2.04,,0,,,
150.2,137.61,-2.04,,0,,,
150.3,137.61,-2.04,,0,,,
150.4,137.61,-2.04,,0,,,
150.5,137.79,-2.3,,0,,,
150.6,137.79,-2.81,,0,,,
150.7,137.79,-2.3,,0,,,
150.8,137.96,-2.81,,0,,,
150.9,137.96,-2.04,,0,,,
151.0,137.96,-2.04,,0,,,
151.1,138.14,-2.55,,0,,,
151.2,138.14,-2.04,,0,,,
151.3,138.14,-2.3,,0,,,
151.4,138.14,-1.79,,0,,,
151.5,138.31,-2.04,,0,,,
151.6,138.31,-2.3,,0,,,
151.7,138.49,-2.55,,0,,,
151.8,138.49,-2.04,,0,,,
151.9,138.49,-2.55,,0,,,
152.0,138.67,-1.53,,0,,,
152.1,138.67,-2.81,,0,,,
152.2,138.67,-1.79,,0,,,
152.3,138.67,-2.3,,0,,,
152.4,138.84,-2.3,,0,,,
152.5,138.84,-2.3,,0,,,
152.6,139.02,-2.3,,0,,,
152.7,139.02,-2.3,,0,,,
152.8,139.02,-2.55,,0,,,
152.9,139.2,-2.04,,0,,,
153.0,139.2,-1.79,,0,,,
153.1,139.2,-2.04,,0,,,
153.2,139.38,-2.3,,0,,,
153.3,139.38,-2.55,,0,,,
153.4,139.56,-2.55,,0,,,
153.5,139.56,-2.55,,0,,,
153.6,139.56,-2.04,,0,,,
153.7,139.56,-2.81,,0,,,
153.8,139.74,-2.55,,0,,,
153.9,139.74,-2.3,,0,,,
154.0,139.74,-2.3,,0,,,
154.1,139.92,-2.55,,0,,,
154.2,139.92,-2.04,,0,,,
154.3,140.1,-2.55,,0,,,
154.4,140.1,-2.55,,0,,,
154.5,140.1,-2.04,,0,,,
154.6,140.1,-2.04,,0,,,
154.7,140.28,-2.3,,0,,,
154.8,140.28,-2.17,,0,,,
154.9,140.46,-2.3,,0,,,
155.0,140.46,-2.17,,0,,,
155.1,140.64,-2.3,,0,,,
155.2,140.64,-2.3,,0,,,
155.3,140.64,-2.04,,0,,,
155.4,140.82,-2.04,,0,,,
155.5,140.82,-2.55,,0,,,
155.6,140.82,-2.55,,0,,,
155.7,140.82,-2.55,,0,,,
155.8,141.0,-2.55,,0,,,
155.9,141.0,-2.04,,0,,,
156.0,141.19,-2.3,,0,,,
156.1,141.19,-2.3,,0,,,
156.2,141.19,-2.04,,0,,,
156.3,141.19,-2.04,,0,,,
156.4,141.37,-2.04,,0,,,
156.5,141.37,-2.55,,0,,,
156.6,141.37,-1.79,,0,,,
156.7,141.37,-2.04,,0,,,
156.8,141.55,-2.81,,0,,,
156.9,141.55,-2.04,,0,,,
157.0,141.74,-2.04,,0,,,
157.1,141.74,-2.04,,0,,,
157.2,141.74,-1.79,,0,,,
157.3,141.92,-1.79,,0,,,
157.4,141.92,-2.04,,0,,,
157.5,141.92,-2.81,,0,,,
157.6,142.11,-2.55,,0,,,
157.7,142.11,-2.04,,0,,,
157.8,142.11,-2.04,,0,,,
157.9,142.29,-2.3,,0,,,
158.0,142.29,-2.81,,0,,,
158.1,142.48,-2.81,,0,,,
158.2,142.48,-2.55,,0,,,
158.3,142.48,-2.3,,0,,,
158.4,142.67,-2.3,,0,,,
158.5,142.67,-2.55,,0,,,
158.6,142.67,-2.55,,0,,,
158.7,142.85,-1.79,,0,,,
158.8,142.85,-1.79,,0,,,
158.9,142.85,-2.04,,0,,,
159.0,143.04,-1.53,,0,,,
159.1,143.04,-2.3,,0,,,
159.2,143.04,-2.04,,0,,,
159.3,143.04,-1.79,,0,,,
159.4,143.23,-2.04,,0,,,
159.5,143.23,-2.55,,0,,,
159.6,143.41,-2.81,,0,,,
159.7,143.41,-2.04,,0,,,
159.8,143.41,-2.28,,0,,,
159.9,143.41,-2.04,,0,,,
160.0,143.6,-2.3,,0,,,
160.1,143.6,-2.55,,0,,,
160.2,143.79,-2.81,,0,,,
160.3,143.79,-2.55,,0,,,
160.4,143.79,-2.3,,0,,,
160.5,143.79,-2.55,,0,,,
160.6,143.98,-2.3,,0,,,
160.7,143.98,-2.55,,0,,,
160.8,144.17,-1.79,,0,,,
160.9,144.17,-2.81,,0,,,
161.0,144.17,-3.06,,0,,,
161.1,144.17,-2.04,,0,,,
161.2,144.36,-3.06,,0,,,
161.3,144.36,-2.3,,0,,,
161.4,144.36,-2.3,,0,,,
161.5,144.55,-2.55,,0,,,
161.6,144.55,-2.55,,0,,,
161.7,144.74,-2.55,,0,,,
161.8,144.74,-2.3,,0,,,
161.9,144.74,-2.04,,0,,,
162.0,144.74,-2.81,,0,,,
162.1,144.94,-2.3,,0,,,
162.2,144.94,-2.55,,0,,,
162.3,144.94,-2.55,,0,,,
162.4,144.94,-2.55,,0,,,
162.5,145.13,-3.06,,0,,,
162.6,145.13,-2.55,,0,,,
162.7,145.13,-1.79,,0,,,
162.8,145.32,-2.04,,0,,,
162.9,145.32,-1.79,,0,,,
163.0,145.32,-2.55,,0,,,
163.1,145.52,-3.06,,0,,,
163.2,145.32,-2.3,,0,,,
163.3,145.52,-1.79,,0,,,
163.4,145.52,-2.04,,0,,,
163.5,145.52,-2.55,,0,,,
163.6,145.71,-2.42,,0,,,
163.7,145.71,-1.91,,0,,,
163.8,145.71,-2.04,,0,,,
163.9,145.9,-2.3,,0,,,
164.0,145.9,-2.55,,0,,,
164.1,145.9,-2.3,,0,,,
164.2,146.1,-1.79,,0,,,
164.3,146.1,-2.04,,0,,,
164.4,146.1,-2.81,,0,,,
164.5,146.29,-3.06,,0,,,
164.6,146.29,-2.3,,0,,,
164.7,146.29,-2.3,,0,,,
164.8,146.29,-2.04,,0,,,
164.9,146.49,-2.04,,0,,,
165.0,146.49,-2.3,,0,,,
165.1,146.49,-2.55,,0,,,
165.2,146.49,-2.81,,0,,,
165.3,146.69,-2.81,,0,,,
165.4,146.69,-2.04,,0,,,
165.5,146.69,-2.55,,0,,,
165.6,146.69,-1.79,,0,,,
165.7,146.88,-2.04,,0,,,
165.8,146.88,-2.04,,0,,,
165.9,146.88,-2.81,,0,,,
166.0,147.08,-2.81,,0,,,
166.1,147.08,-2.55,,0,,,
166.2,147.08,-3.06,,0,,,
166.3,147.08,-3.06,,0,,,
166.4,147.28,-2.3,,0,,,
166.5,147.28,-2.04,,0,,,
166.6,147.28,-3.06,,0,,,
166.7,147.48,-3.06,,0,,,
166.8,147.48,-2.3,,0,,,
166.9,147.48,-2.55,,0,,,
167.0,147.48,-2.55,,0,,,
167.1,147.68,-2.55,,0,,,
167.2,147.68,-2.04,,0,,,
167.3,147.68,-2.04,,0,,,
167.4,147.68,-1.79,,0,,,
167.5,147.88,-2.3,,0,,,
167.6,147.88,-2.3,,0,,,
167.7,147.88,-3.06,,0,,,
167.8,147.88,-2.55,,0,,,
167.9,148.08,-2.55,,0,,,
168.0,148.08,-2.3,,0,,,
168.1,148.08,-2.3,,0,,,
168.2,148.08,-2.55,,0,,,
168.3,148.28,-2.81,,0,,,
168.4,148.28,-2.3,,0,,,
168.5,148.28,-2.55,,0,,,
168.6,148.48,-2.81,,0,,,
168.7,148.48,-2.3,,0,,,
168.8,148.48,-2.3,,0,,,
168.9,148.48,-2.55,,0,,,
169.0,148.68,-2.55,,0,,,
169.1,148.68,-3.06,,0,,,
169.2,148.68,-2.04,,0,,,
169.3,148.89,-1.79,,0,,,
169.4,148.89,-2.04,,0,,,
169.5,149.09,-2.81,,0,,,
169.6,149.09,-2.55,,0,,,
169.7,149.09,-3.06,,0,,,
169.8,149.09,-2.04,,0,,,
169.9,149.09,-2.55,,0,,,
170.0,149.29,-2.04,,0,,,
170.1,149.29,-2.04,,0,,,
170.2,149.29,-2.55,,0,,,
170.3,149.29,-1.79,,0,,,
170.4,149.5,-2.55,,0,,,
170.5,149.5,-2.3,,0,,,
170.6,149.5,-1.79,,0,,,
170.7,149.7,-2.3,,0,,,
170.8,149.7,-2.3,,0,,,
170.9,149.7,-2.55,,0,,,
171.0,149.91,-2.04,,0,,,
171.1,149.91,-2.81,,0,,,
171.2,149.91,-2.55,,0,,,
171.3,149.91,-1.53,,0,,,
171.4,150.11,-2.68,,0,,,
171.5,150.11,-2.68,,0,,,
171.6,150.11,-2.04,,0,,,
171.7,150.32,-2.81,,0,,,
171.8,150.32,-1.53,,0,,,
171.9,150.32,-3.06,,0,,,
172.0,150.53,-2.55,,0,,,
172.1,150.53,-2.3,,0,,,
172.2,150.53,-2.81,,0,,,
172.3,150.53,-2.3,,0,,,
172.4,150.74,-2.55,,0,,,
172.5,150.74,-2.3,,0,,,
172.6,150.74,-2.04,,0,,,
172.7,150.74,-2.55,,0,,,
172.8,150.95,-2.04,,0,,,
172.9,150.95,-2.04,,0,,,
173.0,150.95,-2.3,,0,,,
173.1,150.95,-2.55,,0,,,
173.2,151.16,-2.04,,0,,,
173.3,151.16,-2.04,,0,,,
173.4,151.16,-2.55,,0,,,
173.5,151.37,-2.81,,0,,,
173.6,151.37,-2.81,,0,,,
173.7,151.58,-2.55,,0,,,
173.8,151.37,-2.55,,0,,,
173.9,151.58,-2.42,,0,,,
174.0,151.58,-2.55,,0,,,
174.1,151.58,-2.93,,0,,,
174.2,151.79,-2.0,,0,,,
174.3,151.79,-2.83,,0,,,
174.4,151.79,-3.06,,0,,,
174.5,151.79,-2.3,,0,,,
174.6,152.0,-2.04,,0,,,
174.7,152.0,-2.55,,0,,,
174.8,152.0,-2.04,,0,,,
174.9,152.21,-3.06,,0,,,
175.0,152.21,-2.27,,0,,,
175.1,152.21,-1.53,,0,,,
175.2,152.21,-2.04,,0,,,
175.3,152.43,-1.53,,0,,,
175.4,152.43,-1.02,,0,,,
175.5,152.43,-1.02,,0,,,
175.6,152.43,-0.77,,0,,,
175.7,152.64,0.0,,0,,,
175.8,152.64,0.26,,1,,,
175.9,152.64,0.0,,0,,,
176.0,152.64,0.0,,0,,,
176.1,152.64,0.0,,0,,,
176.2,152.86,0.0,,0,,,
176.3,152.86,-0.51,,0,,,
176.4,152.86,0.0,,0,,,
176.5,153.07,0.0,,0,,,
176.6,153.07,0.0,,0,,,
176.7,153.07,-0.77,,0,,,
176.8,153.07,-1.53,,0,,,
176.9,153.29,-2.04,,0,,,
177.0,153.29,-1.79,,0,,,
177.1,153.29,-2.04,,0,,,
177.2,153.5,-2.55,,0,,,
177.3,153.5,-2.3,,0,,,
177.4,153.5,-3.06,,0,,,
177.5,153.5,-2.3,,0,,,
177.6,153.5,-2.55,,0,,,
177.7,153.72,-3.06,,0,,,
177.8,153.72,-2.81,,0,,,
177.9,153.72,-3.03,,0,,,
178.0,153.72,-2.81,,0,,,
178.1,153.72,-2.81,,0,,,
178.2,153.72,-3.06,,0,,,
178.3,153.94,-2.81,,0,,,
178.4,153.94,-3.06,,0,,,
178.5,154.16,-3.06,,0,,,
178.6,154.16,-3.06,,0,,,
178.7,154.16,-2.81,,0,,,
178.8,154.16,-2.55,,0,,,
178.9,154.16,-3.06,,0,,,
179.0,154.38,-3.06,,0,,,
179.1,154.38,-3.06,,0,,,
179.2,154.38,-3.06,,0,,,
179.3,154.38,-3.32,,0,,,
179.4,154.6,-3.06,,0,,,
179.5,154.6,-2.81,,0,,,
179.6,154.6,-3.06,,0,,,
179.7,154.82,-3.06,,0,,,
179.8,154.82,-3.06,,0,,,
179.9,154.82,-3.06,,0,,,
180.0,154.82,-3.06,,0,,,
180.1,155.04,-2.55,,0,,,
180.2,155.04,-3.06,,0,,,
180.3,155.04,-3.06,,0,,,
180.4,155.04,-3.06,,0,,,
180.5,155.04,-2.55,,0,,,
180.6,155.04,-2.81,,0,,,
180.7,155.26,-2.04,,0,,,
180.8,155.26,-3.06,,0,,,
180.9,155.26,-3.06,,0,,,
181.0,155.49,-2.81,,0,,,
181.1,155.49,-3.06,,0,,,
181.2,155.49,-3.06,,0,,,
181.3,155.49,-2.81,,0,,,
181.4,155.71,-2.81,,0,,,
181.5,155.71,-3.06,,0,,,
181.6,155.71,-3.06,,0,,,
181.7,155.71,-2.81,,0,,,
181.8,155.94,-3.06,,0,,,
181.9,155.94,-3.19,,0,,,
182.0,155.94,-2.81,,0,,,
182.1,155.94,-2.93,,0,,,
182.2,155.94,-2.81,,0,,,
182.3,156.16,-3.06,,0,,,
182.4,156.16,-2.81,,0,,,
182.5,156.39,-2.81,,0,,,
182.6,156.16,-2.81,,0,,,
182.7,156.16,-3.06,,0,,,
182.8,156.39,-2.55,,0,,,
182.9,156.39,-3.06,,0,,,
183.0,156.39,-3.06,,0,,,
183.1,156.39,-3.06,,0,,,
183.2,156.39,-3.06,,0,,,
183.3,156.62,-3.06,,0,,,
183.4,156.62,-3.32,,0,,,
183.5,156.62,-2.68,,0,,,
183.6,156.62,-3.06,,0,,,
183.7,156.85,-2.81,,0,,,
183.8,156.85,-3.06,,0,,,
183.9,156.85,-3.06,,0,,,
184.0,156.85,-3.06,,0,,,
184.1,156.85,-3.06,,0,,,
184.2,157.07,-2.81,,0,,,
184.3,157.07,-3.06,,0,,,
184.4,157.07,-3.06,,0,,,
184.5,157.07,-3.06,,0,,,
184.6,157.07,-3.06,,0,,,
184.7,157.3,-3.32,,0,,,
184.8,157.3,-3.06,,0,,,
184.9,157.3,-3.06,,0,,,
185.0,157.3,-3.06,,0,,,
185.1,157.53,-3.06,,0,,,
185.2,157.53,-2.81,,0,,,
185.3,157.53,-2.81,,0,,,
185.4,157.53,-3.06,,0,,,
185.5,157.77,-3.06,,0,,,
185.6,157.77,-3.06,,0,,,
185.7,157.77,-2.81,,0,,,
185.8,157.77,-3.06,,0,,,
185.9,157.77,-3.06,,0,,,
186.0,157.77,-3.06,,0,,,
186.1,157.77,-2.81,,0,,,
186.2,157.77,-3.32,,0,,,
186.3,158.0,-3.06,,0,,,
186.4,158.23,-2.81,,0,,,
186.5,158.0,-2.55,,0,,,
186.6,158.23,-3.06,,0,,,
186.7,158.23,-2.55,,0,,,
186.8,158.23,-2.81,,0,,,
186.9,158.23,-2.81,,0,,,
187.0,158.47,-2.81,,0,,,
187.1,158.47,-2.81,,0,,,
187.2,158.47,-2.93,,0,,,
187.3,158.47,-3.06,,0,,,
187.4,158.7,-3.19,,0,,,
187.5,158.7,-3.06,,0,,,
187.6,158.7,-2.55,,0,,,
187.7,158.7,-3.06,,0,,,
187.8,158.94,-3.06,,0,,,
187.9,158.94,-2.81,,0,,,
188.0,158.94,-3.06,,0,,,
188.1,159.17,-2.81,,0,,,
188.2,159.17,-2.81,,0,,,
188.3,159.17,-3.06,,0,,,
188.4,159.17,-2.55,,0,,,
188.5,159.17,-2.81,,0,,,
188.6,159.41,-3.11,,0,,,
188.7,159.41,-2.81,,0,,,
188.8,159.41,-3.06,,0,,,
188.9,159.41,-3.06,,0,,,
189.0,159.41,-3.06,,0,,,
189.1,159.41,-3.32,,0,,,
189.2,159.65,-2.81,,0,,,
189.3,159.65,-2.81,,0,,,
189.4,159.65,-3.06,,0,,,
189.5,159.65,-3.06,,0,,,
189.6,159.89,-2.81,,0,,,
189.7,159.89,-3.06,,0,,,
189.8,159.89,-3.06,,0,,,
189.9,159.89,-3.06,,0,,,
190.0,160.13,-2.81,,0,,,
190.1,160.13,-3.06,,0,,,
190.2,160.13,-2.93,,0,,,
190.3,160.13,-3.16,,0,,,
190.4,160.37,-3.06,,0,,,
190.5,160.37,-2.81,,0,,,
190.6,160.37,-2.81,,0,,,
190.7,160.37,-3.06,,0,,,
190.8,160.37,-2.81,,0,,,
190.9,160.61,-2.04,,0,,,
191.0,160.61,-2.55,,0,,,
191.1,160.61,-2.55,,0,,,
191.2,160.85,-2.55,,0,,,
191.3,160.61,-2.55,,0,,,
191.4,160.85,-2.04,,0,,,
191.5,160.85,-2.3,,0,,,
191.6,160.85,-1.79,,0,,,
191.7,160.85,-2.3,,0,,,
191.8,160.85,-2.81,,0,,,
191.9,161.1,-2.04,,0,,,
192.0,161.1,-1.79,,0,,,
192.1,161.1,-1.53,,0,,,
192.2,161.1,-2.04,,0,,,
192.3,161.34,-3.06,,0,,,
192.4,161.34,-2.3,,0,,,
192.5,161.34,-3.06,,0,,,
192.6,161.34,-2.55,,0,,,
192.7,161.34,-3.06,,0,,,
192.8,161.59,-2.3,,0,,,
192.9,161.59,-2.81,,0,,,
193.0,161.59,-3.06,,0,,,
193.1,161.59,-2.55,,0,,,
193.2,161.84,-3.06,,0,,,
193.3,161.84,-3.06,,0,,,
193.4,161.84,-3.06,,0,,,
193.5,161.84,-2.55,,0,,,
193.6,161.84,-3.06,,0,,,
193.7,161.84,-2.81,,0,,,
193.8,162.08,-3.06,,0,,,
193.9,162.08,-2.55,,0,,,
194.0,162.08,-2.81,,0,,,
194.1,162.08,-2.81,,0,,,
194.2,162.08,-2.81,,0,,,
194.3,162.08,-3.32,,0,,,
194.4,162.33,-2.81,,0,,,
194.5,162.33,-3.06,,0,,,
194.6,162.33,-3.06,,0,,,
194.7,162.33,-2.81,,0,,,
194.8,162.33,-3.06,,0,,,
194.9,162.58,-3.06,,0,,,
195.0,162.33,-2.81,,0,,,
195.1,162.58,-2.55,,0,,,
195.2,162.58,-3.06,,0,,,
195.3,162.58,-3.06,,0,,,
195.4,162.58,-3.06,,0,,,
195.5,162.83,-3.32,,0,,,
195.6,162.83,-2.81,,0,,,
195.7,162.83,-2.81,,0,,,
195.8,163.08,-3.06,,0,,,
195.9,163.08,-3.06,,0,,,
196.0,163.08,-3.06,,0,,,
196.1,163.08,-3.06,,0,,,
196.2,163.08,-3.06,,0,,,
196.3,163.08,-3.06,,0,,,
196.4,163.34,-3.06,,0,,,
196.5,163.34,-3.06,,0,,,
196.6,163.34,-3.06,,0,,,
196.7,163.34,-2.81,,0,,,
196.8,163.34,-3.06,,0,,,
196.9,163.34,-3.06,,0,,,
197.0,163.34,-3.06,,0,,,
197.1,163.59,-3.06,,0,,,
197.2,163.59,-2.3,,0,,,
197.3,163.59,-2.55,,0,,,
197.4,163.59,-3.06,,0,,,
197.5,163.59,-3.06,,0,,,
197.6,163.85,-3.06,,0,,,
197.7,163.85,-2.81,,0,,,
197.8,163.85,-3.06,,0,,,
197.9,163.85,-2.55,,0,,,
198.0,163.85,-2.81,,0,,,
198.1,164.1,-2.42,,0,,,
198.2,164.1,-3.06,,0,,,
198.3,164.1,-2.93,,0,,,
198.4,164.1,-3.06,,0,,,
198.5,164.36,-2.81,,0,,,
198.6,164.36,-2.81,,0,,,
198.7,164.36,-2.81,,0,,,
198.8,164.36,-2.55,,0,,,
198.9,164.36,-3.06,,0,,,
199.0,164.36,-3.06,,0,,,
199.1,164.62,-2.81,,0,,,
199.2,164.62,-2.55,,0,,,
199.3,164.62,-3.06,,0,,,
199.4,164.62,-2.81,,0,,,
199.5,164.88,-2.81,,0,,,
199.6,164.88,-2.3,,0,,,
199.7,164.88,-2.55,,0,,,
199.8,164.88,-3.32,,0,,,
199.9,164.88,-2.81,,0,,,
200.0,165.14,-3.06,,0,,,
200.1,165.14,-2.81,,0,,,
200.2,165.14,-3.06,,0,,,
200.3,165.14,-3.06,,0,,,
200.4,165.14,-2.55,,0,,,
200.5,165.14,-2.81,,0,,,
200.6,165.4,-2.55,,0,,,
200.7,165.14,-3.06,,0,,,
200.8,165.4,-2.55,,0,,,
200.9,165.4,-2.3,,0,,,
201.0,165.4,-2.81,,0,,,
201.1,165.4,-2.55,,0,,,
201.2,165.66,-3.06,,0,,,
201.3,165.66,-3.06,,0,,,
201.4,165.66,-2.3,,0,,,
201.5,165.66,-2.81,,0,,,
201.6,165.66,-2.81,,0,,,
201.7,165.93,-2.81,,0,,,
201.8,165.93,-3.06,,0,,,
201.9,165.93,-2.55,,0,,,
202.0,165.93,-2.55,,0,,,
202.1,165.93,-2.55,,0,,,
202.2,165.93,-2.81,,0,,,
202.3,165.93,-2.81,,0,,,
202.4,165.93,-3.06,,0,,,
202.5,166.19,-2.91,,0,,,
202.6,166.19,-2.83,,0,,,
202.7,166.19,-2.81,,0,,,
202.8,166.19,-2.81,,0,,,
202.9,166.19,-2.81,,0,,,
203.0,166.19,-3.06,,0,,,
203.1,166.46,-3.06,,0,,,
203.2,166.46,-2.81,,0,,,
203.3,166.46,-2.78,,0,,,
203.4,166.46,-2.55,,0,,,
203.5,166.72,-2.04,,0,,,
203.6,166.72,-2.81,,0,,,
203.7,166.72,-2.81,,0,,,
203.8,166.72,-2.81,,0,,,
203.9,166.72,-2.55,,0,,,
204.0,166.72,-3.06,,0,,,
204.1,166.99,-2.81,,0,,,
204.2,166.99,-3.06,,0,,,
204.3,166.99,-3.06,,0,,,
204.4,166.99,-2.81,,0,,,
204.5,166.99,-3.06,,0,,,
204.6,166.99,-3.06,,0,,,
204.7,167.26,-2.55,,0,,,
204.8,167.26,-2.81,,0,,,
204.9,167.26,-2.3,,0,,,
205.0,167.26,-2.55,,0,,,
205.1,167.26,-2.3,,0,,,
205.2,167.26,-2.55,,0,,,
205.3,167.26,-2.81,,0,,,
205.4,167.53,-2.81,,0,,,
205.5,167.53,-3.32,,0,,,
205.6,167.53,-3.06,,0,,,
205.7,167.53,-2.81,,0,,,
205.8,167.81,-3.06,,0,,,
205.9,167.81,-2.81,,0,,,
206.0,167.81,-3.06,,0,,,
206.1,167.81,-2.55,,0,,,
206.2,167.81,-2.78,,0,,,
206.3,167.81,-2.55,,0,,,
206.4,167.81,-3.06,,0,,,
206.5,168.08,-2.81,,0,,,
206.6,168.08,-2.81,,0,,,
206.7,168.08,-3.06,,0,,,
206.8,168.08,-2.55,,0,,,
206.9,168.08,-2.81,,0,,,
207.0,168.08,-2.3,,0,,,
207.1,168.35,-2.81,,0,,,
207.2,168.35,-2.81,,0,,,
207.3,168.35,-2.81,,0,,,
207.4,168.35,-2.81,,0,,,
207.5,168.35,-2.3,,0,,,
207.6,168.35,-3.06,,0,,,
207.7,168.63,-2.81,,0,,,
207.8,168.63,-2.3,,0,,,
207.9,168.63,-2.81,,0,,,
208.0,168.63,-2.81,,0,,,
208.1,168.91,-2.3,,0,,,
208.2,168.91,-3.06,,0,,,
208.3,168.91,-2.55,,0,,,
208.4,168.91,-2.81,,0,,,
208.5,168.91,-2.55,,0,,,
208.6,168.91,-2.3,,0,,,
208.7,168.91,-2.3,,0,,,
208.8,168.91,-2.04,,0,,,
208.9,169.18,-2.81,,0,,,
209.0,169.18,-3.32,,0,,,
209.1,169.18,-2.27,,0,,,
209.2,169.18,-1.79,,0,,,
209.3,169.46,-2.55,,0,,,
209.4,169.46,-2.55,,0,,,
209.5,169.46,-2.55,,0,,,
209.6,169.46,-3.06,,0,,,
209.7,169.46,-2.55,,0,,,
209.8,169.46,-2.55,,0,,,
209.9,169.46,-2.81,,0,,,
210.0,169.46,-3.06,,0,,,
210.1,169.75,-2.3,,0,,,
210.2,169.75,-2.3,,0,,,
210.3,169.75,-2.81,,0,,,
210.4,169.75,-3.06,,0,,,
210.5,169.75,-2.3,,0,,,
210.6,169.75,-2.81,,0,,,
210.7,170.03,-2.55,,0,,,
210.8,169.75,-2.81,,0,,,
210.9,170.03,-2.81,,0,,,
211.0,170.03,-2.55,,0,,,
211.1,170.03,-3.06,,0,,,
211.2,170.03,-2.81,,0,,,
211.3,170.31,-3.06,,0,,,
211.4,170.03,-2.93,,0,,,
211.5,170.31,-2.68,,0,,,
211.6,170.31,-2.93,,0,,,
211.7,170.31,-2.3,,0,,,
211.8,170.31,-2.55,,0,,,
211.9,170.31,-3.06,,0,,,
212.0,170.31,-2.81,,0,,,
212.1,170.6,-3.06,,0,,,
212.2,170.6,-2.81,,0,,,
212.3,170.6,-2.55,,0,,,
212.4,170.6,-3.06,,0,,,
212.5,170.6,-2.3,,0,,,
212.6,170.88,-2.81,,0,,,
212.7,170.6,-3.06,,0,,,
212.8,170.88,-3.06,,0,,,
212.9,170.88,-2.55,,0,,,
213.0,170.88,-2.81,,0,,,
213.1,170.88,-2.81,,0,,,
213.2,170.88,-3.06,,0,,,
213.3,170.88,-3.06,,0,,,
213.4,171.17,-3.06,,0,,,
213.5,171.17,-3.06,,0,,,
213.6,171.17,-2.81,,0,,,
213.7,171.17,-2.81,,0,,,
213.8,171.17,-2.55,,0,,,
213.9,171.46,-2.81,,0,,,
214.0,171.46,-2.42,,0,,,
214.1,171.46,-2.81,,0,,,
214.2,171.46,-2.93,,0,,,
214.3,171.46,-2.55,,0,,,
214.4,171.46,-2.81,,0,,,
214.5,171.75,-3.06,,0,,,
214.6,171.75,-2.81,,0,,,
214.7,171.75,-2.3,,0,,,
214.8,171.75,-2.55,,0,,,
214.9,171.75,-3.06,,0,,,
215.0,171.75,-2.81,,0,,,
215.1,172.04,-2.81,,0,,,
215.2,171.75,-2.81,,0,,,
215.3,172.04,-2.3,,0,,,
215.4,172.04,-2.55,,0,,,
215.5,172.04,-2.55,,0,,,
215.6,172.04,-3.06,,0,,,
215.7,172.04,-2.81,,0,,,
215.8,172.04,-2.81,,0,,,
215.9,172.34,-2.81,,0,,,
216.0,172.34,-3.06,,0,,,
216.1,172.34,-2.81,,0,,,
216.2,172.34,-3.06,,0,,,
216.3,172.34,-2.3,,0,,,
216.4,172.34,-2.91,,0,,,
216.5,172.63,-3.06,,0,,,
216.6,172.63,-3.06,,0,,,
216.7,172.63,-2.3,,0,,,
216.8,172.63,-2.55,,0,,,
216.9,172.63,-2.3,,0,,,
217.0,172.63,-2.81,,0,,,
217.1,172.93,-2.04,,0,,,
217.2,172.93,-2.68,,0,,,
217.3,172.93,-2.04,,0,,,
217.4,172.93,-2.55,,0,,,
217.5,172.93,-2.04,,0,,,
217.6,173.23,-1.79,,0,,,
217.7,173.23,-2.04,,0,,,
217.8,173.23,-2.04,,0,,,
217.9,173.23,-1.79,,0,,,
218.0,173.23,-1.53,,0,,,
218.1,173.23,-1.79,,0,,,
218.2,173.53,-0.51,,0,,,
218.3,173.53,0.0,,0,,,
218.4,173.53,0.0,,0,,,
218.5,173.53,-0.26,,0,,,
218.6,173.53,0.25,,1,,,
218.7,173.53,-0.26,,0,,,
218.8,173.53,-0.26,,0,,,
218.9,173.53,-0.77,,0,,,
219.0,173.83,-0.77,,0,,,
219.1,173.83,-1.53,,0,,,
219.2,173.83,-2.04,,0,,,
219.3,173.83,-2.81,,0,,,
219.4,173.83,-2.04,,0,,,
219.5,174.13,-2.04,,0,,,
219.6,173.83,-2.3,,0,,,
219.7,174.13,-3.06,,0,,,
219.8,174.13,-3.06,,0,,,
219.9,174.13,-3.06,,0,,,
220.0,174.13,-2.81,,0,,,
220.1,174.44,-3.06,,0,,,
220.2,174.44,-3.06,,0,,,
220.3,174.44,-3.06,,0,,,
220.4,174.44,-2.81,,0,,,
220.5,174.44,-2.81,,0,,,
220.6,174.44,-3.06,,0,,,
220.7,174.74,-2.81,,0,,,
220.8,174.74,-3.06,,0,,,
220.9,174.44,-3.06,,0,,,
221.0,174.74,-3.06,,0,,,
221.1,174.74,-3.06,,0,,,
221.2,174.74,-3.32,,0,,,
221.3,174.74,-3.06,,0,,,
221.4,174.74,-3.06,,0,,,
221.5,175.05,-3.03,,0,,,
221.6,175.05,-3.06,,0,,,
221.7,175.05,-3.06,,0,,,
221.8,175.05,-2.81,,0,,,
221.9,175.05,-2.81,,0,,,
222.0,175.05,-3.06,,0,,,
222.1,175.05,-2.81,,0,,,
222.2,175.36,-3.19,,0,,,
222.3,175.36,-3.19,,0,,,
222.4,175.36,-3.06,,0,,,
222.5,175.36,-3.06,,0,,,
222.6,175.36,-3.06,,0,,,
222.7,175.36,-3.06,,0,,,
222.8,175.36,-2.55,,0,,,
222.9,175.67,-2.55,,0,,,
223.0,175.67,-2.81,,0,,,
223.1,175.67,-2.81,,0,,,
223.2,175.67,-2.81,,0,,,
223.3,175.67,-2.81,,0,,,
223.4,175.67,-2.55,,0,,,
223.5,175.67,-2.81,,0,,,
223.6,175.67,-2.3,,0,,,
223.7,175.98,-2.81,,0,,,
223.8,175.98,-2.81,,0,,,
223.9,175.98,-2.81,,0,,,
224.0,175.98,-2.81,,0,,,
224.1,175.98,-2.81,,0,,,
224.2,175.98,-3.06,,0,,,
224.3,176.3,-2.3,,0,,,
224.4,176.3,-2.81,,0,,,
224.5,176.3,-2.55,,0,,,
224.6,176.3,-2.3,,0,,,
224.7,176.62,-2.55,,0,,,
224.8,176.3,-2.81,,0,,,
224.9,176.3,-2.93,,0,,,
225.0,176.62,-2.68,,0,,,
225.1,176.62,-2.93,,0,,,
225.2,176.62,-2.81,,0,,,
225.3,176.62,-2.55,,0,,,
225.4,176.62,-2.55,,0,,,
225.5,176.93,-2.55,,0,,,
225.6,176.93,-2.55,,0,,,
225.7,176.93,-3.06,,0,,,
225.8,176.93,-2.81,,0,,,
225.9,176.93,-3.06,,0,,,
226.0,176.93,-3.06,,0,,,
226.1,176.93,-2.81,,0,,,
226.2,176.93,-2.81,,0,,,
226.3,177.25,-2.81,,0,,,
226.4,176.93,-2.55,,0,,,
226.5,177.25,-3.06,,0,,,
226.6,177.25,-2.55,,0,,,
226.7,177.25,-2.55,,0,,,
226.8,177.25,-2.81,,0,,,
226.9,177.25,-2.04,,0,,,
227.0,177.57,-2.55,,0,,,
227.1,177.25,-2.3,,0,,,
227.2,177.57,-2.55,,0,,,
227.3,177.57,-2.04,,0,,,
227.4,177.57,-2.81,,0,,,
227.5,177.57,-2.81,,0,,,
227.6,177.57,-2.55,,0,,,
227.7,177.57,-2.81,,0,,,
227.8,177.9,-3.06,,0,,,
227.9,177.57,-2.55,,0,,,
228.0,177.9,-3.06,,0,,,
228.1,177.9,-2.3,,0,,,
228.2,177.9,-2.55,,0,,,
228.3,177.9,-2.3,,0,,,
228.4,177.9,-2.55,,0,,,
228.5,178.22,-2.81,,0,,,
228.6,177.9,-2.81,,0,,,
228.7,178.22,-2.3,,0,,,
228.8,178.22,-2.04,,0,,,
228.9,178.22,-2.55,,0,,,
229.0,178.22,-3.06,,0,,,
229.1,178.22,-2.55,,0,,,
229.2,178.22,-2.81,,0,,,
229.3,178.22,-3.06,,0,,,
229.4,178.55,-2.81,,0,,,
229.5,178.55,-2.81,,0,,,
229.6,178.55,-2.55,,0,,,
229.7,178.55,-2.81,,0,,,
229.8,178.55,-2.81,,0,,,
229.9,178.88,-2.81,,0,,,
230.0,178.55,-3.06,,0,,,
230.1,178.88,-3.06,,0,,,
230.2,178.88,-2.3,,0,,,
230.3,178.88,-2.69,,0,,,
230.4,178.88,-2.55,,0,,,
230.5,178.88,-2.55,,0,,,
230.6,178.88,-2.55,,0,,,
230.7,178.88,-2.55,,0,,,
230.8,179.21,-3.06,,0,,,
230.9,179.21,-2.81,,0,,,
231.0,179.21,-3.28,,0,,,
231.1,179.21,-2.81,,0,,,
231.2,179.21,-2.55,,0,,,
231.3,179.21,-2.55,,0,,,
231.4,179.21,-2.3,,0,,,
231.5,179.54,-2.3,,0,,,
231.6,179.54,-2.81,,0,,,
231.7,179.54,-2.81,,0,,,
231.8,179.54,-2.81,,0,,,
231.9,179.54,-2.55,,0,,,
232.0,179.54,-2.3,,0,,,
232.1,179.54,-3.06,,0,,,
232.2,179.54,-2.81,,0,,,
232.3,179.88,-2.55,,0,,,
232.4,179.88,-2.3,,0,,,
232.5,179.54,-2.3,,0,,,
232.6,179.88,-2.81,,0,,,
232.7,179.88,-2.81,,0,,,
232.8,179.88,-2.3,,0,,,
232.9,179.88,-2.3,,0,,,
233.0,179.88,-2.81,,0,,,
233.1,179.88,-2.81,,0,,,
233.2,180.21,-2.3,,0,,,
233.3,180.21,-2.3,,0,,,
233.4,180.21,-2.81,,0,,,
233.5,180.21,-2.55,,0,,,
233.6,180.21,-2.81,,0,,,
233.7,180.21,-2.55,,0,,,
233.8,180.21,-2.3,,0,,,
233.9,180.21,-2.27,,0,,,
234.0,180.55,-2.04,,0,,,
234.1,180.21,-2.3,,0,,,
234.2,180.55,-2.55,,0,,,
234.3,180.55,-2.55,,0,,,
234.4,180.55,-2.81,,0,,,
234.5,180.55,-2.04,,0,,,
234.6,180.55,-2.3,,0,,,
234.7,180.55,-2.3,,0,,,
234.8,180.55,-2.3,,0,,,
234.9,180.89,-2.55,,0,,,
235.0,180.55,-2.68,,0,,,
235.1,180.89,-2.81,,0,,,
235.2,180.89,-2.42,,0,,,
235.3,180.89,-2.3,,0,,,
235.4,180.89,-2.81,,0,,,
235.5,180.89,-2.55,,0,,,
235.6,180.89,-2.55,,0,,,
235.7,180.89,-2.3,,0,,,
235.8,181.24,-2.3,,0,,,
235.9,181.24,-2.04,,0,,,
236.0,181.24,-2.3,,0,,,
236.1,181.24,-2.81,,0,,,
236.2,181.24,-2.04,,0,,,
236.3,181.24,-2.3,,0,,,
236.4,181.24,-2.3,,0,,,
236.5,181.24,-2.3,,0,,,
236.6,181.24,-1.53,,0,,,
236.7,181.58,-2.04,,0,,,
236.8,181.58,-2.81,,0,,,
236.9,181.58,-2.81,,0,,,
237.0,181.58,-1.79,,0,,,
237.1,181.58,-2.04,,0,,,
237.2,181.58,-2.3,,0,,,
237.3,181.58,-1.79,,0,,,
237.4,181.58,-1.79,,0,,,
237.5,181.58,-2.04,,0,,,
237.6,181.93,-2.3,,0,,,
237.7,181.93,-2.3,,0,,,
237.8,181.93,-2.3,,0,,,
237.9,181.93,-2.3,,0,,,
238.0,181.93,-2.04,,0,,,
238.1,181.93,-2.04,,0,,,
238.2,181.93,-2.81,,0,,,
238.3,181.93,-2.04,,0,,,
238.4,181.93,-2.04,,0,,,
238.5,181.93,-2.04,,0,,,
238.6,182.28,-2.04,,0,,,
238.7,182.28,-2.04,,0,,,
238.8,182.28,-2.04,,0,,,
238.9,182.28,-2.3,,0,,,
239.0,182.28,-2.04,,0,,,
239.1,182.28,-1.53,,0,,,
239.2,182.28,-2.04,,0,,,
239.3,182.28,-1.79,,0,,,
239.4,182.63,-1.53,,0,,,
239.5,182.63,-2.04,,0,,,
239.6,182.63,-1.79,,0,,,
239.7,182.63,-1.79,,0,,,
239.8,182.63,-1.53,,0,,,
239.9,182.63,-2.3,,0,,,
240.0,182.63,-2.04,,0,,,
240.1,182.63,-1.79,,0,,,
240.2,182.98,-1.79,,0,,,
240.3,182.98,-2.04,,0,,,
240.4,182.98,-2.04,,0,,,
240.5,182.98,-2.3,,0,,,
240.6,182.98,-1.79,,0,,,
240.7,182.98,-2.55,,0,,,
240.8,182.98,-2.55,,0,,,
240.9,182.98,-1.79,,0,,,
241.0,183.34,-1.53,,0,,,
241.1,183.34,0.0,,0,,,
241.2,183.34,-0.26,,0,,,
241.3,183.34,-0.51,,0,,,
241.4,183.34,-1.02,,0,,,
241.5,183.34,-1.02,,0,,,
241.6,183.34,-1.53,,0,,,
241.7,183.34,-1.79,,0,,,
241.8,183.34,-1.79,,0,,,
241.9,183.7,-1.53,,0,,,
242.0,183.7,-1.79,,0,,,
242.1,183.7,-2.3,,0,,,
242.2,183.7,-2.3,,0,,,
242.3,183.7,-2.04,,0,,,
242.4,183.7,-2.55,,0,,,
242.5,183.7,-2.81,,0,,,
242.6,183.7,-2.3,,0,,,
242.7,184.06,-1.79,,0,,,
242.8,184.06,-2.3,,0,,,
242.9,184.06,-2.81,,0,,,
243.0,184.06,-2.55,,0,,,
243.1,184.06,-2.3,,0,,,
243.2,184.06,-2.68,,0,,,
243.3,184.06,-2.3,,0,,,
243.4,184.06,-2.55,,0,,,
243.5,184.06,-2.55,,0,,,
243.6,184.06,-2.55,,0,,,
243.7,184.06,-2.55,,0,,,
243.8,184.06,-2.81,,0,,,
243.9,184.42,-2.3,,0,,,
244.0,184.42,-2.55,,0,,,
244.1,184.42,-2.55,,0,,,
244.2,184.42,-2.55,,0,,,
244.3,184.42,-2.3,,0,,,
244.4,184.42,-2.3,,0,,,
244.5,184.42,-2.81,,0,,,
244.6,184.78,-2.3,,0,,,
244.7,184.42,-2.46,,0,,,
244.8,184.78,-3.09,,0,,,
244.9,184.78,-2.3,,0,,,
245.0,184.78,-2.81,,0,,,
245.1,184.78,-3.06,,0,,,
245.2,184.78,-3.06,,0,,,
245.3,184.78,-2.3,,0,,,
245.4,184.78,-2.3,,0,,,
245.5,185.15,-2.55,,0,,,
245.6,184.78,-2.55,,0,,,
245.7,185.15,-2.04,,0,,,
245.8,185.15,-1.53,,0,,,
245.9,185.15,-1.28,,0,,,
246.0,185.15,-1.28,,0,,,
246.1,185.15,-1.53,,0,,,
246.2,185.15,-2.04,,0,,,
246.3,185.15,-2.55,,0,,,
246.4,185.15,-2.04,,0,,,
246.5,185.15,-1.79,,0,,,
246.6,185.52,-1.53,,0,,,
246.7,185.52,-2.3,,0,,,
246.8,185.52,-2.55,,0,,,
246.9,185.52,-2.27,,0,,,
247.0,185.52,-2.04,,0,,,
247.1,185.52,-2.3,,0,,,
247.2,185.52,-2.04,,0,,,
247.3,185.52,-1.79,,0,,,
247.4,185.52,-1.79,,0,,,
247.5,185.52,-2.04,,0,,,
247.6,185.52,-2.55,,0,,,
247.7,185.52,-2.17,,0,,,
247.8,185.52,-2.81,,0,,,
247.9,185.89,-2.42,,0,,,
248.0,185.89,-2.55,,0,,,
248.1,185.89,-3.06,,0,,,
248.2,185.89,-2.3,,0,,,
248.3,185.89,-2.55,,0,,,
248.4,185.89,-2.55,,0,,,
248.5,185.89,-3.06,,0,,,
248.6,185.89,-2.3,,0,,,
248.7,186.27,-3.06,,0,,,
248.8,186.27,-2.3,,0,,,
248.9,186.27,-2.3,,0,,,
249.0,186.27,-2.55,,0,,,
249.1,186.27,-2.04,,0,,,
249.2,186.27,-2.55,,0,,,
249.3,186.27,-2.3,,0,,,
249.4,186.65,-2.81,,0,,,
249.5,186.27,-2.81,,0,,,
249.6,186.27,-2.55,,0,,,
249.7,186.27,-3.06,,0,,,
249.8,186.65,-2.78,,0,,,
249.9,186.65,-2.55,,0,,,
250.0,186.65,-2.3,,0,,,
250.1,186.65,-2.81,,0,,,
250.2,186.65,-2.3,,0,,,
250.3,186.65,-1.79,,0,,,
250.4,186.65,-2.81,,0,,,
250.5,186.65,-3.32,,0,,,
250.6,186.65,-2.55,,0,,,
250.7,186.65,-2.81,,0,,,
250.8,186.65,-2.3,,0,,,
250.9,186.65,-2.3,,0,,,
251.0,186.65,-2.3,,0,,,
251.1,187.03,-2.55,,0,,,
251.2,187.03,-3.06,,0,,,
251.3,187.03,-2.81,,0,,,
251.4,187.03,-2.04,,0,,,
251.5,187.03,-2.04,,0,,,
251.6,187.03,-2.3,,0,,,
251.7,187.03,-1.79,,0,,,
251.8,187.41,-2.04,,0,,,
251.9,187.41,-2.04,,0,,,
252.0,187.03,-1.53,,0,,,
252.1,187.03,-2.55,,0,,,
252.2,187.41,-1.79,,0,,,
252.3,187.41,-1.79,,0,,,
252.4,187.41,-1.79,,0,,,
252.5,187.41,-2.55,,0,,,
252.6,187.41,-2.04,,0,,,
252.7,187.41,-2.27,,0,,,
252.8,187.41,-2.55,,0,,,
252.9,187.79,-2.04,,0,,,
253.0,187.41,-1.53,,0,,,
253.1,187.79,-1.28,,0,,,
253.2,187.79,-0.51,,0,,,
253.3,187.79,-1.15,,0,,,
253.4,187.79,-1.02,,0,,,
253.5,187.79,-1.28,,0,,,
253.6,187.79,-1.53,,0,,,
253.7,187.79,-1.53,,0,,,
253.8,188.18,-2.04,,0,,,
253.9,188.18,-2.3,,0,,,
254.0,188.18,-2.55,,0,,,
254.1,188.18,-2.3,,0,,,
254.2,188.18,-2.55,,0,,,
254.3,188.18,-2.81,,0,,,
254.4,188.18,-2.55,,0,,,
254.5,188.18,-2.04,,0,,,
254.6,188.18,-2.81,,0,,,
254.7,188.18,-2.3,,0,,,
254.8,188.18,-2.55,,0,,,
254.9,188.18,-2.81,,0,,,
255.0,188.57,-2.55,,0,,,
255.1,188.18,-2.55,,0,,,
255.2,188.57,-2.3,,0,,,
255.3,188.57,-2.81,,0,,,
255.4,188.57,-2.55,,0,,,
255.5,188.57,-2.3,,0,,,
255.6,188.57,-2.55,,0,,,
255.7,188.57,-2.3,,0,,,
255.8,188.57,-2.3,,0,,,
255.9,188.57,-3.06,,0,,,
256.0,188.57,-2.04,,0,,,
256.1,188.57,-2.3,,0,,,
256.2,188.97,-2.68,,0,,,
256.3,188.97,-3.06,,0,,,
256.4,188.97,-2.3,,0,,,
256.5,188.97,-2.55,,0,,,
256.6,188.97,-2.81,,0,,,
256.7,188.97,-2.81,,0,,,
256.8,188.97,-2.3,,0,,,
256.9,188.97,-2.55,,0,,,
257.0,188.97,-2.3,,0,,,
257.1,188.97,-2.55,,0,,,
257.2,189.36,-2.81,,0,,,
257.3,189.36,-2.55,,0,,,
257.4,189.36,-2.55,,0,,,
257.5,189.36,-2.55,,0,,,
257.6,189.36,-2.3,,0,,,
257.7,189.36,-1.79,,0,,,
257.8,189.36,-2.3,,0,,,
257.9,189.36,-2.81,,0,,,
258.0,189.36,-1.79,,0,,,
258.1,189.36,-2.81,,0,,,
258.2,189.36,-2.3,,0,,,
258.3,189.76,-2.81,,0,,,
258.4,189.76,-2.55,,0,,,
258.5,189.76,-2.04,,0,,,
258.6,189.76,-2.51,,0,,,
258.7,189.76,-2.06,,0,,,
258.8,189.76,-2.55,,0,,,
258.9,189.76,-2.81,,0,,,
259.0,189.76,-2.04,,0,,,
259.1,189.76,-1.94,,0,,,
259.2,190.16,-1.8,,0,,,
259.3,190.16,-2.3,,0,,,
259.4,190.16,-1.28,,0,,,
259.5,190.16,-2.04,,0,,,
259.6,190.16,-2.68,,0,,,
259.7,190.16,-2.93,,0,,,
259.8,190.16,-2.3,,0,,,
259.9,190.16,-2.3,,0,,,
260.0,190.16,-2.81,,0,,,
260.1,190.16,-2.55,,0,,,
260.2,190.16,-2.3,,0,,,
260.3,190.16,-2.04,,0,,,
260.4,190.57,-2.55,,0,,,
260.5,190.57,-1.79,,0,,,
260.6,190.16,-1.53,,0,,,
260.7,190.57,-1.79,,0,,,
260.8,190.57,-1.79,,0,,,
260.9,190.57,-1.53,,0,,,
261.0,190.57,-1.79,,0,,,
261.1,190.57,-2.04,,0,,,
261.2,190.57,-1.53,,0,,,
261.3,190.57,-1.79,,0,,,
261.4,190.57,-1.79,,0,,,
261.5,190.57,-2.04,,0,,,
261.6,190.57,-2.3,,0,,,
261.7,190.57,-1.79,,0,,,
261.8,190.98,-2.81,,0,,,
261.9,190.98,-2.53,,0,,,
262.0,190.98,-1.53,,0,,,
262.1,190.98,-2.04,,0,,,
262.2,190.98,-2.04,,0,,,
262.3,190.98,-1.91,,0,,,
262.4,190.98,-2.17,,0,,,
262.5,190.98,-2.81,,0,,,
262.6,190.98,-2.55,,0,,,
262.7,191.39,-2.81,,0,,,
262.8,191.39,-1.79,,0,,,
262.9,190.98,-1.79,,0,,,
263.0,191.39,-2.3,,0,,,
263.1,191.39,-2.81,,0,,,
263.2,191.39,-2.81,,0,,,
263.3,191.39,-3.06,,0,,,
263.4,191.39,-3.06,,0,,,
263.5,191.39,-3.06,,0,,,
263.6,191.39,-2.81,,0,,,
263.7,191.8,-3.06,,0,,,
263.8,191.39,-2.55,,0,,,
263.9,191.39,-3.06,,0,,,
264.0,191.39,-3.06,,0,,,
264.1,191.39,-3.06,,0,,,
264.2,191.8,-3.06,,0,,,
264.3,191.8,-2.81,,0,,,
264.4,191.8,-2.55,,0,,,
264.5,191.8,-2.3,,0,,,
264.6,191.8,-2.04,,0,,,
264.7,191.8,-2.81,,0,,,
264.8,191.8,-2.3,,0,,,
264.9,191.8,-1.79,,0,,,
265.0,191.8,-2.55,,0,,,
265.1,191.8,-2.81,,0,,,
265.2,191.8,-2.3,,0,,,
265.3,192.22,-3.06,,0,,,
265.4,192.22,-2.3,,0,,,
265.5,192.22,-2.3,,0,,,
265.6,192.22,-2.55,,0,,,
265.7,192.22,-2.04,,0,,,
265.8,192.22,-2.81,,0,,,
265.9,192.22,-3.06,,0,,,
266.0,192.22,-2.55,,0,,,
266.1,192.22,-2.3,,0,,,
266.2,192.22,-2.81,,0,,,
266.3,192.64,-2.55,,0,,,
266.4,192.64,-2.3,,0,,,
266.5,192.22,-3.06,,0,,,
266.6,192.64,-2.81,,0,,,
266.7,192.64,-2.3,,0,,,
266.8,192.64,-3.06,,0,,,
266.9,192.64,-2.55,,0,,,
267.0,192.64,-3.06,,0,,,
267.1,192.64,-2.3,,0,,,
267.2,192.64,-3.06,,0,,,
267.3,192.64,-2.55,,0,,,
267.4,192.64,-3.06,,0,,,
267.5,192.64,-3.06,,0,,,
267.6,192.64,-3.06,,0,,,
267.7,192.64,-2.81,,0,,,
267.8,192.64,-3.06,,0,,,
267.9,192.64,-2.55,,0,,,
268.0,193.06,-3.06,,0,,,
268.1,193.06,-3.06,,0,,,
268.2,193.06,-3.06,,0,,,
268.3,193.06,-3.06,,0,,,
268.4,193.06,-3.06,,0,,,
268.5,193.06,-3.06,,0,,,
268.6,193.06,-3.06,,0,,,
268.7,193.49,-3.06,,0,,,
268.8,193.49,-2.81,,0,,,
268.9,193.49,-3.06,,0,,,
269.0,193.49,-3.06,,0,,,
269.1,193.49,-3.06,,0,,,
269.2,193.49,-3.06,,0,,,
269.3,193.49,-3.06,,0,,,
269.4,193.49,-2.81,,0,,,
269.5,193.49,-3.06,,0,,,
269.6,193.49,-3.06,,0,,,
269.7,193.49,-3.06,,0,,,
269.8,193.49,-2.81,,0,,,
269.9,193.49,-3.32,,0,,,
270.0,193.92,-3.06,,0,,,
270.1,193.49,-2.81,,0,,,
270.2,193.92,-3.06,,0,,,
270.3,193.92,-3.06,,0,,,
270.4,193.92,-3.06,,0,,,
270.5,193.92,-3.06,,0,,,
270.6,193.92,-3.06,,0,,,
270.7,193.92,-2.81,,0,,,
270.8,193.92,-2.81,,0,,,
270.9,193.92,-3.06,,0,,,
271.0,193.92,-3.06,,0,,,
271.1,194.35,-3.06,,0,,,
271.2,193.92,-2.81,,0,,,
271.3,194.35,-3.06,,0,,,
271.4,194.35,-2.55,,0,,,
271.5,194.35,-2.55,,0,,,
271.6,194.35,-2.81,,0,,,
271.7,194.35,-2.81,,0,,,
271.8,194.35,-3.06,,0,,,
271.9,194.35,-2.81,,0,,,
272.0,194.35,-3.06,,0,,,
272.1,194.35,-3.06,,0,,,
272.2,194.35,-3.06,,0,,,
272.3,194.35,-3.06,,0,,,
272.4,194.79,-3.06,,0,,,
272.5,194.79,-2.55,,0,,,
272.6,194.79,-2.81,,0,,,
272.7,194.79,-3.06,,0,,,
272.8,194.79,-3.32,,0,,,
272.9,194.79,-2.81,,0,,,
273.0,194.79,-3.06,,0,,,
273.1,194.79,-2.81,,0,,,
273.2,194.79,-2.81,,0,,,
273.3,194.79,-2.81,,0,,,
273.4,194.79,-3.06,,0,,,
273.5,195.23,-2.73,,0,,,
273.6,194.79,-2.93,,0,,,
273.7,195.23,-3.06,,0,,,
273.8,195.23,-3.06,,0,,,
273.9,195.23,-3.06,,0,,,
274.0,195.23,-2.81,,0,,,
274.1,195.23,-2.81,,0,,,
274.2,195.23,-3.06,,0,,,
274.3,195.23,-3.06,,0,,,
274.4,195.23,-2.55,,0,,,
274.5,195.23,-2.3,,0,,,
274.6,195.23,-2.55,,0,,,
274.7,195.23,-2.55,,0,,,
274.8,195.23,-2.81,,0,,,
274.9,195.23,-2.81,,0,,,
275.0,195.23,-2.55,,0,,,
275.1,195.23,-3.06,,0,,,
275.2,195.67,-3.06,,0,,,
275.3,195.23,-2.55,,0,,,
275.4,195.67,-2.81,,0,,,
275.5,195.67,-2.04,,0,,,
275.6,195.67,-2.3,,0,,,
275.7,195.67,-2.04,,0,,,
275.8,195.67,-2.55,,0,,,
275.9,195.67,-2.55,,0,,,
276.0,195.67,-2.3,,0,,,
276.1,195.67,-2.81,,0,,,
276.2,195.67,-2.3,,0,,,
276.3,196.12,-1.79,,0,,,
276.4,196.12,-2.3,,0,,,
276.5,195.67,-3.06,,0,,,
276.6,196.12,-2.81,,0,,,
276.7,196.12,-2.81,,0,,,
276.8,196.12,-2.81,,0,,,
276.9,196.12,-3.06,,0,,,
277.0,196.12,-2.55,,0,,,
277.1,196.12,-2.81,,0,,,
277.2,196.12,-2.55,,0,,,
277.3,196.12,-3.06,,0,,,
277.4,196.12,-3.06,,0,,,
277.5,196.12,-2.81,,0,,,
277.6,196.12,-2.81,,0,,,
277.7,196.57,-3.32,,0,,,
277.8,196.57,-2.55,,0,,,
277.9,196.57,-2.04,,0,,,
278.0,196.57,-2.55,,0,,,
278.1,196.57,-2.3,,0,,,
278.2,196.57,-2.81,,0,,,
278.3,196.57,-2.55,,0,,,
278.4,196.57,-2.3,,0,,,
278.5,196.57,-2.81,,0,,,
278.6,196.57,-2.55,,0,,,
278.7,196.57,-2.3,,0,,,
278.8,196.57,-2.55,,0,,,
278.9,196.57,-2.04,,0,,,
279.0,196.57,-2.55,,0,,,
279.1,196.57,-2.55,,0,,,
279.2,196.57,-2.55,,0,,,
279.3,197.02,-2.55,,0,,,
279.4,196.57,-2.3,,0,,,
279.5,196.57,-2.3,,0,,,
279.6,196.57,-2.55,,0,,,
279.7,196.57,-2.81,,0,,,
279.8,197.02,-3.06,,0,,,
279.9,197.02,-2.55,,0,,,
280.0,197.02,-2.81,,0,,,
280.1,197.02,-2.81,,0,,,
280.2,197.02,-2.81,,0,,,
280.3,197.02,-2.81,,0,,,
280.4,197.02,-3.06,,0,,,
280.5,197.02,-2.81,,0,,,
280.6,197.02,-3.06,,0,,,
280.7,197.02,-2.81,,0,,,
280.8,197.02,-3.06,,0,,,
280.9,197.02,-2.81,,0,,,
281.0,197.02,-2.81,,0,,,
281.1,197.02,-2.81,,0,,,
281.2,197.02,-3.06,,0,,,
281.3,197.02,-2.81,,0,,,
281.4,197.02,-2.81,,0,,,
281.5,197.02,-2.81,,0,,,
281.6,197.02,-3.06,,0,,,
281.7,197.02,-2.55,,0,,,
281.8,197.02,-2.81,,0,,,
281.9,197.48,-2.55,,0,,,
282.0,197.02,-2.81,,0,,,
282.1,197.48,-3.06,,0,,,
282.2,197.48,-2.3,,0,,,
282.3,197.02,-2.55,,0,,,
282.4,197.02,-3.06,,0,,,
282.5,197.02,-2.04,,0,,,
282.6,197.02,-2.3,,0,,,
282.7,197.48,-2.55,,0,,,
282.8,197.48,-2.55,,0,,,
282.9,197.48,-2.3,,0,,,
283.0,197.48,-1.79,,0,,,
283.1,197.48,-1.53,,0,,,
283.2,197.48,-2.04,,0,,,
283.3,197.48,-2.04,,0,,,
283.4,197.48,-2.04,,0,,,
283.5,197.48,-2.55,,0,,,
283.6,197.48,-2.3,,0,,,
283.7,197.48,-1.79,,0,,,
283.8,197.48,-2.04,,0,,,
283.9,197.48,-2.04,,0,,,
284.0,197.48,-2.04,,0,,,
284.1,197.48,-2.04,,0,,,
284.2,197.48,-1.79,,0,,,
284.3,197.48,-2.04,,0,,,
284.4,197.48,-2.3,,0,,,
284.5,197.95,-2.04,,0,,,
284.6,197.48,-2.3,,0,,,
284.7,197.48,-1.79,,0,,,
284.8,197.48,-2.04,,0,,,
284.9,197.48,-2.55,,0,,,
285.0,197.48,-2.55,,0,,,
285.1,197.48,-1.79,,0,,,
285.2,197.48,-1.79,,0,,,
285.3,197.48,-2.04,,0,,,
285.4,197.48,-2.04,,0,,,
285.5,197.48,-2.04,,0,,,
285.6,197.95,-1.53,,0,,,
285.7,197.48,-2.04,,0,,,
285.8,197.95,-0.26,,0,,,
285.9,197.48,-0.77,,0,,,
286.0,197.95,-0.51,,0,,,
286.1,197.48,-1.28,,0,,,
286.2,197.95,-1.4,,0,,,
286.3,197.48,-1.15,,0,,,
286.4,197.95,-2.55,,0,,,
286.5,197.95,-1.79,,0,,,
286.6,197.48,-1.79,,0,,,
286.7,197.95,-1.02,,0,,,
286.8,197.95,-0.51,,0,,,
286.9,197.95,-1.28,,0,,,
287.0,197.95,-1.28,,0,,,
287.1,197.48,-1.02,,0,,,
287.2,197.95,-1.53,,0,,,
287.3,197.95,-1.53,,0,,,
287.4,197.95,-2.05,,0,,,
287.5,197.95,-1.8,,0,,,
287.6,197.95,-2.04,,0,,,
287.7,197.95,-2.04,,0,,,
287.8,197.95,-2.3,,0,,,
287.9,197.95,-2.3,,0,,,
288.0,197.95,-2.04,,0,,,
288.1,197.95,-2.3,,0,,,
288.2,197.95,-2.3,,0,,,
288.3,197.95,-2.55,,0,,,
288.4,197.95,-2.81,,0,,,
288.5,197.95,-3.03,,0,,,
288.6,197.95,-1.79,,0,,,
288.7,197.95,-2.81,,0,,,
288.8,197.95,-2.3,,0,,,
288.9,197.95,-2.55,,0,,,
289.0,197.95,-2.81,,0,,,
289.1,197.95,-2.55,,0,,,
289.2,197.95,-2.55,,0,,,
289.3,197.95,-2.81,,0,,,
289.4,197.95,-2.81,,0,,,
289.5,197.95,-2.81,,0,,,
289.6,197.95,-2.81,,0,,,
289.7,197.95,-2.81,,0,,,
289.8,197.95,-2.55,,0,,,
289.9,197.95,-2.55,,0,,,
290.0,197.95,-2.3,,0,,,
290.1,197.95,-2.81,,0,,,
290.2,197.95,-2.81,,0,,,
290.3,197.95,-2.55,,0,,,
290.4,197.95,-2.81,,0,,,
290.5,197.95,-2.55,,0,,,
290.6,197.95,-3.06,,0,,,
290.7,197.95,-2.81,,0,,,
290.8,197.95,-2.81,,0,,,
290.9,197.95,-2.81,,0,,,
291.0,197.95,-2.55,,0,,,
291.1,197.95,-2.3,,0,,,
291.2,197.95,-2.81,,0,,,
291.3,197.95,-2.81,,0,,,
291.4,197.95,-2.3,,0,,,
291.5,197.95,-2.3,,0,,,
291.6,197.95,-2.81,,0,,,
291.7,197.95,-2.81,,0,,,
291.8,197.95,-2.81,,0,,,
291.9,197.95,-2.55,,0,,,
292.0,197.95,-2.81,,0,,,
292.1,198.41,-2.55,,0,,,
292.2,197.95,-2.55,,0,,,
292.3,197.95,-2.55,,0,,,
292.4,198.41,-2.81,,0,,,
292.5,197.95,-2.55,,0,,,
292.6,197.95,-3.06,,0,,,
292.7,198.41,-2.81,,0,,,
292.8,197.95,-3.32,,0,,,
292.9,198.41,-2.17,,0,,,
293.0,197.95,-2.93,,0,,,
293.1,197.95,-2.04,,0,,,
293.2,198.41,-2.55,,0,,,
293.3,198.41,-2.81,,0,,,
293.4,198.41,-2.04,,0,,,
293.5,198.41,-2.04,,0,,,
293.6,197.95,-2.55,,0,,,
293.7,197.95,-2.81,,0,,,
293.8,198.41,-2.55,,0,,,
293.9,197.95,-2.55,,0,,,
294.0,198.41,-2.81,,0,,,
294.1,198.41,-2.3,,0,,,
294.2,197.95,-2.3,,0,,,
294.3,197.95,-2.55,,0,,,
294.4,198.41,-3.06,,0,,,
294.5,198.41,-2.81,,0,,,
294.6,197.95,-2.81,,0,,,
294.7,197.95,-2.04,,0,,,
294.8,197.95,-2.3,,0,,,
294.9,198.41,-2.3,,0,,,
295.0,197.95,-2.55,,0,,,
295.1,197.95,-2.3,,0,,,
295.2,197.95,-2.3,,0,,,
295.3,198.41,-2.81,,0,,,
295.4,198.41,-1.79,,0,,,
295.5,197.95,-2.55,,0,,,
295.6,197.95,-2.81,,0,,,
295.7,197.95,-2.55,,0,,,
295.8,198.41,-2.93,,0,,,
295.9,197.95,-2.42,,0,,,
296.0,198.41,-2.55,,0,,,
296.1,197.95,-2.04,,0,,,
296.2,198.41,-3.06,,0,,,
296.3,197.95,-2.81,,0,,,
296.4,197.95,-2.81,,0,,,
296.5,198.41,-2.3,,0,,,
296.6,198.41,-2.81,,0,,,
296.7,198.41,-2.81,,0,,,
296.8,197.95,-2.3,,0,,,
296.9,198.41,-2.55,,0,,,
297.0,198.41,-2.55,,0,,,
297.1,198.41,-2.55,,0,,,
297.2,198.41,-2.55,,0,,,
297.3,198.41,-2.55,,0,,,
297.4,198.41,-2.81,,0,,,
297.5,197.95,-2.3,,0,,,
297.6,197.95,-3.06,,0,,,
297.7,197.95,-2.81,,0,,,
297.8,197.95,-2.81,,0,,,
297.9,197.95,-2.04,,0,,,
298.0,197.95,-3.06,,0,,,
298.1,198.41,-2.81,,0,,,
298.2,197.95,-2.55,,0,,,
298.3,197.95,-2.55,,0,,,
298.4,198.41,-2.81,,0,,,
298.5,197.95,-2.55,,0,,,
298.6,198.41,-2.81,,0,,,
298.7,197.95,-2.3,,0,,,
298.8,197.95,-3.32,,0,,,
298.9,197.95,-2.55,,0,,,
299.0,197.95,-2.81,,0,,,
299.1,198.41,-2.55,,0,,,
299.2,197.95,-2.3,,0,,,
299.3,197.95,-2.81,,0,,,
299.4,197.95,-2.3,,0,,,
299.5,198.41,-2.81,,0,,,
299.6,197.95,-2.55,,0,,,
299.7,197.95,-2.81,,0,,,
299.8,197.95,-2.3,,0,,,
299.9,197.95,-2.04,,0,,,
300.0,197.95,-2.3,,0,,,
300.1,197.95,-2.55,,0,,,
300.2,197.95,-2.55,,0,,,
300.3,197.95,-2.3,,0,,,
300.4,197.95,-2.3,,0,,,
300.5,197.95,-2.3,,0,,,
300.6,197.95,-2.55,,0,,,
300.7,197.95,-2.3,,0,,,
300.8,197.95,-2.3,,0,,,
300.9,197.95,-2.81,,0,,,
301.0,197.95,-2.55,,0,,,
301.1,197.95,-2.55,,0,,,
301.2,197.95,-2.81,,0,,,
301.3,197.95,-2.55,,0,,,
301.4,197.95,-2.81,,0,,,
301.5,197.95,-2.55,,0,,,
301.6,197.95,-2.81,,0,,,
301.7,197.95,-2.81,,0,,,
301.8,197.95,-2.66,,0,,,
301.9,197.95,-2.58,,0,,,
302.0,197.95,-2.3,,0,,,
302.1,197.95,-2.55,,0,,,
302.2,197.95,-2.3,,0,,,
302.3,197.95,-3.06,,0,,,
302.4,197.95,-1.91,,0,,,
302.5,197.95,-2.3,,0,,,
302.6,197.95,-2.55,,0,,,
302.7,197.95,-2.55,,0,,,
302.8,197.95,-2.55,,0,,,
302.9,197.95,-2.55,,0,,,
303.0,197.95,-2.55,,0,,,
303.1,197.95,-2.3,,0,,,
303.2,197.95,-2.3,,0,,,
303.3,197.95,-2.55,,0,,,
303.4,197.95,-2.3,,0,,,
303.5,197.95,-2.3,,0,,,
303.6,197.95,-2.81,,0,,,
303.7,197.95,-2.81,,0,,,
303.8,197.95,-2.81,,0,,,
303.9,197.95,-2.81,,0,,,
304.0,197.95,-3.06,,0,,,
304.1,197.95,-2.81,,0,,,
304.2,197.95,-2.81,,0,,,
304.3,197.95,-2.55,,0,,,
304.4,197.95,-3.03,,0,,,
304.5,197.95,-2.55,,0,,,
304.6,197.95,-3.06,,0,,,
304.7,197.95,-2.81,,0,,,
304.8,197.95,-2.55,,0,,,
304.9,197.95,-2.55,,0,,,
305.0,197.95,-2.3,,0,,,
305.1,197.95,-2.55,,0,,,
305.2,197.95,-2.81,,0,,,
305.3,197.95,-2.3,,0,,,
305.4,197.95,-2.04,,0,,,
305.5,197.95,-2.55,,0,,,
305.6,197.95,-2.55,,0,,,
305.7,197.95,-2.55,,0,,,
305.8,197.95,-2.55,,0,,,
305.9,197.95,-3.06,,0,,,
306.0,197.95,-2.81,,0,,,
306.1,197.95,-2.81,,0,,,
306.2,197.95,-3.06,,0,,,
306.3,197.95,-2.04,,0,,,
306.4,197.95,-2.81,,0,,,
306.5,197.95,-3.06,,0,,,
306.6,197.95,-2.55,,0,,,
306.7,197.95,-3.06,,0,,,
306.8,197.95,-2.55,,0,,,
306.9,197.95,-3.06,,0,,,
307.0,197.95,-2.3,,0,,,
307.1,197.95,-2.3,,0,,,
307.2,197.95,-2.55,,0,,,
307.3,197.95,-1.77,,0,,,
307.4,197.95,-2.3,,0,,,
307.5,197.95,-2.55,,0,,,
307.6,197.95,-2.55,,0,,,
307.7,197.95,-2.55,,0,,,
307.8,197.95,-2.55,,0,,,
307.9,197.95,-2.3,,0,,,
308.0,197.95,-3.06,,0,,,
308.1,197.95,-3.06,,0,,,
308.2,197.95,-2.42,,0,,,
308.3,197.95,-2.81,,0,,,
308.4,197.95,-2.55,,0,,,
308.5,197.95,-3.06,,0,,,
308.6,197.95,-3.06,,0,,,
308.7,197.95,-2.81,,0,,,
308.8,197.95,-2.3,,0,,,
308.9,197.95,-2.55,,0,,,
309.0,197.95,-2.81,,0,,,
309.1,197.95,-2.3,,0,,,
309.2,197.95,-2.55,,0,,,
309.3,197.95,-2.81,,0,,,
309.4,197.95,-2.04,,0,,,
309.5,197.95,-2.55,,0,,,
309.6,197.95,-2.81,,0,,,
309.7,197.95,-2.81,,0,,,
309.8,197.95,-2.81,,0,,,
309.9,197.95,-2.04,,0,,,
310.0,197.95,-2.55,,0,,,
310.1,197.95,-2.81,,0,,,
310.2,197.95,-2.81,,0,,,
310.3,197.95,-2.04,,0,,,
310.4,197.95,-2.81,,0,,,
310.5,197.95,-2.55,,0,,,
310.6,197.95,-2.55,,0,,,
310.7,197.95,-2.55,,0,,,
310.8,197.95,-2.55,,0,,,
310.9,197.95,-2.3,,0,,,
311.0,197.95,-2.81,,0,,,
311.1,197.95,-2.81,,0,,,
311.2,197.95,-2.81,,0,,,
311.3,197.95,-2.55,,0,,,
311.4,197.95,-2.55,,0,,,
311.5,197.95,-2.3,,0,,,
311.6,197.95,-1.79,,0,,,
311.7,197.95,-2.04,,0,,,
311.8,197.95,-2.81,,0,,,
311.9,197.95,-2.55,,0,,,
312.0,197.95,-2.3,,0,,,
312.1,197.95,-2.55,,0,,,
312.2,197.95,-2.55,,0,,,
312.3,197.95,-2.55,,0,,,
312.4,197.95,-2.3,,0,,,
312.5,197.95,-2.55,,0,,,
312.6,197.95,-2.81,,0,,,
312.7,197.95,-2.3,,0,,,
312.8,197.95,-2.81,,0,,,
312.9,197.95,-2.3,,0,,,
313.0,198.41,-2.81,,0,,,
313.1,197.95,-2.55,,0,,,
313.2,197.95,-1.79,,0,,,
313.3,197.95,-2.3,,0,,,
313.4,197.95,-2.81,,0,,,
313.5,197.95,-2.55,,0,,,
313.6,197.95,-2.55,,0,,,
313.7,197.95,-2.55,,0,,,
313.8,197.95,-2.81,,0,,,
313.9,197.95,-2.55,,0,,,
314.0,197.95,-2.3,,0,,,
314.1,197.95,-2.04,,0,,,
314.2,197.95,-3.06,,0,,,
314.3,197.95,-2.55,,0,,,
314.4,197.95,-2.55,,0,,,
314.5,197.95,-2.04,,0,,,
314.6,197.95,-2.81,,0,,,
314.7,197.95,-2.55,,0,,,
314.8,197.95,-2.3,,0,,,
314.9,197.95,-2.3,,0,,,
315.0,197.95,-2.55,,0,,,
315.1,197.95,-2.55,,0,,,
315.2,197.95,-2.81,,0,,,
315.3,197.95,-2.55,,0,,,
315.4,197.95,-3.06,,0,,,
315.5,197.95,-2.55,,0,,,
315.6,197.95,-2.81,,0,,,
315.7,197.95,-3.06,,0,,,
315.8,197.95,-2.81,,0,,,
315.9,197.95,-3.06,,0,,,
316.0,197.95,-2.81,,0,,,
316.1,197.95,-2.3,,0,,,
316.2,197.95,-2.81,,0,,,
316.3,197.95,-2.55,,0,,,
316.4,197.95,-2.55,,0,,,
316.5,197.95,-2.3,,0,,,
316.6,197.95,-2.55,,0,,,
316.7,197.95,-2.83,,0,,,
316.8,197.95,-2.58,,0,,,
316.9,197.95,-2.81,,0,,,
317.0,197.95,-2.55,,0,,,
317.1,197.95,-2.81,,0,,,
317.2,197.95,-2.45,,0,,,
317.3,197.95,-2.32,,0,,,
317.4,197.95,-2.55,,0,,,
317.5,197.95,-2.3,,0,,,
317.6,197.95,-2.3,,0,,,
317.7,197.95,-2.53,,0,,,
317.8,197.95,-2.55,,0,,,
317.9,197.95,-2.81,,0,,,
318.0,197.95,-2.81,,0,,,
318.1,197.95,-3.06,,0,,,
318.2,197.95,-2.04,,0,,,
318.3,197.95,-2.3,,0,,,
318.4,197.95,-2.04,,0,,,
318.5,197.95,-2.55,,0,,,
318.6,197.95,-2.55,,0,,,
318.7,197.95,-2.55,,0,,,
318.8,197.95,-2.55,,0,,,
318.9,197.95,-2.55,,0,,,
319.0,197.95,-1.79,,0,,,
319.1,197.95,-2.04,,0,,,
319.2,197.95,-2.55,,0,,,
319.3,197.95,-2.3,,0,,,
319.4,197.95,-2.81,,0,,,
319.5,197.95,-2.04,,0,,,
319.6,197.95,-2.3,,0,,,
319.7,197.95,-2.55,,0,,,
319.8,197.95,-1.79,,0,,,
319.9,197.95,-2.55,,0,,,
320.0,197.95,-2.3,,0,,,
320.1,197.95,-2.3,,0,,,
320.2,197.95,-2.3,,0,,,
320.3,197.95,-2.3,,0,,,
320.4,197.95,-2.55,,0,,,
320.5,197.95,-2.55,,0,,,
320.6,197.95,-2.41,,0,,,
320.7,197.95,-2.04,,0,,,
320.8,197.95,-2.3,,0,,,
320.9,197.95,-2.3,,0,,,
321.0,197.95,-2.55,,0,,,
321.1,197.95,-2.81,,0,,,
321.2,197.95,-2.3,,0,,,
321.3,197.95,-2.55,,0,,,
321.4,197.95,-2.81,,0,,,
321.5,197.95,-2.04,,0,,,
321.6,197.95,-2.81,,0,,,
321.7,197.95,-2.04,,0,,,
321.8,197.95,-2.04,,0,,,
321.9,197.95,-2.81,,0,,,
322.0,197.95,-2.55,,0,,,
322.1,197.95,-2.81,,0,,,
322.2,197.95,-2.04,,0,,,
322.3,197.95,-2.55,,0,,,
322.4,197.95,-2.3,,0,,,
322.5,197.95,-2.81,,0,,,
322.6,197.95,-2.53,,0,,,
322.7,197.95,-2.3,,0,,,
322.8,197.95,-2.55,,0,,,
322.9,197.95,-2.3,,0,,,
323.0,197.95,-2.55,,0,,,
323.1,197.95,-2.55,,0,,,
323.2,197.95,-2.3,,0,,,
323.3,197.95,-2.3,,0,,,
323.4,197.95,-2.81,,0,,,
323.5,197.95,-2.3,,0,,,
323.6,197.95,-2.81,,0,,,
323.7,197.95,-2.81,,0,,,
323.8,197.95,-2.55,,0,,,
323.9,197.95,-2.55,,0,,,
324.0,197.95,-3.06,,0,,,
324.1,197.95,-2.81,,0,,,
324.2,197.95,-1.79,,0,,,
324.3,197.48,-0.51,,0,,,
324.4,197.95,0.0,,0,,,
324.5,197.95,0.0,,0,,,
324.6,197.95,-0.51,,0,,,
324.7,197.95,-0.77,,0,,,
324.8,197.95,-0.77,,0,,,
324.9,197.95,-1.28,,0,,,
325.0,197.95,-1.28,,0,,,
325.1,197.95,-1.28,,0,,,
325.2,197.95,-1.79,,0,,,
325.3,197.95,-1.53,,0,,,
325.4,197.95,-2.3,,0,,,
325.5,197.95,-2.02,,0,,,
325.6,197.95,-2.81,,0,,,
325.7,197.95,-1.79,,0,,,
325.8,197.95,-1.79,,0,,,
325.9,197.95,-3.06,,0,,,
326.0,197.95,-3.06,,0,,,
326.1,197.95,-2.3,,0,,,
326.2,197.95,-2.3,,0,,,
326.3,197.95,-2.55,,0,,,
326.4,197.95,-3.06,,0,,,
326.5,197.95,-2.81,,0,,,
326.6,197.95,-2.55,,0,,,
326.7,197.95,-2.3,,0,,,
326.8,197.95,-2.81,,0,,,
326.9,197.95,-2.81,,0,,,
327.0,197.95,-2.81,,0,,,
327.1,197.95,-2.81,,0,,,
327.2,197.95,-2.81,,0,,,
327.3,197.95,-2.3,,0,,,
327.4,197.95,-2.3,,0,,,
327.5,197.95,-2.55,,0,,,
327.6,197.95,-2.81,,0,,,
327.7,197.95,-2.04,,0,,,
327.8,197.48,-2.68,,0,,,
327.9,197.95,-2.81,,0,,,
328.0,197.95,-2.04,,0,,,
328.1,197.95,-2.3,,0,,,
328.2,197.95,-2.55,,0,,,
328.3,197.95,-1.79,,0,,,
328.4,197.95,-1.77,,0,,,
328.5,197.48,-2.55,,0,,,
328.6,197.95,-2.3,,0,,,
328.7,197.95,-1.28,,0,,,
328.8,197.95,-1.28,,0,,,
328.9,197.48,-1.79,,0,,,
329.0,197.48,-1.53,,0,,,
329.1,197.95,-1.02,,0,,,
329.2,197.48,-0.51,,0,,,
329.3,197.95,-0.51,,0,,,
329.4,197.95,-0.26,,0,,,
329.5,197.95,0.0,,0,,,
329.6,197.48,0.0,,0,,,
329.7,197.95,-0.26,,0,,,
329.8,197.95,0.0,,0,,,
329.9,197.95,-1.02,,0,,,
330.0,197.95,-2.3,,0,,,
330.1,197.95,-2.55,,0,,,
330.2,197.48,-2.55,,0,,,
330.3,197.95,-1.77,,0,,,
330.4,197.95,-3.06,,0,,,
330.5,197.95,-3.06,,0,,,
330.6,197.95,-3.06,,0,,,
330.7,197.95,-3.06,,0,,,
330.8,197.95,-3.06,,0,,,
330.9,197.95,-3.06,,0,,,
331.0,197.95,-3.06,,0,,,
331.1,197.95,-1.53,,0,,,
331.2,197.95,0.0,,0,,,
331.3,197.95,-0.26,,0,,,
331.4,197.95,0.13,,1,,,
331.5,197.95,-0.26,,0,,,
331.6,197.48,0.13,,1,,,
331.7,197.95,-0.26,,0,,,
331.8,197.95,-1.02,,0,,,
331.9,197.95,-0.26,,0,,,
332.0,197.95,0.0,,0,,,
332.1,197.48,0.0,,0,,,
332.2,197.95,0.0,,0,,,
332.3,197.95,0.0,,0,,,
332.4,197.95,0.0,,0,,,
332.5,197.48,-0.13,,0,,,
332.6,197.95,-0.13,,0,,,
332.7,197.48,0.0,,0,,,
332.8,197.95,0.0,,0,,,
332.9,197.48,-0.26,,0,,,
333.0,197.95,-0.26,,0,,,
333.1,197.48,0.0,,0,,,
333.2,197.95,-0.26,,0,,,
333.3,197.95,-0.51,,0,,,
333.4,197.95,-2.04,,0,,,
333.5,197.95,-2.3,,0,,,
333.6,197.95,-1.28,,0,,,
333.7,197.95,-1.28,,0,,,
333.8,197.95,-0.51,,0,,,
333.9,197.95,0.0,,0,,,
334.0,197.95,0.0,,0,,,
334.1,197.95,-0.51,,0,,,
334.2,197.95,-0.38,,0,,,
334.3,197.95,0.0,,0,,,
334.4,197.48,0.0,,0,,,
334.5,197.95,0.0,,0,,,
334.6,197.95,0.0,,0,,,
334.7,197.95,0.0,,0,,,
334.8,197.95,-0.26,,0,,,
334.9,197.95,-0.26,,0,,,
335.0,197.48,-1.02,,0,,,
335.1,197.95,-3.06,,0,,,
335.2,197.95,-3.32,,0,,,
335.3,197.95,-2.81,,0,,,
335.4,197.95,-3.06,,0,,,
335.5,197.95,-1.79,,0,,,
335.6,197.48,-0.77,,0,,,
335.7,197.95,-2.04,,0,,,
335.8,197.95,-3.06,,0,,,
335.9,197.95,-2.55,,0,,,
336.0,197.95,-2.81,,0,,,
336.1,197.95,-3.06,,0,,,
336.2,197.95,-3.06,,0,,,
336.3,197.95,-3.06,,0,,,
336.4,197.95,-3.06,,0,,,
336.5,197.95,-2.81,,0,,,
336.6,197.95,-3.06,,0,,,
336.7,197.48,-3.06,,0,,,
336.8,197.95,-3.06,,0,,,
336.9,197.95,-3.19,,0,,,
337.0,197.95,-2.93,,0,,,
337.1,197.48,-3.19,,0,,,
337.2,197.95,-3.06,,0,,,
337.3,197.95,-3.06,,0,,,
337.4,197.48,-3.06,,0,,,
337.5,197.95,-3.06,,0,,,
337.6,197.95,-3.06,,0,,,
337.7,197.48,-2.04,,0,,,
337.8,197.95,-1.79,,0,,,
337.9,197.95,-2.55,,0,,,
338.0,197.48,-2.04,,0,,,
338.1,197.48,-0.26,,0,,,
338.2,197.48,-1.53,,0,,,
338.3,197.95,-2.3,,0,,,
338.4,197.48,-3.06,,0,,,
338.5,197.48,-3.06,,0,,,
338.6,197.95,-1.79,,0,,,
338.7,197.95,-1.53,,0,,,
338.8,197.48,0.0,,0,,,
338.9,197.95,-0.26,,0,,,
339.0,197.95,0.0,,0,,,
339.1,197.95,0.0,,0,,,
339.2,197.95,-0.77,,0,,,
339.3,197.95,-2.3,,0,,,
339.4,197.95,-3.06,,0,,,
339.5,197.95,-3.06,,0,,,
339.6,197.95,-0.51,,0,,,
339.7,197.95,-0.26,,0,,,
339.8,197.95,-1.79,,0,,,
339.9,197.95,-3.06,,0,,,
340.0,197.95,-3.06,,0,,,
340.1,197.95,-3.06,,0,,,
340.2,197.95,-2.3,,0,,,
340.3,197.95,-0.26,,0,,,
340.4,197.95,-2.81,,0,,,
340.5,197.48,-3.06,,0,,,
340.6,197.95,-1.15,,0,,,
340.7,197.95,-2.42,,0,,,
340.8,197.95,-2.93,,0,,,
340.9,197.95,-2.93,,0,,,
341.0,197.95,-1.53,,0,,,
341.1,197.95,-0.26,,0,,,
341.2,197.95,0.0,,0,,,
341.3,197.95,-0.26,,0,,,
341.4,197.95,-0.26,,0,,,
341.5,197.95,-0.26,,0,,,
341.6,197.95,0.0,,0,,,
341.7,197.95,-0.26,,0,,,
341.8,197.48,0.0,,0,,,
341.9,197.95,0.0,,0,,,
342.0,197.95,0.0,,0,,,
342.1,197.95,-0.26,,0,,,
342.2,197.95,0.0,,0,,,
342.3,197.95,0.0,,0,,,
342.4,197.48,0.26,,1,,,
342.5,197.95,-0.22,,0,,,
342.6,197.95,0.0,,0,,,
342.7,197.48,0.13,,1,,,
342.8,197.95,-0.13,,0,,,
342.9,197.48,0.13,,1,,,
343.0,197.95,0.0,,0,,,
343.1,197.48,-0.26,,0,,,
343.2,197.95,0.0,,0,,,
343.3,197.95,0.0,,0,,,
343.4,197.48,0.0,,0,,,
343.5,197.48,0.0,,0,,,
343.6,197.48,0.0,,0,,,
343.7,197.95,-0.13,,0,,,
343.8,197.48,-0.13,,0,,,
343.9,197.48,0.0,,0,,,
344.0,197.95,0.0,,0,,,
344.1,197.48,0.0,,0,,,
344.2,197.48,0.0,,0,,,
344.3,197.95,0.0,,0,,,
344.4,197.95,0.0,,0,,,
344.5,197.95,-0.26,,0,,,
344.6,197.48,0.0,,0,,,
344.7,197.48,0.0,,0,,,
344.8,197.95,0.0,,0,,,
344.9,197.95,0.0,,0,,,
345.0,197.48,0.0,,0,,,
345.1,197.48,0.0,,0,,,
345.2,197.95,0.0,,0,,,
345.3,197.48,0.26,,1,,,
345.4,197.48,-0.13,,0,,,
345.5,197.95,0.0,,0,,,
345.6,197.48,0.0,,0,,,
345.7,197.95,0.0,,0,,,
345.8,197.95,0.0,,0,,,
345.9,197.48,0.0,,0,,,
346.0,197.95,0.0,,0,,,
346.1,197.95,0.0,,0,,,
346.2,197.48,0.0,,0,,,
346.3,197.48,0.0,,0,,,
346.4,197.48,-0.26,,0,,,
346.5,197.48,-0.38,,0,,,
346.6,197.95,0.0,,0,,,
346.7,197.95,-0.26,,0,,,
346.8,197.95,-0.77,,0,,,
346.9,197.95,-1.28,,0,,,
347.0,197.48,-1.02,,0,,,
347.1,197.95,-1.53,,0,,,
347.2,197.95,-2.3,,0,,,
347.3,197.95,-2.04,,0,,,
347.4,197.95,-2.81,,0,,,
347.5,197.95,-2.55,,0,,,
347.6,197.95,-2.81,,0,,,
347.7,197.95,-3.06,,0,,,
347.8,197.95,-2.81,,0,,,
347.9,197.95,-2.81,,0,,,
348.0,197.95,-3.06,,0,,,
348.1,197.95,-2.81,,0,,,
348.2,197.95,-2.81,,0,,,
348.3,197.95,-2.81,,0,,,
348.4,197.48,-3.06,,0,,,
348.5,197.95,-3.06,,0,,,
348.6,197.95,-3.06,,0,,,
348.7,197.95,-2.81,,0,,,
348.8,197.95,-2.55,,0,,,
348.9,197.95,-3.06,,0,,,
349.0,197.95,-3.06,,0,,,
349.1,197.95,-3.06,,0,,,
349.2,197.95,-3.32,,0,,,
349.3,197.95,-2.81,,0,,,
349.4,197.95,-2.55,,0,,,
349.5,197.95,-3.06,,0,,,
349.6,197.95,-3.06,,0,,,
349.7,197.95,-3.06,,0,,,
349.8,197.48,-2.81,,0,,,
349.9,197.95,-2.81,,0,,,
350.0,197.48,-2.81,,0,,,
350.1,197.95,-3.06,,0,,,
350.2,197.48,-2.81,,0,,,
350.3,197.95,-3.06,,0,,,
350.4,197.95,-3.06,,0,,,
350.5,197.48,-2.81,,0,,,
350.6,197.48,-2.81,,0,,,
350.7,197.95,-3.06,,0,,,
350.8,197.48,-3.06,,0,,,
350.9,197.95,-3.06,,0,,,
351.0,197.48,-2.81,,0,,,
351.1,197.95,-3.06,,0,,,
351.2,197.48,-3.06,,0,,,
351.3,197.48,-3.06,,0,,,
351.4,197.95,-3.06,,0,,,
351.5,197.48,-2.81,,0,,,
351.6,197.95,-2.81,,0,,,
351.7,197.48,-2.81,,0,,,
351.8,197.95,-2.81,,0,,,
351.9,197.95,-3.06,,0,,,
352.0,197.48,-2.81,,0,,,
352.1,197.48,-3.06,,0,,,
352.2,197.95,-3.06,,0,,,
352.3,197.48,-2.81,,0,,,
352.4,197.95,-2.81,,0,,,
352.5,197.48,-3.06,,0,,,
352.6,197.95,-3.06,,0,,,
352.7,197.48,-3.06,,0,,,
352.8,197.48,-2.81,,0,,,
352.9,197.48,-3.06,,0,,,
353.0,197.48,-3.06,,0,,,
353.1,197.48,-2.55,,0,,,
353.2,197.48,-3.06,,0,,,
353.3,197.48,-3.06,,0,,,
353.4,197.48,-2.81,,0,,,
353.5,197.48,-2.55,,0,,,
353.6,197.48,-3.06,,0,,,
353.7,197.48,-3.06,,0,,,
353.8,197.48,-2.55,,0,,,
353.9,197.48,-2.81,,0,,,
354.0,197.48,-3.06,,0,,,
354.1,197.48,-2.81,,0,,,
354.2,197.48,-2.55,,0,,,
354.3,197.48,-3.06,,0,,,
354.4,197.48,-3.06,,0,,,
354.5,197.48,-2.68,,0,,,
354.6,197.95,-2.93,,0,,,
354.7,197.48,-3.06,,0,,,
354.8,197.95,-3.06,,0,,,
354.9,197.48,-2.81,,0,,,
355.0,197.48,-3.06,,0,,,
355.1,197.48,-3.06,,0,,,
355.2,197.95,-2.55,,0,,,
355.3,197.48,-2.81,,0,,,
355.4,197.48,-3.06,,0,,,
355.5,197.95,-3.06,,0,,,
355.6,197.95,-2.81,,0,,,
355.7,197.95,-3.06,,0,,,
355.8,197.95,-3.06,,0,,,
355.9,197.95,-2.55,,0,,,
356.0,197.48,-2.93,,0,,,
356.1,197.48,-2.81,,0,,,
356.2,197.95,-3.06,,0,,,
356.3,197.95,-2.81,,0,,,
356.4,197.95,-3.06,,0,,,
356.5,197.95,-2.81,,0,,,
356.6,197.95,-2.55,,0,,,
356.7,197.95,-3.06,,0,,,
356.8,197.95,-2.81,,0,,,
356.9,197.48,-2.91,,0,,,
357.0,197.95,-3.09,,0,,,
357.1,197.95,-2.81,,0,,,
357.2,197.95,-3.06,,0,,,
357.3,197.95,-3.06,,0,,,
357.4,197.95,-3.0,,0,,,
357.5,197.48,-2.81,,0,,,
357.6,197.95,-3.06,,0,,,
357.7,197.95,-3.06,,0,,,
357.8,197.95,-3.06,,0,,,
357.9,197.95,-2.81,,0,,,
358.0,197.95,-2.81,,0,,,
358.1,197.95,-2.81,,0,,,
358.2,197.95,-3.06,,0,,,
358.3,197.95,-2.78,,0,,,
358.4,197.95,-2.81,,0,,,
358.5,197.95,-3.06,,0,,,
358.6,197.95,-3.06,,0,,,
358.7,197.95,-2.81,,0,,,
358.8,197.95,-3.32,,0,,,
358.9,197.95,-2.93,,0,,,
359.0,197.95,-2.93,,0,,,
359.1,197.95,-3.06,,0,,,
359.2,197.95,-3.06,,0,,,
359.3,197.95,-3.06,,0,,,
359.4,197.95,-3.06,,0,,,
359.5,197.95,-2.81,,0,,,
359.6,197.95,-3.06,,0,,,
359.7,197.95,-2.81,,0,,,
359.8,197.95,-2.81,,0,,,
359.9,197.95,-3.32,,0,,,
360.0,197.95,-3.06,,0,,,
360.1,197.95,-2.55,,0,,,
360.2,197.95,-2.55,,0,,,
360.3,197.95,-2.81,,0,,,
360.4,197.95,-1.79,,0,,,
360.5,197.95,-0.51,,0,,,
360.6,197.95,0.0,,0,,,
360.7,197.95,0.0,,0,,,
360.8,197.95,0.0,,0,,,
360.9,197.95,0.0,,0,,,
361.0,197.95,0.0,,0,,,
361.1,197.95,0.0,,0,,,
361.2,197.95,-0.26,,0,,,
361.3,197.95,-0.26,,0,,,
361.4,197.95,0.0,,0,,,
361.5,197.95,0.0,,0,,,
361.6,197.95,-0.26,,0,,,
361.7,197.95,-0.26,,0,,,
361.8,197.95,0.0,,0,,,
361.9,197.95,-0.26,,0,,,
362.0,197.95,-0.26,,0,,,
362.1,197.95,0.0,,0,,,
362.2,197.95,-0.26,,0,,,
362.3,197.95,-0.13,,0,,,
362.4,197.95,0.13,,1,,,
362.5,197.95,-0.51,,0,,,
362.6,197.95,-0.26,,0,,,
362.7,197.95,-0.26,,0,,,
362.8,197.95,0.0,,0,,,
362.9,197.95,-0.26,,0,,,
363.0,197.95,0.0,,0,,,
363.1,197.95,-0.26,,0,,,
363.2,197.95,0.0,,0,,,
363.3,197.95,0.0,,0,,,
363.4,197.95,0.0,,0,,,
363.5,197.95,-0.26,,0,,,
363.6,197.95,0.0,,0,,,
363.7,197.95,-0.26,,0,,,
363.8,197.95,0.0,,0,,,
363.9,197.95,0.0,,0,,,
364.0,197.95,0.0,,0,,,
364.1,197.95,-0.26,,0,,,
364.2,197.95,0.0,,0,,,
364.3,197.95,-0.26,,0,,,
364.4,197.95,0.0,,0,,,
364.5,197.95,0.0,,0,,,
364.6,197.95,0.0,,0,,,
364.7,197.95,0.0,,0,,,
364.8,197.95,0.0,,0,,,
364.9,197.95,-0.13,,0,,,
365.0,197.95,0.0,,0,,,
365.1,197.95,-0.13,,0,,,
365.2,197.95,0.0,,0,,,
365.3,197.95,-0.26,,0,,,
365.4,197.95,-0.26,,0,,,
365.5,197.95,0.0,,0,,,
365.6,197.95,0.0,,0,,,
365.7,197.95,0.0,,0,,,
365.8,197.95,0.0,,0,,,
365.9,197.95,0.0,,0,,,
366.0,197.95,0.0,,0,,,
366.1,197.95,0.0,,0,,,
366.2,197.95,0.0,,0,,,
366.3,197.95,0.0,,0,,,
366.4,197.95,0.0,,0,,,
366.5,197.95,0.0,,0,,,
366.6,197.95,0.13,,1,,,
366.7,197.95,0.13,,1,,,
366.8,197.95,0.0,,0,,,
366.9,197.95,0.0,,0,,,
367.0,197.95,0.0,,0,,,
367.1,197.95,0.0,,0,,,
367.2,197.95,0.0,,0,,,
367.3,197.95,0.0,,0,,,
367.4,197.95,0.0,,0,,,
367.5,197.95,-0.13,,0,,,
367.6,197.95,-0.13,,0,,,
367.7,197.95,0.0,,0,,,
367.8,197.95,0.0,,0,,,
367.9,197.95,0.0,,0,,,
368.0,197.95,0.0,,0,,,
368.1,197.95,0.0,,0,,,
368.2,197.95,0.0,,0,,,
368.3,197.95,0.0,,0,,,
368.4,197.95,0.0,,0,,,
368.5,197.95,0.0,,0,,,
368.6,197.95,0.0,,0,,,
368.7,197.95,0.0,,0,,,
368.8,197.95,0.0,,0,,,
368.9,197.95,0.0,,0,,,
369.0,197.95,0.0,,0,,,
369.1,197.95,0.0,,0,,,
369.2,197.95,0.0,,0,,,
369.3,197.95,0.26,,1,,,
369.4,197.95,0.0,,0,,,
369.5,197.95,0.0,,0,,,
369.6,197.95,-0.26,,0,,,
369.7,197.95,0.0,,0,,,
369.8,197.95,0.0,,0,,,
369.9,197.95,0.0,,0,,,
370.0,197.95,0.0,,0,,,
370.1,197.95,0.0,,0,,,
370.2,197.95,-0.13,,0,,,
370.3,197.95,0.0,,0,,,
370.4,197.95,-0.13,,0,,,
370.5,197.95,0.0,,0,,,
370.6,197.95,-0.26,,0,,,
370.7,197.95,0.0,,0,,,
370.8,197.95,0.0,,0,,,
370.9,197.95,0.0,,0,,,
371.0,197.95,0.0,,0,,,
371.1,197.95,0.0,,0,,,
371.2,197.95,0.0,,0,,,
371.3,197.95,-0.22,,0,,,
371.4,198.41,-0.26,,0,,,
371.5,197.95,-0.26,,0,,,
371.6,197.95,-0.26,,0,,,
371.7,197.95,-0.26,,0,,,
371.8,197.95,0.0,,0,,,
371.9,197.95,0.0,,0,,,
372.0,197.95,-0.26,,0,,,
372.1,197.95,-0.38,,0,,,
372.2,197.95,-0.51,,0,,,
372.3,197.95,0.13,,1,,,
372.4,197.95,0.0,,0,,,
372.5,197.95,0.0,,0,,,
372.6,197.95,0.0,,0,,,
372.7,197.95,-0.26,,0,,,
372.8,197.95,0.0,,0,,,
372.9,197.95,0.0,,0,,,
373.0,197.95,-0.13,,0,,,
373.1,197.95,0.13,,1,,,
373.2,197.95,-0.13,,0,,,
373.3,197.95,0.0,,0,,,
373.4,197.95,0.0,,0,,,
373.5,197.95,0.0,,0,,,
373.6,198.41,0.0,,0,,,
373.7,197.95,0.0,,0,,,
373.8,197.95,0.0,,0,,,
373.9,197.95,0.0,,0,,,
374.0,197.95,0.0,,0,,,
374.1,197.95,0.0,,0,,,
374.2,197.95,0.0,,0,,,
374.3,197.95,0.0,,0,,,
374.4,197.95,0.0,,0,,,
374.5,197.95,0.0,,0,,,
374.6,197.95,-2.04,,0,,,
374.7,197.95,-3.06,,0,,,
374.8,197.95,-2.81,,0,,,
374.9,197.95,-2.55,,0,,,
375.0,197.95,-2.55,,0,,,
375.1,197.95,-3.06,,0,,,
375.2,198.41,-3.06,,0,,,
375.3,197.95,-2.81,,0,,,
375.4,197.95,-2.55,,0,,,
375.5,197.95,-2.81,,0,,,
375.6,197.95,-2.3,,0,,,
375.7,197.95,-1.53,,0,,,
375.8,197.95,-0.26,,0,,,
375.9,197.95,-1.53,,0,,,
376.0,197.95,-2.3,,0,,,
376.1,197.95,-2.55,,0,,,
376.2,197.95,-2.55,,0,,,
376.3,197.95,-0.77,,0,,,
376.4,197.95,-0.51,,0,,,
376.5,197.95,-0.77,,0,,,
376.6,197.95,-2.04,,0,,,
376.7,197.95,-2.81,,0,,,
376.8,197.95,-1.79,,0,,,
376.9,197.95,-1.02,,0,,,
377.0,197.95,-1.02,,0,,,
377.1,197.95,-2.04,,0,,,
377.2,197.95,-2.04,,0,,,
377.3,197.95,-1.91,,0,,,
377.4,197.95,-1.79,,0,,,
377.5,197.95,-2.04,,0,,,
377.6,197.95,-2.3,,0,,,
377.7,197.95,-2.81,,0,,,
377.8,197.95,-2.55,,0,,,
377.9,197.95,-1.79,,0,,,
378.0,197.95,-1.53,,0,,,
378.1,197.95,-1.28,,0,,,
378.2,197.95,-1.53,,0,,,
378.3,197.95,-1.53,,0,,,
378.4,197.95,-1.79,,0,,,
378.5,197.95,-1.79,,0,,,
378.6,197.95,-1.79,,0,,,
378.7,197.95,-2.81,,0,,,
378.8,197.95,-2.04,,0,,,
378.9,197.95,-1.79,,0,,,
379.0,197.95,-2.04,,0,,,
379.1,197.95,-1.79,,0,,,
379.2,197.95,-2.55,,0,,,
379.3,197.95,-1.79,,0,,,
379.4,197.95,-2.3,,0,,,
379.5,197.95,-3.06,,0,,,
379.6,197.95,-2.3,,0,,,
379.7,197.95,-2.55,,0,,,
379.8,197.95,-2.04,,0,,,
379.9,197.95,-2.04,,0,,,
380.0,197.95,-2.81,,0,,,
380.1,197.95,-2.55,,0,,,
380.2,197.95,-2.04,,0,,,
380.3,197.95,-1.79,,0,,,
380.4,197.95,-2.55,,0,,,
380.5,197.95,-2.04,,0,,,
380.6,197.95,-2.3,,0,,,
380.7,197.95,-1.79,,0,,,
380.8,197.95,-1.53,,0,,,
380.9,197.95,-1.79,,0,,,
381.0,197.95,-2.55,,0,,,
381.1,197.95,-2.3,,0,,,
381.2,197.95,-2.3,,0,,,
381.3,197.95,-3.06,,0,,,
381.4,197.95,-3.06,,0,,,
381.5,197.95,-2.55,,0,,,
381.6,197.95,-3.06,,0,,,
381.7,197.95,-3.06,,0,,,
381.8,197.95,-3.06,,0,,,
381.9,197.95,-2.81,,0,,,
382.0,197.95,-3.06,,0,,,
382.1,197.95,-2.04,,0,,,
382.2,197.95,-1.28,,0,,,
382.3,197.95,-1.53,,0,,,
382.4,197.95,-2.3,,0,,,
382.5,197.95,-2.3,,0,,,
382.6,197.95,-2.3,,0,,,
382.7,197.95,-2.3,,0,,,
382.8,197.95,-3.06,,0,,,
382.9,197.95,-2.55,,0,,,
383.0,197.95,-2.3,,0,,,
383.1,197.95,-2.3,,0,,,
383.2,197.95,-3.06,,0,,,
383.3,197.95,-2.55,,0,,,
383.4,197.95,-2.81,,0,,,
383.5,197.95,-3.06,,0,,,
383.6,197.95,-2.81,,0,,,
383.7,197.95,-2.3,,0,,,
383.8,197.95,-1.53,,0,,,
383.9,197.95,-1.02,,0,,,
384.0,197.95,-1.28,,0,,,
384.1,197.95,-1.53,,0,,,
384.2,197.95,-1.53,,0,,,
384.3,197.95,-2.3,,0,,,
384.4,197.95,-2.55,,0,,,
384.5,197.95,-2.55,,0,,,
384.6,197.95,-2.55,,0,,,
384.7,197.95,-1.53,,0,,,
384.8,197.95,-0.26,,0,,,
384.9,197.95,-1.02,,0,,,
385.0,197.95,-1.53,,0,,,
385.1,197.95,-2.3,,0,,,
385.2,197.95,-2.71,,0,,,
385.3,197.95,-3.06,,0,,,
385.4,197.95,-3.06,,0,,,
385.5,197.95,-2.81,,0,,,
385.6,197.95,-2.81,,0,,,
385.7,197.95,-3.06,,0,,,
385.8,197.95,-3.06,,0,,,
385.9,197.95,-2.81,,0,,,
386.0,197.95,-3.06,,0,,,
386.1,197.95,-3.06,,0,,,
386.2,197.95,-3.32,,0,,,
386.3,197.95,-2.81,,0,,,
386.4,197.95,-3.06,,0,,,
386.5,197.95,-3.06,,0,,,
386.6,197.95,-3.06,,0,,,
386.7,197.95,-2.81,,0,,,
386.8,197.95,-2.81,,0,,,
386.9,197.95,-3.03,,0,,,
387.0,197.95,-3.06,,0,,,
387.1,197.95,-2.81,,0,,,
387.2,197.95,-2.81,,0,,,
387.3,197.95,-3.06,,0,,,
387.4,197.95,-3.32,,0,,,
387.5,197.95,-3.06,,0,,,
387.6,197.95,-3.06,,0,,,
387.7,197.95,-3.06,,0,,,
387.8,197.95,-3.06,,0,,,
387.9,197.95,-3.06,,0,,,
388.0,197.95,-3.06,,0,,,
388.1,197.95,-3.06,,0,,,
388.2,197.95,-3.06,,0,,,
388.3,197.95,-2.81,,0,,,
388.4,197.95,-3.06,,0,,,
388.5,197.95,-3.06,,0,,,
388.6,197.95,-3.06,,0,,,
388.7,197.95,-3.06,,0,,,
388.8,197.95,-2.93,,0,,,
388.9,197.95,-3.19,,0,,,
389.0,197.95,-3.06,,0,,,
389.1,197.95,-3.06,,0,,,
389.2,197.95,-2.81,,0,,,
389.3,197.95,-3.06,,0,,,
389.4,197.95,-2.81,,0,,,
389.5,197.95,-3.06,,0,,,
389.6,197.95,-2.81,,0,,,
389.7,197.95,-2.81,,0,,,
389.8,197.95,-3.03,,0,,,
389.9,197.95,-2.81,,0,,,
390.0,197.95,-3.06,,0,,,
390.1,197.95,-2.81,,0,,,
390.2,197.95,-3.32,,0,,,
390.3,197.95,-2.81,,0,,,
390.4,197.95,-3.06,,0,,,
390.5,197.95,-2.81,,0,,,
390.6,197.95,-2.81,,0,,,
390.7,197.95,-2.55,,0,,,
390.8,197.95,-1.79,,0,,,
390.9,197.95,-2.3,,0,,,
391.0,197.95,-2.04,,0,,,
391.1,197.95,-0.51,,0,,,
391.2,197.95,-0.26,,0,,,
391.3,197.95,-0.26,,0,,,
391.4,197.95,0.0,,0,,,
391.5,197.95,-0.38,,0,,,
391.6,197.95,-1.53,,0,,,
391.7,197.95,-1.79,,0,,,
391.8,197.95,-2.3,,0,,,
391.9,197.95,-3.06,,0,,,
392.0,197.95,-3.06,,0,,,
392.1,197.95,-2.55,,0,,,
392.2,197.95,-3.06,,0,,,
392.3,197.95,-3.06,,0,,,
392.4,197.95,-3.06,,0,,,
392.5,197.95,-3.06,,0,,,
392.6,197.95,-3.06,,0,,,
392.7,197.95,-3.03,,0,,,
392.8,197.95,-3.32,,0,,,
392.9,197.95,-2.55,,0,,,
393.0,197.95,-2.55,,0,,,
393.1,197.95,-1.53,,0,,,
393.2,197.95,-1.53,,0,,,
393.3,197.95,-1.79,,0,,,
393.4,197.95,-2.04,,0,,,
393.5,197.95,-1.53,,0,,,
393.6,197.95,-2.04,,0,,,
393.7,197.95,-2.04,,0,,,
393.8,197.95,-1.79,,0,,,
393.9,197.95,-1.79,,0,,,
394.0,197.95,-2.04,,0,,,
394.1,197.95,-2.3,,0,,,
394.2,197.95,-2.04,,0,,,
394.3,197.95,-2.04,,0,,,
394.4,197.95,-2.55,,0,,,
394.5,197.95,-2.55,,0,,,
394.6,197.95,-2.55,,0,,,
394.7,197.95,-2.3,,0,,,
394.8,197.95,-3.06,,0,,,
394.9,197.95,-2.81,,0,,,
395.0,197.95,-2.55,,0,,,
395.1,197.95,-2.55,,0,,,
395.2,197.95,-3.06,,0,,,
395.3,197.95,-3.06,,0,,,
395.4,197.95,-2.55,,0,,,
395.5,197.95,-2.55,,0,,,
395.6,197.95,-3.06,,0,,,
395.7,197.95,-2.81,,0,,,
395.8,197.95,-3.06,,0,,,
395.9,197.95,-2.81,,0,,,
396.0,197.95,-3.32,,0,,,
396.1,197.95,-1.53,,0,,,
396.2,197.95,-0.51,,0,,,
396.3,197.95,-0.51,,0,,,
396.4,197.95,-0.77,,0,,,
396.5,197.95,-2.04,,0,,,
396.6,197.95,-0.51,,0,,,
396.7,197.95,-0.26,,0,,,
396.8,197.95,-0.26,,0,,,
396.9,197.95,-0.26,,0,,,
397.0,197.95,-0.51,,0,,,
397.1,197.95,-0.77,,0,,,
397.2,197.95,-0.51,,0,,,
397.3,197.95,-0.26,,0,,,
397.4,197.95,-0.77,,0,,,
397.5,197.95,-1.53,,0,,,
397.6,197.95,-0.51,,0,,,
397.7,197.95,-0.26,,0,,,
397.8,197.95,-0.77,,0,,,
397.9,197.95,-1.53,,0,,,
398.0,197.95,-1.53,,0,,,
398.1,197.95,-1.02,,0,,,
398.2,197.95,-3.06,,0,,,
398.3,197.95,-2.3,,0,,,
398.4,197.95,-0.51,,0,,,
398.5,197.95,0.0,,0,,,
398.6,197.95,0.0,,0,,,
398.7,197.95,-0.52,,0,,,
398.8,197.95,-0.26,,0,,,
398.9,197.95,-0.77,,0,,,
399.0,197.95,-1.01,,0,,,
399.1,197.95,-1.79,,0,,,
399.2,197.95,-2.81,,0,,,
399.3,197.95,-2.3,,0,,,
399.4,197.95,-2.55,,0,,,
399.5,197.95,-3.06,,0,,,
399.6,197.95,-2.3,,0,,,
399.7,197.95,-2.3,,0,,,
399.8,197.95,-1.53,,0,,,
399.9,197.95,-0.26,,0,,,
400.0,197.95,-1.02,,0,,,
400.1,197.95,-1.53,,0,,,
400.2,197.95,-1.79,,0,,,
400.3,197.95,-2.04,,0,,,
400.4,197.95,-1.02,,0,,,
400.5,197.95,-0.51,,0,,,
400.6,197.95,-0.51,,0,,,
400.7,197.95,-0.51,,0,,,
400.8,197.95,-0.77,,0,,,
400.9,197.95,-0.51,,0,,,
401.0,197.95,-0.26,,0,,,
401.1,197.95,-0.51,,0,,,
401.2,197.95,-0.51,,0,,,
401.3,197.95,0.0,,0,,,
401.4,197.95,0.0,,0,,,
401.5,197.95,0.0,,0,,,
401.6,197.95,0.0,,0,,,
401.7,197.95,0.0,,0,,,
401.8,197.95,0.0,,0,,,
401.9,197.95,-0.25,,0,,,
402.0,197.95,-0.77,,0,,,
402.1,197.95,0.0,,0,,,
402.2,197.95,0.0,,0,,,
402.3,197.95,-0.26,,0,,,
402.4,197.95,-0.77,,0,,,
402.5,197.95,-1.79,,0,,,
402.6,197.95,-3.06,,0,,,
402.7,197.95,-3.06,,0,,,
402.8,197.95,-2.04,,0,,,
402.9,197.95,-2.81,,0,,,
403.0,197.95,-3.06,,0,,,
403.1,197.95,-3.06,,0,,,
403.2,197.95,-2.55,,0,,,
403.3,197.95,-2.04,,0,,,
403.4,197.95,-1.79,,0,,,
403.5,197.95,-2.55,,0,,,
403.6,197.95,-2.3,,0,,,
403.7,197.95,-2.55,,0,,,
403.8,197.95,-2.81,,0,,,
403.9,197.95,-1.79,,0,,,
404.0,197.95,-0.77,,0,,,
404.1,197.95,-0.51,,0,,,
404.2,197.95,-0.26,,0,,,
404.3,197.95,-0.51,,0,,,
404.4,197.95,-0.77,,0,,,
404.5,197.95,-0.77,,0,,,
404.6,197.95,-0.26,,0,,,
404.7,197.95,-1.28,,0,,,
404.8,197.95,-1.53,,0,,,
404.9,197.95,-2.55,,0,,,
405.0,197.95,-3.06,,0,,,
405.1,197.95,-2.81,,0,,,
405.2,197.95,-2.55,,0,,,
405.3,197.95,-2.55,,0,,,
405.4,197.95,-2.81,,0,,,
405.5,197.95,-3.06,,0,,,
405.6,197.95,-2.55,,0,,,
405.7,197.95,-2.81,,0,,,
405.8,197.95,-2.81,,0,,,
405.9,197.95,-2.81,,0,,,
406.0,197.95,-2.55,,0,,,
406.1,197.95,-3.06,,0,,,
406.2,197.95,-3.06,,0,,,
406.3,197.95,-1.53,,0,,,
406.4,197.95,-2.3,,0,,,
406.5,197.95,-2.04,,0,,,
406.6,197.95,-1.28,,0,,,
406.7,197.95,-1.02,,0,,,
406.8,197.95,-1.02,,0,,,
406.9,197.95,-1.79,,0,,,
407.0,197.95,-1.79,,0,,,
407.1,197.95,-1.79,,0,,,
407.2,197.95,-1.02,,0,,,
407.3,197.95,-0.51,,0,,,
407.4,197.95,0.0,,0,,,
407.5,197.95,-0.51,,0,,,
407.6,197.95,-0.77,,0,,,
407.7,197.95,-1.53,,0,,,
407.8,197.95,-2.04,,0,,,
407.9,197.95,-1.79,,0,,,
408.0,197.95,-1.79,,0,,,
408.1,197.95,-2.04,,0,,,
408.2,197.95,-1.28,,0,,,
408.3,197.95,-0.51,,0,,,
408.4,197.95,-0.51,,0,,,
408.5,197.95,-0.51,,0,,,
408.6,197.95,-0.26,,0,,,
408.7,197.95,-0.26,,0,,,
408.8,197.95,0.0,,0,,,
408.9,197.95,-0.26,,0,,,
409.0,197.95,0.0,,0,,,
409.1,197.95,0.0,,0,,,
409.2,197.95,0.0,,0,,,
409.3,197.95,0.0,,0,,,
409.4,197.95,-0.26,,0,,,
409.5,197.95,0.0,,0,,,
409.6,197.95,0.0,,0,,,
409.7,197.95,-0.26,,0,,,
409.8,197.95,-1.28,,0,,,
409.9,197.95,-2.04,,0,,,
410.0,197.95,-1.53,,0,,,
410.1,197.95,-1.53,,0,,,
410.2,198.41,-0.26,,0,,,
410.3,198.41,-1.53,,0,,,
410.4,197.95,-1.53,,0,,,
410.5,197.95,-1.79,,0,,,
410.6,197.95,-2.81,,0,,,
410.7,197.95,-2.55,,0,,,
410.8,198.41,-2.04,,0,,,
410.9,197.95,-2.04,,0,,,
411.0,197.95,-0.51,,0,,,
411.1,198.41,-1.28,,0,,,
411.2,197.95,-1.79,,0,,,
411.3,198.41,-1.28,,0,,,
411.4,197.95,-1.79,,0,,,
411.5,197.95,-2.04,,0,,,
411.6,198.41,-2.3,,0,,,
411.7,198.41,-1.28,,0,,,
411.8,197.95,-1.53,,0,,,
411.9,197.95,-1.53,,0,,,
412.0,197.95,-2.3,,0,,,
412.1,197.95,-1.79,,0,,,
412.2,197.95,-2.55,,0,,,
412.3,197.95,-2.68,,0,,,
412.4,197.95,-2.42,,0,,,
412.5,197.95,-2.04,,0,,,
412.6,197.95,-2.04,,0,,,
412.7,197.95,-1.53,,0,,,
412.8,197.95,-0.51,,0,,,
412.9,197.95,-0.51,,0,,,
413.0,197.95,-1.02,,0,,,
413.1,197.95,-1.28,,0,,,
413.2,197.95,-2.04,,0,,,
413.3,197.95,-1.79,,0,,,
413.4,197.95,-2.04,,0,,,
413.5,197.95,-2.44,,0,,,
413.6,197.95,-1.79,,0,,,
413.7,197.95,-1.53,,0,,,
413.8,197.95,-1.79,,0,,,
413.9,197.95,-2.04,,0,,,
414.0,197.95,-2.3,,0,,,
414.1,197.95,-1.79,,0,,,
414.2,197.95,-1.28,,0,,,
414.3,197.95,-1.77,,0,,,
414.4,197.95,-1.79,,0,,,
414.5,197.95,-0.77,,0,,,
414.6,197.95,-0.77,,0,,,
414.7,197.95,-0.51,,0,,,
414.8,197.95,-1.79,,0,,,
414.9,197.95,-1.53,,0,,,
415.0,197.95,-1.53,,0,,,
415.1,197.95,-1.02,,0,,,
415.2,197.95,-0.51,,0,,,
415.3,197.95,-1.53,,0,,,
415.4,197.95,-1.53,,0,,,
415.5,197.95,-1.53,,0,,,
415.6,197.95,-1.28,,0,,,
415.7,197.95,-1.28,,0,,,
415.8,197.95,-0.77,,0,,,
415.9,197.95,-0.51,,0,,,
416.0,197.95,-1.28,,0,,,
416.1,197.95,-1.28,,0,,,
416.2,197.95,-1.02,,0,,,
416.3,197.95,-1.02,,0,,,
416.4,197.95,-0.77,,0,,,
416.5,197.95,-0.77,,0,,,
416.6,197.95,-1.53,,0,,,
416.7,197.95,-0.77,,0,,,
416.8,197.95,-0.77,,0,,,
416.9,198.41,-1.02,,0,,,
417.0,197.95,-1.02,,0,,,
417.1,197.95,-0.51,,0,,,
417.2,197.95,-1.02,,0,,,
417.3,197.95,-0.51,,0,,,
417.4,197.95,-0.77,,0,,,
417.5,197.95,-1.28,,0,,,
417.6,198.41,-0.77,,0,,,
417.7,197.95,-1.53,,0,,,
417.8,198.41,-2.04,,0,,,
417.9,198.41,-1.02,,0,,,
418.0,198.41,-1.28,,0,,,
418.1,198.41,-2.04,,0,,,
418.2,197.95,-2.3,,0,,,
418.3,197.95,-1.79,,0,,,
418.4,197.95,-1.79,,0,,,
418.5,198.41,-1.28,,0,,,
418.6,197.95,-2.3,,0,,,
418.7,197.95,-1.15,,0,,,
418.8,197.95,-0.89,,0,,,
418.9,198.41,-0.77,,0,,,
419.0,198.41,-1.28,,0,,,
419.1,197.95,-1.02,,0,,,
419.2,197.95,-1.53,,0,,,
419.3,197.95,-1.28,,0,,,
419.4,197.95,-1.02,,0,,,
419.5,197.95,-0.26,,0,,,
419.6,197.95,-0.51,,0,,,
419.7,197.95,-0.77,,0,,,
419.8,197.95,-0.77,,0,,,
419.9,197.95,-0.51,,0,,,
420.0,197.95,-0.26,,0,,,
420.1,197.95,-0.51,,0,,,
420.2,197.95,-0.26,,0,,,
420.3,197.95,-0.77,,0,,,
420.4,197.95,-0.77,,0,,,
420.5,197.95,-0.77,,0,,,
420.6,197.95,-0.77,,0,,,
420.7,197.95,-0.51,,0,,,
420.8,197.95,-1.28,,0,,,
420.9,198.41,-1.02,,0,,,
421.0,197.95,-0.77,,0,,,
421.1,197.95,-1.02,,0,,,
421.2,198.41,-1.53,,0,,,
421.3,197.95,-0.51,,0,,,
421.4,197.95,-0.77,,0,,,
421.5,197.95,-0.26,,0,,,
421.6,197.95,-1.28,,0,,,
421.7,197.95,-1.15,,0,,,
421.8,197.95,-0.51,,0,,,
421.9,197.95,-0.26,,0,,,
422.0,197.95,-0.51,,0,,,
422.1,197.95,-0.77,,0,,,
422.2,197.95,-0.77,,0,,,
422.3,197.95,-1.02,,0,,,
422.4,197.95,-0.77,,0,,,
422.5,197.95,-0.77,,0,,,
422.6,197.95,-0.77,,0,,,
422.7,197.95,-0.77,,0,,,
422.8,197.95,-1.02,,0,,,
422.9,197.95,-1.28,,0,,,
423.0,197.95,-0.77,,0,,,
423.1,197.95,-0.51,,0,,,
423.2,197.95,-1.02,,0,,,
423.3,197.95,-1.02,,0,,,
423.4,197.95,-0.77,,0,,,
423.5,197.95,-0.77,,0,,,
423.6,197.95,-1.28,,0,,,
423.7,197.95,-0.77,,0,,,
423.8,197.95,-1.02,,0,,,
423.9,197.95,-1.28,,0,,,
424.0,197.95,-1.28,,0,,,
424.1,197.95,-1.02,,0,,,
424.2,197.95,-0.77,,0,,,
424.3,197.95,-1.28,,0,,,
424.4,197.95,-0.77,,0,,,
424.5,197.95,-1.28,,0,,,
424.6,197.95,-1.02,,0,,,
424.7,197.95,-1.53,,0,,,
424.8,197.95,-1.02,,0,,,
424.9,197.95,-0.77,,0,,,
425.0,197.95,-0.77,,0,,,
425.1,197.95,-1.02,,0,,,
425.2,197.95,-1.02,,0,,,
425.3,197.95,-0.51,,0,,,
425.4,197.95,-1.02,,0,,,
425.5,197.95,-0.77,,0,,,
425.6,197.95,-0.77,,0,,,
425.7,197.95,-0.51,,0,,,
425.8,197.95,-0.51,,0,,,
425.9,197.95,-0.51,,0,,,
426.0,197.95,-0.51,,0,,,
426.1,197.95,-0.77,,0,,,
426.2,197.95,-0.51,,0,,,
426.3,197.95,-1.28,,0,,,
426.4,197.95,-1.28,,0,,,
426.5,197.95,-1.28,,0,,,
426.6,197.95,-0.51,,0,,,
426.7,197.95,-0.51,,0,,,
426.8,197.95,-0.51,,0,,,
426.9,197.95,-1.02,,0,,,
427.0,197.95,-1.53,,0,,,
427.1,197.95,-1.79,,0,,,
427.2,197.95,-1.53,,0,,,
427.3,197.95,-1.79,,0,,,
427.4,197.95,-1.58,,0,,,
427.5,197.95,-1.55,,0,,,
427.6,197.95,-2.04,,0,,,
427.7,197.95,-2.04,,0,,,
427.8,197.95,-2.04,,0,,,
427.9,197.95,-1.53,,0,,,
428.0,197.95,-1.79,,0,,,
428.1,197.95,-2.04,,0,,,
428.2,197.95,-1.79,,0,,,
428.3,197.95,-2.3,,0,,,
428.4,197.95,-2.17,,0,,,
428.5,197.95,-1.8,,0,,,
428.6,197.95,-1.79,,0,,,
428.7,197.95,-1.53,,0,,,
428.8,197.95,-2.04,,0,,,
428.9,197.95,-1.53,,0,,,
429.0,197.95,-1.53,,0,,,
429.1,197.95,-1.79,,0,,,
429.2,197.95,-0.77,,0,,,
429.3,197.95,-0.51,,0,,,
429.4,197.95,-1.02,,0,,,
429.5,197.95,-0.77,,0,,,
429.6,197.95,-0.51,,0,,,
429.7,197.95,-0.77,,0,,,
429.8,197.95,-1.02,,0,,,
429.9,197.95,-0.51,,0,,,
430.0,197.95,-0.77,,0,,,
430.1,197.95,-0.77,,0,,,
430.2,197.95,-0.77,,0,,,
430.3,197.95,-0.51,,0,,,
430.4,197.95,-0.89,,0,,,
430.5,197.95,-1.28,,0,,,
430.6,197.95,-0.89,,0,,,
430.7,197.95,-0.77,,0,,,
430.8,197.95,-0.26,,0,,,
430.9,197.95,-0.26,,0,,,
431.0,197.95,-0.77,,0,,,
431.1,197.95,-1.02,,0,,,
431.2,197.95,-1.28,,0,,,
431.3,197.95,-0.77,,0,,,
431.4,197.95,-0.77,,0,,,
431.5,197.95,-0.51,,0,,,
431.6,197.95,-0.51,,0,,,
431.7,197.95,-0.51,,0,,,
431.8,197.95,0.0,,0,,,
431.9,197.95,-0.51,,0,,,
432.0,197.95,-0.26,,0,,,
432.1,197.95,-0.77,,0,,,
432.2,197.95,-0.77,,0,,,
432.3,197.95,-0.51,,0,,,
432.4,197.95,-0.26,,0,,,
432.5,197.95,-0.25,,0,,,
432.6,197.95,-0.51,,0,,,
432.7,197.95,-0.26,,0,,,
432.8,197.95,-0.51,,0,,,
432.9,197.95,-0.26,,0,,,
433.0,197.95,-0.51,,0,,,
433.1,197.95,-0.26,,0,,,
433.2,197.95,-0.26,,0,,,
433.3,197.95,-0.77,,0,,,
433.4,197.95,-0.89,,0,,,
433.5,197.95,-0.38,,0,,,
433.6,197.95,-1.02,,0,,,
433.7,197.95,-0.51,,0,,,
433.8,197.95,-0.51,,0,,,
433.9,197.95,-1.02,,0,,,
434.0,197.95,-0.51,,0,,,
434.1,197.95,-0.51,,0,,,
434.2,197.95,-1.02,,0,,,
434.3,197.95,-0.51,,0,,,
434.4,197.95,-0.51,,0,,,
434.5,197.95,0.0,,0,,,
434.6,197.95,-0.51,,0,,,
434.7,197.95,-1.02,,0,,,
434.8,197.95,-1.02,,0,,,
434.9,197.95,-0.77,,0,,,
435.0,197.95,-0.51,,0,,,
435.1,197.95,-0.77,,0,,,
435.2,197.95,-1.02,,0,,,
435.3,197.95,-1.02,,0,,,
435.4,197.95,-0.51,,0,,,
435.5,197.95,-0.51,,0,,,
435.6,197.95,-1.02,,0,,,
435.7,197.95,-0.77,,0,,,
435.8,197.95,-0.51,,0,,,
435.9,197.95,-0.51,,0,,,
436.0,197.95,-1.02,,0,,,
436.1,197.48,-0.77,,0,,,
436.2,197.95,-1.02,,0,,,
436.3,197.95,0.0,,0,,,
436.4,197.95,-0.77,,0,,,
436.5,197.95,-0.51,,0,,,
436.6,197.95,-0.51,,0,,,
436.7,197.95,-0.51,,0,,,
436.8,197.95,-0.51,,0,,,
436.9,197.95,-0.26,,0,,,
437.0,197.95,-0.77,,0,,,
437.1,197.95,-0.51,,0,,,
437.2,197.95,-0.77,,0,,,
437.3,197.95,-0.77,,0,,,
