t_ms,pwm_heater,temp_C
100,180,22.85
200,180,22.85
300,180,23.42
400,180,23.42
500,180,23.42
600,180,23.42
700,180,23.42
800,180,23.42
900,180,23.42
1000,180,23.42
1100,180,23.42
1201,180,23.97
1301,180,23.97
1401,180,23.97
1501,180,23.42
1601,180,23.97
1701,180,23.42
1801,180,23.97
1901,180,23.97
2001,180,23.97
2101,180,23.42
2201,180,23.42
2301,180,23.97
2401,180,23.97
2501,180,23.97
2601,180,23.97
2701,180,23.97
2801,180,23.97
2901,180,24.52
3001,180,23.97
3101,180,24.52
3201,180,24.52
3301,180,24.52
3401,180,24.52
3501,180,25.05
3601,180,24.52
3701,180,24.52
3801,180,25.05
3901,180,24.52
4001,180,25.05
4101,180,25.05
4201,180,25.05
4301,180,25.05
4401,180,25.05
4501,180,25.05
4601,180,25.05
4701,180,25.05
4801,180,25.05
4901,180,25.05
5001,180,25.05
5101,180,25.05
5201,180,25.58
5301,180,25.58
5401,180,25.58
5501,180,25.58
5601,180,25.58
5701,180,25.58
5801,180,25.58
5901,180,26.10
6001,180,26.10
6101,180,26.10
6201,180,26.10
6301,180,26.10
6401,180,26.10
6501,180,26.60
6601,180,26.60
6701,180,26.10
6801,180,26.60
6901,180,26.60
7001,180,26.60
7101,180,26.60
7201,180,26.60
7301,180,26.60
7401,180,26.60
7501,180,26.60
7601,180,27.10
7701,180,26.60
7801,180,26.60
7901,180,27.10
8001,180,27.10
8101,180,27.10
8201,180,27.10
8301,180,27.59
8401,180,27.59
8501,180,27.59
8601,180,27.59
8701,180,27.59
8801,180,28.08
8901,180,28.08
9001,180,28.08
9101,180,28.08
9201,180,28.08
9301,180,28.08
9401,180,28.08
9501,180,28.55
9601,180,28.55
9701,180,28.55
9801,180,28.55
9901,180,28.55
10001,180,28.55
10101,180,28.55
10201,180,28.55
10301,180,29.02
10401,180,29.02
10501,180,29.02
10601,180,29.02
10701,180,29.02
10801,180,29.02
10901,180,29.02
11001,180,29.48
11101,180,29.48
11201,180,29.48
11301,180,29.48
11401,180,29.48
11501,180,29.48
11601,180,29.94
11701,180,29.94
11801,180,29.94
11901,180,29.94
12001,180,29.94
12101,180,30.38
12201,180,30.38
12301,180,30.38
12401,180,30.38
12501,180,30.38
12601,180,30.38
12701,180,30.38
12801,180,30.38
12901,180,30.82
13001,180,30.82
13101,180,30.82
13201,180,30.82
13301,180,30.82
13401,180,30.82
13501,180,31.26
13601,180,31.26
13701,180,31.26
13801,180,31.26
13901,180,31.26
14001,180,31.26
14101,180,31.26
14201,180,31.69
14301,180,31.69
14401,180,31.69
14501,180,32.11
14601,180,32.11
14701,180,32.11
14801,180,32.11
14901,180,32.11
15001,180,32.11
15101,180,32.53
15201,180,32.53
15301,180,32.53
15401,180,32.53
15501,180,32.53
15601,180,32.53
15701,180,32.53
15801,180,32.53
15901,180,32.53
16001,180,32.94
16101,180,32.94
16201,180,32.94
16301,180,32.94
16401,180,33.35
16501,180,33.35
16601,180,33.35
16701,180,33.75
16801,180,33.75
16901,180,33.75
17001,180,33.75
17101,180,33.75
17201,180,33.75
17301,180,33.75
17401,180,34.15
17501,180,34.15
17601,180,34.15
17701,180,34.15
17801,180,34.15
17901,180,34.15
18001,180,34.54
18101,180,34.54
18201,180,34.54
18301,180,34.54
18401,180,34.54
18501,180,34.54
18601,180,34.93
18701,180,34.93
18801,180,34.93
18901,180,34.93
19001,180,34.93
19101,180,35.31
19201,180,35.31
19301,180,35.31
19401,180,35.69
19501,180,35.69
19601,180,35.69
19701,180,35.69
19801,180,35.69
19901,180,36.07
20001,180,36.07
20101,180,36.07
20201,180,36.07
20301,180,36.07
20401,180,36.07
20501,180,36.44
20601,180,36.07
20701,180,36.44
20801,180,36.44
20901,180,36.44
21001,180,36.44
21101,180,36.81
21201,180,36.81
21301,180,36.81
21401,180,36.81
21501,180,36.81
21601,180,37.17
21701,180,37.17
21801,180,37.17
21901,180,37.17
22001,180,37.53
22101,180,37.53
22201,180,37.53
22301,180,37.53
22401,180,37.53
22501,180,37.88
22601,180,37.88
22701,180,37.88
22801,180,37.88
22901,180,38.23
23001,180,38.23
23101,180,38.23
23201,180,38.23
23301,180,38.23
23401,180,38.23
23501,180,38.58
23601,180,38.58
23701,180,38.58
23801,180,38.93
23901,180,38.58
24001,180,38.93
24101,180,38.93
24201,180,38.93
24301,180,39.27
24401,180,39.27
24501,180,39.27
24601,180,39.27
24701,180,39.27
24801,180,39.61
24901,180,39.61
25001,180,39.61
25101,180,39.61
25201,180,39.61
25301,180,39.61
25401,180,39.94
25501,180,39.94
25601,180,39.94
25701,180,39.94
25801,180,39.94
25901,180,40.27
26001,180,40.27
26101,180,40.27
26201,180,40.27
26301,180,40.60
26401,180,40.27
26501,180,40.60
26601,180,40.60
26701,180,40.93
26801,180,40.93
26901,180,40.93
27001,180,40.93
27101,180,41.25
27201,180,41.25
27301,180,41.25
27401,180,41.25
27501,180,41.25
27601,180,41.25
27701,180,41.57
27801,180,41.57
27901,180,41.57
28001,180,41.88
28101,180,41.88
28201,180,41.88
28301,180,41.88
28401,180,41.88
28501,180,41.88
28601,180,41.88
28701,180,42.20
28801,180,42.20
28901,180,42.51
29001,180,42.51
29101,180,42.51
29201,180,42.51
29301,180,42.82
29401,180,42.82
29501,180,42.82
29601,180,42.82
29701,180,43.13
29801,180,43.13
29901,180,43.13
30001,180,43.13
30101,180,43.13
30201,180,43.43
30301,180,43.43
30401,180,43.43
30501,180,43.43
30601,180,43.43
30701,180,43.43
30801,180,43.73
30901,180,43.73
31001,180,43.73
31101,180,44.03
31201,180,44.03
31301,180,44.03
31401,180,44.03
31501,180,44.33
31601,180,44.33
31701,180,44.33
31801,180,44.33
31901,180,44.62
32001,180,44.62
32101,180,44.62
32201,180,44.62
32301,180,44.62
32401,180,44.91
32501,180,44.91
32601,180,44.91
32701,180,44.91
32801,180,44.91
32901,180,45.20
33001,180,45.20
33101,180,45.20
33201,180,45.20
33301,180,45.20
33401,180,45.49
33501,180,45.49
33601,180,45.49
33701,180,45.78
33801,180,45.78
33901,180,45.78
34001,180,46.06
34101,180,46.06
34201,180,46.06
34301,180,46.06
34401,180,46.34
34501,180,46.34
34601,180,46.34
34701,180,46.34
34801,180,46.34
34901,180,46.34
35001,180,46.62
35101,180,46.62
35201,180,46.62
35301,180,46.62
35401,180,46.62
35501,180,46.90
35601,180,46.90
35701,180,47.17
35801,180,47.17
35901,180,47.17
36001,180,47.17
36101,180,47.17
36201,180,47.45
36301,180,47.45
36401,180,47.72
36501,180,47.72
36601,180,47.72
36701,180,47.72
36801,180,47.72
36901,180,47.99
37001,180,47.99
37101,180,47.99
37201,180,47.99
37301,180,48.26
37401,180,48.26
37501,180,48.26
37601,180,48.26
37701,180,48.26
37801,180,48.52
37901,180,48.52
38001,180,48.52
38101,180,48.79
38201,180,48.79
38301,180,48.79
38401,180,49.05
38501,180,49.05
38601,180,49.05
38701,180,49.05
38801,180,49.31
38901,180,49.31
39001,180,49.31
39101,180,49.31
39201,180,49.57
39301,180,49.57
39401,180,49.83
39501,180,49.57
39601,180,49.83
39701,180,49.83
39801,180,49.83
39901,180,49.83
40001,180,49.83
40101,180,50.08
40201,180,50.08
40301,180,50.08
40401,180,50.34
40501,180,50.34
40601,180,50.34
40701,180,50.34
40801,180,50.59
40901,180,50.59
41001,180,50.59
41101,180,50.84
41201,180,50.84
41301,180,50.84
41401,180,50.84
41501,180,51.09
41601,180,51.09
41701,180,51.09
41801,180,51.34
41901,180,51.34
42001,180,51.34
42101,180,51.34
42201,180,51.34
42301,180,51.59
42401,180,51.59
42501,180,51.59
42601,180,51.59
42701,180,51.84
42801,180,51.84
42901,180,51.84
43001,180,51.84
43101,180,52.08
43201,180,52.08
43301,180,52.32
43401,180,52.32
43501,180,52.32
43601,180,52.32
43701,180,52.57
43801,180,52.57
43901,180,52.57
44001,180,52.57
44101,180,52.81
44201,180,53.04
44301,180,53.04
44401,180,53.04
44501,180,53.04
44601,180,53.04
44701,180,53.04
44801,180,53.04
44901,180,53.28
45001,180,53.28
45101,180,53.28
45201,180,53.52
45301,180,53.52
45401,180,53.52
45501,180,53.75
45601,180,53.75
45701,180,53.75
45801,180,53.75
45901,180,53.99
46001,180,53.99
46101,180,53.99
46201,180,54.22
46301,180,54.22
46401,180,54.22
46501,180,54.45
46601,180,54.22
46701,180,54.45
46801,180,54.45
46901,180,54.68
47001,180,54.45
47101,180,54.68
47201,180,54.68
47301,180,54.68
47401,180,54.91
47501,180,54.91
47601,180,54.91
47701,180,55.14
47801,180,55.14
47901,180,55.14
48001,180,55.37
48101,180,55.37
48201,180,55.37
48301,180,55.37
48401,180,55.59
48501,180,55.59
48601,180,55.82
48701,180,55.82
48801,180,55.82
48901,180,55.82
49001,180,55.82
49101,180,56.04
49201,180,56.04
49301,180,56.04
49401,180,56.27
49501,180,56.27
49601,180,56.27
49701,180,56.49
49801,180,56.49
49901,180,56.49
50001,180,56.49
50101,180,56.71
50201,180,56.71
50301,180,56.71
50401,180,56.93
50501,180,56.93
50601,180,56.93
50701,180,57.15
50801,180,57.15
50901,180,57.15
51001,180,57.36
51101,180,57.36
51201,180,57.36
51301,180,57.58
51401,180,57.58
51501,180,57.58
51601,180,57.80
51701,180,57.58
51801,180,57.80
51901,180,57.80
52001,180,57.80
52101,180,58.01
52201,180,58.01
52301,180,58.01
52401,180,58.01
52501,180,58.23
52601,180,58.23
52701,180,58.23
52801,180,58.44
52901,180,58.44
53001,180,58.65
53101,180,58.65
53201,180,58.65
53301,180,58.65
53401,180,58.86
53501,180,58.86
53601,180,58.86
53701,180,59.07
53801,180,59.07
53901,180,59.07
54001,180,59.07
54101,180,59.28
54201,180,59.28
54301,180,59.49
54401,180,59.28
54501,180,59.49
54601,180,59.49
54701,180,59.49
54801,180,59.70
54901,180,59.90
55001,180,59.70
55101,180,59.90
55201,180,59.90
55301,180,60.11
55401,180,60.11
55501,180,60.11
55601,180,60.32
55701,180,60.32
55801,180,60.32
55901,180,60.32
56001,180,60.32
56101,180,60.52
56201,180,60.52
56301,180,60.72
56401,180,60.72
56501,180,60.72
56601,180,60.72
56701,180,60.72
56801,180,60.93
56901,180,60.93
57001,180,60.93
57101,180,61.13
57201,180,61.13
57301,180,61.13
57401,180,61.33
57501,180,61.33
57601,180,61.33
57701,180,61.53
57801,180,61.53
57901,180,61.53
58001,180,61.73
58101,180,61.73
58201,180,61.73
58301,180,61.93
58401,180,61.93
58501,180,61.93
58601,180,62.13
58701,180,62.13
58801,180,62.32
58901,180,62.32
59001,180,62.32
59101,180,62.32
59201,180,62.52
59301,180,62.52
59401,180,62.52
59501,180,62.52
59601,180,62.72
59701,180,62.72
59801,180,62.72
59901,180,62.91
60001,180,62.91
60101,180,62.91
60201,180,62.91
60301,180,63.11
60401,180,63.30
60501,180,63.11
60601,180,63.30
60701,180,63.30
60801,180,63.50
60901,180,63.50
61001,180,63.69
61101,180,63.69
61201,180,63.69
61301,180,63.69
61401,180,63.88
61501,180,63.88
61601,180,63.88
61701,180,64.07
61801,180,64.07
61901,180,64.07
62001,180,64.07
62101,180,64.26
62201,180,64.26
62301,180,64.26
62401,180,64.45
62501,180,64.45
62601,180,64.45
62701,180,64.45
62801,180,64.64
62901,180,64.64
63001,180,64.83
63101,180,64.83
63201,180,64.83
63301,180,65.02
63401,180,65.02
63501,180,65.02
63601,180,65.21
63701,180,65.21
63801,180,65.21
63901,180,65.39
64001,180,65.39
64101,180,65.39
64201,180,65.58
64301,180,65.58
64401,180,65.58
64501,180,65.77
64601,180,65.77
64701,180,65.77
64801,180,65.77
64901,180,65.95
65001,180,65.95
65101,180,65.95
65201,180,66.14
65301,180,66.14
65401,180,66.14
65501,180,66.32
65601,180,66.32
65701,180,66.32
65801,180,66.50
65901,180,66.50
66001,180,66.50
66101,180,66.69
66201,180,66.69
66301,180,66.69
66401,180,66.87
66501,180,66.87
66601,180,66.87
66701,180,67.05
66801,180,67.05
66901,180,67.05
67001,180,67.23
67101,180,67.23
67201,180,67.23
67301,180,67.41
67401,180,67.41
67501,180,67.41
67601,180,67.41
67701,180,67.59
67801,180,67.59
67901,180,67.59
68001,180,67.77
68101,180,67.95
68201,180,67.77
68301,180,67.95
68401,180,67.95
68501,180,68.13
68601,180,68.13
68701,180,68.13
68801,180,68.31
68901,180,68.31
69001,180,68.49
69101,180,68.49
69201,180,68.49
69301,180,68.49
69401,180,68.67
69501,180,68.67
69601,180,68.67
69701,180,68.84
69801,180,68.84
69901,180,69.02
70001,180,69.02
70101,180,69.02
70201,180,69.02
70301,180,69.19
70401,180,69.19
70501,180,69.19
70601,180,69.37
70701,180,69.37
70801,180,69.37
70901,180,69.55
71001,180,69.55
71101,180,69.55
71201,180,69.72
71301,180,69.72
71401,180,69.89
71501,180,69.89
71601,180,69.89
71701,180,69.89
71801,180,70.07
71901,180,70.07
72001,180,70.07
72101,180,70.24
72201,180,70.24
72301,180,70.24
72401,180,70.41
72501,180,70.41
72601,180,70.41
72701,180,70.59
72801,180,70.59
72901,180,70.59
73001,180,70.76
73101,180,70.76
73201,180,70.76
73301,180,70.93
73401,180,70.93
73501,180,71.10
73601,180,71.10
73701,180,71.10
73801,180,71.27
73901,180,71.27
74001,180,71.27
74101,180,71.44
74201,180,71.44
74301,180,71.44
74401,180,71.61
74501,180,71.61
74601,180,71.61
74701,180,71.78
74801,180,71.78
74901,180,71.78
75001,180,71.95
75101,180,71.95
75201,180,71.95
75301,180,71.95
75401,180,72.12
75501,180,72.12
75601,180,72.12
75701,180,72.29
75801,180,72.29
75901,180,72.29
76001,180,72.45
76101,180,72.62
76201,180,72.62
76301,180,72.62
76401,180,72.62
76501,180,72.79
76601,180,72.96
76701,180,72.79
76801,180,72.96
76901,180,72.96
77001,180,73.12
77101,180,73.12
77201,180,73.12
77301,180,73.12
77401,180,73.29
77501,180,73.29
77601,180,73.29
77701,180,73.45
77801,180,73.45
77901,180,73.45
78001,180,73.62
78101,180,73.62
78201,180,73.78
78301,180,73.78
78401,180,73.78
78501,180,73.95
78601,180,73.95
78701,180,73.95
78801,180,74.11
78901,180,74.11
79001,180,74.28
79101,180,74.28
79201,180,74.28
79301,180,74.44
79401,180,74.44
79501,180,74.44
79601,180,74.44
79701,180,74.60
79801,180,74.60
79901,180,74.77
80001,180,74.77
80101,180,74.77
80201,180,74.93
80301,180,74.93
80401,180,74.93
80501,180,75.09
80601,180,75.09
80701,180,75.09
80801,180,75.25
80901,180,75.25
81001,180,75.42
81101,180,75.42
81201,180,75.58
81301,180,75.58
81401,180,75.58
81501,180,75.58
81601,180,75.74
81701,180,75.74
81801,180,75.90
81901,180,75.90
82001,180,75.90
82101,180,76.06
82201,180,75.90
82301,180,76.06
82401,180,76.06
82501,180,76.22
82601,180,76.22
82701,180,76.22
82801,180,76.38
82901,180,76.38
83001,180,76.54
83101,180,76.54
83201,180,76.54
83301,180,76.70
83401,180,76.70
83501,180,76.86
83601,180,76.86
83701,180,76.86
83801,180,77.01
83901,180,77.01
84001,180,77.17
84101,180,77.17
84201,180,77.17
84301,180,77.17
84401,180,77.33
84501,180,77.33
84601,180,77.33
84701,180,77.33
84801,180,77.49
84901,180,77.49
85001,180,77.49
85101,180,77.65
85201,180,77.80
85301,180,77.80
85401,180,77.80
85501,180,77.96
85601,180,77.96
85701,180,77.96
85801,180,77.96
85901,180,78.12
86001,180,78.12
86101,180,78.27
86201,180,78.27
86301,180,78.43
86401,180,78.43
86501,180,78.43
86601,180,78.43
86701,180,78.43
86801,180,78.58
86901,180,78.58
87001,180,78.58
87101,180,78.74
87201,180,78.74
87301,180,78.90
87401,180,78.90
87501,180,78.90
87601,180,79.05
87701,180,79.05
87801,180,79.21
87901,180,79.21
88001,180,79.21
88101,180,79.36
88201,180,79.36
88301,180,79.51
88401,180,79.51
88501,180,79.51
88601,180,79.67
88701,180,79.67
88801,180,79.67
88901,180,79.67
89001,180,79.82
89101,180,79.82
89201,180,79.82
89301,180,79.98
89401,180,79.98
89501,180,79.98
89601,180,80.13
89701,180,80.13
89801,180,80.13
89901,180,80.28
90001,180,80.28
90101,180,80.28
90201,180,80.44
90301,180,80.44
90401,180,80.59
90501,180,80.59
90601,180,80.59
90701,180,80.74
90801,180,80.74
90901,180,80.74
91001,180,80.89
91101,180,80.89
91201,180,80.89
91301,180,81.04
91401,180,81.04
91501,180,81.04
91601,180,81.20
91701,180,81.20
91801,180,81.20
91901,180,81.35
92001,180,81.35
92101,180,81.35
92201,180,81.50
92301,180,81.50
92401,180,81.65
92501,180,81.65
92601,180,81.65
92701,180,81.80
92801,180,81.80
92901,180,81.80
93001,180,81.95
93101,180,81.95
93201,180,82.10
93301,180,82.10
93401,180,82.10
93501,180,82.10
93601,180,82.25
93701,180,82.25
93801,180,82.25
93901,180,82.40
94001,180,82.40
94101,180,82.55
94201,180,82.55
94301,180,82.55
94401,180,82.70
94501,180,82.70
94601,180,82.70
94701,180,82.70
94801,180,82.85
94901,180,82.85
95001,180,83.00
95101,180,83.00
95201,180,83.00
95301,180,83.15
95401,180,83.15
95501,180,83.15
95601,180,83.30
95701,180,83.30
95801,180,83.30
95901,180,83.45
96001,180,83.45
96101,180,83.45
96201,180,83.60
96301,180,83.60
96401,180,83.60
96501,180,83.75
96601,180,83.75
96701,180,83.75
96801,180,83.89
96901,180,83.89
97001,180,83.89
97101,180,83.89
97201,180,84.04
97301,180,84.04
97401,180,84.04
97501,180,84.19
97601,180,84.19
97701,180,84.19
97801,180,84.34
97901,180,84.34
98001,180,84.49
98101,180,84.49
98201,180,84.49
98301,180,84.63
98401,180,84.63
98501,180,84.63
98601,180,84.78
98701,180,84.78
98801,180,84.93
98901,180,84.93
99001,180,84.93
99101,180,85.07
99201,180,85.07
99301,180,85.07
99401,180,85.07
99501,180,85.22
99601,180,85.22
99701,180,85.22
99801,180,85.37
99901,180,85.37
100001,180,85.51
100101,180,85.51
100201,180,85.51
100301,180,85.66
100401,180,85.66
100501,180,85.81
100601,180,85.81
100701,180,85.81
100801,180,85.95
100901,180,85.95
101001,180,85.95
101101,180,86.10
101201,180,86.10
101301,180,86.24
101401,180,86.24
101501,180,86.24
101601,180,86.39
101701,180,86.39
101801,180,86.39
101901,180,86.53
102001,180,86.53
102101,180,86.53
102201,180,86.53
102301,180,86.68
102401,180,86.68
102501,180,86.83
102601,180,86.83
102701,180,86.83
102801,180,86.97
102901,180,86.97
103001,180,86.97
103101,180,87.11
103201,180,87.11
103301,180,87.26
103401,180,87.26
103501,180,87.26
103601,180,87.40
103701,180,87.40
103801,180,87.55
103901,180,87.55
104001,180,87.55
104101,180,87.55
104201,180,87.69
104301,180,87.69
104401,180,87.84
104501,180,87.84
104601,180,87.84
104701,180,87.84
104801,180,87.98
104901,180,87.98
105001,180,88.12
105101,180,88.12
105201,180,88.12
105301,180,88.12
105401,180,88.12
105501,180,88.27
105601,180,88.27
105701,180,88.41
105801,180,88.41
105901,180,88.41
106001,180,88.56
106101,180,88.56
106201,180,88.56
106301,180,88.70
106401,180,88.70
106501,180,88.84
106601,180,88.84
106701,180,88.84
106801,180,88.99
106901,180,88.99
107001,180,88.99
107101,180,89.13
107201,180,89.13
107301,180,89.13
107401,180,89.13
107501,180,89.13
107601,180,89.27
107701,180,89.27
107801,180,89.27
107901,180,89.27
108001,180,89.41
108101,180,89.56
108201,180,89.41
108301,180,89.56
108401,180,89.56
108501,180,89.70
108601,180,89.70
108701,180,89.84
108801,180,89.84
108901,180,89.84
109001,180,89.98
109101,180,89.98
109201,180,89.98
109301,180,90.13
109401,180,90.13
109501,180,90.13
109601,180,90.27
109701,180,90.27
109801,180,90.27
109901,180,90.27
110001,180,90.41
110101,180,90.41
110201,180,90.55
110301,180,90.55
110401,180,90.55
110501,180,90.69
110601,180,90.69
110701,180,90.69
110801,180,90.84
110901,180,90.84
111001,180,90.84
111101,180,90.98
111201,180,90.98
111301,180,91.12
111401,180,91.12
111501,180,91.26
111601,180,91.26
111701,180,91.26
111801,180,91.40
111901,180,91.40
112001,180,91.40
112101,180,91.54
112201,180,91.54
112301,180,91.54
112401,180,91.68
112501,180,91.68
112601,180,91.68
112701,180,91.83
112801,180,91.83
112901,180,91.83
113001,180,91.97
113101,180,91.97
113201,180,91.97
113301,180,92.11
113401,180,92.11
113501,180,92.11
113601,180,92.25
113701,180,92.25
113801,180,92.39
113901,180,92.39
114001,180,92.39
114101,180,92.39
114201,180,92.53
114301,180,92.53
114401,180,92.53
114501,180,92.67
114601,180,92.67
114701,180,92.81
114801,180,92.81
114901,180,92.95
115001,180,92.81
115101,180,92.95
115201,180,92.95
115301,180,93.09
115401,180,93.09
115501,180,93.09
115601,180,93.09
115701,180,93.23
115801,180,93.23
115901,180,93.37
116001,180,93.37
116101,180,93.37
116201,180,93.51
116301,180,93.51
116401,180,93.65
116501,180,93.65
116601,180,93.65
116701,180,93.65
116801,180,93.79
116901,180,93.79
117001,180,93.93
117101,180,93.93
117201,180,93.93
117301,180,94.07
117401,180,94.07
117501,180,94.07
117601,180,94.07
117701,180,94.21
117801,180,94.21
117901,180,94.21
118001,180,94.35
118101,180,94.35
118201,180,94.49
118301,180,94.49
118401,180,94.49
118501,180,94.63
118601,180,94.63
118701,180,94.63
118801,180,94.77
118901,180,94.77
119001,180,94.77
119101,180,94.91
119201,180,94.91
119301,180,95.05
119401,180,95.05
119501,180,95.05
119601,180,95.19
119701,180,95.19
119801,180,95.19
119901,180,95.19
120001,180,95.33
120101,180,95.33
120201,180,95.33
120301,180,95.47
120401,180,95.47
120501,180,95.61
120601,180,95.61
120701,180,95.61
120801,180,95.61
120901,180,95.75
121001,180,95.75
121101,180,95.75
121201,180,95.89
121301,180,95.89
121401,180,96.02
121501,180,96.02
121601,180,96.02
121701,180,96.16
121801,180,96.16
121901,180,96.16
122001,180,96.16
122101,180,96.30
122201,180,96.30
122301,180,96.44
122401,180,96.44
122501,180,96.44
122601,180,96.44
122701,180,96.58
122801,180,96.58
122901,180,96.58
123001,180,96.72
123101,180,96.72
123201,180,96.72
123301,180,96.86
123401,180,96.86
123501,180,96.86
123601,180,97.00
123701,180,97.00
123801,180,97.14
123901,180,97.14
124001,180,97.14
124101,180,97.27
124201,180,97.27
124301,180,97.27
124401,180,97.27
124501,180,97.41
124601,180,97.41
124701,180,97.55
124801,180,97.55
124901,180,97.55
125001,180,97.55
125101,180,97.69
125201,180,97.69
125301,180,97.83
125401,180,97.83
125501,180,97.83
125601,180,97.97
125701,180,97.97
125801,180,97.97
125901,180,98.11
126001,180,98.11
126101,180,98.11
126201,180,98.11
126301,180,98.24
126401,180,98.24
126501,180,98.38
126601,180,98.38
126701,180,98.38
126801,180,98.52
126901,180,98.52
127001,180,98.52
127101,180,98.52
127201,180,98.66
127301,180,98.66
127401,180,98.66
127501,180,98.66
127601,180,98.80
127701,180,98.80
127801,180,98.80
127901,180,98.94
128001,180,98.94
128101,180,98.94
128201,180,99.07
128301,180,99.07
128401,180,99.07
128501,180,99.21
128601,180,99.21
128701,180,99.21
128801,180,99.35
128901,180,99.35
129001,180,99.49
129101,180,99.49
129201,180,99.49
129301,180,99.63
129401,180,99.63
129501,180,99.63
129601,180,99.63
129701,180,99.77
129801,180,99.77
129901,180,99.90
130001,180,99.90
130101,180,99.90
130201,180,99.90
130301,180,100.04
130401,180,100.04
130501,180,100.04
130601,180,100.18
130701,180,100.18
130801,180,100.18
130901,180,100.32
131001,180,100.32
131101,180,100.32
131201,180,100.46
131301,180,100.46
131401,180,100.46
131501,180,100.59
131601,180,100.59
131701,180,100.73
131801,180,100.59
131901,180,100.73
132001,180,100.73
132101,180,100.73
132201,180,100.87
132301,180,100.87
132401,180,100.87
132501,180,101.01
132601,180,101.01
132701,180,101.01
132801,180,101.01
132901,180,101.15
133001,180,101.15
133101,180,101.15
133201,180,101.29
133301,180,101.29
133401,180,101.29
133501,180,101.42
133601,180,101.42
133701,180,101.42
133801,180,101.56
133901,180,101.56
134001,180,101.56
134101,180,101.70
134201,180,101.70
134301,180,101.70
134401,180,101.70
134501,180,101.84
134601,180,101.84
134701,180,101.84
134801,180,101.84
134901,180,101.98
135001,180,101.98
135101,180,101.98
135201,180,102.11
135301,180,102.11
135401,180,102.11
135501,180,102.25
135601,180,102.25
135701,180,102.25
135801,180,102.25
135901,180,102.39
136001,180,102.39
136101,180,102.53
136201,180,102.53
136301,180,102.53
136401,180,102.67
136501,180,102.67
136601,180,102.67
136701,180,102.67
136801,180,102.80
136901,180,102.80
137001,180,102.80
137101,180,102.94
137201,180,102.94
137301,180,102.94
137401,180,103.08
137501,180,102.94
137601,180,103.08
137701,180,103.08
137801,180,103.08
137901,180,103.22
138001,180,103.22
138101,180,103.36
138201,180,103.36
138301,180,103.36
138401,180,103.36
138501,180,103.50
138601,180,103.50
138701,180,103.63
138801,180,103.63
138901,180,103.63
139001,180,103.77
139101,180,103.77
139201,180,103.77
139301,180,103.77
139401,180,103.91
139501,180,103.91
139601,180,103.91
139701,180,104.05
139801,180,104.05
139901,180,104.05
140001,180,104.19
140101,180,104.19
140201,180,104.19
140301,180,104.33
140401,180,104.33
140501,180,104.33
140601,180,104.33
140701,180,104.46
140801,180,104.46
140901,180,104.46
141001,180,104.60
141101,180,104.60
141201,180,104.60
141301,180,104.60
141401,180,104.74
141501,180,104.74
141601,180,104.88
141701,180,104.88
141801,180,104.88
141901,180,104.88
142001,180,105.02
142101,180,105.02
142201,180,105.02
142301,180,105.16
142401,180,105.16
142501,180,105.16
142601,180,105.16
142701,180,105.29
142801,180,105.29
142901,180,105.29
143001,180,105.43
143101,180,105.43
143201,180,105.43
143301,180,105.57
143401,180,105.57
143501,180,105.57
143601,180,105.71
143701,180,105.71
143801,180,105.71
143901,180,105.85
144001,180,105.85
144101,180,105.85
144201,180,105.99
144301,180,105.85
144401,180,105.99
144501,180,105.99
144601,180,105.99
144701,180,106.13
144801,180,106.13
144901,180,106.13
145001,180,106.13
145101,180,106.26
145201,180,106.26
145301,180,106.26
145401,180,106.40
145501,180,106.40
145601,180,106.40
145701,180,106.54
145801,180,106.54
145901,180,106.54
146001,180,106.54
146101,180,106.68
146201,180,106.68
146301,180,106.82
146401,180,106.82
146501,180,106.82
146601,180,106.96
146701,180,106.96
146801,180,106.96
146901,180,106.96
147001,180,107.10
147101,180,107.10
147201,180,107.10
147301,180,107.24
147401,180,107.24
147501,180,107.24
147601,180,107.24
147701,180,107.38
147801,180,107.38
147901,180,107.38
148001,180,107.51
148101,180,107.51
148201,180,107.65
148301,180,107.65
148401,180,107.65
148501,180,107.65
148601,180,107.79
148701,180,107.79
148801,180,107.79
148901,180,107.93
149001,180,107.93
149101,180,107.93
149201,180,107.93
149301,180,108.07
149401,180,108.07
149501,180,108.07
149601,180,108.21
149701,180,108.21
149801,180,108.21
149901,180,108.35
150001,180,108.35
150101,180,108.35
150201,180,108.35
150301,180,108.49
150401,180,108.49
150501,180,108.49
150601,180,108.63
150701,180,108.63
150801,180,108.63
150901,180,108.77
151001,180,108.77
151101,180,108.77
151201,180,108.77
151301,180,108.91
151401,180,108.91
151501,180,109.05
151601,180,109.05
151701,180,109.05
151801,180,109.05
151901,180,109.05
152001,180,109.19
152101,180,109.19
152201,180,109.19
152301,180,109.33
152401,180,109.33
152501,180,109.33
152601,180,109.47
152701,180,109.47
152801,180,109.47
152901,180,109.47
153001,180,109.47
153101,180,109.61
153201,180,109.61
153301,180,109.61
153401,180,109.75
153501,180,109.75
153601,180,109.75
153701,180,109.89
153801,180,109.89
153901,180,109.89
154001,180,110.03
154101,180,110.03
154201,180,110.03
154301,180,110.17
154401,180,110.17
154501,180,110.17
154601,180,110.17
154701,180,110.17
154801,180,110.31
154901,180,110.31
155001,180,110.31
155101,180,110.45
155201,180,110.45
155301,180,110.45
155401,180,110.45
155501,180,110.59
155601,180,110.59
155701,180,110.59
155801,180,110.73
155901,180,110.73
156001,180,110.73
156101,180,110.73
156201,180,110.87
156301,180,110.87
156401,180,111.01
156501,180,111.01
156601,180,111.01
156701,180,111.01
156801,180,111.15
156901,180,111.15
157001,180,111.15
157101,180,111.15
157201,180,111.29
157301,180,111.29
157401,180,111.29
157501,180,111.29
157601,180,111.43
157701,180,111.43
157801,180,111.43
157901,180,111.43
158001,180,111.57
158101,180,111.57
158201,180,111.57
158301,180,111.57
158401,180,111.71
158501,180,111.71
158601,180,111.71
158701,180,111.86
158801,180,111.86
158901,180,111.86
159001,180,111.86
159101,180,111.86
159201,180,112.00
159301,180,112.00
159401,180,112.14
159501,180,112.14
159601,180,112.14
159701,180,112.14
159801,180,112.28
159901,180,112.28
160001,180,112.28
160101,180,112.28
160201,180,112.42
160301,180,112.42
160401,180,112.42
160501,180,112.56
160601,180,112.56
160701,180,112.56
160801,180,112.56
160901,180,112.70
161001,180,112.70
161101,180,112.70
161201,180,112.85
161301,180,112.85
161401,180,112.85
161501,180,112.85
161601,180,112.99
161701,180,112.99
161801,180,112.99
161901,180,113.13
162001,180,113.13
162101,180,113.13
162201,180,113.27
162301,180,113.27
162401,180,113.27
162501,180,113.27
162601,180,113.41
162701,180,113.41
162801,180,113.41
162901,180,113.41
163001,180,113.56
163101,180,113.56
163201,180,113.56
163301,180,113.70
163401,180,113.70
163501,180,113.70
163601,180,113.84
163701,180,113.84
163801,180,113.84
163901,180,113.98
164001,180,113.98
164101,180,113.98
164201,180,113.98
164301,180,114.12
164401,180,114.12
164501,180,114.12
164601,180,114.27
164701,180,114.27
164801,180,114.27
164901,180,114.41
165001,180,114.41
165101,180,114.41
165201,180,114.41
165301,180,114.55
165401,180,114.55
165501,180,114.55
165601,180,114.55
165701,180,114.70
165801,180,114.70
165901,180,114.70
166001,180,114.84
166101,180,114.84
166201,180,114.84
166301,180,114.84
166401,180,114.98
166501,180,114.98
166601,180,114.98
166701,180,115.13
166801,180,115.13
166901,180,115.13
167001,180,115.13
167101,180,115.27
167201,180,115.13
167301,180,115.27
167401,180,115.27
167501,180,115.41
167601,180,115.41
167701,180,115.41
167801,180,115.56
167901,180,115.56
168001,180,115.56
168101,180,115.56
168201,180,115.70
168301,180,115.70
168401,180,115.70
168501,180,115.70
168601,180,115.70
168701,180,115.84
168801,180,115.84
168901,180,115.99
169001,180,115.99
169101,180,115.99
169201,180,115.99
169301,180,116.13
169401,180,116.13
169501,180,116.13
169601,180,116.28
169701,180,116.28
169801,180,116.28
169901,180,116.28
170001,180,116.42
170101,180,116.42
170201,180,116.42
170301,180,116.42
170401,180,116.56
170501,180,116.56
170601,180,116.56
170701,180,116.56
170801,180,116.71
170901,180,116.71
171001,180,116.71
171101,180,116.71
171201,180,116.85
171301,180,116.85
171401,180,116.85
171501,180,116.85
171601,180,117.00
171701,180,117.00
171801,180,117.00
171901,180,117.14
172001,180,117.00
172101,180,117.14
172201,180,117.14
172301,180,117.14
172401,180,117.29
172501,180,117.29
172601,180,117.29
172701,180,117.43
172801,180,117.43
172901,180,117.43
173001,180,117.43
173101,180,117.58
173201,180,117.58
173301,180,117.58
173401,180,117.58
173501,180,117.72
173601,180,117.72
173701,180,117.72
173801,180,117.72
173901,180,117.87
174001,180,117.87
174101,180,117.87
174201,180,117.87
174301,180,118.01
174401,180,118.01
174501,180,118.01
174601,180,118.16
174701,180,118.16
174801,180,118.16
174901,180,118.16
175001,180,118.31
175101,180,118.31
175201,180,118.31
175301,180,118.31
175401,180,118.45
175501,180,118.45
175601,180,118.45
175701,180,118.45
175801,180,118.60
175901,180,118.60
176001,180,118.60
176101,180,118.60
176201,180,118.60
176301,180,118.75
176401,180,118.75
176501,180,118.75
176601,180,118.89
176701,180,118.89
176801,180,118.89
176901,180,118.89
177001,180,118.89
177101,180,119.04
177201,180,119.04
177301,180,119.04
177401,180,119.19
177501,180,119.19
177601,180,119.19
177701,180,119.19
177801,180,119.19
177901,180,119.33
178001,180,119.33
178101,180,119.33
178201,180,119.48
178301,180,119.48
178401,180,119.48
178501,180,119.48
178601,180,119.63
178701,180,119.63
178801,180,119.63
178901,180,119.63
179001,180,119.63
179101,180,119.63
179201,180,119.77
179301,180,119.77
179401,180,119.77
179501,180,119.77
179601,180,119.92
179701,180,119.92
179801,180,119.92
179901,180,119.92
180001,180,119.92
180101,180,120.07
180201,180,120.07
180301,180,120.07
180401,180,120.07
180501,180,120.22
180601,180,120.22
180701,180,120.22
180801,180,120.22
180901,180,120.36
181001,180,120.36
181101,180,120.36
181201,180,120.36
181301,180,120.51
181401,180,120.51
181501,180,120.51
181601,180,120.51
181701,180,120.66
181801,180,120.66
181901,180,120.66
182001,180,120.66
182101,180,120.81
182201,180,120.81
182301,180,120.81
182401,180,120.81
182501,180,120.81
182601,180,120.96
182701,180,120.96
182801,180,120.96
182901,180,120.96
183001,180,121.11
183101,180,121.11
183201,180,121.11
183301,180,121.11
183401,180,121.26
183501,180,121.26
183601,180,121.26
183701,180,121.26
183801,180,121.26
183901,180,121.41
184001,180,121.41
184101,180,121.41
184201,180,121.55
184301,180,121.55
184401,180,121.55
184501,180,121.55
184601,180,121.55
184701,180,121.70
184801,180,121.70
184901,180,121.70
185001,180,121.85
185101,180,121.85
185201,180,121.85
185301,180,121.85
185401,180,122.00
185501,180,122.00
185601,180,122.00
185701,180,122.00
185801,180,122.15
185901,180,122.15
186001,180,122.15
186101,180,122.15
186201,180,122.30
186301,180,122.30
186401,180,122.30
186501,180,122.30
186601,180,122.30
186701,180,122.45
186801,180,122.45
186901,180,122.45
187001,180,122.45
187101,180,122.45
187201,180,122.60
187301,180,122.60
187401,180,122.60
187501,180,122.60
187601,180,122.75
187701,180,122.75
187801,180,122.75
187901,180,122.75
188001,180,122.91
188101,180,122.91
188201,180,122.91
188301,180,122.91
188401,180,122.91
188501,180,123.06
188601,180,123.06
188701,180,123.06
188801,180,123.21
188901,180,123.21
189001,180,123.21
189101,180,123.21
189201,180,123.36
189301,180,123.36
189401,180,123.36
189501,180,123.36
189601,180,123.36
189701,180,123.36
189801,180,123.51
189901,180,123.51
190001,180,123.51
190101,180,123.51
190201,180,123.51
190301,180,123.51
190401,180,123.66
190501,180,123.66
190601,180,123.66
190701,180,123.66
190801,180,123.81
190901,180,123.81
191001,180,123.81
191101,180,123.81
191201,180,123.97
191301,180,123.97
191401,180,123.97
191501,180,123.97
191601,180,123.97
191701,180,124.12
191801,180,124.12
191901,180,124.12
192001,180,124.12
192101,180,124.12
192201,180,124.27
192301,180,124.27
192401,180,124.27
192501,180,124.27
192601,180,124.42
192701,180,124.42
192801,180,124.42
192901,180,124.42
193001,180,124.42
193101,180,124.42
193201,180,124.58
193301,180,124.42
193401,180,124.58
193501,180,124.73
193601,180,124.73
193701,180,124.73
193801,180,124.73
193901,180,124.73
194001,180,124.73
194101,180,124.88
194201,180,124.88
194301,180,124.88
194401,180,124.88
194501,180,125.04
194601,180,125.04
194701,180,125.04
194801,180,125.04
194901,180,125.04
195001,180,125.04
195101,180,125.19
195201,180,125.19
195301,180,125.19
195401,180,125.19
195501,180,125.35
195601,180,125.35
195701,180,125.35
195801,180,125.35
195901,180,125.35
196001,180,125.50
196101,180,125.50
196201,180,125.50
196301,180,125.50
196401,180,125.65
196501,180,125.65
196601,180,125.65
196701,180,125.81
196801,180,125.65
196901,180,125.81
197001,180,125.81
197101,180,125.81
197201,180,125.96
197301,180,125.96
197401,180,125.96
197501,180,125.96
197601,180,125.96
197701,180,125.96
197801,180,126.12
197901,180,126.12
198001,180,126.12
198101,180,126.12
198201,180,126.27
198301,180,126.27
198401,180,126.27
198501,180,126.27
198601,180,126.27
198701,180,126.43
198801,180,126.43
198901,180,126.43
199001,180,126.58
199101,180,126.58
199201,180,126.58
199301,180,126.58
199401,180,126.58
199501,180,126.58
199601,180,126.74
199701,180,126.74
199801,180,126.74
199901,180,126.74
200001,180,126.74
200101,180,126.90
200201,180,126.90
200301,180,126.90
200401,180,126.90
200501,180,126.90
200601,180,127.05
200701,180,127.05
200801,180,127.05
200901,180,127.05
201001,180,127.05
201101,180,127.21
201201,180,127.21
201301,180,127.21
201401,180,127.21
201501,180,127.21
201601,180,127.21
201701,180,127.37
201801,180,127.37
201901,180,127.52
202001,180,127.52
202101,180,127.52
202201,180,127.52
202301,180,127.52
202401,180,127.52
202501,180,127.68
202601,180,127.68
202701,180,127.68
202801,180,127.68
202901,180,127.68
203001,180,127.84
203101,180,127.84
203201,180,127.84
203301,180,127.84
203401,180,127.99
203501,180,127.99
203601,180,127.99
203701,180,127.99
203801,180,127.99
203901,180,128.15
204001,180,128.15
204101,180,128.15
204201,180,128.15
204301,180,128.15
204401,180,128.31
204501,180,128.31
204601,180,128.31
204701,180,128.31
204801,180,128.31
204901,180,128.47
205001,180,128.47
205101,180,128.47
205201,180,128.47
205301,180,128.63
205401,180,128.63
205501,180,128.63
205601,180,128.63
205701,180,128.63
205801,180,128.63
205901,180,128.79
206001,180,128.79
206101,180,128.79
206201,180,128.79
206301,180,128.79
206401,180,128.95
206501,180,128.95
206601,180,128.95
206701,180,128.95
206801,180,128.95
206901,180,129.11
207001,180,129.11
207101,180,129.11
207201,180,129.11
207301,180,129.11
207401,180,129.26
207501,180,129.26
207601,180,129.26
207701,180,129.26
207801,180,129.26
207901,180,129.26
208001,180,129.42
208101,180,129.42
208201,180,129.42
208301,180,129.42
208401,180,129.42
208501,180,129.58
208601,180,129.58
208701,180,129.58
208801,180,129.58
208901,180,129.58
209001,180,129.75
209101,180,129.75
209201,180,129.75
209301,180,129.75
209401,180,129.75
209501,180,129.91
209601,180,129.91
209701,180,129.91
209801,180,129.91
209901,180,130.07
210001,180,130.07
210101,180,130.07
210201,180,130.07
210301,180,130.07
210401,180,130.07
210501,180,130.07
210601,180,130.07
210701,180,130.23
210801,180,130.23
210901,180,130.23
211001,180,130.23
211101,180,130.39
211201,180,130.39
211301,180,130.39
211401,180,130.39
211501,180,130.39
211601,180,130.39
211701,180,130.55
211801,180,130.55
211901,180,130.55
212001,180,130.55
212101,180,130.71
212201,180,130.71
212301,180,130.71
212401,180,130.71
212501,180,130.71
212601,180,130.71
212701,180,130.71
212801,180,130.88
212901,180,130.88
213001,180,130.88
213101,180,130.88
213201,180,130.88
213301,180,131.04
213401,180,131.04
213501,180,131.04
213601,180,131.04
213701,180,131.04
213801,180,131.20
213901,180,131.04
214001,180,131.20
214101,180,131.20
214201,180,131.20
214301,180,131.20
214401,180,131.36
214501,180,131.36
214601,180,131.36
214701,180,131.36
214801,180,131.36
214901,180,131.36
215001,180,131.53
215101,180,131.36
215201,180,131.53
215301,180,131.53
215401,180,131.53
215501,180,131.53
215601,180,131.53
215701,180,131.53
215801,180,131.53
215901,180,131.69
216001,180,131.69
216101,180,131.69
216201,180,131.69
216301,180,131.69
216401,180,131.85
216501,180,131.85
216601,180,131.85
216701,180,131.85
216801,180,131.85
216901,180,132.02
217001,180,132.02
217101,180,132.02
217201,180,132.02
217301,180,132.02
217401,180,132.02
217501,180,132.18
217601,180,132.18
217701,180,132.18
217801,180,132.18
217901,180,132.18
218001,180,132.35
218101,180,132.35
218201,180,132.35
218301,180,132.35
218401,180,132.35
218501,180,132.35
218601,180,132.51
218701,180,132.51
218801,180,132.51
218901,180,132.51
219001,180,132.51
219101,180,132.68
219201,180,132.68
219301,180,132.68
219401,180,132.68
219501,180,132.68
219601,180,132.84
219701,180,132.84
219801,180,132.84
219901,180,132.84
220001,180,132.84
220101,180,133.01
220201,180,133.01
220301,180,133.01
220401,180,133.01
220501,180,133.01
220601,180,133.18
220701,180,133.18
220801,180,133.18
220901,180,133.18
221001,180,133.18
221101,180,133.18
221201,180,133.34
221301,180,133.34
221401,180,133.34
221501,180,133.34
221601,180,133.34
221701,180,133.51
221801,180,133.51
221901,180,133.51
222001,180,133.51
222101,180,133.68
222201,180,133.68
222301,180,133.68
222401,180,133.68
222501,180,133.68
222601,180,133.68
222701,180,133.84
222801,180,133.84
222901,180,133.84
223001,180,133.84
223101,180,134.01
223201,180,133.84
223301,180,134.01
223401,180,134.01
223501,180,134.01
223601,180,134.18
223701,180,134.01
223801,180,134.18
223901,180,134.18
224001,180,134.18
224101,180,134.18
224201,180,134.35
224301,180,134.35
224401,180,134.35
224501,180,134.35
224601,180,134.35
224701,180,134.52
224801,180,134.52
224901,180,134.52
225001,180,134.52
225101,180,134.52
225201,180,134.52
225301,180,134.52
225401,180,134.69
225501,180,134.69
225601,180,134.69
225701,180,134.69
225801,180,134.69
225901,180,134.69
226001,180,134.85
226101,180,134.85
226201,180,134.85
226301,180,134.85
226401,180,134.85
226501,180,135.02
226601,180,135.02
226701,180,135.02
226801,180,135.02
226901,180,135.02
227001,180,135.02
227101,180,135.19
227201,180,135.19
227301,180,135.19
227401,180,135.19
227501,180,135.19
227601,180,135.19
227701,180,135.19
227801,180,135.36
227901,180,135.36
228001,180,135.36
228101,180,135.36
228201,180,135.36
228301,180,135.54
228401,180,135.54
228501,180,135.54
228601,180,135.54
228701,180,135.54
228801,180,135.54
228901,180,135.54
229001,180,135.54
229101,180,135.71
229201,180,135.71
229301,180,135.71
229401,180,135.71
229501,180,135.71
229601,180,135.88
229701,180,135.88
229801,180,135.88
229901,180,135.88
230001,180,135.88
230101,180,135.88
230201,180,136.05
230301,180,136.05
230401,180,136.05
230501,180,136.05
230601,180,136.05
230701,180,136.05
230801,180,136.05
230901,180,136.22
231001,180,136.22
231101,180,136.22
231201,180,136.22
231301,180,136.22
231401,180,136.22
231501,180,136.39
231601,180,136.39
231701,180,136.39
231801,180,136.39
231901,180,136.39
232001,180,136.57
232101,180,136.57
232201,180,136.57
232301,180,136.57
232401,180,136.57
232501,180,136.57
232601,180,136.74
232701,180,136.74
232801,180,136.74
232901,180,136.74
233001,180,136.74
233101,180,136.91
233201,180,136.91
233301,180,136.91
233401,180,136.91
233501,180,136.91
233601,180,137.09
233701,180,137.09
233801,180,136.91
233901,180,137.09
234001,180,137.09
234101,180,137.09
234201,180,137.26
234301,180,137.09
234401,180,137.26
234501,180,137.26
234601,180,137.26
234701,180,137.26
234801,180,137.26
234901,180,137.44
235001,180,137.44
235101,180,137.44
235201,180,137.44
235301,180,137.44
235401,180,137.44
235501,180,137.44
235601,180,137.44
235701,180,137.61
235801,180,137.61
235901,180,137.61
236001,180,137.61
236101,180,137.61
236201,180,137.79
236301,180,137.79
236401,180,137.79
236501,180,137.79
236601,180,137.79
236701,180,137.79
236801,180,137.96
236901,180,137.96
237001,180,137.96
237101,180,137.96
237201,180,137.96
237301,180,137.96
237401,180,138.14
237501,180,138.14
237601,180,138.14
237701,180,138.14
237801,180,138.14
237901,180,138.14
238001,180,138.14
238101,180,138.14
238201,180,138.31
238301,180,138.31
238401,180,138.31
238501,180,138.31
238601,180,138.31
238701,180,138.49
238801,180,138.49
238901,180,138.49
239001,180,138.49
239101,180,138.49
239201,180,138.49
239301,180,138.67
239401,180,138.67
239501,180,138.67
239601,180,138.67
239701,180,138.67
239801,180,138.67
239901,180,138.67
240001,180,138.67
240101,180,138.67
240201,180,138.84
240301,180,138.84
240401,180,138.84
240501,180,138.84
240601,180,138.84
240701,180,138.84
240801,180,138.84
240901,180,139.02
241001,180,139.02
241101,180,139.02
241201,180,139.02
241301,180,139.02
241401,180,139.02
241501,180,139.02
241601,180,139.20
241701,180,139.02
241801,180,139.20
241901,180,139.20
242001,180,139.20
242101,180,139.20
242201,180,139.20
242301,180,139.20
242401,180,139.38
242501,180,139.38
242601,180,139.38
242701,180,139.38
242801,180,139.38
242901,180,139.38
243001,180,139.38
243101,180,139.56
243201,180,139.56
243301,180,139.56
243401,180,139.56
243501,180,139.56
243601,180,139.56
243701,180,139.74
243801,180,139.74
243901,180,139.74
244001,180,139.74
244101,180,139.74
244201,180,139.74
244301,180,139.74
244401,180,139.92
244501,180,139.92
244601,180,139.92
244701,180,139.92
244801,180,139.92
244901,180,139.92
245001,180,139.92
245101,180,140.10
245201,180,140.10
245301,180,140.10
245401,180,140.10
245501,180,140.10
245601,180,140.10
245701,180,140.10
245801,180,140.10
245901,180,140.28
246001,180,140.28
246101,180,140.28
246201,180,140.28
246301,180,140.28
246401,180,140.46
246501,180,140.46
246601,180,140.46
246701,180,140.46
246801,180,140.46
246901,180,140.46
247001,180,140.46
247101,180,140.46
247201,180,140.46
247301,180,140.64
247401,180,140.64
247501,180,140.64
247601,180,140.64
247701,180,140.64
247801,180,140.64
247901,180,140.64
248001,180,140.82
248101,180,140.82
248201,180,140.82
248301,180,140.82
248401,180,140.82
248501,180,140.82
248601,180,141.00
248701,180,141.00
248801,180,141.00
248901,180,141.00
249001,180,141.00
249101,180,141.00
249201,180,141.00
249301,180,141.19
249401,180,141.19
249501,180,141.19
249601,180,141.19
249701,180,141.19
249801,180,141.19
249901,180,141.19
250001,180,141.37
250101,180,141.37
250201,180,141.37
250301,180,141.37
250401,180,141.37
250501,180,141.37
250601,180,141.37
250701,180,141.37
250801,180,141.37
250901,180,141.55
251001,180,141.37
251101,180,141.55
251201,180,141.55
251301,180,141.55
251401,180,141.55
251501,180,141.55
251601,180,141.74
251701,180,141.74
251801,180,141.74
251901,180,141.74
252001,180,141.74
252101,180,141.92
252201,180,141.92
252301,180,141.74
252401,180,141.92
252501,180,141.92
252601,180,141.92
252701,180,141.92
252801,180,141.92
252901,180,141.92
253001,180,142.11
253101,180,142.11
253201,180,142.11
253301,180,142.11
253401,180,142.11
253501,180,142.11
253601,180,142.11
253701,180,142.11
253801,180,142.29
253901,180,142.29
254001,180,142.29
254101,180,142.29
254201,180,142.29
254301,180,142.29
254401,180,142.48
254501,180,142.48
254601,180,142.48
254701,180,142.48
254801,180,142.48
254901,180,142.67
255001,180,142.67
255101,180,142.67
255201,180,142.67
255301,180,142.67
255401,180,142.67
255501,180,142.67
255601,180,142.67
255701,180,142.85
255801,180,142.85
255901,180,142.85
256001,180,142.85
256101,180,142.85
256201,180,142.85
256301,180,143.04
256401,180,143.04
256501,180,143.04
256601,180,143.04
256701,180,143.04
256801,180,143.04
256901,180,143.04
257001,180,143.23
257101,180,143.23
257201,180,143.23
257301,180,143.23
257401,180,143.23
257501,180,143.23
257601,180,143.23
257701,180,143.41
257801,180,143.41
257901,180,143.41
258001,180,143.41
258101,180,143.41
258201,180,143.41
258301,180,143.41
258401,180,143.60
258501,180,143.60
258601,180,143.60
258701,180,143.60
258801,180,143.60
258901,180,143.60
259001,180,143.60
259101,180,143.79
259201,180,143.79
259301,180,143.79
259401,180,143.79
259501,180,143.79
259601,180,143.79
259701,180,143.98
259801,180,143.79
259901,180,143.98
260001,180,143.98
260101,180,143.98
260201,180,143.98
260301,180,143.98
260401,180,144.17
260501,180,143.98
260601,180,144.17
260701,180,144.17
260801,180,144.17
260901,180,144.17
261001,180,144.17
261101,180,144.17
261201,180,144.36
261301,180,144.17
261401,180,144.36
261501,180,144.36
261601,180,144.36
261701,180,144.36
261801,180,144.36
261901,180,144.36
262001,180,144.36
262101,180,144.36
262201,180,144.36
262301,180,144.55
262401,180,144.55
262501,180,144.55
262601,180,144.55
262701,180,144.55
262801,180,144.55
262901,180,144.55
263001,180,144.74
263101,180,144.74
263201,180,144.74
263301,180,144.74
263401,180,144.74
263501,180,144.74
263601,180,144.74
263701,180,144.94
263801,180,144.74
263901,180,144.94
264001,180,144.94
264101,180,144.94
264201,180,144.94
264301,180,144.94
264401,180,144.94
264501,180,144.94
264601,180,145.13
264701,180,145.13
264801,180,145.13
264901,180,145.13
265001,180,145.13
265101,180,145.13
265201,180,145.13
265301,180,145.13
265401,180,145.32
265501,180,145.13
265601,180,145.32
265701,180,145.32
265801,180,145.32
265901,180,145.32
266001,180,145.32
266101,180,145.32
266201,180,145.32
266301,180,145.32
266401,180,145.32
266501,180,145.32
266601,180,145.52
266701,180,145.52
266801,180,145.52
266901,180,145.52
267001,180,145.52
267101,180,145.52
267201,180,145.52
267301,180,145.52
267401,180,145.71
267501,180,145.71
267601,180,145.71
267701,180,145.71
267801,180,145.71
267901,180,145.71
268001,180,145.71
268101,180,145.71
268201,180,145.71
268301,180,145.90
268401,180,145.90
268501,180,145.90
268601,180,145.90
268701,180,145.90
268801,180,145.90
268901,180,145.90
269001,180,146.10
269101,180,145.90
269201,180,145.90
269301,180,146.10
269401,180,146.10
269501,180,146.10
269601,180,146.10
269701,180,146.10
269801,180,146.10
269901,180,146.10
270001,180,146.10
270101,180,146.10
270201,180,146.10
270301,180,146.29
270401,180,146.29
270501,180,146.29
270601,180,146.29
270701,180,146.29
270801,180,146.29
270901,180,146.29
271001,180,146.49
271101,180,146.29
271201,180,146.49
271301,180,146.49
271401,180,146.49
271501,180,146.49
271601,180,146.49
271701,180,146.49
271801,180,146.49
271901,180,146.49
272001,180,146.69
272101,180,146.69
272201,180,146.69
272301,180,146.69
272401,180,146.69
272501,180,146.69
272601,180,146.69
272701,180,146.69
272801,180,146.69
272901,180,146.88
273001,180,146.88
273101,180,146.88
273201,180,146.88
273301,180,146.88
273401,180,146.88
273501,180,146.88
273601,180,147.08
273701,180,147.08
273801,180,147.08
273901,180,147.08
274001,180,147.08
274101,180,147.08
274201,180,147.28
274301,180,147.28
274401,180,147.28
274501,180,147.28
274601,180,147.28
274701,180,147.28
274801,180,147.28
274901,180,147.28
275001,180,147.48
275101,180,147.28
275201,180,147.48
275301,180,147.48
275401,180,147.48
275501,180,147.48
275601,180,147.48
275701,180,147.48
275801,180,147.48
275901,180,147.68
276001,180,147.68
276101,180,147.68
276201,180,147.68
276301,180,147.68
276401,180,147.68
276501,180,147.68
276601,180,147.68
276701,180,147.88
276801,180,147.88
276901,180,147.88
277001,180,147.88
277101,180,147.88
277201,180,147.88
277301,180,147.88
277401,180,147.88
277501,180,147.88
277601,180,148.08
277701,180,147.88
277801,180,148.08
277901,180,148.08
278001,180,148.08
278101,180,148.08
278201,180,148.08
278301,180,148.28
278401,180,148.28
278501,180,148.28
278601,180,148.28
278701,180,148.28
278801,180,148.28
278901,180,148.28
279001,180,148.28
279101,180,148.28
279201,180,148.48
279301,180,148.48
279401,180,148.48
279501,180,148.48
279601,180,148.48
279701,180,148.48
279801,180,148.48
279901,180,148.48
280001,180,148.68
280101,180,148.48
280201,180,148.48
280301,180,148.68
280401,180,148.68
280501,180,148.68
280601,180,148.68
280701,180,148.68
280801,180,148.89
280901,180,148.68
281001,180,148.68
281101,180,148.89
281201,180,148.68
281301,180,148.89
281401,180,148.89
281501,180,148.89
281601,180,148.89
281701,180,148.89
281801,180,148.89
281901,180,148.89
282001,180,148.89
282101,180,148.89
282201,180,149.09
282301,180,149.09
282401,180,149.09
282501,180,149.09
282601,180,149.09
282701,180,149.09
282801,180,149.09
282901,180,149.29
283001,180,149.29
283101,180,149.29
283201,180,149.29
283301,180,149.29
283401,180,149.29
283501,180,149.29
283601,180,149.29
283701,180,149.29
283801,180,149.29
283901,180,149.50
284001,180,149.50
284101,180,149.50
284201,180,149.50
284301,180,149.50
284401,180,149.50
284501,180,149.50
284601,180,149.50
284701,180,149.50
284801,180,149.50
284901,180,149.70
285001,180,149.70
285101,180,149.70
285201,180,149.70
285301,180,149.70
285401,180,149.91
285501,180,149.70
285601,180,149.70
285701,180,149.70
285801,180,149.70
285901,180,149.91
286001,180,149.91
286101,180,149.91
286201,180,149.91
286301,180,149.91
286401,180,149.91
286501,180,149.91
286601,180,150.11
286701,180,150.11
286801,180,150.11
286901,180,150.11
287001,180,150.11
287101,180,150.11
287201,180,150.32
287301,180,150.11
287401,180,150.11
287501,180,150.11
287601,180,150.11
287701,180,150.32
287801,180,150.32
287901,180,150.32
288001,180,150.32
288101,180,150.32
288201,180,150.32
288301,180,150.32
288401,180,150.32
288501,180,150.53
288601,180,150.53
288701,180,150.53
288801,180,150.53
288901,180,150.53
289001,180,150.53
289101,180,150.53
289201,180,150.53
289301,180,150.74
289401,180,150.74
289501,180,150.74
289601,180,150.74
289701,180,150.74
289801,180,150.74
289901,180,150.74
290001,180,150.74
290101,180,150.74
290201,180,150.74
290301,180,150.74
290401,180,150.74
290501,180,150.74
290601,180,150.74
290701,180,150.95
290801,180,150.74
290901,180,150.74
291001,180,150.95
291101,180,150.95
291201,180,150.95
291301,180,150.95
291401,180,150.95
291501,180,150.95
291601,180,150.95
291701,180,151.16
291801,180,151.16
291901,180,151.16
292001,180,151.16
292101,180,151.16
292201,180,151.16
292301,180,151.16
292401,180,151.16
292501,180,151.16
292601,180,151.37
292701,180,151.37
292801,180,151.16
292901,180,151.37
293001,180,151.37
293101,180,151.37
293201,180,151.37
293301,180,151.37
293401,180,151.37
293501,180,151.37
293601,180,151.37
293701,180,151.37
293801,180,151.58
293901,180,151.58
294001,180,151.58
294101,180,151.58
294201,180,151.58
294301,180,151.58
294401,180,151.58
294501,180,151.58
294601,180,151.58
294701,180,151.58
294801,180,151.58
294901,180,151.79
295001,180,151.58
295101,180,151.79
295201,180,151.79
295301,180,151.79
295401,180,151.79
295501,180,151.79
295601,180,151.79
295701,180,151.79
295801,180,151.79
295901,180,151.79
296001,180,152.00
296101,180,151.79
296201,180,152.00
296301,180,152.00
296401,180,152.00
296501,180,152.00
296601,180,152.00
296701,180,152.00
296801,180,152.00
296901,180,152.00
297001,180,152.21
297101,180,152.21
297201,180,152.21
297301,180,152.21
297401,180,152.21
297501,180,152.21
297601,180,152.21
297701,180,152.21
297801,180,152.21
297901,180,152.21
298001,180,152.21
298101,180,152.21
298201,180,152.43
298301,180,152.43
298401,180,152.43
298501,180,152.43
298601,180,152.43
298701,180,152.43
298801,180,152.43
298901,180,152.43
299001,180,152.43
299101,180,152.43
299201,180,152.64
299301,180,152.64
299401,180,152.43
299501,180,152.64
299601,180,152.64
299701,180,152.64
299801,180,152.64
299901,180,152.64
300001,180,152.64
300101,180,152.64
300201,180,152.64
300301,180,152.64
300401,180,152.86
300501,180,152.64
300601,180,152.86
300701,180,152.86
300801,180,152.86
300901,180,152.86
301001,180,152.86
301101,180,152.86
301201,180,152.86
301301,180,152.86
301401,180,152.86
301501,180,152.86
301601,180,152.86
301701,180,153.07
301801,180,153.07
301901,180,153.07
302001,180,153.07
302101,180,153.07
302201,180,153.07
302301,180,153.07
302401,180,153.07
302501,180,153.07
302601,180,153.07
302701,180,153.07
302801,180,153.07
302901,180,153.07
303001,180,153.07
303101,180,153.07
303201,180,153.29
303301,180,153.29
303401,180,153.29
303501,180,153.29
303601,180,153.29
303701,180,153.29
303801,180,153.29
303901,180,153.29
304001,180,153.29
304101,180,153.29
304201,180,153.29
304301,180,153.29
304401,180,153.29
304501,180,153.50
304601,180,153.50
304701,180,153.50
304801,180,153.50
304901,180,153.50
305001,180,153.50
305101,180,153.50
305201,180,153.72
305301,180,153.50
305401,180,153.72
305501,180,153.50
305601,180,153.72
305701,180,153.72
305801,180,153.72
305901,180,153.72
306001,180,153.72
306101,180,153.72
306201,180,153.72
306301,180,153.72
306401,180,153.72
306501,180,153.72
306601,180,153.72
306701,180,153.72
306801,180,153.94
306901,180,153.94
307001,180,153.94
307101,180,153.94
307201,180,153.94
307301,180,153.94
307401,180,153.94
307501,180,153.94
307601,180,153.94
307701,180,154.16
307801,180,154.16
307901,180,154.16
308001,180,154.16
308101,180,154.16
308201,180,154.16
308301,180,154.16
308401,180,154.16
308501,180,154.16
308601,180,154.16
308701,180,154.16
308801,180,154.16
308901,180,154.38
309001,180,154.38
309101,180,154.16
309201,180,154.38
309301,180,154.38
309401,180,154.38
309501,180,154.38
309601,180,154.60
309701,180,154.38
309801,180,154.38
309901,180,154.60
310001,180,154.60
310101,180,154.60
310201,180,154.60
310301,180,154.60
310401,180,154.60
310501,180,154.60
310601,180,154.60
310701,180,154.82
310801,180,154.82
310901,180,154.82
311001,180,154.82
311101,180,154.82
311201,180,154.82
311301,180,154.82
311401,180,154.82
311501,180,154.82
311601,180,154.82
311701,180,154.82
311801,180,155.04
311901,180,155.04
312001,180,155.04
312101,180,155.04
312201,180,155.04
312301,180,155.04
312401,180,155.04
312501,180,155.04
312601,180,155.04
312701,180,155.04
312801,180,155.04
312901,180,155.04
313001,180,155.26
313101,180,155.04
313201,180,155.26
313301,180,155.26
313401,180,155.26
313501,180,155.26
313601,180,155.26
313701,180,155.26
313801,180,155.26
313901,180,155.49
314001,180,155.49
314101,180,155.49
314201,180,155.49
314301,180,155.49
314401,180,155.49
314501,180,155.49
314601,180,155.49
314701,180,155.49
314801,180,155.49
314901,180,155.49
315001,180,155.49
315101,180,155.71
315201,180,155.49
315301,180,155.71
315401,180,155.71
315501,180,155.71
315601,180,155.71
315701,180,155.71
315801,180,155.71
315901,180,155.71
316001,180,155.71
316101,180,155.71
316201,180,155.71
316301,180,155.71
316401,180,155.94
316501,180,155.94
316601,180,155.94
316701,180,155.94
316801,180,155.94
316901,180,155.94
317001,180,155.94
317101,180,155.94
317201,180,155.94
317301,180,155.94
317401,180,155.94
317501,180,155.94
317601,180,156.16
317701,180,155.94
317801,180,156.16
317901,180,156.16
318001,180,156.16
318101,180,156.16
318201,180,156.16
318301,180,156.16
318401,180,156.16
318501,180,156.39
318601,180,156.16
318701,180,156.39
318801,180,156.39
318901,180,156.39
319001,180,156.39
319101,180,156.39
319201,180,156.39
319301,180,156.39
319401,180,156.39
319501,180,156.39
319601,180,156.39
319701,180,156.39
319801,180,156.39
319901,180,156.39
320001,180,156.39
320101,180,156.62
320201,180,156.39
320301,180,156.62
320401,180,156.62
320501,180,156.62
320601,180,156.62
320701,180,156.62
320801,180,156.62
320901,180,156.62
321001,180,156.62
321101,180,156.62
321201,180,156.62
321301,180,156.62
321401,180,156.62
321501,180,156.62
321601,180,156.62
321701,180,156.85
321801,180,156.85
321901,180,156.62
322001,180,156.85
322101,180,156.85
322201,180,156.85
322301,180,156.85
322401,180,156.85
322501,180,156.85
322601,180,156.85
322701,180,156.85
322801,180,156.85
322901,180,156.85
323001,180,156.85
323101,180,156.85
323201,180,156.85
323301,180,157.07
323401,180,156.85
323501,180,157.07
323601,180,157.07
323701,180,157.07
323801,180,157.07
323901,180,157.07
324001,180,157.07
324101,180,157.07
324201,180,157.07
324301,180,157.07
324401,180,157.07
324501,180,157.07
324601,180,157.07
324701,180,157.30
324801,180,157.07
324901,180,157.30
325001,180,157.30
325101,180,157.30
325201,180,157.30
325301,180,157.30
325401,180,157.30
325501,180,157.30
325601,180,157.30
325701,180,157.30
325801,180,157.30
325901,180,157.30
326001,180,157.30
326101,180,157.53
326201,180,157.53
326301,180,157.53
326401,180,157.53
326501,180,157.53
326601,180,157.53
326701,180,157.53
326801,180,157.53
326901,180,157.53
327001,180,157.53
327101,180,157.53
327201,180,157.53
327301,180,157.53
327401,180,157.53
327501,180,157.53
327601,180,157.53
327701,180,157.53
327801,180,157.77
327901,180,157.77
328001,180,157.77
328101,180,157.77
328201,180,157.77
328301,180,157.77
328401,180,157.77
328501,180,157.77
328601,180,157.77
328701,180,157.77
328801,180,157.77
328901,180,157.77
329001,180,157.77
329101,180,157.77
329201,180,157.77
329301,180,157.77
329401,180,157.77
329501,180,157.77
329601,180,157.77
329701,180,157.77
329801,180,157.77
329901,180,158.00
330001,180,158.00
330101,180,158.00
330201,180,158.00
330301,180,158.00
330401,180,158.23
330501,180,158.23
330601,180,158.23
330701,180,158.23
330801,180,158.23
330901,180,158.23
331001,180,158.23
331101,180,158.23
331201,180,158.23
331301,180,158.23
331401,180,158.23
331501,180,158.23
331601,180,158.23
331701,180,158.23
331801,180,158.47
331901,180,158.47
332001,180,158.47
332101,180,158.23
332201,180,158.47
332301,180,158.47
332401,180,158.47
332501,180,158.47
332601,180,158.47
332701,180,158.47
332801,180,158.47
332901,180,158.70
333001,180,158.47
333101,180,158.70
333201,180,158.47
333301,180,158.70
333401,180,158.70
333501,180,158.70
333601,180,158.70
333701,180,158.70
333801,180,158.70
333901,180,158.70
334001,180,158.70
334101,180,158.70
334201,180,158.70
334301,180,158.70
334401,180,158.70
334501,180,158.94
334601,180,158.70
334701,180,158.94
334801,180,158.94
334901,180,158.94
335001,180,158.94
335101,180,158.94
335201,180,158.94
335301,180,158.94
335401,180,158.94
335501,180,158.94
335601,180,158.94
335701,180,158.94
335801,180,158.94
335901,180,158.94
336001,180,158.94
336101,180,158.94
336201,180,159.17
336301,180,159.17
336401,180,159.17
336501,180,159.17
336601,180,158.94
336701,180,159.17
336801,180,159.17
336901,180,159.17
337001,180,159.17
337101,180,159.17
337201,180,159.17
337301,180,159.17
337401,180,159.17
337501,180,159.17
337601,180,159.17
337701,180,159.41
337801,180,159.17
337901,180,159.41
338001,180,159.17
338101,180,159.41
338201,180,159.41
338301,180,159.41
338401,180,159.41
338501,180,159.41
338601,180,159.41
338701,180,159.41
338801,180,159.41
338901,180,159.41
339001,180,159.41
339101,180,159.41
339201,180,159.65
339301,180,159.41
339401,180,159.41
339501,180,159.65
339601,180,159.65
339701,180,159.65
339801,180,159.65
339901,180,159.65
340001,180,159.65
340101,180,159.65
340201,180,159.65
340301,180,159.65
340401,180,159.65
340501,180,159.89
340601,180,159.89
340701,180,159.89
340801,180,159.89
340901,180,159.89
341001,180,159.89
341101,180,159.89
341201,180,159.89
341301,180,159.89
341401,180,159.89
341501,180,159.89
341601,180,159.89
341701,180,159.89
341801,180,159.89
341901,180,160.13
342001,180,160.13
342101,180,160.13
342201,180,160.13
342301,180,160.13
342401,180,160.13
342501,180,160.13
342601,180,160.13
342701,180,160.13
342801,180,160.13
342901,180,160.13
343001,180,160.37
343101,180,160.37
343201,180,160.13
343301,180,160.13
343401,180,160.13
343501,180,160.37
343601,180,160.37
343701,180,160.37
343801,180,160.37
343901,180,160.37
344001,180,160.37
344101,180,160.37
344201,180,160.37
344301,180,160.37
344401,180,160.37
344501,180,160.61
344601,180,160.61
344701,180,160.61
344801,180,160.61
344901,180,160.37
345001,180,160.61
345101,180,160.61
345201,180,160.61
345301,180,160.61
345401,180,160.61
345501,180,160.61
345601,180,160.61
345701,180,160.61
345801,180,160.61
345901,180,160.61
346001,180,160.85
346101,180,160.61
346201,180,160.61
346301,180,160.85
346401,180,160.85
346501,180,160.85
346601,180,160.85
346701,180,160.85
346801,180,160.85
346901,180,160.85
347001,180,160.85
347101,180,161.10
347201,180,160.85
347301,180,161.10
347401,180,160.85
347501,180,161.10
347601,180,161.10
347701,180,161.10
347801,180,161.10
347901,180,161.10
348001,180,161.10
348101,180,161.10
348201,180,161.10
348301,180,161.10
348401,180,161.10
348501,180,161.10
348601,180,161.10
348701,180,161.10
348801,180,161.10
348901,180,161.34
349001,180,161.34
349101,180,161.10
349201,180,161.34
349301,180,161.34
349401,180,161.34
349501,180,161.34
349601,180,161.34
349701,180,161.34
349801,180,161.34
349901,180,161.34
350001,180,161.34
350101,180,161.34
350201,180,161.34
350301,180,161.34
350401,180,161.34
350501,180,161.59
350601,180,161.59
350701,180,161.59
350801,180,161.59
350901,180,161.59
351001,180,161.59
351101,180,161.59
351201,180,161.59
351301,180,161.59
351401,180,161.59
351501,180,161.59
351601,180,161.59
351701,180,161.59
351801,180,161.59
351901,180,161.59
352001,180,161.59
352101,180,161.59
352201,180,161.84
352301,180,161.59
352401,180,161.84
352501,180,161.84
352601,180,161.84
352701,180,161.84
352801,180,161.84
352901,180,161.84
353001,180,161.84
353101,180,161.84
353201,180,161.84
353301,180,161.84
353401,180,161.84
353501,180,161.84
353601,180,161.84
353701,180,161.84
353801,180,161.84
353901,180,161.84
354001,180,161.84
354101,180,162.08
354201,180,162.08
354301,180,162.08
354401,180,162.08
354501,180,162.08
354601,180,162.08
354701,180,162.08
354801,180,162.08
354901,180,162.08
355001,180,162.08
355101,180,162.08
355201,180,162.08
355301,180,162.08
355401,180,162.08
355501,180,162.08
355601,180,162.08
355701,180,162.33
355801,180,162.33
355901,180,162.08
356001,180,162.33
356101,180,162.33
356201,180,162.33
356301,180,162.33
356401,180,162.33
356501,180,162.33
356601,180,162.33
356701,180,162.33
356801,180,162.33
356901,180,162.33
357001,180,162.33
357101,180,162.33
357201,180,162.33
357301,180,162.33
357401,180,162.33
357501,180,162.33
357601,180,162.58
357701,180,162.33
357801,180,162.58
357901,180,162.33
358001,180,162.33
358101,180,162.58
358201,180,162.58
358301,180,162.58
358401,180,162.58
358501,180,162.58
358601,180,162.58
358701,180,162.58
358801,180,162.58
358901,180,162.58
359001,180,162.58
359101,180,162.58
359201,180,162.58
359301,180,162.58
359401,180,162.58
359501,180,162.58
359601,180,162.58
359701,180,162.58
359801,180,162.58
359901,180,162.58
360001,180,162.83
360101,180,162.83
360201,180,162.58
360301,180,162.83
360401,180,162.83
360501,180,162.83
360601,180,162.83
360701,180,162.83
360801,180,162.83
360901,180,162.83
361001,180,162.83
361101,180,162.83
361201,180,162.83
361301,180,162.83
361401,180,162.83
361501,180,162.83
361601,180,162.83
361701,180,162.83
361801,180,162.83
361901,180,163.08
362001,180,163.08
362101,180,163.08
362201,180,163.08
362301,180,163.08
362401,180,163.08
362501,180,163.08
362601,180,163.08
362701,180,163.08
362801,180,163.08
362901,180,163.08
363001,180,163.08
363101,180,163.08
363201,180,163.08
363301,180,163.08
363401,180,163.08
363501,180,163.08
363601,180,163.08
363701,180,163.34
363801,180,163.34
363901,180,163.34
364001,180,163.34
364101,180,163.08
364201,180,163.34
364301,180,163.34
364401,180,163.34
364501,180,163.34
364601,180,163.34
364701,180,163.34
364801,180,163.34
364901,180,163.34
365001,180,163.34
365101,180,163.59
365201,180,163.34
365301,180,163.34
365401,180,163.59
365501,180,163.34
365601,180,163.59
365701,180,163.59
365801,180,163.59
365901,180,163.59
366001,180,163.59
366101,180,163.59
366201,180,163.59
366301,180,163.59
366401,180,163.59
366501,180,163.59
366601,180,163.59
366701,180,163.59
366801,180,163.85
366901,180,163.59
367001,180,163.59
367101,180,163.59
367201,180,163.85
367301,180,163.59
367401,180,163.85
367501,180,163.85
367601,180,163.85
367701,180,163.85
367801,180,163.85
367901,180,163.85
368001,180,163.85
368101,180,163.85
368201,180,163.85
368301,180,163.85
368401,180,163.85
368501,180,163.85
368601,180,163.85
368701,180,163.85
368801,180,164.10
368901,180,164.10
369001,180,164.10
369101,180,164.10
369201,180,164.10
369301,180,164.10
369401,180,164.10
369501,180,164.10
369601,180,164.10
369701,180,164.10
369801,180,164.10
369901,180,164.10
370001,180,164.10
370101,180,164.10
370201,180,164.36
370301,180,164.10
370401,180,164.10
370501,180,164.10
370601,180,164.36
370701,180,164.36
370801,180,164.36
370901,180,164.36
371001,180,164.36
371101,180,164.36
371201,180,164.36
371301,180,164.36
371401,180,164.36
371501,180,164.36
371601,180,164.36
371701,180,164.36
371801,180,164.62
371901,180,164.36
372001,180,164.62
372101,180,164.62
372201,180,164.62
372301,180,164.62
372401,180,164.62
372501,180,164.62
372601,180,164.62
372701,180,164.62
372801,180,164.62
372901,180,164.62
373001,180,164.62
373101,180,164.62
373201,180,164.88
373301,180,164.62
373401,180,164.88
373501,180,164.88
373601,180,164.62
373701,180,164.88
373801,180,164.88
373901,180,164.88
374001,180,164.88
374101,180,164.88
374201,180,164.88
374301,180,164.88
374401,180,164.88
374501,180,164.88
374601,180,164.88
374701,180,164.88
374801,180,164.88
374901,180,164.88
375001,180,164.88
375101,180,164.88
375201,180,164.88
375301,180,165.14
375401,180,165.14
375501,180,165.14
375601,180,165.14
375701,180,164.88
375801,180,165.14
375901,180,165.14
376001,180,165.14
376101,180,165.14
376201,180,165.14
376301,180,165.14
376401,180,165.14
376501,180,165.14
376601,180,165.14
376701,180,165.14
376801,180,165.14
376901,180,165.40
377001,180,165.14
377101,180,165.14
377201,180,165.40
377301,180,165.14
377401,180,165.40
377501,180,165.40
377601,180,165.40
377701,180,165.40
377801,180,165.40
377901,180,165.40
378001,180,165.40
378101,180,165.40
378201,180,165.40
378301,180,165.40
378401,180,165.40
378501,180,165.40
378601,180,165.40
378701,180,165.40
378801,180,165.40
378901,180,165.40
379001,180,165.40
379101,180,165.40
379201,180,165.40
379301,180,165.40
379401,180,165.66
379501,180,165.66
379601,180,165.66
379701,180,165.66
379801,180,165.66
379901,180,165.66
380001,180,165.66
380101,180,165.66
380201,180,165.66
380301,180,165.66
380401,180,165.66
380501,180,165.66
380601,180,165.66
380701,180,165.66
380801,180,165.66
380901,180,165.66
381001,180,165.66
381101,180,165.66
381201,180,165.66
381301,180,165.93
381401,180,165.93
381501,180,165.93
381601,180,165.93
381701,180,165.93
381801,180,165.93
381901,180,165.93
382001,180,165.93
382101,180,165.93
382201,180,165.93
382301,180,165.93
382401,180,165.93
382501,180,165.93
382601,180,165.93
382701,180,165.93
382801,180,165.93
382901,180,165.93
383001,180,165.93
383101,180,165.93
383201,180,165.93
383301,180,165.93
383401,180,165.93
383501,180,166.19
383601,180,166.19
383701,180,166.19
383801,180,166.19
383901,180,166.19
384001,180,166.19
384101,180,166.19
384201,180,166.19
384301,180,166.19
384401,180,166.19
384501,180,166.19
384601,180,166.19
384701,180,166.19
384801,180,166.19
384901,180,166.19
385001,180,166.19
385101,180,166.19
385201,180,166.19
385301,180,166.19
385401,180,166.19
385501,180,166.19
385601,180,166.19
385701,180,166.19
385801,180,166.19
385901,180,166.19
386001,180,166.19
386101,180,166.46
386201,180,166.46
386301,180,166.19
386401,180,166.46
386501,180,166.46
386601,180,166.46
386701,180,166.46
386801,180,166.46
386901,180,166.46
387001,180,166.46
387101,180,166.46
387201,180,166.46
387301,180,166.46
387401,180,166.46
387501,180,166.46
387601,180,166.46
387701,180,166.46
387801,180,166.46
387901,180,166.46
388001,180,166.46
388101,180,166.72
388201,180,166.72
388301,180,166.72
388401,180,166.72
388501,180,166.72
388601,180,166.72
388701,180,166.46
388801,180,166.72
388901,180,166.72
389001,180,166.72
389101,180,166.72
389201,180,166.72
389301,180,166.72
389401,180,166.72
389501,180,166.72
389601,180,166.72
389701,180,166.72
389801,180,166.72
389901,180,166.72
390001,180,166.72
390101,180,166.72
390201,180,166.72
390301,180,166.72
390401,180,166.99
390501,180,166.99
390601,180,166.99
390701,180,166.99
390801,180,166.99
390901,180,166.99
391001,180,166.72
391101,180,166.99
391201,180,166.99
391301,180,166.99
391401,180,166.99
391501,180,166.99
391601,180,166.99
391701,180,166.99
391801,180,166.99
391901,180,166.99
392001,180,166.99
392101,180,166.99
392201,180,166.99
392301,180,166.99
392401,180,166.99
392501,180,166.99
392601,180,166.99
392701,180,167.26
392801,180,167.26
392901,180,166.99
393001,180,167.26
393101,180,167.26
393201,180,167.26
393301,180,167.26
393401,180,167.26
393501,180,167.26
393601,180,167.26
393701,180,167.26
393801,180,167.26
393901,180,167.26
394001,180,167.26
394101,180,167.26
394201,180,167.26
394301,180,167.26
394401,180,167.26
394501,180,167.26
394601,180,167.26
394701,180,167.26
394801,180,167.53
394901,180,167.26
395001,180,167.53
395101,180,167.53
395201,180,167.53
395301,180,167.53
395401,180,167.53
395501,180,167.53
395601,180,167.53
395701,180,167.53
395801,180,167.53
395901,180,167.53
396001,180,167.53
396101,180,167.53
396201,180,167.81
396301,180,167.53
396401,180,167.81
396501,180,167.53
396601,180,167.81
396701,180,167.53
396801,180,167.81
396901,180,167.81
397001,180,167.81
397101,180,167.81
397201,180,167.81
397301,180,167.81
397401,180,167.81
397501,180,167.81
397601,180,167.81
397701,180,167.81
397801,180,167.81
397901,180,167.81
398001,180,167.81
398101,180,167.81
398201,180,167.81
398301,180,167.81
398401,180,167.81
398501,180,167.81
398601,180,168.08
398701,180,168.08
398801,180,168.08
398901,180,168.08
399001,180,168.08
399101,180,168.08
399201,180,168.08
399301,180,168.08
399401,180,168.08
399501,180,168.08
399601,180,168.08
399701,180,168.08
399801,180,168.08
399901,180,168.08
400001,180,168.08
400101,180,168.08
400201,180,168.08
400301,180,168.08
400401,180,168.35
400501,180,168.35
400601,180,168.35
400701,180,168.35
400801,180,168.35
400901,180,168.35
401001,180,168.35
401101,180,168.35
401201,180,168.35
401301,180,168.35
401401,180,168.35
401501,180,168.35
401601,180,168.35
401701,180,168.35
401801,180,168.35
401901,180,168.63
402001,180,168.35
402101,180,168.35
402201,180,168.63
402301,180,168.35
402401,180,168.35
402501,180,168.35
402601,180,168.63
402701,180,168.63
402801,180,168.63
402901,180,168.63
403001,180,168.63
403101,180,168.63
403201,180,168.63
403301,180,168.63
403401,180,168.63
403501,180,168.63
403601,180,168.63
403701,180,168.63
403801,180,168.63
403901,180,168.63
404001,180,168.63
404101,180,168.91
404201,180,168.63
404301,180,168.91
404401,180,168.91
404501,180,168.91
404601,180,168.91
404701,180,168.91
404801,180,168.91
404901,180,168.91
405001,180,168.91
405101,180,168.91
405201,180,168.91
405301,180,168.91
405401,180,168.91
405501,180,168.91
405601,180,168.91
405701,180,168.91
405801,180,168.91
405901,180,168.91
406001,180,168.91
406101,180,168.91
406201,180,169.18
406301,180,169.18
406401,180,169.18
406501,180,168.91
406601,180,169.18
406701,180,169.18
406801,180,169.18
406901,180,169.18
407001,180,169.18
407101,180,169.18
407201,180,169.18
407301,180,169.18
407401,180,169.18
407501,180,169.18
407601,180,169.18
407701,180,169.18
407801,180,169.18
407901,180,169.18
408001,180,169.46
408101,180,169.18
408201,180,169.46
408301,180,169.18
408401,180,169.18
408501,180,169.46
408601,180,169.46
408701,180,169.18
408801,180,169.46
408901,180,169.18
409001,180,169.18
409101,180,169.46
409201,180,169.46
409301,180,169.46
409401,180,169.46
409501,180,169.46
409601,180,169.46
409701,180,169.46
409801,180,169.46
409901,180,169.46
410001,180,169.46
410101,180,169.46
410201,180,169.46
410301,180,169.46
410401,180,169.46
410501,180,169.46
410601,180,169.46
410701,180,169.46
410801,180,169.46
410901,180,169.46
411001,180,169.46
411101,180,169.46
411201,180,169.75
411301,180,169.46
411401,180,169.46
411501,180,169.75
411601,180,169.46
411701,180,169.46
411801,180,169.75
411901,180,169.75
412001,180,169.75
412101,180,169.75
412201,180,169.75
412301,180,169.75
412401,180,169.75
412501,180,169.75
412601,180,169.75
412701,180,169.75
412801,180,169.75
412901,180,169.75
413001,180,169.75
413101,180,169.75
413201,180,169.75
413301,180,169.75
413401,180,169.75
413501,180,169.75
413601,180,169.75
413701,180,169.75
413801,180,169.75
413901,180,169.75
414001,180,170.03
414101,180,169.75
414201,180,170.03
414301,180,170.03
414401,180,170.03
414501,180,170.03
414601,180,170.03
414701,180,170.03
414801,180,170.03
414901,180,170.03
415001,180,170.03
415101,180,170.03
415201,180,170.03
415301,180,170.03
415401,180,170.03
415501,180,170.03
415601,180,170.03
415701,180,170.03
415801,180,170.03
415901,180,170.03
416001,180,170.03
416101,180,170.03
416201,180,170.03
416301,180,170.03
416401,180,170.03
416501,180,170.31
416601,180,170.03
416701,180,170.31
416801,180,170.31
416901,180,170.03
417001,180,170.03
417101,180,170.31
417201,180,170.31
417301,180,170.31
417401,180,170.31
417501,180,170.31
417601,180,170.31
417701,180,170.31
417801,180,170.31
417901,180,170.31
418001,180,170.31
418101,180,170.31
418201,180,170.31
418301,180,170.31
418401,180,170.31
418501,180,170.60
418601,180,170.31
418701,180,170.60
418801,180,170.31
418901,180,170.60
419001,180,170.60
419101,180,170.60
419201,180,170.60
419301,180,170.60
419401,180,170.60
419501,180,170.60
419601,180,170.60
419701,180,170.60
419801,180,170.60
419901,180,170.60
420001,180,170.60
420101,180,170.60
420201,180,170.60
420301,180,170.60
420401,180,170.60
420501,180,170.60
420601,180,170.60
420701,180,170.60
420801,180,170.60
420901,180,170.60
421001,180,170.60
421101,180,170.60
421201,180,170.88
421301,180,170.60
421401,180,170.60
421501,180,170.60
421601,180,170.60
421701,180,170.60
421801,180,170.88
421901,180,170.88
422001,180,170.88
422101,180,170.60
422201,180,170.88
422301,180,170.88
422401,180,170.88
422501,180,170.88
422601,180,170.88
422701,180,170.88
422801,180,170.88
422901,180,170.88
423001,180,170.88
423101,180,170.88
423201,180,170.88
423301,180,170.88
423401,180,170.88
423501,180,170.88
423601,180,170.88
423701,180,170.88
423801,180,170.88
423901,180,170.88
424001,180,171.17
424101,180,170.88
424201,180,171.17
424301,180,170.88
424401,180,171.17
424501,180,171.17
424601,180,171.17
424701,180,171.17
424801,180,171.17
424901,180,171.17
425001,180,171.17
425101,180,171.17
425201,180,171.17
425301,180,171.17
425401,180,171.17
425501,180,171.17
425601,180,171.17
425701,180,171.17
425801,180,171.17
425901,180,171.17
426001,180,171.17
426101,180,171.17
426201,180,171.17
426301,180,171.46
426401,180,171.17
426501,180,171.46
426601,180,171.46
426701,180,171.46
426801,180,171.46
426901,180,171.46
427001,180,171.46
427101,180,171.46
427201,180,171.46
427301,180,171.46
427401,180,171.46
427501,180,171.46
427601,180,171.46
427701,180,171.46
427801,180,171.17
427901,180,171.46
428001,180,171.46
428101,180,171.46
428201,180,171.46
428301,180,171.46
428401,180,171.46
428501,180,171.46
428601,180,171.46
428701,180,171.46
428801,180,171.46
428901,180,171.46
429001,180,171.46
429101,180,171.46
429201,180,171.46
429301,180,171.75
429401,180,171.75
429501,180,171.75
429601,180,171.75
429701,180,171.75
429801,180,171.75
429901,180,171.75
430001,180,171.75
430101,180,171.75
430201,180,171.75
430301,180,171.75
430401,180,171.75
430501,180,171.75
430601,180,171.75
430701,180,171.75
430801,180,171.75
430901,180,171.75
431001,180,171.75
431101,180,172.04
431201,180,172.04
431301,180,171.75
431401,180,172.04
431501,180,172.04
431601,180,172.04
431701,180,172.04
431801,180,172.04
431901,180,172.04
432001,180,172.04
432101,180,172.04
432201,180,172.04
432301,180,172.04
432401,180,172.04
432501,180,172.04
432601,180,172.04
432701,180,172.04
432801,180,172.04
432901,180,172.34
433001,180,172.04
433101,180,172.34
433201,180,172.04
433301,180,172.04
433401,180,172.04
433501,180,172.34
433601,180,172.34
433701,180,172.34
433801,180,172.34
433901,180,172.34
434001,180,172.34
434101,180,172.34
434201,180,172.34
434301,180,172.34
434401,180,172.34
434501,180,172.34
434601,180,172.34
434701,180,172.34
434801,180,172.34
434901,180,172.34
435001,180,172.34
435101,180,172.63
435201,180,172.34
435301,180,172.34
435401,180,172.63
435501,180,172.63
435601,180,172.34
435701,180,172.34
435801,180,172.63
435901,180,172.34
436001,180,172.34
436101,180,172.63
436201,180,172.63
436301,180,172.63
436401,180,172.63
436501,180,172.63
436601,180,172.63
436701,180,172.63
436801,180,172.63
436901,180,172.63
437001,180,172.63
437101,180,172.63
437201,180,172.63
437301,180,172.63
437401,180,172.63
437501,180,172.63
437601,180,172.63
437701,180,172.63
437801,180,172.63
437901,180,172.63
438001,180,172.93
438101,180,172.93
438201,180,172.63
438301,180,172.93
438401,180,172.93
438501,180,172.93
438601,180,172.93
438701,180,172.93
438801,180,172.93
438901,180,172.93
439001,180,172.93
439101,180,172.93
439201,180,172.93
439301,180,172.93
439401,180,172.93
439501,180,172.93
439601,180,172.93
439701,180,172.93
439801,180,172.93
439901,180,172.93
440001,180,172.93
440101,180,172.93
440201,180,173.23
440301,180,172.93
440401,180,172.93
440501,180,172.93
440601,180,172.93
440701,180,173.23
440801,180,172.93
440901,180,173.23
441001,180,173.23
441101,180,173.23
441201,180,173.23
441301,180,173.23
441401,180,173.23
441501,180,173.23
441601,180,173.23
441701,180,173.23
441801,180,173.23
441901,180,173.23
442001,180,173.23
442101,180,173.23
442201,180,173.23
442301,180,173.23
442401,180,173.23
442501,180,173.23
442601,180,173.23
442701,180,173.23
442801,180,173.23
442901,180,173.23
443001,180,173.23
443101,180,173.23
443201,180,173.23
443301,180,173.23
443401,180,173.23
443501,180,173.53
443601,180,173.53
443701,180,173.53
443801,180,173.23
443901,180,173.53
444001,180,173.53
444101,180,173.53
444201,180,173.53
444301,180,173.53
444401,180,173.53
444501,180,173.53
444601,180,173.53
444701,180,173.53
444801,180,173.53
444901,180,173.53
445001,180,173.53
445101,180,173.53
445201,180,173.53
445301,180,173.53
445401,180,173.53
445501,180,173.53
445601,180,173.53
445701,180,173.53
445801,180,173.53
445901,180,173.53
446001,180,173.53
446101,180,173.53
446201,180,173.53
446301,180,173.53
446401,180,173.83
446501,180,173.83
446601,180,173.53
446701,180,173.53
446801,180,173.53
446901,180,173.83
447001,180,173.83
447101,180,173.83
447201,180,173.83
447301,180,173.83
447401,180,173.83
447501,180,173.83
447601,180,173.83
447701,180,173.83
447801,180,173.83
447901,180,173.83
448001,180,173.83
448101,180,173.83
448201,180,173.83
448301,180,173.83
448401,180,173.83
448501,180,173.83
448601,180,173.83
448701,180,173.83
448801,180,173.83
448901,180,173.83
449001,180,173.83
449101,180,173.83
449201,180,173.83
449301,180,173.83
449401,180,173.83
449501,180,173.83
449601,180,173.83
449701,180,173.83
449801,180,173.83
449901,180,173.83
450001,180,173.83
450101,180,173.83
450201,180,173.83
450301,180,173.83
450401,180,173.83
450501,180,174.13
450601,180,173.83
450701,180,173.83
450801,180,173.83
450901,180,173.83
451001,180,174.13
451101,180,173.83
451201,180,174.13
451301,180,174.13
451401,180,174.13
451501,180,173.83
451601,180,173.83
451701,180,174.13
451801,180,174.13
451901,180,174.13
452001,180,174.13
452101,180,174.13
452201,180,173.83
452301,180,174.13
452401,180,174.13
452501,180,174.13
452601,180,174.13
452701,180,174.13
452801,180,174.13
452901,180,174.13
453001,180,174.13
453101,180,174.13
453201,180,174.13
453301,180,174.13
453401,180,174.13
453501,180,174.13
453601,180,174.13
453701,180,174.13
453801,180,174.13
453901,180,174.13
454001,180,174.13
454101,180,174.13
454201,180,174.13
454301,180,174.13
454401,180,174.13
454501,180,174.44
454601,180,174.13
454701,180,174.44
454801,180,174.13
454901,180,174.13
455001,180,174.44
455101,180,174.13
455201,180,174.13
455301,180,174.44
455401,180,174.44
455501,180,174.44
455601,180,174.44
455701,180,174.44
455801,180,174.44
455901,180,174.44
456001,180,174.44
456101,180,174.44
456201,180,174.44
456301,180,174.44
456401,180,174.44
456501,180,174.44
456601,180,174.44
456701,180,174.44
456801,180,174.44
456901,180,174.44
457001,180,174.44
457101,180,174.44
457201,180,174.44
457301,180,174.44
457401,180,174.44
457501,180,174.44
457601,180,174.44
457701,180,174.44
457801,180,174.44
457901,180,174.44
458001,180,174.44
458101,180,174.44
458201,180,174.44
458301,180,174.44
458401,180,174.44
458501,180,174.44
458601,180,174.44
458701,180,174.44
458801,180,174.44
458901,180,174.44
459001,180,174.44
459101,180,174.44
459201,180,174.44
459301,180,174.44
459401,180,174.44
459501,180,174.44
459601,180,174.44
459701,180,174.44
459801,180,174.44
459901,180,174.44
460001,180,174.44
460101,180,174.44
460201,180,174.74
460301,180,174.44
460401,180,174.74
460501,180,174.74
460601,180,174.74
460701,180,174.74
460801,180,174.44
460901,180,174.74
461001,180,174.74
461101,180,174.74
461201,180,174.74
461301,180,174.74
461401,180,174.74
461501,180,174.74
461601,180,174.74
461701,180,174.74
461801,180,174.74
461901,180,174.74
462001,180,174.74
462101,180,174.74
462201,180,174.74
462301,180,174.74
462401,180,174.74
462501,180,174.74
462601,180,174.74
462701,180,174.74
462801,180,174.74
462901,180,174.74
463001,180,174.74
463101,180,174.74
463201,180,175.05
463301,180,174.74
463401,180,174.74
463501,180,174.74
463601,180,174.74
463701,180,174.74
463801,180,175.05
463901,180,174.74
464001,180,174.74
464101,180,175.05
464201,180,174.74
464301,180,174.74
464401,180,175.05
464501,180,175.05
464601,180,175.05
464701,180,175.05
464801,180,174.74
464901,180,174.74
465001,180,174.74
465101,180,175.05
465201,180,175.05
465301,180,175.05
465401,180,175.05
465501,180,175.05
465601,180,175.05
465701,180,175.05
465801,180,175.05
465901,180,175.05
466001,180,175.05
466101,180,175.05
466201,180,175.05
466301,180,175.05
466401,180,175.05
466501,180,175.05
466601,180,175.05
466701,180,175.05
466801,180,175.05
466901,180,175.05
467001,180,175.05
467101,180,175.05
467201,180,175.05
467301,180,175.05
467401,180,175.05
467501,180,175.05
467601,180,175.05
467701,180,175.05
467801,180,175.05
467901,180,175.36
468001,180,175.05
468101,180,175.36
468201,180,175.05
468301,180,175.36
468401,180,175.05
468501,180,175.05
468601,180,175.05
468701,180,175.05
468801,180,175.36
468901,180,175.36
469001,180,175.36
469101,180,175.36
469201,180,175.36
469301,180,175.36
469401,180,175.36
469501,180,175.36
469601,180,175.36
469701,180,175.36
469801,180,175.36
469901,180,175.36
470001,180,175.36
470101,180,175.36
470201,180,175.36
470301,180,175.36
470401,180,175.36
470501,180,175.36
470601,180,175.36
470701,180,175.36
470801,180,175.36
470901,180,175.36
471001,180,175.36
471101,180,175.36
471201,180,175.36
471301,180,175.36
471401,180,175.36
471501,180,175.36
471601,180,175.67
471701,180,175.36
471801,180,175.36
471901,180,175.36
472001,180,175.36
472101,180,175.36
472201,180,175.67
472301,180,175.67
472401,180,175.67
472501,180,175.67
472601,180,175.67
472701,180,175.67
472801,180,175.67
472901,180,175.67
473001,180,175.67
473101,180,175.67
473201,180,175.67
473301,180,175.67
473401,180,175.67
473501,180,175.67
473601,180,175.67
473701,180,175.67
473801,180,175.67
473901,180,175.67
474001,180,175.67
474101,180,175.67
474201,180,175.67
474301,180,175.98
474401,180,175.67
474501,180,175.67
474601,180,175.98
474701,180,175.98
474801,180,175.98
474901,180,175.98
475001,180,175.98
475101,180,175.98
475201,180,175.98
475301,180,175.98
475401,180,175.98
475501,180,175.98
475601,180,175.98
475701,180,175.98
475801,180,175.98
475901,180,175.98
476001,180,175.98
476101,180,175.98
476201,180,175.98
476301,180,175.98
476401,180,175.98
476501,180,175.98
476601,180,175.98
476701,180,175.98
476801,180,176.30
476901,180,175.98
477001,180,175.98
477101,180,175.98
477201,180,175.98
477301,180,175.98
477401,180,176.30
477501,180,176.30
477601,180,176.30
477701,180,175.98
477801,180,176.30
477901,180,176.30
478001,180,176.30
478101,180,176.30
478201,180,176.30
478301,180,176.30
478401,180,176.30
478501,180,176.30
478601,180,176.30
478701,180,176.30
478801,180,176.30
478901,180,176.30
479001,180,176.30
479101,180,176.30
479201,180,176.30
479301,180,176.30
479401,180,176.30
479501,180,176.30
479601,180,176.30
479701,180,176.30
479801,180,176.30
479901,180,176.30
480001,180,176.30
480101,180,176.30
480201,180,176.30
480301,180,176.30
480401,180,176.30
480501,180,176.30
480601,180,176.62
480701,180,176.62
480801,180,176.30
480901,180,176.30
481001,180,176.30
481101,180,176.62
481201,180,176.62
481301,180,176.30
481401,180,176.30
481501,180,176.62
481601,180,176.62
481701,180,176.62
481801,180,176.62
481901,180,176.62
482001,180,176.62
482101,180,176.62
482201,180,176.62
482301,180,176.62
482401,180,176.62
482501,180,176.62
482601,180,176.62
482701,180,176.62
482801,180,176.62
482901,180,176.62
483001,180,176.62
483101,180,176.62
483201,180,176.62
483301,180,176.62
483401,180,176.62
483501,180,176.62
483601,180,176.62
483701,180,176.62
483801,180,176.62
483901,180,176.62
484001,180,176.62
484101,180,176.62
484201,180,176.62
484301,180,176.62
484401,180,176.93
484501,180,176.93
484601,180,176.62
484701,180,176.93
484801,180,176.62
484901,180,176.93
485001,180,176.93
485101,180,176.93
485201,180,176.62
485301,180,176.93
485401,180,176.93
485501,180,176.93
485601,180,176.93
485701,180,176.93
485801,180,176.93
485901,180,176.62
486001,180,176.93
486101,180,176.93
486201,180,176.62
486301,180,176.93
486401,180,176.93
486501,180,176.93
486601,180,176.93
486701,180,176.93
486801,180,176.93
486901,180,176.93
487001,180,176.93
487101,180,176.93
487201,180,176.93
487301,180,176.93
487401,180,176.93
487501,180,176.93
487601,180,176.93
487701,180,176.93
487801,180,176.93
487901,180,176.93
488001,180,176.93
488101,180,176.93
488201,180,176.93
488301,180,176.93
488401,180,176.93
488501,180,176.93
488601,180,176.93
488701,180,176.93
488801,180,176.93
488901,180,176.93
489001,180,176.93
489101,180,176.93
489201,180,176.93
489301,180,176.93
489401,180,177.25
489501,180,177.25
489601,180,176.93
489701,180,177.25
489801,180,177.25
489901,180,177.25
490001,180,177.25
490101,180,177.25
490201,180,177.25
490301,180,177.25
490401,180,177.25
490501,180,177.25
490601,180,177.25
490701,180,177.25
490801,180,177.25
490901,180,177.25
491001,180,177.25
491101,180,177.25
491201,180,177.25
491301,180,177.25
491401,180,177.25
491501,180,177.25
491601,180,177.25
491701,180,177.25
491801,180,177.25
491901,180,177.25
492001,180,177.25
492101,180,177.25
492201,180,177.25
492301,180,177.57
492401,180,177.25
492501,180,177.57
492601,180,177.57
492701,180,177.57
492801,180,177.25
492901,180,177.57
493001,180,177.57
493101,180,177.57
493201,180,177.57
493301,180,177.57
493401,180,177.57
493501,180,177.57
493601,180,177.57
493701,180,177.57
493801,180,177.57
493901,180,177.57
494001,180,177.57
494101,180,177.57
494201,180,177.57
494301,180,177.57
494401,180,177.57
494501,180,177.57
494601,180,177.57
494701,180,177.57
494801,180,177.57
494901,180,177.57
495001,180,177.57
495101,180,177.57
495201,180,177.57
495301,180,177.57
495401,180,177.57
495501,180,177.57
495601,180,177.57
495701,180,177.57
495801,180,177.57
495901,180,177.57
496001,180,177.57
496101,180,177.57
496201,180,177.90
496301,180,177.57
496401,180,177.57
496501,180,177.90
496601,180,177.90
496701,180,177.90
496801,180,177.90
496901,180,177.90
497001,180,177.90
497101,180,177.90
497201,180,177.90
497301,180,177.57
497401,180,177.90
497501,180,177.90
497601,180,177.90
497701,180,177.90
497801,180,177.57
497901,180,177.90
498001,180,177.90
498101,180,177.90
498201,180,177.90
498301,180,177.90
498401,180,177.90
498501,180,177.90
498601,180,177.90
498701,180,177.90
498801,180,177.90
498901,180,177.90
499001,180,177.90
499101,180,177.90
499201,180,177.90
499301,180,177.90
499401,180,177.90
499501,180,177.90
499601,180,177.90
499701,180,177.90
499801,180,177.90
499901,180,177.90
500001,180,177.90
500101,180,177.90
500201,180,177.90
500301,180,177.90
500401,180,177.90
500501,180,177.90
500601,180,177.90
500701,180,177.90
500801,180,177.90
500901,180,177.90
501001,180,177.90
501101,180,177.90
501201,180,177.90
501301,180,178.22
501401,180,177.90
501501,180,178.22
501601,180,178.22
501701,180,177.90
501801,180,177.90
501901,180,178.22
502001,180,178.22
502101,180,177.90
502201,180,178.22
502301,180,178.22
502401,180,177.90
502501,180,177.90
502601,180,177.90
502701,180,178.22
502801,180,178.22
502901,180,178.22
503001,180,178.22
503101,180,178.22
503201,180,178.22
503301,180,178.22
503401,180,178.22
503501,180,178.22
503601,180,178.22
503701,180,178.22
503801,180,178.22
503901,180,178.22
504001,180,178.22
504101,180,178.22
504201,180,178.22
504301,180,178.22
504401,180,178.22
504501,180,178.22
504601,180,178.22
504701,180,178.22
504801,180,178.22
504901,180,178.22
505001,180,178.22
505101,180,178.22
505201,180,178.22
505301,180,178.22
505401,180,178.22
505501,180,178.22
505601,180,178.22
505701,180,178.22
505801,180,178.22
505901,180,178.55
506001,180,178.22
506101,180,178.22
506201,180,178.55
506301,180,178.55
506401,180,178.55
506501,180,178.55
506601,180,178.22
506701,180,178.55
506801,180,178.55
506901,180,178.55
507001,180,178.55
507101,180,178.55
507201,180,178.55
507301,180,178.55
507401,180,178.55
507501,180,178.55
507601,180,178.55
507701,180,178.55
507801,180,178.55
507901,180,178.55
508001,180,178.55
508101,180,178.55
508201,180,178.55
508301,180,178.55
508401,180,178.55
508501,180,178.55
508601,180,178.55
508701,180,178.55
508801,180,178.55
508901,180,178.55
509001,180,178.55
509101,180,178.55
509201,180,178.55
509301,180,178.55
509401,180,178.55
509501,180,178.55
509601,180,178.55
509701,180,178.55
509801,180,178.55
509901,180,178.55
510001,180,178.55
510101,180,178.55
510201,180,178.55
510301,180,178.88
510401,180,178.88
510501,180,178.55
510601,180,178.88
510701,180,178.88
510801,180,178.88
510901,180,178.88
511001,180,178.88
511101,180,178.88
511201,180,178.88
511301,180,178.88
511401,180,178.88
511501,180,178.88
511601,180,178.88
511701,180,178.55
511801,180,178.88
511901,180,178.88
512001,180,178.88
512101,180,178.88
512201,180,178.88
512301,180,178.88
512401,180,178.88
512501,180,178.88
512601,180,178.88
512701,180,178.88
512801,180,178.88
512901,180,178.88
513001,180,178.88
513101,180,178.88
513201,180,178.88
513301,180,178.88
513401,180,179.21
513501,180,178.88
513601,180,179.21
513701,180,179.21
513801,180,179.21
513901,180,179.21
514001,180,179.21
514101,180,179.21
514201,180,179.21
514301,180,179.21
514401,180,179.21
514501,180,179.21
514601,180,179.21
514701,180,179.21
514801,180,179.21
514901,180,179.21
515001,180,179.21
515101,180,179.21
515201,180,179.21
515301,180,179.21
515401,180,179.21
515501,180,179.21
515601,180,179.21
515701,180,179.21
515801,180,179.21
515901,180,179.21
516001,180,179.21
516101,180,179.21
516201,180,179.21
516301,180,179.21
516401,180,179.21
516501,180,179.21
516601,180,179.21
516701,180,179.21
516801,180,179.21
516901,180,179.21
517001,180,179.21
517101,180,179.21
517201,180,179.21
517301,180,179.21
517401,180,179.21
517501,180,179.21
517601,180,179.21
517701,180,179.21
517801,180,179.21
517901,180,179.21
518001,180,179.21
518101,180,179.21
518201,180,179.21
518301,180,179.54
518401,180,179.21
518501,180,179.21
518601,180,179.54
518701,180,179.21
518801,180,179.21
518901,180,179.21
519001,180,179.21
519101,180,179.54
519201,180,179.21
519301,180,179.21
519401,180,179.21
519501,180,179.21
519601,180,179.21
519701,180,179.21
519801,180,179.21
519901,180,179.21
520001,180,179.54
520101,180,179.54
520201,180,179.21
520301,180,179.54
520401,180,179.21
520501,180,179.54
520601,180,179.21
520701,180,179.54
520801,180,179.54
520901,180,179.54
521001,180,179.21
521101,180,179.21
521201,180,179.54
521301,180,179.54
521401,180,179.21
521501,180,179.54
521601,180,179.54
521701,180,179.54
521801,180,179.54
521901,180,179.21
522001,180,179.54
522101,180,179.54
522201,180,179.54
522301,180,179.21
522401,180,179.54
522501,180,179.54
522601,180,179.54
522701,180,179.54
522801,180,179.54
522901,180,179.54
523001,180,179.54
523101,180,179.54
523201,180,179.54
523301,180,179.54
523401,180,179.54
523501,180,179.54
523601,180,179.54
523701,180,179.54
523801,180,179.54
523901,180,179.54
524001,180,179.54
524101,180,179.54
524201,180,179.54
524301,180,179.54
524401,180,179.54
524501,180,179.54
524601,180,179.54
524701,180,179.54
524801,180,179.54
524901,180,179.54
525001,180,179.88
525101,180,179.54
525201,180,179.88
525301,180,179.88
525401,180,179.54
525501,180,179.88
525601,180,179.88
525701,180,179.54
525801,180,179.88
525901,180,179.88
526001,180,179.88
526101,180,179.54
526201,180,179.54
526301,180,179.88
526401,180,179.88
526501,180,179.88
526601,180,179.54
526701,180,179.54
526801,180,179.88
526901,180,179.88
527001,180,179.88
527101,180,179.88
527201,180,179.88
527301,180,179.88
527401,180,179.88
527501,180,179.88
527601,180,179.88
527701,180,179.88
527801,180,179.88
527901,180,179.88
528001,180,179.88
528101,180,179.88
528201,180,179.88
528301,180,179.88
528401,180,179.88
528501,180,179.88
528601,180,179.88
528701,180,179.88
528801,180,179.88
528901,180,179.88
529001,180,179.88
529101,180,179.88
529201,180,179.88
529301,180,179.88
529401,180,179.88
529501,180,179.88
529601,180,179.88
529701,180,179.88
529801,180,179.88
529901,180,179.88
530001,180,179.88
530101,180,179.88
530201,180,179.88
530301,180,179.88
530401,180,179.88
530501,180,179.88
530601,180,179.88
530701,180,180.21
530801,180,179.88
530901,180,179.88
531001,180,179.88
531101,180,180.21
531201,180,180.21
531301,180,179.88
531401,180,179.88
531501,180,180.21
531601,180,180.21
531701,180,179.88
531801,180,180.21
531901,180,179.88
532001,180,180.21
532101,180,179.88
532201,180,179.88
532301,180,179.88
532401,180,179.88
532501,180,179.88
532601,180,180.21
532701,180,179.88
532801,180,180.21
532901,180,180.21
533001,180,180.21
533101,180,180.21
533201,180,180.21
533301,180,180.21
533401,180,180.21
533501,180,180.21
533601,180,180.21
533701,180,180.21
533801,180,180.21
533901,180,180.21
534001,180,180.21
534101,180,180.21
534201,180,180.21
534301,180,180.21
534401,180,180.21
534501,180,180.21
534601,180,180.21
534701,180,180.21
534801,180,180.21
534901,180,180.21
535001,180,180.21
535101,180,180.21
535201,180,180.55
535301,180,180.55
535401,180,180.55
535501,180,180.55
535601,180,180.55
535701,180,180.55
535801,180,180.55
535901,180,180.55
536001,180,180.55
536101,180,180.55
536201,180,180.55
536301,180,180.55
536401,180,180.55
536501,180,180.55
536601,180,180.55
536701,180,180.55
536801,180,180.55
536901,180,180.55
537001,180,180.55
537101,180,180.55
537201,180,180.55
537301,180,180.55
537401,180,180.55
537501,180,180.55
537601,180,180.55
537701,180,180.55
537801,180,180.55
537901,180,180.55
538001,180,180.89
538101,180,180.89
538201,180,180.89
538301,180,180.55
538401,180,180.55
538501,180,180.89
538601,180,180.89
538701,180,180.55
538801,180,180.89
538901,180,180.89
539001,180,180.89
539101,180,180.89
539201,180,180.89
539301,180,180.89
539401,180,180.89
539501,180,180.89
539601,180,180.89
539701,180,180.89
539801,180,180.89
539901,180,180.55
540001,180,180.89
540101,180,180.89
540201,180,180.89
540301,180,180.55
540401,180,180.89
540501,180,180.89
540601,180,180.55
540701,180,180.89
540801,180,180.89
540901,180,180.89
541001,180,180.89
541101,180,180.89
541201,180,180.89
541301,180,180.55
541401,180,180.89
541501,180,180.89
541601,180,180.89
541701,180,180.55
541801,180,180.89
541901,180,180.89
542001,180,180.89
542101,180,180.89
542201,180,180.89
542301,180,180.89
542401,180,180.89
542501,180,180.89
542601,180,180.89
542701,180,180.89
542801,180,180.89
542901,180,180.89
543001,180,180.89
543101,180,180.89
543201,180,180.89
543301,180,180.89
543401,180,180.89
543501,180,180.89
543601,180,180.89
543701,180,180.89
543801,180,180.89
543901,180,180.89
544001,180,180.89
544101,180,180.89
544201,180,180.89
544301,180,180.89
544401,180,180.89
544501,180,180.89
544601,180,180.89
544701,180,180.89
544801,180,180.89
544901,180,180.89
545001,180,180.89
545101,180,180.89
545201,180,180.89
545301,180,180.89
545401,180,180.89
545501,180,180.89
545601,180,181.24
545701,180,180.89
545801,180,180.89
545901,180,181.24
546001,180,180.89
546101,180,181.24
546201,180,181.24
546301,180,180.89
546401,180,181.24
546501,180,181.24
546601,180,181.24
546701,180,181.24
546801,180,181.24
546901,180,181.24
547001,180,181.24
547101,180,181.24
547201,180,181.24
547301,180,181.24
547401,180,181.24
547501,180,181.24
547601,180,181.24
547701,180,181.24
547801,180,181.24
547901,180,181.24
548001,180,181.24
548101,180,181.24
548201,180,181.24
548301,180,181.24
548401,180,181.24
548501,180,181.24
548601,180,181.58
548701,180,181.58
548801,180,181.58
548901,180,181.58
549001,180,181.58
549101,180,181.24
549201,180,181.58
549301,180,181.58
549401,180,181.24
549501,180,181.58
549601,180,181.58
549701,180,181.58
549801,180,181.58
549901,180,181.58
550001,180,181.58
550101,180,181.58
550201,180,181.58
550301,180,181.58
550401,180,181.58
550501,180,181.58
550601,180,181.58
550701,180,181.58
550801,180,181.58
550901,180,181.58
551001,180,181.58
551101,180,181.58
551201,180,181.58
551301,180,181.58
551401,180,181.58
551501,180,181.58
551601,180,181.58
551701,180,181.58
551801,180,181.58
551901,180,181.58
552001,180,181.58
552101,180,181.58
552201,180,181.93
552301,180,181.58
552401,180,181.58
552501,180,181.93
552601,180,181.93
552701,180,181.58
552801,180,181.58
552901,180,181.93
553001,180,181.93
553101,180,181.93
553201,180,181.93
553301,180,181.93
553401,180,181.93
553501,180,181.93
553601,180,181.93
553701,180,181.93
553801,180,181.93
553901,180,181.93
554001,180,181.93
554101,180,181.93
554201,180,181.93
554301,180,181.93
554401,180,181.93
554501,180,181.93
554601,180,181.93
554701,180,181.93
554801,180,181.93
554901,180,181.93
555001,180,181.93
555101,180,181.93
555201,180,181.93
555301,180,181.93
555401,180,181.93
555501,180,181.93
555601,180,181.93
555701,180,181.93
555801,180,181.93
555901,180,181.93
556001,180,181.93
556101,180,181.93
556201,180,181.93
556301,180,182.28
556401,180,181.93
556501,180,181.93
556601,180,182.28
556701,180,181.93
556801,180,181.93
556901,180,181.93
557001,180,181.93
557101,180,181.93
557201,180,181.93
557301,180,182.28
557401,180,182.28
557501,180,182.28
557601,180,181.93
557701,180,181.93
557801,180,182.28
557901,180,182.28
558001,180,182.28
558101,180,182.28
558201,180,181.93
558301,180,182.28
558401,180,182.28
558501,180,182.28
558601,180,182.28
558701,180,182.28
558801,180,182.28
558901,180,182.28
559001,180,182.28
559101,180,182.28
559201,180,182.28
559301,180,182.28
559401,180,182.28
559501,180,182.28
559601,180,182.28
559701,180,182.28
559801,180,182.28
559901,180,182.28
560001,180,182.28
560101,180,182.28
560201,180,182.28
560301,180,182.28
560401,180,182.28
560501,180,182.28
560601,180,182.28
560701,180,182.28
560801,180,182.28
560901,180,182.28
561001,180,182.28
561101,180,182.28
561201,180,182.28
561301,180,182.28
561401,180,182.28
561501,180,182.28
561601,180,182.28
561701,180,182.28
561801,180,182.28
561901,180,182.63
562001,180,182.28
562101,180,182.28
562201,180,182.28
562301,180,182.28
562401,180,182.28
562501,180,182.28
562601,180,182.28
562701,180,182.28
562801,180,182.28
562901,180,182.28
563001,180,182.28
563101,180,182.28
563201,180,182.63
563301,180,182.28
563401,180,182.63
563501,180,182.28
563601,180,182.28
563701,180,182.28
563801,180,182.63
563901,180,182.28
564001,180,182.63
564101,180,182.63
564201,180,182.63
564301,180,182.63
564401,180,182.63
564501,180,182.28
564601,180,182.63
564701,180,182.63
564801,180,182.63
564901,180,182.63
565001,180,182.63
565101,180,182.63
565201,180,182.63
565301,180,182.63
565401,180,182.63
565501,180,182.63
565601,180,182.63
565701,180,182.63
565801,180,182.63
565901,180,182.63
566001,180,182.63
566101,180,182.63
566201,180,182.63
566301,180,182.63
566401,180,182.63
566501,180,182.63
566601,180,182.63
566701,180,182.63
566801,180,182.63
566901,180,182.63
567001,180,182.63
567101,180,182.63
567201,180,182.63
567301,180,182.63
567401,180,182.63
567501,180,182.63
567601,180,182.63
567701,180,182.63
567801,180,182.63
567901,180,182.63
568001,180,182.63
568101,180,182.63
568201,180,182.63
568301,180,182.63
568401,180,182.63
568501,180,182.63
568601,180,182.63
568701,180,182.98
568801,180,182.98
568901,180,182.98
569001,180,182.98
569101,180,182.63
569201,180,182.63
569301,180,182.63
569401,180,182.98
569501,180,182.63
569601,180,182.98
569701,180,182.98
569801,180,182.98
569901,180,182.98
570001,180,182.98
570101,180,182.98
570201,180,182.98
570301,180,182.98
570401,180,182.98
570501,180,182.98
570601,180,182.98
570701,180,182.63
570801,180,182.98
570901,180,182.98
571001,180,182.98
571101,180,182.98
571201,180,182.63
571301,180,182.98
571401,180,182.98
571501,180,182.98
571601,180,182.98
571701,180,182.98
571801,180,182.98
571901,180,182.98
572001,180,182.98
572101,180,182.98
572201,180,182.98
572301,180,182.98
572401,180,182.98
572501,180,182.98
572601,180,182.98
572701,180,182.98
572801,180,182.98
572901,180,182.98
573001,180,182.98
573101,180,182.98
573201,180,182.98
573301,180,182.98
573401,180,182.98
573501,180,182.98
573601,180,182.63
573701,180,182.98
573801,180,182.98
573901,180,182.63
574001,180,182.98
574101,180,182.98
574201,180,182.98
574301,180,182.98
574401,180,182.98
574501,180,182.98
574601,180,182.98
574701,180,182.98
574801,180,182.98
574901,180,182.98
575001,180,182.98
575101,180,182.98
575201,180,182.98
575301,180,182.98
575401,180,182.98
575501,180,182.98
575601,180,182.98
575701,180,182.98
575801,180,182.98
575901,180,182.98
576001,180,182.98
576101,180,182.98
576201,180,182.98
576301,180,182.98
576401,180,182.98
576501,180,182.98
576601,180,182.98
576701,180,182.98
576801,180,182.98
576901,180,182.98
577001,180,182.98
577101,180,183.34
577201,180,182.98
577301,180,183.34
577401,180,183.34
577501,180,182.98
577601,180,183.34
577701,180,182.98
577801,180,183.34
577901,180,183.34
578001,180,183.34
578101,180,183.34
578201,180,183.34
578301,180,183.34
578401,180,183.34
578501,180,183.34
578601,180,183.34
578701,180,183.34
578801,180,183.34
578901,180,183.34
579001,180,183.34
579101,180,183.34
579201,180,183.34
579301,180,183.34
579401,180,183.34
579501,180,183.34
579601,180,183.34
579701,180,183.34
579801,180,183.34
579901,180,183.34
580001,180,183.34
580101,180,183.34
580201,180,183.34
580301,180,183.34
580401,180,183.34
580501,180,183.34
580601,180,183.70
580701,180,183.70
580801,180,183.34
580901,180,183.34
581001,180,183.34
581101,180,183.70
581201,180,183.34
581301,180,183.70
581401,180,183.70
581501,180,183.34
581601,180,183.70
581701,180,183.70
581801,180,183.34
581901,180,183.70
582001,180,183.70
582101,180,183.70
582201,180,183.70
582301,180,183.34
582401,180,183.34
582501,180,183.70
582601,180,183.70
582701,180,183.34
582801,180,183.70
582901,180,183.70
583001,180,183.70
583101,180,183.34
583201,180,183.70
583301,180,183.70
583401,180,183.70
583501,180,183.70
583601,180,183.70
583701,180,183.70
583801,180,183.70
583901,180,183.70
584001,180,183.70
584101,180,183.70
584201,180,183.70
584301,180,183.70
584401,180,183.70
584501,180,183.70
584601,180,183.70
584701,180,183.70
584801,180,183.70
584901,180,183.70
585001,180,183.70
585101,180,183.70
585201,180,183.70
585301,180,183.70
585401,180,183.70
585501,180,183.70
585601,180,183.70
585701,180,183.70
585801,180,183.70
585901,180,183.70
586001,180,183.70
586101,180,183.70
586201,180,183.70
586301,180,183.70
586401,180,183.70
586501,180,183.70
586601,180,183.70
586701,180,183.70
586801,180,183.70
586901,180,183.70
587001,180,183.70
587101,180,183.70
587201,180,183.70
587301,180,183.70
587401,180,183.70
587501,180,183.70
587601,180,184.06
587701,180,183.70
587801,180,183.70
587901,180,183.70
588001,180,183.70
588101,180,183.70
588201,180,183.70
588301,180,183.70
588401,180,183.70
588501,180,183.70
588601,180,184.06
588701,180,184.06
588801,180,184.06
588901,180,184.06
589001,180,184.06
589101,180,184.06
589201,180,183.70
589301,180,183.70
589401,180,184.06
589501,180,184.06
589601,180,184.06
589701,180,184.06
589801,180,184.06
589901,180,184.06
590001,180,184.06
590101,180,184.06
590201,180,184.06
590301,180,183.70
590401,180,184.06
590501,180,184.06
590601,180,184.06
590701,180,184.06
590801,180,184.06
590901,180,184.06
591001,180,184.06
591101,180,184.06
591201,180,184.06
591301,180,184.06
591401,180,184.06
591501,180,184.06
591601,180,184.06
591701,180,184.06
591801,180,184.06
591901,180,184.06
592001,180,184.06
592101,180,184.06
592201,180,184.06
592301,180,184.06
592401,180,184.06
592501,180,184.06
592601,180,184.06
592701,180,184.06
592801,180,184.06
592901,180,184.06
593001,180,184.06
593101,180,184.06
593201,180,184.06
593301,180,184.06
593401,180,184.06
593501,180,184.06
593601,180,184.06
593701,180,184.06
593801,180,184.06
593901,180,184.06
594001,180,184.06
594101,180,184.06
594201,180,184.06
594301,180,184.06
594401,180,184.42
594501,180,184.42
594601,180,184.06
594701,180,184.06
594801,180,184.06
594901,180,184.42
595001,180,184.42
595101,180,184.42
595201,180,184.42
595301,180,184.42
595401,180,184.42
595501,180,184.42
595601,180,184.42
595701,180,184.42
595801,180,184.42
595901,180,184.42
596001,180,184.42
596101,180,184.42
596201,180,184.42
596301,180,184.42
596401,180,184.42
596501,180,184.42
596601,180,184.42
596701,180,184.42
596801,180,184.42
596901,180,184.42
597001,180,184.42
597101,180,184.42
597201,180,184.42
597301,180,184.42
597401,180,184.42
597501,180,184.42
597601,180,184.42
597701,180,184.42
597801,180,184.42
597901,180,184.42
598001,180,184.42
598101,180,184.42
598201,180,184.42
598301,180,184.42
598401,180,184.42
598501,180,184.42
598601,180,184.42
598701,180,184.42
598801,180,184.42
598901,180,184.42
599001,180,184.42
599101,180,184.42
599201,180,184.42
599301,180,184.42
599401,180,184.42
599501,180,184.42
599601,180,184.42
599701,180,184.42
599801,180,184.42
599901,180,184.42
600001,180,184.42
600101,180,184.78
600201,180,184.42
600301,180,184.42
600401,180,184.42
600501,180,184.42
600601,180,184.42
600701,180,184.78
600801,180,184.78
600901,180,184.42
601001,180,184.78
601101,180,184.42
601201,180,184.42
601301,180,184.78
601401,180,184.78
601501,180,184.42
601601,180,184.42
601701,180,184.78
601801,180,184.78
601901,180,184.42
602001,180,184.78
602101,180,184.42
602201,180,184.78
602301,180,184.78
602401,180,184.78
602501,180,184.78
602601,180,184.78
602701,180,184.78
602801,180,184.78
602901,180,184.78
603001,180,184.78
603101,180,184.78
603201,180,184.42
603301,180,184.78
603401,180,184.78
603501,180,184.78
603601,180,184.78
603701,180,184.78
603801,180,184.78
603901,180,184.78
604001,180,184.78
604101,180,184.78
604201,180,184.78
604301,180,184.78
604401,180,184.78
604501,180,184.78
604601,180,184.78
604701,180,184.78
604801,180,184.78
604901,180,184.78
605001,180,184.78
605101,180,184.78
605201,180,184.78
605301,180,184.78
605401,180,184.78
605501,180,184.78
605601,180,184.78
605701,180,184.78
605801,180,184.78
605901,180,184.78
606001,180,184.78
606101,180,184.78
606201,180,184.78
606301,180,184.78
606401,180,184.78
606501,180,184.78
606601,180,184.78
606701,180,184.78
606801,180,184.78
606901,180,184.78
607001,180,184.78
607101,180,184.78
607201,180,184.78
607301,180,184.78
607401,180,184.78
607501,180,184.78
607601,180,184.78
607701,180,184.78
607801,180,184.78
607901,180,184.78
608001,180,184.78
608101,180,184.78
608201,180,184.78
608301,180,184.78
608401,180,184.78
608501,180,184.78
608601,180,184.78
608701,180,184.78
608801,180,184.78
608901,180,184.78
609001,180,184.78
609101,180,184.78
609201,180,184.78
609301,180,184.78
609401,180,184.78
609501,180,184.78
609601,180,184.78
609701,180,184.78
609801,180,184.78
609901,180,184.78
610001,180,184.78
610101,180,184.78
610201,180,184.78
610301,180,184.78
610401,180,184.78
610501,180,184.78
610601,180,184.78
610701,180,184.78
610801,180,185.15
610901,180,185.15
611001,180,184.78
611101,180,184.78
611201,180,184.78
611301,180,184.78
611401,180,184.78
611501,180,184.78
611601,180,184.78
611701,180,184.78
611801,180,184.78
611901,180,184.78
612001,180,184.78
612101,180,184.78
612201,180,184.78
612301,180,185.15
612401,180,185.15
612501,180,185.15
612601,180,185.15
612701,180,184.78
612801,180,184.78
612901,180,184.78
613001,180,185.15
613101,180,185.15
613201,180,184.78
613301,180,185.15
613401,180,185.15
613501,180,185.15
613601,180,185.15
613701,180,185.15
613801,180,185.15
613901,180,185.15
614001,180,185.15
614101,180,185.15
614201,180,185.15
614301,180,185.15
614401,180,185.15
614501,180,185.15
614601,180,185.15
614701,180,185.15
614801,180,185.15
614901,180,185.15
615001,180,185.52
615101,180,185.15
615201,180,185.15
615301,180,185.15
615401,180,185.15
615501,180,185.15
615601,180,185.15
615701,180,185.15
615801,180,185.15
615901,180,185.15
616001,180,185.15
616101,180,185.15
616201,180,185.15
616301,180,185.15
616401,180,185.15
616501,180,185.15
616601,180,185.15
616701,180,185.15
616801,180,185.15
616901,180,185.15
617001,180,185.15
617101,180,185.15
617201,180,185.15
617301,180,185.15
617401,180,185.15
617501,180,185.15
617601,180,185.15
617701,180,185.52
617801,180,185.15
617901,180,185.15
618001,180,185.15
618101,180,185.15
618201,180,185.52
618301,180,185.52
618401,180,185.52
618501,180,185.52
618601,180,185.52
618701,180,185.52
618801,180,185.52
618901,180,185.52
619001,180,185.52
619101,180,185.52
619201,180,185.52
619301,180,185.52
619401,180,185.52
619501,180,185.52
619601,180,185.52
619701,180,185.52
619801,180,185.52
619901,180,185.52
620001,180,185.52
620101,180,185.52
620201,180,185.52
620301,180,185.52
620401,180,185.52
620501,180,185.52
620601,180,185.52
620701,180,185.52
620801,180,185.52
620901,180,185.52
621001,180,185.52
621101,180,185.52
621201,180,185.52
621301,180,185.52
621401,180,185.52
621501,180,185.52
621601,180,185.52
621701,180,185.52
621801,180,185.52
621901,180,185.52
622001,180,185.52
622101,180,185.52
622201,180,185.52
622301,180,185.52
622401,180,185.52
622501,180,185.52
622601,180,185.52
622701,180,185.52
622801,180,185.52
622901,180,185.52
623001,180,185.52
623101,180,185.52
623201,180,185.52
623301,180,185.52
623401,180,185.52
623501,180,185.52
623601,180,185.89
623701,180,185.52
623801,180,185.52
623901,180,185.52
624001,180,185.52
624101,180,185.52
624201,180,185.52
624301,180,185.52
624401,180,185.52
624501,180,185.52
624601,180,185.52
624701,180,185.52
624801,180,185.52
624901,180,185.52
625001,180,185.52
625101,180,185.89
625201,180,185.52
625301,180,185.52
625401,180,185.52
625501,180,185.52
625601,180,185.52
625701,180,185.52
625801,180,185.52
625901,180,185.52
626001,180,185.52
626101,180,185.52
626201,180,185.52
626301,180,185.52
626401,180,185.52
626501,180,185.52
626601,180,185.52
626701,180,185.52
626801,180,185.52
626901,180,185.52
627001,180,185.52
627101,180,185.52
627201,180,185.52
627301,180,185.52
627401,180,185.52
627501,180,185.52
627601,180,185.52
627701,180,185.52
627801,180,185.52
627901,180,185.52
628001,180,185.52
628101,180,185.52
628201,180,185.52
628301,180,185.52
628401,180,185.52
628501,180,185.52
628601,180,185.52
628701,180,185.52
628801,180,185.52
628901,180,185.52
629001,180,185.52
629101,180,185.52
629201,180,185.52
629301,180,185.52
629401,180,185.52
629501,180,185.52
629601,180,185.52
629701,180,185.52
629801,180,185.52
629901,180,185.52
630001,180,185.52
630101,180,185.52
630201,180,185.52
630301,180,185.52
630401,180,185.52
630501,180,185.89
630601,180,185.52
630701,180,185.52
630801,180,185.52
630901,180,185.52
631001,180,185.52
631101,180,185.52
631201,180,185.89
631301,180,185.52
631401,180,185.52
631501,180,185.52
631601,180,185.52
631701,180,185.52
631801,180,185.89
631901,180,185.52
632001,180,185.52
632101,180,185.52
632201,180,185.52
632301,180,185.52
632401,180,185.52
632501,180,185.52
632601,180,185.52
632701,180,185.52
632801,180,185.52
632901,180,185.52
633001,180,185.52
633101,180,185.89
633201,180,185.52
633301,180,185.89
633401,180,185.52
633501,180,185.52
633601,180,185.52
633701,180,185.52
633801,180,185.52
633901,180,185.52
634001,180,185.52
634101,180,185.89
634201,180,185.52
634301,180,185.89
634401,180,185.52
634501,180,185.89
634601,180,185.52
634701,180,185.89
634801,180,185.52
634901,180,185.52
635001,180,185.52
635101,180,185.89
635201,180,185.52
635301,180,185.89
635401,180,185.89
635501,180,185.89
635601,180,185.52
635701,180,185.89
635801,180,185.89
635901,180,185.89
636001,180,185.89
636101,180,185.52
636201,180,185.52
636301,180,185.89
636401,180,185.52
636501,180,185.89
636601,180,185.52
636701,180,185.89
636801,180,185.52
636901,180,185.89
637001,180,185.52
637101,180,185.89
637201,180,185.52
637301,180,185.52
637401,180,185.52
637501,180,185.52
637601,180,185.52
637701,180,185.52
637801,180,185.52
637901,180,185.52
638001,180,185.52
638101,180,185.52
638201,180,185.52
638301,180,185.89
638401,180,185.52
638501,180,185.52
638601,180,185.89
638701,180,185.89
638801,180,185.52
638901,180,185.89
639001,180,185.89
639101,180,185.89
639201,180,185.89
639301,180,185.52
639401,180,185.89
639501,180,185.52
639601,180,185.89
639701,180,185.89
639801,180,185.89
639901,180,185.89
640001,180,185.89
640101,180,185.89
640201,180,185.89
640301,180,185.89
640401,180,185.89
640501,180,185.89
640601,180,185.89
640701,180,185.89
640801,180,185.89
640901,180,185.89
641001,180,185.89
641101,180,185.89
641201,180,185.89
641301,180,185.89
641401,180,185.89
641501,180,185.89
641601,180,185.89
641701,180,185.89
641801,180,185.89
641901,180,185.89
642001,180,185.89
642101,180,185.89
642201,180,185.89
642301,180,185.89
642401,180,185.89
642501,180,185.89
642601,180,185.89
642701,180,185.89
642801,180,185.89
642901,180,185.89
643001,180,186.27
643101,180,185.89
643201,180,185.89
643301,180,186.27
643401,180,185.89
643501,180,185.89
643601,180,186.27
643701,180,186.27
643801,180,186.27
643901,180,186.27
644001,180,186.27
644101,180,186.27
644201,180,185.89
644301,180,185.89
644401,180,186.27
644501,180,186.27
644601,180,186.27
644701,180,186.27
644801,180,186.27
644901,180,185.89
645001,180,186.27
645101,180,185.89
645201,180,186.27
645301,180,186.27
645401,180,186.27
645501,180,186.27
645601,180,186.27
645701,180,186.27
645801,180,186.27
645901,180,186.27
646001,180,186.27
646101,180,186.27
646201,180,186.27
646301,180,186.27
646401,180,186.27
646501,180,186.27
646601,180,186.27
646701,180,186.27
646801,180,186.27
646901,180,186.27
647001,180,186.27
647101,180,186.27
647201,180,186.27
647301,180,186.27
647401,180,185.89
647501,180,186.27
647601,180,186.27
647701,180,186.27
647801,180,186.27
647901,180,186.27
648001,180,186.27
648101,180,186.27
648201,180,186.27
648301,180,186.27
648401,180,186.27
648501,180,186.27
648601,180,186.27
648701,180,186.27
648801,180,186.27
648901,180,186.27
649001,180,186.27
649101,180,186.27
649201,180,186.27
649301,180,186.27
649401,180,186.27
649501,180,186.27
649601,180,186.27
649701,180,186.27
649801,180,186.27
649901,180,186.27
650001,180,186.27
650101,180,186.27
650201,180,186.27
650301,180,186.27
650401,180,186.27
650501,180,186.27
650601,180,186.27
650701,180,186.27
650801,180,186.27
650901,180,186.27
651001,180,186.27
651101,180,186.27
651201,180,186.27
651301,180,186.27
651401,180,186.27
651501,180,186.27
651601,180,186.27
651701,180,186.27
651801,180,186.27
651901,180,186.27
652001,180,186.27
652101,180,186.27
652201,180,186.27
652301,180,186.27
652401,180,186.27
652501,180,186.27
652601,180,186.27
652701,180,186.27
652801,180,186.27
652901,180,186.27
653001,180,186.27
653101,180,186.27
653201,180,186.27
653301,180,186.27
653401,180,186.27
653501,180,186.27
653601,180,186.27
653701,180,186.27
653801,180,186.27
653901,180,186.27
654001,180,186.27
654101,180,186.27
654201,180,186.27
654301,180,186.27
654401,180,186.27
654501,180,186.27
654601,180,186.27
654701,180,186.27
654801,180,186.27
654901,180,186.27
655001,180,186.27
655101,180,186.27
655201,180,186.27
655301,180,186.27
655401,180,186.27
655501,180,186.27
655601,180,186.27
655701,180,186.27
655801,180,186.27
655901,180,186.27
656001,180,186.27
656101,180,186.27
656201,180,186.27
656301,180,186.27
656401,180,186.27
656501,180,186.27
656601,180,186.27
656701,180,186.27
656801,180,186.27
656901,180,186.27
657001,180,186.27
657101,180,186.27
657201,180,186.27
657301,180,186.27
657401,180,186.27
657501,180,186.27
657601,180,186.27
657701,180,186.27
657801,180,186.27
657901,180,186.27
658001,180,186.27
658101,180,186.27
658201,180,186.27
658301,180,186.27
658401,180,186.27
658501,180,186.27
658601,180,186.27
658701,180,186.27
658801,180,186.27
658901,180,186.27
659001,180,186.27
659101,180,186.27
659201,180,186.27
659301,180,186.27
659401,180,186.27
659501,180,186.27
659601,180,186.27
659701,180,186.27
659801,180,186.27
659901,180,186.27
660001,180,186.27
660101,180,186.27
660201,180,186.27
660301,180,186.27
660401,180,186.27
660501,180,186.27
660601,180,186.27
660701,180,186.27
660801,180,186.27
660901,180,186.27
661001,180,186.27
661101,180,186.27
661201,180,186.27
661301,180,186.27
661401,180,186.27
661501,180,186.27
661601,180,186.27
661701,180,186.27
661801,180,186.27
661901,180,186.27
662001,180,186.27
662101,180,186.27
662201,180,186.27
662301,180,186.27
662401,180,186.27
662501,180,186.27
662601,180,186.27
662701,180,186.27
662801,180,186.27
662901,180,186.27
663001,180,186.27
663101,180,186.65
663201,180,186.65
663301,180,186.27
663401,180,186.27
663501,180,186.27
663601,180,186.27
663701,180,186.27
663801,180,186.27
663901,180,186.27
664001,180,186.27
664101,180,186.27
664201,180,186.65
664301,180,186.27
664401,180,186.27
664501,180,186.27
664601,180,186.65
664701,180,186.27
664801,180,186.65
664901,180,186.65
665001,180,186.27
665101,180,186.65
665201,180,186.65
665301,180,186.65
665401,180,186.65
665501,180,186.65
665601,180,186.65
665701,180,186.65
665801,180,186.65
665901,180,186.65
666001,180,186.27
666101,180,186.65
666201,180,186.27
666301,180,186.65
666401,180,186.65
666501,180,186.65
666601,180,186.65
666701,180,186.65
666801,180,186.65
666901,180,186.65
667001,180,186.65
667101,180,186.65
667201,180,186.65
667301,180,186.65
667401,180,186.65
667501,180,186.65
667601,180,186.65
667701,180,186.65
667801,180,186.65
667901,180,186.65
668001,180,186.65
668101,180,186.65
668201,180,186.65
668301,180,186.65
668401,180,186.65
668501,180,186.65
668601,180,186.65
668701,180,186.65
668801,180,186.65
668901,180,186.65
669001,180,186.65
669101,180,186.65
669201,180,186.65
669301,180,186.65
669401,180,186.65
669501,180,186.65
669601,180,186.65
669701,180,186.65
669801,180,187.03
669901,180,186.65
670001,180,187.03
670101,180,187.03
670201,180,187.03
670301,180,187.03
670401,180,186.65
670501,180,186.65
670601,180,186.65
670701,180,186.65
670801,180,187.03
670901,180,187.03
671001,180,186.65
671101,180,187.03
671201,180,186.65
671301,180,187.03
671401,180,186.65
671501,180,187.03
671601,180,187.03
671701,180,187.03
671801,180,187.03
671901,180,187.03
672001,180,187.03
672101,180,187.03
672201,180,187.03
672301,180,187.03
672401,180,187.03
672501,180,187.03
672601,180,187.03
672701,180,187.03
672801,180,187.03
672901,180,187.03
673001,180,187.03
673101,180,187.03
673201,180,187.03
673301,180,187.03
673401,180,187.03
673501,180,187.03
673601,180,187.03
673701,180,187.03
673801,180,187.03
673901,180,187.03
674001,180,187.03
674101,180,187.03
674201,180,187.03
674301,180,187.03
674401,180,187.03
674501,180,187.03
674601,180,187.03
674701,180,187.03
674801,180,187.03
674901,180,187.03
675001,180,187.03
675101,180,187.03
675201,180,187.03
675301,180,187.03
675401,180,187.03
675501,180,187.03
675601,180,187.03
675701,180,187.41
675801,180,187.03
675901,180,187.03
676001,180,187.03
676101,180,187.03
676201,180,187.41
676301,180,187.41
676401,180,187.41
676501,180,187.03
676601,180,187.41
676701,180,187.41
676801,180,187.41
676901,180,187.41
677001,180,187.41
677101,180,187.03
677201,180,187.41
677301,180,187.41
677401,180,187.41
677501,180,187.41
677601,180,187.41
677701,180,187.41
677801,180,187.41
677901,180,187.41
678001,180,187.41
678101,180,187.41
678201,180,187.41
678301,180,187.41
678401,180,187.41
678501,180,187.41
678601,180,187.41
678701,180,187.41
678801,180,187.41
678901,180,187.41
679001,180,187.41
679101,180,187.41
679201,180,187.41
679301,180,187.41
679401,180,187.41
679501,180,187.41
679601,180,187.41
679701,180,187.03
679801,180,187.41
679901,180,187.41
680001,180,187.41
680101,180,187.41
680201,180,187.41
680301,180,187.41
680401,180,187.41
680501,180,187.41
680601,180,187.41
680701,180,187.41
680801,180,187.41
680901,180,187.41
681001,180,187.41
681101,180,187.41
681201,180,187.41
681301,180,187.41
681401,180,187.41
681501,180,187.41
681601,180,187.41
681701,180,187.41
681801,180,187.41
681901,180,187.41
682001,180,187.41
682101,180,187.41
682201,180,187.41
682301,180,187.41
682401,180,187.41
682501,180,187.41
682601,180,187.41
682701,180,187.41
682801,180,187.41
682901,180,187.41
683001,180,187.41
683101,180,187.41
683201,180,187.41
683301,180,187.41
683401,180,187.41
683501,180,187.41
683601,180,187.79
683701,180,187.41
683801,180,187.79
683901,180,187.41
684001,180,187.41
684101,180,187.41
684201,180,187.41
684301,180,187.41
684401,180,187.41
684501,180,187.41
684601,180,187.79
684701,180,187.79
684801,180,187.41
684901,180,187.41
685001,180,187.79
685101,180,187.41
685201,180,187.79
685301,180,187.41
685401,180,187.41
685501,180,187.41
685601,180,187.41
685701,180,187.79
685801,180,187.41
685901,180,187.79
686001,180,187.41
686101,180,187.41
686201,180,187.41
686301,180,187.41
686401,180,187.41
686501,180,187.41
686601,180,187.41
686701,180,187.41
686801,180,187.79
686901,180,187.41
687001,180,187.41
687101,180,187.79
687201,180,187.41
687301,180,187.79
687401,180,187.41
687501,180,187.79
687601,180,187.79
687701,180,187.79
687801,180,187.79
687901,180,187.41
688001,180,187.41
688101,180,187.41
688201,180,187.79
688301,180,187.41
688401,180,187.41
688501,180,187.41
688601,180,187.41
688701,180,187.79
688801,180,187.41
688901,180,187.41
689001,180,187.41
689101,180,187.79
689201,180,187.41
689301,180,187.41
689401,180,187.41
689501,180,187.41
689601,180,187.79
689701,180,187.41
689801,180,187.41
689901,180,187.79
690001,180,187.79
690101,180,187.41
690201,180,187.41
690301,180,187.79
690401,180,187.41
690501,180,187.41
690601,180,187.79
690701,180,187.79
690801,180,187.79
690901,180,187.79
691001,180,187.41
691101,180,187.41
691201,180,187.41
691301,180,187.41
691401,180,187.41
691501,180,187.41
691601,180,187.41
691701,180,187.41
691801,180,187.41
691901,180,187.79
692001,180,187.41
692101,180,187.41
692201,180,187.79
692301,180,187.79
692401,180,187.41
692501,180,187.79
692601,180,187.79
692701,180,187.41
692801,180,187.41
692901,180,187.79
693001,180,187.41
693101,180,187.79
693201,180,187.41
693301,180,187.41
693401,180,187.79
693501,180,187.41
693601,180,187.41
693701,180,187.41
693801,180,187.41
693901,180,187.41
694001,180,187.79
694101,180,187.79
694201,180,187.79
694301,180,187.41
694401,180,187.41
694501,180,187.79
694601,180,187.79
694701,180,187.41
694801,180,187.79
694901,180,187.41
695001,180,187.79
695101,180,187.79
695201,180,187.41
695301,180,187.79
695401,180,187.41
695501,180,187.79
695601,180,187.79
695701,180,187.79
695801,180,187.79
695901,180,187.79
696001,180,187.79
696101,180,187.79
696201,180,187.79
696301,180,187.79
696401,180,187.79
696501,180,187.79
696601,180,187.79
696701,180,187.79
696801,180,187.79
696901,180,187.79
697001,180,187.79
697101,180,187.79
697201,180,187.79
697301,180,187.79
697401,180,187.79
697501,180,187.79
697601,180,187.79
697701,180,187.79
697801,180,187.79
697901,180,187.79
698001,180,187.79
698101,180,187.79
698201,180,187.79
698301,180,187.79
698401,180,187.79
698501,180,187.79
698601,180,187.79
698701,180,187.79
698801,180,187.79
698901,180,187.79
699001,180,187.79
699101,180,187.79
699201,180,187.79
699301,180,187.79
699401,180,187.79
699501,180,187.79
699601,180,187.79
699701,180,187.79
699801,180,187.79
699901,180,187.79
700001,180,187.79
700101,180,187.79
700201,180,187.79
700301,180,187.79
700401,180,187.79
700501,180,187.79
700601,180,187.79
700701,180,187.79
700801,180,187.79
700901,180,187.79
701001,180,187.79
701101,180,187.79
701201,180,187.79
701301,180,187.79
701401,180,187.79
701501,180,187.79
701601,180,187.79
701701,180,187.79
701801,180,187.79
701901,180,187.79
702001,180,187.79
702101,180,187.79
702201,180,187.79
702301,180,187.79
702401,180,187.79
702501,180,187.79
702601,180,187.79
702701,180,187.79
702801,180,187.79
702901,180,187.79
703001,180,187.79
703101,180,187.79
703201,180,187.79
703301,180,187.79
703401,180,187.79
703501,180,187.79
703601,180,187.79
703701,180,187.79
703801,180,187.79
703901,180,187.79
704001,180,187.79
704101,180,187.79
704201,180,187.79
704301,180,187.79
704401,180,187.79
704501,180,187.79
704601,180,187.79
704701,180,187.79
704801,180,187.79
704901,180,187.79
705001,180,188.18
705101,180,187.79
705201,180,187.79
705301,180,188.18
705401,180,188.18
705501,180,187.79
705601,180,188.18
705701,180,187.79
705801,180,188.18
705901,180,187.79
706001,180,188.18
706101,180,188.18
706201,180,188.18
706301,180,188.18
706401,180,188.18
706501,180,188.18
706601,180,188.18
706701,180,188.18
706801,180,188.18
706901,180,188.18
707001,180,188.18
707101,180,188.18
707201,180,188.18
707301,180,188.18
707401,180,188.18
707501,180,188.18
707601,180,188.18
707701,180,188.18
707801,180,188.18
707901,180,188.18
708001,180,188.18
708101,180,188.18
708201,180,188.18
708301,180,188.18
708401,180,188.18
708501,180,188.18
708601,180,188.18
708701,180,188.18
708801,180,188.57
708901,180,188.18
709001,180,188.18
709101,180,188.18
709201,180,188.18
709301,180,188.18
709401,180,188.18
709501,180,188.18
709601,180,188.57
709701,180,188.18
709801,180,188.18
709901,180,188.18
710001,180,188.57
710101,180,188.18
710201,180,188.57
710301,180,188.18
710401,180,188.57
710501,180,188.18
710601,180,188.18
710701,180,188.57
710801,180,188.57
710901,180,188.57
711001,180,188.18
711101,180,188.57
711201,180,188.57
711301,180,188.18
711401,180,188.57
711501,180,188.57
711601,180,188.57
711701,180,188.57
711801,180,188.57
711901,180,188.57
712001,180,188.57
712101,180,188.57
712201,180,188.57
712301,180,188.57
712401,180,188.57
712501,180,188.57
712601,180,188.57
712701,180,188.57
712801,180,188.57
712901,180,188.57
713001,180,188.57
713101,180,188.57
713201,180,188.57
713301,180,188.57
713401,180,188.57
713501,180,188.57
713601,180,188.57
713701,180,188.57
713801,180,188.57
713901,180,188.57
714001,180,188.57
714101,180,188.57
714201,180,188.57
714301,180,188.57
714401,180,188.57
714501,180,188.57
714601,180,188.57
714701,180,188.57
714801,180,188.57
714901,180,188.57
715001,180,188.57
715101,180,188.57
715201,180,188.57
715301,180,188.57
715401,180,188.57
715501,180,188.57
715601,180,188.57
715701,180,188.57
715801,180,188.57
715901,180,188.57
716001,180,188.57
716101,180,188.57
716201,180,188.57
716301,180,188.57
716401,180,188.57
716501,180,188.57
716601,180,188.57
716701,180,188.57
716801,180,188.57
716901,180,188.57
717001,180,188.57
717101,180,188.57
717201,180,188.57
717301,180,188.57
717401,180,188.57
717501,180,188.57
717601,180,188.57
717701,180,188.57
717801,180,188.57
717901,180,188.57
718001,180,188.57
718101,180,188.57
718201,180,188.57
718301,180,188.57
718401,180,188.57
718501,180,188.97
718601,180,188.57
718701,180,188.57
718801,180,188.57
718901,180,188.57
719001,180,188.57
719101,180,188.57
719201,180,188.57
719301,180,188.57
719401,180,188.57
719501,180,188.57
719601,180,188.57
719701,180,188.57
719801,180,188.57
719901,180,188.57
720001,180,188.57
720101,180,188.57
720201,180,188.57
720301,180,188.57
720401,180,188.57
720501,180,188.57
720601,180,188.57
720701,180,188.57
720801,180,188.57
720901,180,188.57
721001,180,188.97
721101,180,188.57
721201,180,188.57
721301,180,188.57
721401,180,188.57
721501,180,188.57
721601,180,188.57
721701,180,188.57
721801,180,188.57
721901,180,188.57
722001,180,188.57
722101,180,188.57
722201,180,188.57
722301,180,188.57
722401,180,188.57
722501,180,188.57
722601,180,188.97
722701,180,188.57
722801,180,188.57
722901,180,188.97
723001,180,188.97
723101,180,188.97
723201,180,188.97
723301,180,188.97
723401,180,188.57
723501,180,188.57
723601,180,188.97
723701,180,188.57
723801,180,188.57
723901,180,188.97
724001,180,188.97
724101,180,188.57
724201,180,188.57
724301,180,188.97
724401,180,188.97
724501,180,188.97
724601,180,188.97
724701,180,188.97
724801,180,188.97
724901,180,188.97
725001,180,188.97
725101,180,188.97
725201,180,188.97
725301,180,188.97
725401,180,188.97
725501,180,188.97
725601,180,188.97
725701,180,188.97
725801,180,188.97
725901,180,188.97
726001,180,188.97
726101,180,188.97
726201,180,188.97
726301,180,188.97
726401,180,188.97
726501,180,188.97
726601,180,188.97
726701,180,188.97
726801,180,188.97
726901,180,188.97
727001,180,188.97
727101,180,188.97
727201,180,188.97
727301,180,188.97
727401,180,188.97
727501,180,188.97
727601,180,188.97
727701,180,188.97
727801,180,188.97
727901,180,188.97
728001,180,188.97
728101,180,188.97
728201,180,188.97
728301,180,188.97
728401,180,188.97
728501,180,188.97
728601,180,188.97
728701,180,188.97
728801,180,188.97
728901,180,188.97
729001,180,188.97
729101,180,188.97
729201,180,188.97
729301,180,188.97
729401,180,188.97
729501,180,188.97
729601,180,188.97
729701,180,188.97
729801,180,188.97
729901,180,188.97
730001,180,188.97
730101,180,188.97
730201,180,188.97
730301,180,188.97
730401,180,188.97
730501,180,188.97
730601,180,188.97
730701,180,189.36
730801,180,189.36
730901,180,188.97
731001,180,189.36
731101,180,188.97
731201,180,188.97
731301,180,188.97
731401,180,188.97
731501,180,188.97
731601,180,188.97
731701,180,188.97
731801,180,188.97
731901,180,189.36
732001,180,188.97
732101,180,189.36
732201,180,188.97
732301,180,189.36
732401,180,189.36
732501,180,189.36
732601,180,189.36
732701,180,189.36
732801,180,189.36
732901,180,188.97
733001,180,189.36
733101,180,188.97
733201,180,189.36
733301,180,189.36
733401,180,189.36
733501,180,189.36
733601,180,189.36
733701,180,189.36
733801,180,189.36
733901,180,189.36
734001,180,188.97
734101,180,189.36
734201,180,188.97
734301,180,189.36
734401,180,189.36
734501,180,189.36
734601,180,189.36
734701,180,189.36
734801,180,189.36
734901,180,189.36
735001,180,189.36
735101,180,189.36
735201,180,189.36
735301,180,188.97
735401,180,189.36
735501,180,189.36
735601,180,189.36
735701,180,189.36
735801,180,188.97
735901,180,189.36
736001,180,188.97
736101,180,189.36
736201,180,189.36
736301,180,189.36
736401,180,189.36
736501,180,188.97
736601,180,188.97
736701,180,189.36
736801,180,188.97
736901,180,189.36
737001,180,188.97
737101,180,189.36
737201,180,189.36
737301,180,189.36
737401,180,188.97
737501,180,189.36
737601,180,189.36
737701,180,189.36
737801,180,189.36
737901,180,189.36
738001,180,189.36
738101,180,189.36
738201,180,189.36
738301,180,189.36
738401,180,189.36
738501,180,189.36
738601,180,189.36
738701,180,189.36
738801,180,189.36
738901,180,189.36
739001,180,189.36
739101,180,189.36
739201,180,189.36
739301,180,189.36
739401,180,189.36
739501,180,189.36
739601,180,189.36
739701,180,189.36
739801,180,189.36
739901,180,189.36
740001,180,189.36
740101,180,189.36
740201,180,189.36
740301,180,189.36
740401,180,189.36
740501,180,189.36
740601,180,189.36
740701,180,189.36
740801,180,189.36
740901,180,189.36
741001,180,189.36
741101,180,189.36
741201,180,189.36
741301,180,189.36
741401,180,189.36
741501,180,189.36
741601,180,189.36
741701,180,189.36
741801,180,189.36
741901,180,189.36
742001,180,189.36
742101,180,189.36
742201,180,189.36
742301,180,189.36
742401,180,189.36
742501,180,189.36
742601,180,189.36
742701,180,189.36
742801,180,189.36
742901,180,189.36
743001,180,189.36
743101,180,189.36
743201,180,189.36
743301,180,189.36
743401,180,189.36
743501,180,189.36
743601,180,189.36
743701,180,189.36
743801,180,189.36
743901,180,189.36
744001,180,189.36
744101,180,189.36
744201,180,189.36
744301,180,189.36
744401,180,189.36
744501,180,189.36
744601,180,189.36
744701,180,189.36
744801,180,189.36
744901,180,189.36
745001,180,189.36
745101,180,189.36
745201,180,189.36
745301,180,189.36
745401,180,189.36
745501,180,189.36
745601,180,189.36
745701,180,189.36
745801,180,189.36
745901,180,189.36
746001,180,189.36
746101,180,189.36
746201,180,189.36
746301,180,189.36
746401,180,189.36
746501,180,189.36
746601,180,189.36
746701,180,189.36
746801,180,189.36
746901,180,189.36
747001,180,189.36
747101,180,189.36
747201,180,189.76
747301,180,189.36
747401,180,189.36
747501,180,189.36
747601,180,189.36
747701,180,189.36
747801,180,189.36
747901,180,189.36
748001,180,189.36
748101,180,189.36
748201,180,189.36
748301,180,189.36
748401,180,189.36
748501,180,189.36
748601,180,189.36
748701,180,189.36
748801,180,189.36
748901,180,189.36
749001,180,189.76
749101,180,189.36
749201,180,189.36
749301,180,189.36
749401,180,189.36
749501,180,189.36
749601,180,189.36
749701,180,189.76
749801,180,189.76
749901,180,189.36
750001,180,189.36
750101,180,189.36
750201,180,189.36
750301,180,189.76
750401,180,189.36
750501,180,189.76
750601,180,189.36
750701,180,189.36
750801,180,189.36
750901,180,189.36
751001,180,189.36
751101,180,189.36
751201,180,189.76
751301,180,189.36
751401,180,189.36
751501,180,189.36
751601,180,189.76
751701,180,189.36
751801,180,189.36
751901,180,189.36
752001,180,189.76
752101,180,189.76
752201,180,189.36
752301,180,189.76
752401,180,189.76
752501,180,189.36
752601,180,189.36
752701,180,189.36
752801,180,189.76
752901,180,189.36
753001,180,189.36
753101,180,189.36
753201,180,189.36
753301,180,189.76
753401,180,189.36
753501,180,189.36
753601,180,189.76
753701,180,189.76
753801,180,189.36
753901,180,189.76
754001,180,189.36
754101,180,189.76
754201,180,189.36
754301,180,189.36
754401,180,189.36
754501,180,189.76
754601,180,189.36
754701,180,189.76
754801,180,189.36
754901,180,189.36
755001,180,189.36
755101,180,189.36
755201,180,189.76
755301,180,189.36
755401,180,189.36
755501,180,189.36
755601,180,189.76
755701,180,189.36
755801,180,189.36
755901,180,189.36
756001,180,189.36
756101,180,189.36
756201,180,189.36
756301,180,189.36
756401,180,189.36
756501,180,189.76
756601,180,189.36
756701,180,189.36
756801,180,189.36
756901,180,189.36
757001,180,189.36
757101,180,189.36
757201,180,189.36
757301,180,189.36
757401,180,189.36
757501,180,189.76
757601,180,189.36
757701,180,189.36
757801,180,189.36
757901,180,189.36
758001,180,189.36
758101,180,189.36
758201,180,189.36
758301,180,189.36
758401,180,189.76
758501,180,189.36
758601,180,189.36
758701,180,189.36
758801,180,189.36
758901,180,189.36
759001,180,189.36
759101,180,189.36
759201,180,189.36
759301,180,189.36
759401,180,189.36
759501,180,189.36
759601,180,189.36
759701,180,189.36
759801,180,189.36
759901,180,189.36
760001,180,189.36
760101,180,189.36
760201,180,189.36
760301,180,189.36
760401,180,189.36
760501,180,189.36
760601,180,189.36
760701,180,189.36
760801,180,189.36
760901,180,189.36
761001,180,189.36
761101,180,189.36
761201,180,189.36
761301,180,189.36
761401,180,189.36
761501,180,189.36
761601,180,189.36
761701,180,189.36
761801,180,189.36
761901,180,189.36
762001,180,189.36
762101,180,189.36
762201,180,189.36
762301,180,189.36
762401,180,188.97
762501,180,189.36
762601,180,189.36
762701,180,189.36
762801,180,189.36
762901,180,189.36
763001,180,189.36
763101,180,189.36
763201,180,189.36
763301,180,189.36
763401,180,189.36
763501,180,189.36
763601,180,189.36
763701,180,189.36
763801,180,189.36
763901,180,189.36
764001,180,189.36
764101,180,189.36
764201,180,189.36
764301,180,189.36
764401,180,189.36
764501,180,189.36
764601,180,189.36
764701,180,189.36
764801,180,189.36
764901,180,189.36
765001,180,189.36
765101,180,189.36
765201,180,189.36
765301,180,189.36
765401,180,189.36
765501,180,189.36
765601,180,189.36
765701,180,189.36
765801,180,189.36
765901,180,189.36
766001,180,189.36
766101,180,189.36
766201,180,189.36
766301,180,189.36
766401,180,189.36
766501,180,189.36
766601,180,189.36
766701,180,189.36
766801,180,189.36
766901,180,189.36
767001,180,189.36
767101,180,189.36
767201,180,189.36
767301,180,189.36
767401,180,189.36
767501,180,189.36
767601,180,189.36
767701,180,189.36
767801,180,189.36
767901,180,189.36
768001,180,189.36
768101,180,189.36
768201,180,189.36
768301,180,189.36
768401,180,189.36
768501,180,189.36
768601,180,189.36
768701,180,189.36
768801,180,189.36
768901,180,189.36
769001,180,189.36
769101,180,189.36
769201,180,189.36
769301,180,189.36
769401,180,189.36
769501,180,189.36
769601,180,189.36
769701,180,189.36
769801,180,189.36
769901,180,189.36
770001,180,189.36
770101,180,189.36
770201,180,189.36
770301,180,189.36
770401,180,189.36
770501,180,189.36
770601,180,189.36
770701,180,189.36
770801,180,189.36
770901,180,189.36
771001,180,189.36
771101,180,189.36
771201,180,189.36
771301,180,189.36
771401,180,189.36
771501,180,189.36
771601,180,189.36
771701,180,189.36
771801,180,189.36
771901,180,189.76
772001,180,189.36
772101,180,189.36
772201,180,189.36
772301,180,189.36
772401,180,189.36
772501,180,189.36
772601,180,189.36
772701,180,189.36
772801,180,189.36
772901,180,189.36
773001,180,189.76
773101,180,189.36
773201,180,189.76
773301,180,189.76
773401,180,189.76
773501,180,189.76
773601,180,189.36
773701,180,189.76
773801,180,189.36
773901,180,189.76
774001,180,189.76
774101,180,189.76
774201,180,189.36
774301,180,189.76
774401,180,189.76
774501,180,189.76
774601,180,189.76
774701,180,189.36
774801,180,189.36
774901,180,189.36
775001,180,189.36
775101,180,189.36
775201,180,189.76
775301,180,189.76
775401,180,189.36
775501,180,189.36
775601,180,189.76
775701,180,189.76
775801,180,189.36
775901,180,189.76
776001,180,189.36
776101,180,189.36
776201,180,189.76
776301,180,189.76
776401,180,189.36
776501,180,189.76
776601,180,189.76
776701,180,189.76
776801,180,189.76
776901,180,189.36
777001,180,189.76
777101,180,189.36
777201,180,189.76
777301,180,189.36
777401,180,189.76
777501,180,189.36
777601,180,189.76
777701,180,189.76
777801,180,189.36
777901,180,189.76
778001,180,189.76
778101,180,189.76
778201,180,189.36
778301,180,189.76
778401,180,189.36
778501,180,189.76
778601,180,189.36
778701,180,189.76
778801,180,189.76
778901,180,189.76
779001,180,189.36
779101,180,189.76
779201,180,189.76
779301,180,189.76
779401,180,189.76
779501,180,189.76
779601,180,189.76
779701,180,189.76
779801,180,189.76
779901,180,189.76
780001,180,189.76
780101,180,189.76
780201,180,189.76
780301,180,189.76
780401,180,189.76
780501,180,189.76
780601,180,189.76
780701,180,189.76
780801,180,189.76
780901,180,189.76
781001,180,189.76
781101,180,189.76
781201,180,189.76
781301,180,189.76
781401,180,189.76
781501,180,189.76
781601,180,189.76
781701,180,189.76
781801,180,189.76
781901,180,189.76
782001,180,189.76
782101,180,189.76
782201,180,189.76
782301,180,189.76
782401,180,189.76
782501,180,189.76
782601,180,189.76
782701,180,189.76
782801,180,189.76
782901,180,189.76
783001,180,190.16
783101,180,190.16
783201,180,189.76
783301,180,189.76
783401,180,189.76
783501,180,189.76
783601,180,189.76
783701,180,189.76
783801,180,190.16
783901,180,189.76
784001,180,189.76
784101,180,189.76
784201,180,189.76
784301,180,189.76
784401,180,189.76
784501,180,189.76
784601,180,189.76
784701,180,189.76
784801,180,189.76
784901,180,189.76
785001,180,189.76
785101,180,189.76
785201,180,189.76
785301,180,189.76
785401,180,190.16
785501,180,189.76
785601,180,189.76
785701,180,190.16
785801,180,189.76
785901,180,190.16
786001,180,189.76
786101,180,189.76
786201,180,190.16
786301,180,190.16
786401,180,189.76
786501,180,190.16
786601,180,189.76
786701,180,190.16
786801,180,190.16
786901,180,190.16
787001,180,190.16
787101,180,190.16
787201,180,189.76
787301,180,190.16
787401,180,190.16
787501,180,189.76
787601,180,190.16
787701,180,190.16
787801,180,190.16
787901,180,190.16
788001,180,190.16
788101,180,190.16
788201,180,190.16
788301,180,190.16
788401,180,190.16
788501,180,190.16
788601,180,190.16
788701,180,190.16
788801,180,190.16
788901,180,190.16
789001,180,190.16
789101,180,190.16
789201,180,190.16
789301,180,190.16
789401,180,190.16
789501,180,190.16
789601,180,190.16
789701,180,190.16
789801,180,190.16
789901,180,190.16
790001,180,190.16
790101,180,190.16
790201,180,190.16
790301,180,190.16
790401,180,190.16
790501,180,190.16
790601,180,190.16
790701,180,190.16
790801,180,190.16
790901,180,190.16
791001,180,190.16
791101,180,190.16
791201,180,190.16
791301,180,190.16
791401,180,190.16
791501,180,190.16
791601,180,190.16
791701,180,190.16
791801,180,190.16
791901,180,190.16
792001,180,190.16
792101,180,190.16
792201,180,190.16
792301,180,190.16
792401,180,190.16
792501,180,190.16
792601,180,190.16
792701,180,190.16
792801,180,190.16
792901,180,190.16
793001,180,190.16
793101,180,190.16
793201,180,190.16
793301,180,190.16
793401,180,190.16
793501,180,190.16
793601,180,190.16
793701,180,190.16
793801,180,190.16
793901,180,190.16
794001,180,190.16
794101,180,190.16
794201,180,190.16
794301,180,190.16
794401,180,190.16
794501,180,190.16
794601,180,190.57
794701,180,190.16
794801,180,190.16
794901,180,190.16
795001,180,190.16
795101,180,190.16
795201,180,190.16
795301,180,190.16
795401,180,190.57
795501,180,190.16
795601,180,190.57
795701,180,190.16
795801,180,190.57
795901,180,190.16
796001,180,190.57
796101,180,190.16
796201,180,190.16
796301,180,190.57
796401,180,190.16
796501,180,190.57
796601,180,190.16
796701,180,190.57
796801,180,190.16
796901,180,190.16
797001,180,190.16
797101,180,190.57
797201,180,190.16
797301,180,190.16
797401,180,190.16
797501,180,190.16
797601,180,190.16
797701,180,190.16
797801,180,190.16
797901,180,190.16
798001,180,190.16
798101,180,190.16
798201,180,190.16
798301,180,190.16
798401,180,190.16
798501,180,190.16
798601,180,190.16
798701,180,190.16
798801,180,190.16
798901,180,190.16
799001,180,190.16
799101,180,190.16
799201,180,190.16
799301,180,190.16
799401,180,190.57
799501,180,190.57
799601,180,190.16
799701,180,190.16
799801,180,190.16
799901,180,190.16
800001,180,190.16
800101,180,190.16
800201,180,190.16
800301,180,190.57
800401,180,190.57
800501,180,190.57
800601,180,190.57
800701,180,190.57
800801,180,190.57
800901,180,190.16
801001,180,190.16
801101,180,190.16
801201,180,190.16
801301,180,190.57
801401,180,190.57
801501,180,190.57
801601,180,190.57
801701,180,190.57
801801,180,190.57
801901,180,190.57
802001,180,190.57
802101,180,190.16
802201,180,190.57
802301,180,190.57
802401,180,190.57
802501,180,190.57
802601,180,190.57
802701,180,190.57
802801,180,190.16
802901,180,190.16
803001,180,190.57
803101,180,190.57
803201,180,190.57
803301,180,190.57
803401,180,190.57
803501,180,190.57
803601,180,190.57
803701,180,190.57
803801,180,190.57
803901,180,190.57
804001,180,190.57
804101,180,190.57
804201,180,190.57
804301,180,190.57
804401,180,190.57
804501,180,190.57
804601,180,190.57
804701,180,190.57
804801,180,190.57
804901,180,190.57
805001,180,190.57
805101,180,190.57
805201,180,190.57
805301,180,190.57
805401,180,190.57
805501,180,190.57
805601,180,190.57
805701,180,190.57
805801,180,190.57
805901,180,190.57
806001,180,190.57
806101,180,190.57
806201,180,190.57
806301,180,190.57
806401,180,190.57
806501,180,190.57
806601,180,190.57
806701,180,190.57
806801,180,190.57
806901,180,190.57
807001,180,190.57
807101,180,190.57
807201,180,190.57
807301,180,190.57
807401,180,190.57
807501,180,190.57
807601,180,190.57
807701,180,190.57
807801,180,190.57
807901,180,190.57
808001,180,190.57
808101,180,190.57
808201,180,190.57
808301,180,190.57
808401,180,190.57
808501,180,190.57
808601,180,190.57
808701,180,190.57
808801,180,190.57
808901,180,190.57
809001,180,190.57
809101,180,190.57
809201,180,190.57
809301,180,190.57
809401,180,190.57
809501,180,190.57
809601,180,190.57
809701,180,190.57
809801,180,190.57
809901,180,190.57
810001,180,190.57
810101,180,190.57
810201,180,190.57
810301,180,190.57
810401,180,190.57
810501,180,190.57
810601,180,190.57
810701,180,190.57
810801,180,190.57
810901,180,190.57
811001,180,190.57
811101,180,190.57
811201,180,190.57
811301,180,190.57
811401,180,190.57
811501,180,190.57
811601,180,190.57
811701,180,190.57
811801,180,190.57
811901,180,190.57
812001,180,190.57
812101,180,190.57
812201,180,190.57
812301,180,190.57
812401,180,190.57
812501,180,190.57
812601,180,190.57
812701,180,190.57
812801,180,190.57
812901,180,190.57
813001,180,190.57
813101,180,190.57
813201,180,190.57
813301,180,190.57
813401,180,190.57
813501,180,190.57
813601,180,190.57
813701,180,190.57
813801,180,190.57
813901,180,190.57
814001,180,190.57
814101,180,190.57
814201,180,190.57
814301,180,190.57
814401,180,190.57
814501,180,190.57
814601,180,190.57
814701,180,190.57
814801,180,190.57
814901,180,190.57
815001,180,190.57
815101,180,190.57
815201,180,190.57
815301,180,190.57
815401,180,190.57
815501,180,190.57
815601,180,190.57
815701,180,190.57
815801,180,190.57
815901,180,190.57
816001,180,190.57
816101,180,190.57
816201,180,190.57
816301,180,190.57
816401,180,190.57
816501,180,190.57
816601,180,190.57
816701,180,190.57
816801,180,190.57
816901,180,190.57
817001,180,190.57
817101,180,190.57
817201,180,190.57
817301,180,190.57
817401,180,190.57
817501,180,190.57
817601,180,190.57
817701,180,190.57
817801,180,190.57
817901,180,190.57
818001,180,190.57
818101,180,190.57
818201,180,190.57
818301,180,190.57
818401,180,190.57
818501,180,190.57
818601,180,190.57
818701,180,190.57
818801,180,190.57
818901,180,190.98
819001,180,190.57
819101,180,190.98
819201,180,190.57
819301,180,190.98
819401,180,190.57
819501,180,190.57
819601,180,190.98
819701,180,190.98
819801,180,190.57
819901,180,190.98
820001,180,190.57
820101,180,190.98
820201,180,190.98
820301,180,190.98
820401,180,190.57
820501,180,190.98
820601,180,190.57
820701,180,190.98
820801,180,190.98
820901,180,190.98
821001,180,190.98
821101,180,190.98
821201,180,190.57
821301,180,190.98
821401,180,190.98
821501,180,190.98
821601,180,190.98
821701,180,190.98
821801,180,190.98
821901,180,190.98
822001,180,190.98
822101,180,190.98
822201,180,190.98
822301,180,190.98
822401,180,190.98
822501,180,190.98
822601,180,190.98
822701,180,190.98
822801,180,190.98
822901,180,190.98
823001,180,190.98
823101,180,190.98
823201,180,190.98
823301,180,190.98
823401,180,190.98
823501,180,190.98
823601,180,190.98
823701,180,190.98
823801,180,190.98
823901,180,190.98
824001,180,190.98
824101,180,190.98
824201,180,190.98
824301,180,190.98
824401,180,190.98
824501,180,190.98
824601,180,190.98
824701,180,190.98
824801,180,190.98
824901,180,190.98
825001,180,190.98
825101,180,190.98
825201,180,190.98
825301,180,190.98
825401,180,190.98
825501,180,190.98
825601,180,190.98
825701,180,190.98
825801,180,190.98
825901,180,190.98
826001,180,190.98
826101,180,190.98
826201,180,190.98
826301,180,190.98
826401,180,190.98
826501,180,190.98
826601,180,190.98
826701,180,190.98
826801,180,190.98
826901,180,190.98
827001,180,190.98
827101,180,190.98
827201,180,190.98
827301,180,190.98
827401,180,190.98
827501,180,190.98
827601,180,190.98
827701,180,190.98
827801,180,190.98
827901,180,190.98
828001,180,190.98
828101,180,190.98
828201,180,190.98
828301,180,190.98
828401,180,190.98
828501,180,190.98
828601,180,190.98
828701,180,190.98
828801,180,191.39
828901,180,190.98
829001,180,191.39
829101,180,190.98
829201,180,191.39
829301,180,190.98
829401,180,190.98
829501,180,190.98
829601,180,191.39
829701,180,191.39
829801,180,191.39
829901,180,191.39
830001,180,190.98
830101,180,191.39
830201,180,191.39
830301,180,191.39
830401,180,191.39
830501,180,191.39
830601,180,191.39
830701,180,191.39
830801,180,191.39
830901,180,191.39
831001,180,191.39
831101,180,191.39
831201,180,191.39
831301,180,191.39
