t_ms,pwm_heater,temp_C
100,220,22.27
200,220,22.85
300,220,22.27
400,220,22.27
500,220,22.27
600,220,22.27
700,220,22.27
800,220,22.27
900,220,22.27
1000,220,22.27
1100,220,22.85
1201,220,22.85
1301,220,22.85
1401,220,22.85
1501,220,22.85
1601,220,22.85
1701,220,22.85
1801,220,22.85
1901,220,22.85
2001,220,22.85
2101,220,22.85
2201,220,22.85
2301,220,22.85
2401,220,23.42
2501,220,22.85
2601,220,23.42
2701,220,23.42
2801,220,22.85
2901,220,23.42
3001,220,23.42
3101,220,23.42
3201,220,23.42
3301,220,23.42
3401,220,23.42
3501,220,23.42
3601,220,23.42
3701,220,23.42
3801,220,23.42
3901,220,23.97
4001,220,23.97
4101,220,23.97
4201,220,23.42
4301,220,23.97
4401,220,23.97
4501,220,23.97
4601,220,23.97
4701,220,23.97
4801,220,24.52
4901,220,24.52
5001,220,24.52
5101,220,24.52
5201,220,24.52
5301,220,24.52
5401,220,24.52
5501,220,24.52
5601,220,24.52
5701,220,24.52
5801,220,24.52
5901,220,25.05
6001,220,25.05
6101,220,25.05
6201,220,25.05
6301,220,25.05
6401,220,25.05
6501,220,25.05
6601,220,25.58
6701,220,25.58
6801,220,25.58
6901,220,25.58
7001,220,25.58
7101,220,25.58
7201,220,26.10
7301,220,26.10
7401,220,26.10
7501,220,26.10
7601,220,26.10
7701,220,26.10
7801,220,26.60
7901,220,26.60
8001,220,26.60
8101,220,26.60
8201,220,26.60
8301,220,26.60
8401,220,26.60
8501,220,26.60
8601,220,27.10
8701,220,26.60
8801,220,27.10
8901,220,27.10
9001,220,27.10
9101,220,27.10
9201,220,27.10
9301,220,27.59
9401,220,27.59
9501,220,27.59
9601,220,27.59
9701,220,28.08
9801,220,28.08
9901,220,28.08
10001,220,28.08
10101,220,28.08
10201,220,28.08
10301,220,28.55
10401,220,28.55
10501,220,28.55
10601,220,28.55
10701,220,28.55
10801,220,28.55
10901,220,29.02
11001,220,29.02
11101,220,29.02
11201,220,29.02
11301,220,29.02
11401,220,29.02
11501,220,29.48
11601,220,29.48
11701,220,29.48
11801,220,29.48
11901,220,29.48
12001,220,29.48
12101,220,29.94
12201,220,29.94
12301,220,29.94
12401,220,30.38
12501,220,30.38
12601,220,30.38
12701,220,30.38
12801,220,30.38
12901,220,30.82
13001,220,30.82
13101,220,30.82
13201,220,30.82
13301,220,30.82
13401,220,31.26
13501,220,31.26
13601,220,31.26
13701,220,31.26
13801,220,31.69
13901,220,31.69
14001,220,31.69
14101,220,31.69
14201,220,31.69
14301,220,31.69
14401,220,31.69
14501,220,32.11
14601,220,32.11
14701,220,32.11
14801,220,32.53
14901,220,32.53
15001,220,32.53
15101,220,32.53
15201,220,32.94
15301,220,32.94
15401,220,32.94
15501,220,32.94
15601,220,32.94
15701,220,33.35
15801,220,33.35
15901,220,33.35
16001,220,33.35
16101,220,33.35
16201,220,33.75
16301,220,33.75
16401,220,33.75
16501,220,33.75
16601,220,33.75
16701,220,34.15
16801,220,34.15
16901,220,34.15
17001,220,34.15
17101,220,34.15
17201,220,34.15
17301,220,34.54
17401,220,34.54
17501,220,34.93
17601,220,34.93
17701,220,34.93
17801,220,34.93
17901,220,35.31
18001,220,35.31
18101,220,35.31
18201,220,35.31
18301,220,35.31
18401,220,35.69
18501,220,35.69
18601,220,35.69
18701,220,35.69
18801,220,35.69
18901,220,36.07
19001,220,36.07
19101,220,36.07
19201,220,36.07
19301,220,36.44
19401,220,36.44
19501,220,36.44
19601,220,36.44
19701,220,36.81
19801,220,36.81
19901,220,36.81
20001,220,36.81
20101,220,37.17
20201,220,37.17
20301,220,37.17
20401,220,37.53
20501,220,37.53
20601,220,37.53
20701,220,37.53
20801,220,37.88
20901,220,37.88
21001,220,37.88
21101,220,37.88
21201,220,38.23
21301,220,38.23
21401,220,38.23
21501,220,38.23
21601,220,38.23
21701,220,38.58
21801,220,38.58
21901,220,38.58
22001,220,38.58
22101,220,38.93
22201,220,38.93
22301,220,38.93
22401,220,39.27
22501,220,39.27
22601,220,39.27
22701,220,39.61
22801,220,39.61
22901,220,39.61
23001,220,39.61
23101,220,39.94
23201,220,39.94
23301,220,39.94
23401,220,40.27
23501,220,40.27
23601,220,40.27
23701,220,40.27
23801,220,40.60
23901,220,40.60
24001,220,40.60
24101,220,40.60
24201,220,40.60
24301,220,40.93
24401,220,40.93
24501,220,40.93
24601,220,40.93
24701,220,41.25
24801,220,41.25
24901,220,41.25
25001,220,41.57
25101,220,41.57
25201,220,41.88
25301,220,41.88
25401,220,41.88
25501,220,41.88
25601,220,42.20
25701,220,42.20
25801,220,42.20
25901,220,42.20
26001,220,42.51
26101,220,42.51
26201,220,42.51
26301,220,42.51
26401,220,42.82
26501,220,42.82
26601,220,42.82
26701,220,42.82
26801,220,43.13
26901,220,43.13
27001,220,43.13
27101,220,43.13
27201,220,43.43
27301,220,43.43
27401,220,43.73
27501,220,43.73
27601,220,43.73
27701,220,44.03
27801,220,44.03
27901,220,44.03
28001,220,44.33
28101,220,44.33
28201,220,44.33
28301,220,44.33
28401,220,44.62
28501,220,44.62
28601,220,44.62
28701,220,44.62
28801,220,44.91
28901,220,44.91
29001,220,44.91
29101,220,44.91
29201,220,45.20
29301,220,45.20
29401,220,45.49
29501,220,45.20
29601,220,45.49
29701,220,45.78
29801,220,45.78
29901,220,45.78
30001,220,46.06
30101,220,46.06
30201,220,46.06
30301,220,46.34
30401,220,46.06
30501,220,46.34
30601,220,46.62
30701,220,46.62
30801,220,46.62
30901,220,46.62
31001,220,46.90
31101,220,46.90
31201,220,46.90
31301,220,46.90
31401,220,47.17
31501,220,47.17
31601,220,47.17
31701,220,47.45
31801,220,47.45
31901,220,47.45
32001,220,47.72
32101,220,47.72
32201,220,47.72
32301,220,47.99
32401,220,47.99
32501,220,48.26
32601,220,48.26
32701,220,48.26
32801,220,48.26
32901,220,48.52
33001,220,48.52
33101,220,48.52
33201,220,48.79
33301,220,48.79
33401,220,48.79
33501,220,49.05
33601,220,49.05
33701,220,49.05
33801,220,49.05
33901,220,49.31
34001,220,49.31
34101,220,49.31
34201,220,49.57
34301,220,49.57
34401,220,49.57
34501,220,49.83
34601,220,49.83
34701,220,49.83
34801,220,50.08
34901,220,50.08
35001,220,50.34
35101,220,50.34
35201,220,50.34
35301,220,50.59
35401,220,50.59
35501,220,50.59
35601,220,50.84
35701,220,50.84
35801,220,50.84
35901,220,51.09
36001,220,51.09
36101,220,51.09
36201,220,51.09
36301,220,51.34
36401,220,51.34
36501,220,51.59
36601,220,51.59
36701,220,51.59
36801,220,51.59
36901,220,51.84
37001,220,51.84
37101,220,51.84
37201,220,52.08
37301,220,52.08
37401,220,52.32
37501,220,52.32
37601,220,52.32
37701,220,52.57
37801,220,52.57
37901,220,52.81
38001,220,52.81
38101,220,53.04
38201,220,53.04
38301,220,53.04
38401,220,53.04
38501,220,53.28
38601,220,53.28
38701,220,53.28
38801,220,53.52
38901,220,53.52
39001,220,53.52
39101,220,53.52
39201,220,53.75
39301,220,53.75
39401,220,53.99
39501,220,53.99
39601,220,53.99
39701,220,54.22
39801,220,54.22
39901,220,54.22
40001,220,54.45
40101,220,54.45
40201,220,54.68
40301,220,54.68
40401,220,54.91
40501,220,54.91
40601,220,54.91
40701,220,55.14
40801,220,55.14
40901,220,55.14
41001,220,55.37
41101,220,55.37
41201,220,55.37
41301,220,55.59
41401,220,55.59
41501,220,55.59
41601,220,55.82
41701,220,55.82
41801,220,55.82
41901,220,56.04
42001,220,56.04
42101,220,56.04
42201,220,56.27
42301,220,56.27
42401,220,56.49
42501,220,56.49
42601,220,56.71
42701,220,56.71
42801,220,56.71
42901,220,56.93
43001,220,56.93
43101,220,56.93
43201,220,57.15
43301,220,57.15
43401,220,57.15
43501,220,57.36
43601,220,57.36
43701,220,57.36
43801,220,57.58
43901,220,57.58
44001,220,57.58
44101,220,57.80
44201,220,57.80
44301,220,58.01
44401,220,58.01
44501,220,58.01
44601,220,58.23
44701,220,58.23
44801,220,58.23
44901,220,58.44
45001,220,58.44
45101,220,58.65
45201,220,58.65
45301,220,58.86
45401,220,58.86
45501,220,59.07
45601,220,59.07
45701,220,59.07
45801,220,59.28
45901,220,59.28
46001,220,59.28
46101,220,59.49
46201,220,59.49
46301,220,59.70
46401,220,59.70
46501,220,59.70
46601,220,59.90
46701,220,59.90
46801,220,60.11
46901,220,60.11
47001,220,60.11
47101,220,60.11
47201,220,60.32
47301,220,60.32
47401,220,60.52
47501,220,60.52
47601,220,60.52
47701,220,60.72
47801,220,60.72
47901,220,60.93
48001,220,60.93
48101,220,61.13
48201,220,61.13
48301,220,61.33
48401,220,61.33
48501,220,61.33
48601,220,61.53
48701,220,61.53
48801,220,61.73
48901,220,61.73
49001,220,61.73
49101,220,61.93
49201,220,61.93
49301,220,61.93
49401,220,61.93
49501,220,62.13
49601,220,62.13
49701,220,62.32
49801,220,62.32
49901,220,62.52
50001,220,62.52
50101,220,62.52
50201,220,62.72
50301,220,62.72
50401,220,62.72
50501,220,62.91
50601,220,62.91
50701,220,63.11
50801,220,63.11
50901,220,63.30
51001,220,63.30
51101,220,63.50
51201,220,63.50
51301,220,63.50
51401,220,63.69
51501,220,63.69
51601,220,63.69
51701,220,63.88
51801,220,63.88
51901,220,64.07
52001,220,64.07
52101,220,64.07
52201,220,64.26
52301,220,64.26
52401,220,64.26
52501,220,64.45
52601,220,64.45
52701,220,64.64
52801,220,64.64
52901,220,64.83
53001,220,64.83
53101,220,64.83
53201,220,65.02
53301,220,65.02
53401,220,65.21
53501,220,65.21
53601,220,65.39
53701,220,65.39
53801,220,65.39
53901,220,65.58
54001,220,65.58
54101,220,65.77
54201,220,65.77
54301,220,65.77
54401,220,65.95
54501,220,65.95
54601,220,65.95
54701,220,66.14
54801,220,66.14
54901,220,66.32
55001,220,66.32
55101,220,66.32
55201,220,66.50
55301,220,66.50
55401,220,66.69
55501,220,66.69
55601,220,66.87
55701,220,66.87
55801,220,67.05
55901,220,67.05
56001,220,67.05
56101,220,67.23
56201,220,67.23
56301,220,67.41
56401,220,67.41
56501,220,67.59
56601,220,67.59
56701,220,67.59
56801,220,67.77
56901,220,67.77
57001,220,67.77
57101,220,67.95
57201,220,67.95
57301,220,68.13
57401,220,68.13
57501,220,68.31
57601,220,68.31
57701,220,68.31
57801,220,68.49
57901,220,68.49
58001,220,68.67
58101,220,68.67
58201,220,68.67
58301,220,68.84
58401,220,68.84
58501,220,69.02
58601,220,69.02
58701,220,69.19
58801,220,69.19
58901,220,69.37
59001,220,69.37
59101,220,69.55
59201,220,69.55
59301,220,69.55
59401,220,69.72
59501,220,69.72
59601,220,69.72
59701,220,69.89
59801,220,69.89
59901,220,70.07
60001,220,70.07
60101,220,70.24
60201,220,70.24
60301,220,70.24
60401,220,70.41
60501,220,70.41
60601,220,70.59
60701,220,70.59
60801,220,70.76
60901,220,70.76
61001,220,70.93
61101,220,70.93
61201,220,71.10
61301,220,71.10
61401,220,71.27
61501,220,71.27
61601,220,71.27
61701,220,71.44
61801,220,71.44
61901,220,71.61
62001,220,71.61
62101,220,71.78
62201,220,71.78
62301,220,71.78
62401,220,71.95
62501,220,71.95
62601,220,72.12
62701,220,72.12
62801,220,72.12
62901,220,72.12
63001,220,72.29
63101,220,72.29
63201,220,72.45
63301,220,72.45
63401,220,72.62
63501,220,72.62
63601,220,72.79
63701,220,72.96
63801,220,72.96
63901,220,72.96
64001,220,73.12
64101,220,73.12
64201,220,73.29
64301,220,73.29
64401,220,73.45
64501,220,73.45
64601,220,73.62
64701,220,73.62
64801,220,73.78
64901,220,73.78
65001,220,73.78
65101,220,73.95
65201,220,73.95
65301,220,74.11
65401,220,74.11
65501,220,74.11
65601,220,74.28
65701,220,74.28
65801,220,74.44
65901,220,74.44
66001,220,74.60
66101,220,74.60
66201,220,74.77
66301,220,74.77
66401,220,74.93
66501,220,74.93
66601,220,75.09
66701,220,75.09
66801,220,75.09
66901,220,75.25
67001,220,75.25
67101,220,75.42
67201,220,75.42
67301,220,75.42
67401,220,75.58
67501,220,75.58
67601,220,75.74
67701,220,75.74
67801,220,75.90
67901,220,75.90
68001,220,76.06
68101,220,76.06
68201,220,76.06
68301,220,76.22
68401,220,76.22
68501,220,76.38
68601,220,76.38
68701,220,76.54
68801,220,76.54
68901,220,76.70
69001,220,76.70
69101,220,76.86
69201,220,76.86
69301,220,77.01
69401,220,77.01
69501,220,77.17
69601,220,77.17
69701,220,77.33
69801,220,77.33
69901,220,77.33
70001,220,77.49
70101,220,77.49
70201,220,77.49
70301,220,77.65
70401,220,77.65
70501,220,77.80
70601,220,77.80
70701,220,77.96
70801,220,77.96
70901,220,78.12
71001,220,78.12
71101,220,78.27
71201,220,78.27
71301,220,78.43
71401,220,78.43
71501,220,78.58
71601,220,78.58
71701,220,78.74
71801,220,78.90
71901,220,78.90
72001,220,78.90
72101,220,79.05
72201,220,79.05
72301,220,79.21
72401,220,79.21
72501,220,79.36
72601,220,79.36
72701,220,79.36
72801,220,79.51
72901,220,79.51
73001,220,79.67
73101,220,79.67
73201,220,79.67
73301,220,79.82
73401,220,79.82
73501,220,79.98
73601,220,79.98
73701,220,80.13
73801,220,80.13
73901,220,80.28
74001,220,80.28
74101,220,80.44
74201,220,80.44
74301,220,80.59
74401,220,80.59
74501,220,80.74
74601,220,80.74
74701,220,80.89
74801,220,80.89
74901,220,81.04
75001,220,81.04
75101,220,81.04
75201,220,81.20
75301,220,81.20
75401,220,81.35
75501,220,81.35
75601,220,81.50
75701,220,81.50
75801,220,81.50
75901,220,81.65
76001,220,81.65
76101,220,81.80
76201,220,81.80
76301,220,81.95
76401,220,81.95
76501,220,82.10
76601,220,82.10
76701,220,82.25
76801,220,82.25
76901,220,82.40
77001,220,82.40
77101,220,82.55
77201,220,82.55
77301,220,82.70
77401,220,82.70
77501,220,82.70
77601,220,82.85
77701,220,82.85
77801,220,83.00
77901,220,83.00
78001,220,83.15
78101,220,83.15
78201,220,83.30
78301,220,83.30
78401,220,83.30
78501,220,83.45
78601,220,83.45
78701,220,83.60
78801,220,83.60
78901,220,83.75
79001,220,83.75
79101,220,83.89
79201,220,83.89
79301,220,84.04
79401,220,84.04
79501,220,84.19
79601,220,84.19
79701,220,84.34
79801,220,84.34
79901,220,84.49
80001,220,84.49
80101,220,84.63
80201,220,84.63
80301,220,84.78
80401,220,84.78
80501,220,84.78
80601,220,84.93
80701,220,84.93
80801,220,85.07
80901,220,85.07
81001,220,85.22
81101,220,85.22
81201,220,85.37
81301,220,85.37
81401,220,85.51
81501,220,85.51
81601,220,85.66
81701,220,85.66
81801,220,85.81
81901,220,85.81
82001,220,85.95
82101,220,85.95
82201,220,86.10
82301,220,86.10
82401,220,86.24
82501,220,86.24
82601,220,86.39
82701,220,86.39
82801,220,86.39
82901,220,86.53
83001,220,86.68
83101,220,86.68
83201,220,86.68
83301,220,86.83
83401,220,86.83
83501,220,86.97
83601,220,86.97
83701,220,87.11
83801,220,87.11
83901,220,87.26
84001,220,87.26
84101,220,87.40
84201,220,87.40
84301,220,87.40
84401,220,87.55
84501,220,87.69
84601,220,87.69
84701,220,87.84
84801,220,87.84
84901,220,87.98
85001,220,87.98
85101,220,88.12
85201,220,88.12
85301,220,88.27
85401,220,88.27
85501,220,88.41
85601,220,88.41
85701,220,88.56
85801,220,88.56
85901,220,88.56
86001,220,88.70
86101,220,88.70
86201,220,88.84
86301,220,88.84
86401,220,88.99
86501,220,88.99
86601,220,89.13
86701,220,89.13
86801,220,89.27
86901,220,89.27
87001,220,89.41
87101,220,89.41
87201,220,89.41
87301,220,89.56
87401,220,89.70
87501,220,89.70
87601,220,89.84
87701,220,89.84
87801,220,89.84
87901,220,89.98
88001,220,89.98
88101,220,90.13
88201,220,90.13
88301,220,90.27
88401,220,90.27
88501,220,90.41
88601,220,90.41
88701,220,90.55
88801,220,90.55
88901,220,90.55
89001,220,90.69
89101,220,90.69
89201,220,90.84
89301,220,90.98
89401,220,90.98
89501,220,90.98
89601,220,91.12
89701,220,91.26
89801,220,91.26
89901,220,91.40
90001,220,91.40
90101,220,91.54
90201,220,91.54
90301,220,91.68
90401,220,91.68
90501,220,91.68
90601,220,91.83
90701,220,91.83
90801,220,91.97
90901,220,91.97
91001,220,92.11
91101,220,92.11
91201,220,92.11
91301,220,92.25
91401,220,92.25
91501,220,92.39
91601,220,92.39
91701,220,92.53
91801,220,92.53
91901,220,92.53
92001,220,92.67
92101,220,92.67
92201,220,92.81
92301,220,92.81
92401,220,92.95
92501,220,92.95
92601,220,93.09
92701,220,93.09
92801,220,93.23
92901,220,93.23
93001,220,93.23
93101,220,93.37
93201,220,93.37
93301,220,93.51
93401,220,93.51
93501,220,93.51
93601,220,93.65
93701,220,93.65
93801,220,93.79
93901,220,93.79
94001,220,93.93
94101,220,93.93
94201,220,93.93
94301,220,94.07
94401,220,94.07
94501,220,94.21
94601,220,94.21
94701,220,94.21
94801,220,94.35
94901,220,94.35
95001,220,94.49
95101,220,94.49
95201,220,94.63
95301,220,94.63
95401,220,94.77
95501,220,94.77
95601,220,94.91
95701,220,94.91
95801,220,94.91
95901,220,95.05
96001,220,95.05
96101,220,95.19
96201,220,95.19
96301,220,95.19
96401,220,95.33
96501,220,95.33
96601,220,95.47
96701,220,95.47
96801,220,95.61
96901,220,95.61
97001,220,95.75
97101,220,95.75
97201,220,95.75
97301,220,95.89
97401,220,95.89
97501,220,96.02
97601,220,96.02
97701,220,96.16
97801,220,96.16
97901,220,96.30
98001,220,96.30
98101,220,96.44
98201,220,96.44
98301,220,96.44
98401,220,96.58
98501,220,96.58
98601,220,96.72
98701,220,96.72
98801,220,96.86
98901,220,96.86
99001,220,97.00
99101,220,97.00
99201,220,97.00
99301,220,97.14
99401,220,97.14
99501,220,97.27
99601,220,97.27
99701,220,97.41
99801,220,97.41
99901,220,97.55
100001,220,97.55
100101,220,97.69
100201,220,97.69
100301,220,97.69
100401,220,97.83
100501,220,97.97
100601,220,97.97
100701,220,98.11
100801,220,98.11
100901,220,98.11
101001,220,98.24
101101,220,98.24
101201,220,98.38
101301,220,98.38
101401,220,98.38
101501,220,98.52
101601,220,98.52
101701,220,98.66
101801,220,98.66
101901,220,98.80
102001,220,98.80
102101,220,98.80
102201,220,98.94
102301,220,98.94
102401,220,99.07
102501,220,99.07
102601,220,99.21
102701,220,99.21
102801,220,99.35
102901,220,99.35
103001,220,99.49
103101,220,99.49
103201,220,99.63
103301,220,99.63
103401,220,99.63
103501,220,99.77
103601,220,99.90
103701,220,99.90
103801,220,99.90
103901,220,100.04
104001,220,100.04
104101,220,100.18
104201,220,100.18
104301,220,100.32
104401,220,100.32
104501,220,100.46
104601,220,100.46
104701,220,100.59
104801,220,100.59
104901,220,100.73
105001,220,100.73
105101,220,100.73
105201,220,100.87
105301,220,100.87
105401,220,101.01
105501,220,101.01
105601,220,101.15
105701,220,101.15
105801,220,101.29
105901,220,101.29
106001,220,101.42
106101,220,101.42
106201,220,101.56
106301,220,101.56
106401,220,101.70
106501,220,101.70
106601,220,101.70
106701,220,101.84
106801,220,101.84
106901,220,101.98
107001,220,101.98
107101,220,102.11
107201,220,102.11
107301,220,102.11
107401,220,102.25
107501,220,102.25
107601,220,102.39
107701,220,102.39
107801,220,102.53
107901,220,102.53
108001,220,102.67
108101,220,102.67
108201,220,102.80
108301,220,102.80
108401,220,102.80
108501,220,102.94
108601,220,102.94
108701,220,103.08
108801,220,103.08
108901,220,103.22
109001,220,103.22
109101,220,103.22
109201,220,103.36
109301,220,103.36
109401,220,103.50
109501,220,103.50
109601,220,103.50
109701,220,103.63
109801,220,103.63
109901,220,103.77
110001,220,103.77
110101,220,103.91
110201,220,103.91
110301,220,104.05
110401,220,104.05
110501,220,104.19
110601,220,104.19
110701,220,104.19
110801,220,104.33
110901,220,104.33
111001,220,104.46
111101,220,104.46
111201,220,104.60
111301,220,104.60
111401,220,104.60
111501,220,104.74
111601,220,104.74
111701,220,104.88
111801,220,104.88
111901,220,104.88
112001,220,105.02
112101,220,105.02
112201,220,105.16
112301,220,105.16
112401,220,105.16
112501,220,105.29
112601,220,105.29
112701,220,105.43
112801,220,105.43
112901,220,105.57
113001,220,105.57
113101,220,105.71
113201,220,105.71
113301,220,105.85
113401,220,105.85
113501,220,105.99
113601,220,105.99
113701,220,105.99
113801,220,106.13
113901,220,106.13
114001,220,106.13
114101,220,106.26
114201,220,106.26
114301,220,106.40
114401,220,106.40
114501,220,106.40
114601,220,106.54
114701,220,106.54
114801,220,106.68
114901,220,106.68
115001,220,106.68
115101,220,106.82
115201,220,106.96
115301,220,106.96
115401,220,106.96
115501,220,107.10
115601,220,107.10
115701,220,107.10
115801,220,107.24
115901,220,107.24
116001,220,107.38
116101,220,107.38
116201,220,107.38
116301,220,107.51
116401,220,107.51
116501,220,107.65
116601,220,107.65
116701,220,107.65
116801,220,107.79
116901,220,107.79
117001,220,107.93
117101,220,107.93
117201,220,107.93
117301,220,108.07
117401,220,108.07
117501,220,108.21
117601,220,108.21
117701,220,108.21
117801,220,108.35
117901,220,108.35
118001,220,108.49
118101,220,108.49
118201,220,108.49
118301,220,108.63
118401,220,108.63
118501,220,108.77
118601,220,108.77
118701,220,108.77
118801,220,108.91
118901,220,108.91
119001,220,109.05
119101,220,109.05
119201,220,109.05
119301,220,109.19
119401,220,109.19
119501,220,109.33
119601,220,109.33
119701,220,109.33
119801,220,109.47
119901,220,109.47
120001,220,109.61
120101,220,109.61
120201,220,109.75
120301,220,109.75
120401,220,109.89
120501,220,109.89
120601,220,109.89
120701,220,110.03
120801,220,110.03
120901,220,110.03
121001,220,110.17
121101,220,110.17
121201,220,110.17
121301,220,110.31
121401,220,110.31
121501,220,110.45
121601,220,110.45
121701,220,110.59
121801,220,110.59
121901,220,110.59
122001,220,110.73
122101,220,110.73
122201,220,110.87
122301,220,110.87
122401,220,111.01
122501,220,111.01
122601,220,111.15
122701,220,111.15
122801,220,111.15
122901,220,111.29
123001,220,111.29
123101,220,111.29
123201,220,111.43
123301,220,111.43
123401,220,111.57
123501,220,111.57
123601,220,111.71
123701,220,111.71
123801,220,111.71
123901,220,111.71
124001,220,111.86
124101,220,111.86
124201,220,112.00
124301,220,112.00
124401,220,112.14
124501,220,112.14
124601,220,112.14
124701,220,112.28
124801,220,112.28
124901,220,112.28
125001,220,112.42
125101,220,112.42
125201,220,112.56
125301,220,112.56
125401,220,112.70
125501,220,112.70
125601,220,112.70
125701,220,112.85
125801,220,112.85
125901,220,112.99
126001,220,112.99
126101,220,112.99
126201,220,112.99
126301,220,113.13
126401,220,113.13
126501,220,113.27
126601,220,113.27
126701,220,113.27
126801,220,113.41
126901,220,113.41
127001,220,113.56
127101,220,113.56
127201,220,113.70
127301,220,113.70
127401,220,113.84
127501,220,113.84
127601,220,113.84
127701,220,113.98
127801,220,113.98
127901,220,114.12
128001,220,114.12
128101,220,114.12
128201,220,114.27
128301,220,114.27
128401,220,114.27
128501,220,114.41
128601,220,114.41
128701,220,114.41
128801,220,114.55
128901,220,114.55
129001,220,114.55
129101,220,114.70
129201,220,114.70
129301,220,114.84
129401,220,114.84
129501,220,114.98
129601,220,114.98
129701,220,114.98
129801,220,115.13
129901,220,115.13
130001,220,115.13
130101,220,115.27
130201,220,115.27
130301,220,115.41
130401,220,115.41
130501,220,115.41
130601,220,115.56
130701,220,115.56
130801,220,115.56
130901,220,115.70
131001,220,115.70
131101,220,115.70
131201,220,115.84
131301,220,115.84
131401,220,115.99
131501,220,115.99
131601,220,115.99
131701,220,116.13
131801,220,116.13
131901,220,116.13
132001,220,116.28
132101,220,116.28
132201,220,116.42
132301,220,116.42
132401,220,116.56
132501,220,116.56
132601,220,116.56
132701,220,116.71
132801,220,116.71
132901,220,116.71
133001,220,116.71
133101,220,116.85
133201,220,116.85
133301,220,117.00
133401,220,117.00
133501,220,117.00
133601,220,117.14
133701,220,117.14
133801,220,117.14
133901,220,117.29
134001,220,117.29
134101,220,117.43
134201,220,117.43
134301,220,117.43
134401,220,117.58
134501,220,117.58
134601,220,117.72
134701,220,117.72
134801,220,117.72
134901,220,117.72
135001,220,117.87
135101,220,117.87
135201,220,118.01
135301,220,118.01
135401,220,118.01
135501,220,118.16
135601,220,118.16
135701,220,118.31
135801,220,118.31
135901,220,118.31
136001,220,118.31
136101,220,118.45
136201,220,118.45
136301,220,118.45
136401,220,118.60
136501,220,118.60
136601,220,118.60
136701,220,118.75
136801,220,118.75
136901,220,118.75
137001,220,118.89
137101,220,118.89
137201,220,119.04
137301,220,119.04
137401,220,119.04
137501,220,119.19
137601,220,119.19
137701,220,119.19
137801,220,119.33
137901,220,119.33
138001,220,119.33
138101,220,119.48
138201,220,119.48
138301,220,119.48
138401,220,119.63
138501,220,119.63
138601,220,119.63
138701,220,119.77
138801,220,119.77
138901,220,119.77
139001,220,119.92
139101,220,119.92
139201,220,119.92
139301,220,120.07
139401,220,120.07
139501,220,120.07
139601,220,120.22
139701,220,120.22
139801,220,120.36
139901,220,120.36
140001,220,120.51
140101,220,120.51
140201,220,120.51
140301,220,120.66
140401,220,120.66
140501,220,120.66
140601,220,120.81
140701,220,120.81
140801,220,120.81
140901,220,120.96
141001,220,120.96
141101,220,120.96
141201,220,121.11
141301,220,121.11
141401,220,121.11
141501,220,121.26
141601,220,121.26
141701,220,121.26
141801,220,121.41
141901,220,121.41
142001,220,121.41
142101,220,121.55
142201,220,121.55
142301,220,121.70
142401,220,121.70
142501,220,121.85
142601,220,121.85
142701,220,121.85
142801,220,122.00
142901,220,122.00
143001,220,122.00
143101,220,122.15
143201,220,122.15
143301,220,122.15
143401,220,122.30
143501,220,122.30
143601,220,122.30
143701,220,122.45
143801,220,122.45
143901,220,122.45
144001,220,122.60
144101,220,122.60
144201,220,122.60
144301,220,122.75
144401,220,122.75
144501,220,122.75
144601,220,122.91
144701,220,123.06
144801,220,123.06
144901,220,123.06
145001,220,123.21
145101,220,123.21
145201,220,123.21
145301,220,123.21
145401,220,123.36
145501,220,123.36
145601,220,123.51
145701,220,123.51
145801,220,123.51
145901,220,123.51
146001,220,123.66
146101,220,123.66
146201,220,123.66
146301,220,123.81
146401,220,123.81
146501,220,123.81
146601,220,123.97
146701,220,123.97
146801,220,123.97
146901,220,124.12
147001,220,124.12
147101,220,124.27
147201,220,124.27
147301,220,124.27
147401,220,124.27
147501,220,124.42
147601,220,124.42
147701,220,124.58
147801,220,124.58
147901,220,124.58
148001,220,124.73
148101,220,124.73
148201,220,124.73
148301,220,124.73
148401,220,124.88
148501,220,124.88
148601,220,124.88
148701,220,125.04
148801,220,125.04
148901,220,125.04
149001,220,125.19
149101,220,125.19
149201,220,125.19
149301,220,125.35
149401,220,125.35
149501,220,125.35
149601,220,125.50
149701,220,125.50
149801,220,125.50
149901,220,125.65
150001,220,125.65
150101,220,125.81
150201,220,125.81
150301,220,125.81
150401,220,125.81
150501,220,125.96
150601,220,125.96
150701,220,125.96
150801,220,125.96
150901,220,126.12
151001,220,126.12
151101,220,126.27
151201,220,126.27
151301,220,126.27
151401,220,126.27
151501,220,126.43
151601,220,126.43
151701,220,126.43
151801,220,126.58
151901,220,126.58
152001,220,126.58
152101,220,126.74
152201,220,126.74
152301,220,126.74
152401,220,126.90
152501,220,126.90
152601,220,126.90
152701,220,127.05
152801,220,127.05
152901,220,127.05
153001,220,127.21
153101,220,127.21
153201,220,127.21
153301,220,127.21
153401,220,127.37
153501,220,127.37
153601,220,127.37
153701,220,127.52
153801,220,127.52
153901,220,127.52
154001,220,127.52
154101,220,127.68
154201,220,127.68
154301,220,127.68
154401,220,127.84
154501,220,127.84
154601,220,127.84
154701,220,127.99
154801,220,127.99
154901,220,127.99
155001,220,128.15
155101,220,128.15
155201,220,128.15
155301,220,128.31
155401,220,128.31
155501,220,128.31
155601,220,128.31
155701,220,128.47
155801,220,128.47
155901,220,128.47
156001,220,128.63
156101,220,128.63
156201,220,128.63
156301,220,128.79
156401,220,128.79
156501,220,128.79
156601,220,128.79
156701,220,128.95
156801,220,128.95
156901,220,128.95
157001,220,129.11
157101,220,129.11
157201,220,129.11
157301,220,129.26
157401,220,129.26
157501,220,129.26
157601,220,129.42
157701,220,129.42
157801,220,129.42
157901,220,129.42
158001,220,129.42
158101,220,129.58
158201,220,129.58
158301,220,129.75
158401,220,129.75
158501,220,129.75
158601,220,129.91
158701,220,129.91
158801,220,129.91
158901,220,129.91
159001,220,130.07
159101,220,130.07
159201,220,130.07
159301,220,130.07
159401,220,130.23
159501,220,130.23
159601,220,130.23
159701,220,130.39
159801,220,130.39
159901,220,130.39
160001,220,130.39
160101,220,130.55
160201,220,130.55
160301,220,130.55
160401,220,130.55
160501,220,130.71
160601,220,130.71
160701,220,130.88
160801,220,130.88
160901,220,130.88
161001,220,130.88
161101,220,131.04
161201,220,131.04
161301,220,131.04
161401,220,131.04
161501,220,131.20
161601,220,131.20
161701,220,131.20
161801,220,131.20
161901,220,131.36
162001,220,131.36
162101,220,131.36
162201,220,131.53
162301,220,131.53
162401,220,131.53
162501,220,131.53
162601,220,131.69
162701,220,131.69
162801,220,131.69
162901,220,131.85
163001,220,131.85
163101,220,132.02
163201,220,132.02
163301,220,132.02
163401,220,132.02
163501,220,132.18
163601,220,132.18
163701,220,132.18
163801,220,132.18
163901,220,132.35
164001,220,132.35
164101,220,132.35
164201,220,132.51
164301,220,132.51
164401,220,132.51
164501,220,132.51
164601,220,132.68
164701,220,132.68
164801,220,132.68
164901,220,132.84
165001,220,132.84
165101,220,132.84
165201,220,133.01
165301,220,133.01
165401,220,133.01
165501,220,133.18
165601,220,133.18
165701,220,133.18
165801,220,133.18
165901,220,133.34
166001,220,133.34
166101,220,133.34
166201,220,133.51
166301,220,133.51
166401,220,133.51
166501,220,133.51
166601,220,133.68
166701,220,133.68
166801,220,133.68
166901,220,133.84
167001,220,133.84
167101,220,133.84
167201,220,133.84
167301,220,134.01
167401,220,134.01
167501,220,134.01
167601,220,134.01
167701,220,134.18
167801,220,134.18
167901,220,134.18
168001,220,134.35
168101,220,134.35
168201,220,134.35
168301,220,134.35
168401,220,134.52
168501,220,134.52
168601,220,134.52
168701,220,134.69
168801,220,134.69
168901,220,134.69
169001,220,134.69
169101,220,134.85
169201,220,134.85
169301,220,134.85
169401,220,134.85
169501,220,134.85
169601,220,135.02
169701,220,135.02
169801,220,135.02
169901,220,135.19
170001,220,135.19
170101,220,135.19
170201,220,135.19
170301,220,135.19
170401,220,135.36
170501,220,135.36
170601,220,135.36
170701,220,135.36
170801,220,135.54
170901,220,135.54
171001,220,135.54
171101,220,135.71
171201,220,135.71
171301,220,135.71
171401,220,135.71
171501,220,135.71
171601,220,135.88
171701,220,135.88
171801,220,135.88
171901,220,136.05
172001,220,136.05
172101,220,136.05
172201,220,136.05
172301,220,136.05
172401,220,136.22
172501,220,136.22
172601,220,136.22
172701,220,136.22
172801,220,136.39
172901,220,136.39
173001,220,136.39
173101,220,136.39
173201,220,136.39
173301,220,136.57
173401,220,136.57
173501,220,136.57
173601,220,136.74
173701,220,136.74
173801,220,136.74
173901,220,136.74
174001,220,136.74
174101,220,136.91
174201,220,136.91
174301,220,136.91
174401,220,136.91
174501,220,137.09
174601,220,137.09
174701,220,137.09
174801,220,137.09
174901,220,137.26
175001,220,137.26
175101,220,137.26
175201,220,137.26
175301,220,137.26
175401,220,137.44
175501,220,137.44
175601,220,137.44
175701,220,137.61
175801,220,137.61
175901,220,137.61
176001,220,137.61
176101,220,137.61
176201,220,137.79
176301,220,137.79
176401,220,137.79
176501,220,137.79
176601,220,137.96
176701,220,137.96
176801,220,137.96
176901,220,137.96
177001,220,138.14
177101,220,138.14
177201,220,138.14
177301,220,138.14
177401,220,138.14
177501,220,138.31
177601,220,138.31
177701,220,138.31
177801,220,138.31
177901,220,138.49
178001,220,138.49
178101,220,138.49
178201,220,138.49
178301,220,138.49
178401,220,138.67
178501,220,138.67
178601,220,138.67
178701,220,138.67
178801,220,138.84
178901,220,138.84
179001,220,138.84
179101,220,138.84
179201,220,138.84
179301,220,139.02
179401,220,139.02
179501,220,139.02
179601,220,139.02
179701,220,139.02
179801,220,139.02
179901,220,139.20
180001,220,139.20
180101,220,139.20
180201,220,139.20
180301,220,139.20
180401,220,139.38
180501,220,139.38
180601,220,139.38
180701,220,139.38
180801,220,139.38
180901,220,139.56
181001,220,139.56
181101,220,139.56
181201,220,139.56
181301,220,139.74
181401,220,139.74
181501,220,139.74
181601,220,139.74
181701,220,139.74
181801,220,139.92
181901,220,139.92
182001,220,139.92
182101,220,139.92
182201,220,139.92
182301,220,140.10
182401,220,140.10
182501,220,140.10
182601,220,140.10
182701,220,140.10
182801,220,140.10
182901,220,140.28
183001,220,140.28
183101,220,140.28
183201,220,140.28
183301,220,140.28
183401,220,140.46
183501,220,140.46
183601,220,140.46
183701,220,140.46
183801,220,140.46
183901,220,140.64
184001,220,140.64
184101,220,140.64
184201,220,140.82
184301,220,140.82
184401,220,140.82
184501,220,140.82
184601,220,140.82
184701,220,141.00
184801,220,141.00
184901,220,141.00
185001,220,141.00
185101,220,141.19
185201,220,141.19
185301,220,141.19
185401,220,141.19
185501,220,141.19
185601,220,141.37
185701,220,141.37
185801,220,141.37
185901,220,141.37
186001,220,141.55
186101,220,141.55
186201,220,141.55
186301,220,141.55
186401,220,141.55
186501,220,141.55
186601,220,141.74
186701,220,141.74
186801,220,141.74
186901,220,141.74
187001,220,141.74
187101,220,141.92
187201,220,141.92
187301,220,141.92
187401,220,141.92
187501,220,142.11
187601,220,142.11
187701,220,142.11
187801,220,142.11
187901,220,142.11
188001,220,142.29
188101,220,142.29
188201,220,142.29
188301,220,142.29
188401,220,142.48
188501,220,142.48
188601,220,142.48
188701,220,142.48
188801,220,142.67
188901,220,142.67
189001,220,142.67
189101,220,142.67
189201,220,142.67
189301,220,142.67
189401,220,142.85
189501,220,142.85
189601,220,142.85
189701,220,142.85
189801,220,142.85
189901,220,142.85
190001,220,143.04
190101,220,143.04
190201,220,143.04
190301,220,143.23
190401,220,143.23
190501,220,143.23
190601,220,143.23
190701,220,143.23
190801,220,143.41
190901,220,143.41
191001,220,143.41
191101,220,143.41
191201,220,143.60
191301,220,143.60
191401,220,143.60
191501,220,143.60
191601,220,143.60
191701,220,143.79
191801,220,143.79
191901,220,143.79
192001,220,143.79
192101,220,143.79
192201,220,143.98
192301,220,143.98
192401,220,143.98
192501,220,143.98
192601,220,143.98
192701,220,144.17
192801,220,144.17
192901,220,144.17
193001,220,144.17
193101,220,144.36
193201,220,144.36
193301,220,144.36
193401,220,144.36
193501,220,144.36
193601,220,144.55
193701,220,144.36
193801,220,144.55
193901,220,144.55
194001,220,144.74
194101,220,144.74
194201,220,144.74
194301,220,144.74
194401,220,144.74
194501,220,144.74
194601,220,144.94
194701,220,144.94
194801,220,144.94
194901,220,144.94
195001,220,144.94
195101,220,144.94
195201,220,145.13
195301,220,145.13
195401,220,145.13
195501,220,145.13
195601,220,145.32
195701,220,145.32
195801,220,145.32
195901,220,145.32
196001,220,145.32
196101,220,145.52
196201,220,145.52
196301,220,145.52
196401,220,145.52
196501,220,145.52
196601,220,145.52
196701,220,145.71
196801,220,145.71
196901,220,145.71
197001,220,145.71
197101,220,145.71
197201,220,145.90
197301,220,145.90
197401,220,145.90
197501,220,145.90
197601,220,145.90
197701,220,146.10
197801,220,146.10
197901,220,146.10
198001,220,146.10
198101,220,146.29
198201,220,146.29
198301,220,146.29
198401,220,146.29
198501,220,146.29
198601,220,146.49
198701,220,146.49
198801,220,146.49
198901,220,146.49
199001,220,146.49
199101,220,146.49
199201,220,146.69
199301,220,146.69
199401,220,146.69
199501,220,146.69
199601,220,146.69
199701,220,146.88
199801,220,146.88
199901,220,146.88
200001,220,146.88
200101,220,146.88
200201,220,147.08
200301,220,147.08
200401,220,147.08
200501,220,147.08
200601,220,147.08
200701,220,147.28
200801,220,147.28
200901,220,147.28
201001,220,147.28
201101,220,147.28
201201,220,147.48
201301,220,147.48
201401,220,147.48
201501,220,147.48
201601,220,147.48
201701,220,147.68
201801,220,147.68
201901,220,147.68
202001,220,147.68
202101,220,147.68
202201,220,147.88
202301,220,147.88
202401,220,147.88
202501,220,147.88
202601,220,147.88
202701,220,147.88
202801,220,148.08
202901,220,148.08
203001,220,148.08
203101,220,148.08
203201,220,148.08
203301,220,148.28
203401,220,148.28
203501,220,148.28
203601,220,148.28
203701,220,148.48
203801,220,148.48
203901,220,148.48
204001,220,148.48
204101,220,148.48
204201,220,148.48
204301,220,148.68
204401,220,148.68
204501,220,148.68
204601,220,148.68
204701,220,148.68
204801,220,148.89
204901,220,148.89
205001,220,148.89
205101,220,148.89
205201,220,148.89
205301,220,149.09
205401,220,149.09
205501,220,149.09
205601,220,149.09
205701,220,149.09
205801,220,149.29
205901,220,149.29
206001,220,149.29
206101,220,149.29
206201,220,149.29
206301,220,149.29
206401,220,149.50
206501,220,149.50
206601,220,149.50
206701,220,149.50
206801,220,149.50
206901,220,149.70
207001,220,149.70
207101,220,149.70
207201,220,149.70
207301,220,149.70
207401,220,149.91
207501,220,149.91
207601,220,149.91
207701,220,149.91
207801,220,149.91
207901,220,150.11
208001,220,150.11
208101,220,150.11
208201,220,150.11
208301,220,150.11
208401,220,150.11
208501,220,150.32
208601,220,150.32
208701,220,150.32
208801,220,150.32
208901,220,150.32
209001,220,150.53
209101,220,150.53
209201,220,150.53
209301,220,150.53
209401,220,150.53
209501,220,150.74
209601,220,150.74
209701,220,150.74
209801,220,150.74
209901,220,150.74
210001,220,150.74
210101,220,150.95
210201,220,150.95
210301,220,150.95
210401,220,150.95
210501,220,151.16
210601,220,151.16
210701,220,151.16
210801,220,151.16
210901,220,151.16
211001,220,151.16
211101,220,151.37
211201,220,151.37
211301,220,151.37
211401,220,151.37
211501,220,151.37
211601,220,151.58
211701,220,151.58
211801,220,151.58
211901,220,151.58
212001,220,151.58
212101,220,151.79
212201,220,151.79
212301,220,151.79
212401,220,151.79
212501,220,151.79
212601,220,151.79
212701,220,151.79
212801,220,152.00
212901,220,152.00
213001,220,152.00
213101,220,152.00
213201,220,152.00
213301,220,152.21
213401,220,152.21
213501,220,152.21
213601,220,152.21
213701,220,152.21
213801,220,152.21
213901,220,152.21
214001,220,152.43
214101,220,152.43
214201,220,152.43
214301,220,152.43
214401,220,152.43
214501,220,152.43
214601,220,152.64
214701,220,152.64
214801,220,152.64
214901,220,152.64
215001,220,152.64
215101,220,152.86
215201,220,152.86
215301,220,152.86
215401,220,152.86
215501,220,152.86
215601,220,153.07
215701,220,152.86
215801,220,153.07
215901,220,153.07
216001,220,153.07
216101,220,153.07
216201,220,153.07
216301,220,153.07
216401,220,153.29
216501,220,153.29
216601,220,153.29
216701,220,153.29
216801,220,153.29
216901,220,153.29
217001,220,153.50
217101,220,153.50
217201,220,153.50
217301,220,153.50
217401,220,153.50
217501,220,153.50
217601,220,153.72
217701,220,153.72
217801,220,153.72
217901,220,153.72
218001,220,153.72
218101,220,153.72
218201,220,153.72
218301,220,153.94
218401,220,153.94
218501,220,153.94
218601,220,153.94
218701,220,153.94
218801,220,153.94
218901,220,153.94
219001,220,154.16
219101,220,154.16
219201,220,154.16
219301,220,154.16
219401,220,154.16
219501,220,154.16
219601,220,154.16
219701,220,154.38
219801,220,154.38
219901,220,154.38
220001,220,154.38
220101,220,154.60
220201,220,154.60
220301,220,154.60
220401,220,154.60
220501,220,154.60
220601,220,154.60
220701,220,154.60
220801,220,154.60
220901,220,154.82
221001,220,154.82
221101,220,154.82
221201,220,154.82
221301,220,154.82
221401,220,154.82
221501,220,154.82
221601,220,155.04
221701,220,155.04
221801,220,155.04
221901,220,155.04
222001,220,155.04
222101,220,155.26
222201,220,155.26
222301,220,155.26
222401,220,155.26
222501,220,155.26
222601,220,155.26
222701,220,155.49
222801,220,155.49
222901,220,155.49
223001,220,155.49
223101,220,155.49
223201,220,155.49
223301,220,155.71
223401,220,155.71
223501,220,155.71
223601,220,155.71
223701,220,155.71
223801,220,155.71
223901,220,155.71
224001,220,155.71
224101,220,155.71
224201,220,155.94
224301,220,155.94
224401,220,155.94
224501,220,155.94
224601,220,155.94
224701,220,155.94
224801,220,156.16
224901,220,156.16
225001,220,156.16
225101,220,156.16
225201,220,156.16
225301,220,156.16
225401,220,156.16
225501,220,156.16
225601,220,156.39
225701,220,156.39
225801,220,156.39
225901,220,156.39
226001,220,156.39
226101,220,156.39
226201,220,156.62
226301,220,156.62
226401,220,156.62
226501,220,156.62
226601,220,156.62
226701,220,156.62
226801,220,156.62
226901,220,156.85
227001,220,156.85
227101,220,156.85
227201,220,156.85
227301,220,156.85
227401,220,156.85
227501,220,156.85
227601,220,157.07
227701,220,157.07
227801,220,157.07
227901,220,157.07
228001,220,157.07
228101,220,157.07
228201,220,157.07
228301,220,157.30
228401,220,157.30
228501,220,157.30
228601,220,157.30
228701,220,157.30
228801,220,157.30
228901,220,157.53
229001,220,157.53
229101,220,157.53
229201,220,157.53
229301,220,157.53
229401,220,157.53
229501,220,157.53
229601,220,157.77
229701,220,157.77
229801,220,157.77
229901,220,157.77
230001,220,157.77
230101,220,157.77
230201,220,157.77
230301,220,157.77
230401,220,157.77
230501,220,158.00
230601,220,158.00
230701,220,158.00
230801,220,158.00
230901,220,158.00
231001,220,158.23
231101,220,158.23
231201,220,158.23
231301,220,158.23
231401,220,158.23
231501,220,158.23
231601,220,158.23
231701,220,158.47
231801,220,158.47
231901,220,158.47
232001,220,158.47
232101,220,158.47
232201,220,158.47
232301,220,158.70
232401,220,158.70
232501,220,158.70
232601,220,158.70
232701,220,158.70
232801,220,158.70
232901,220,158.70
233001,220,158.70
233101,220,158.94
233201,220,158.70
233301,220,158.94
233401,220,158.94
233501,220,158.94
233601,220,158.94
233701,220,158.70
233801,220,158.94
233901,220,158.94
234001,220,159.17
234101,220,159.17
234201,220,159.17
234301,220,159.17
234401,220,159.17
234501,220,159.17
234601,220,159.17
234701,220,159.17
234801,220,159.41
234901,220,159.41
235001,220,159.41
235101,220,159.41
235201,220,159.41
235301,220,159.41
235401,220,159.41
235501,220,159.41
235601,220,159.65
235701,220,159.65
235801,220,159.65
235901,220,159.65
236001,220,159.65
236101,220,159.65
236201,220,159.65
236301,220,159.89
236401,220,159.89
236501,220,159.89
236601,220,159.89
236701,220,159.89
236801,220,159.89
236901,220,159.89
237001,220,159.89
237101,220,160.13
237201,220,160.13
237301,220,160.13
237401,220,160.13
237501,220,160.13
237601,220,160.13
237701,220,160.13
237801,220,160.13
237901,220,160.37
238001,220,160.13
238101,220,160.13
238201,220,160.37
238301,220,160.37
238401,220,160.37
238501,220,160.37
238601,220,160.37
238701,220,160.37
238801,220,160.37
238901,220,160.37
239001,220,160.61
239101,220,160.61
239201,220,160.61
239301,220,160.61
239401,220,160.61
239501,220,160.61
239601,220,160.61
239701,220,160.61
239801,220,160.61
239901,220,160.85
240001,220,160.85
240101,220,160.85
240201,220,160.85
240301,220,160.85
240401,220,160.85
240501,220,160.85
240601,220,160.85
240701,220,160.85
240801,220,160.85
240901,220,160.85
241001,220,161.10
241101,220,161.10
241201,220,161.10
241301,220,161.10
241401,220,161.10
241501,220,161.10
241601,220,161.10
241701,220,161.34
241801,220,161.34
241901,220,161.34
242001,220,161.34
242101,220,161.34
242201,220,161.34
242301,220,161.34
242401,220,161.34
242501,220,161.59
242601,220,161.59
242701,220,161.59
242801,220,161.59
242901,220,161.59
243001,220,161.59
243101,220,161.59
243201,220,161.59
243301,220,161.59
243401,220,161.84
243501,220,161.84
243601,220,161.84
243701,220,161.84
243801,220,161.84
243901,220,161.84
244001,220,161.84
244101,220,162.08
244201,220,162.08
244301,220,162.08
244401,220,162.08
244501,220,162.08
244601,220,162.08
244701,220,162.08
244801,220,162.08
244901,220,162.08
245001,220,162.08
245101,220,162.33
245201,220,162.33
245301,220,162.33
245401,220,162.33
245501,220,162.33
245601,220,162.33
245701,220,162.33
245801,220,162.58
245901,220,162.58
246001,220,162.58
246101,220,162.58
246201,220,162.58
246301,220,162.58
246401,220,162.58
246501,220,162.83
246601,220,162.83
246701,220,162.83
246801,220,162.83
246901,220,162.83
247001,220,162.83
247101,220,162.83
247201,220,162.83
247301,220,163.08
247401,220,163.08
247501,220,163.08
247601,220,163.08
247701,220,163.08
247801,220,163.08
247901,220,163.08
248001,220,163.34
248101,220,163.34
248201,220,163.34
248301,220,163.34
248401,220,163.34
248501,220,163.34
248601,220,163.34
248701,220,163.59
248801,220,163.59
248901,220,163.59
249001,220,163.59
249101,220,163.59
249201,220,163.59
249301,220,163.59
249401,220,163.85
249501,220,163.85
249601,220,163.85
249701,220,163.85
249801,220,163.85
249901,220,163.85
250001,220,163.85
250101,220,164.10
250201,220,164.10
250301,220,164.10
250401,220,164.10
250501,220,164.10
250601,220,164.10
250701,220,164.10
250801,220,164.36
250901,220,164.36
251001,220,164.36
251101,220,164.36
251201,220,164.36
251301,220,164.36
251401,220,164.36
251501,220,164.62
251601,220,164.62
251701,220,164.62
251801,220,164.62
251901,220,164.62
252001,220,164.62
252101,220,164.62
252201,220,164.62
252301,220,164.62
252401,220,164.62
252501,220,164.62
252601,220,164.88
252701,220,164.62
252801,220,164.88
252901,220,164.88
253001,220,164.88
253101,220,164.88
253201,220,164.88
253301,220,164.88
253401,220,165.14
253501,220,164.88
253601,220,165.14
253701,220,165.14
253801,220,165.14
253901,220,165.14
254001,220,165.14
254101,220,165.14
254201,220,165.14
254301,220,165.14
254401,220,165.14
254501,220,165.14
254601,220,165.14
254701,220,165.14
254801,220,165.14
254901,220,165.40
255001,220,165.40
255101,220,165.40
255201,220,165.40
255301,220,165.40
255401,220,165.40
255501,220,165.40
255601,220,165.40
255701,220,165.40
255801,220,165.40
255901,220,165.40
256001,220,165.40
256101,220,165.66
256201,220,165.66
256301,220,165.66
256401,220,165.66
256501,220,165.66
256601,220,165.66
256701,220,165.66
256801,220,165.66
256901,220,165.66
257001,220,165.93
257101,220,165.93
257201,220,165.93
257301,220,165.93
257401,220,165.93
257501,220,165.93
257601,220,165.93
257701,220,165.93
257801,220,165.93
257901,220,165.93
258001,220,165.93
258101,220,166.19
258201,220,166.19
258301,220,166.19
258401,220,166.19
258501,220,166.19
258601,220,166.19
258701,220,166.19
258801,220,166.46
258901,220,166.46
259001,220,166.46
259101,220,166.46
259201,220,166.46
259301,220,166.46
259401,220,166.46
259501,220,166.46
259601,220,166.46
259701,220,166.72
259801,220,166.72
259901,220,166.72
260001,220,166.72
260101,220,166.72
260201,220,166.72
260301,220,166.72
260401,220,166.72
260501,220,166.72
260601,220,166.72
260701,220,166.99
260801,220,166.99
260901,220,166.99
261001,220,166.99
261101,220,166.99
261201,220,166.99
261301,220,166.99
261401,220,166.99
261501,220,167.26
261601,220,167.26
261701,220,167.26
261801,220,167.26
261901,220,167.26
262001,220,167.26
262101,220,167.26
262201,220,167.26
262301,220,167.53
262401,220,167.53
262501,220,167.53
262601,220,167.53
262701,220,167.53
262801,220,167.53
262901,220,167.53
263001,220,167.53
263101,220,167.53
263201,220,167.53
263301,220,167.81
263401,220,167.81
263501,220,167.81
263601,220,167.81
263701,220,167.81
263801,220,167.81
263901,220,167.81
264001,220,167.81
264101,220,168.08
264201,220,168.08
264301,220,168.08
264401,220,168.08
264501,220,168.08
264601,220,168.08
264701,220,168.08
264801,220,168.08
264901,220,168.08
265001,220,168.08
265101,220,168.35
265201,220,168.35
265301,220,168.35
265401,220,168.35
265501,220,168.35
265601,220,168.35
265701,220,168.35
265801,220,168.35
265901,220,168.35
266001,220,168.35
266101,220,168.63
266201,220,168.35
266301,220,168.63
266401,220,168.63
266501,220,168.63
266601,220,168.63
266701,220,168.63
266801,220,168.63
266901,220,168.63
267001,220,168.63
267101,220,168.63
267201,220,168.63
267301,220,168.91
267401,220,168.63
267501,220,168.91
267601,220,168.91
267701,220,168.91
267801,220,168.91
267901,220,168.91
268001,220,168.91
268101,220,168.91
268201,220,168.91
268301,220,169.18
268401,220,168.91
268501,220,169.18
268601,220,169.18
268701,220,169.18
268801,220,169.18
268901,220,169.18
269001,220,169.18
269101,220,169.18
269201,220,169.18
269301,220,169.18
269401,220,169.18
269501,220,169.46
269601,220,169.18
269701,220,169.46
269801,220,169.46
269901,220,169.46
270001,220,169.18
270101,220,169.46
270201,220,169.46
270301,220,169.46
270401,220,169.46
270501,220,169.46
270601,220,169.75
270701,220,169.75
270801,220,169.75
270901,220,169.75
271001,220,169.75
271101,220,169.75
271201,220,169.75
271301,220,169.75
271401,220,169.75
271501,220,170.03
271601,220,170.03
271701,220,169.75
271801,220,170.03
271901,220,170.03
272001,220,170.03
272101,220,170.03
272201,220,170.03
272301,220,170.03
272401,220,170.03
272501,220,170.03
272601,220,170.03
272701,220,170.03
272801,220,170.31
272901,220,170.31
273001,220,170.31
273101,220,170.31
273201,220,170.31
273301,220,170.31
273401,220,170.60
273501,220,170.31
273601,220,170.60
273701,220,170.31
273801,220,170.60
273901,220,170.60
274001,220,170.60
274101,220,170.60
274201,220,170.60
274301,220,170.60
274401,220,170.60
274501,220,170.60
274601,220,170.60
274701,220,170.88
274801,220,170.88
274901,220,170.88
275001,220,170.88
275101,220,170.88
275201,220,170.88
275301,220,170.88
275401,220,170.88
275501,220,170.88
275601,220,170.88
275701,220,171.17
275801,220,171.17
275901,220,171.17
276001,220,171.17
276101,220,171.17
276201,220,171.17
276301,220,171.17
276401,220,171.17
276501,220,171.17
276601,220,171.17
276701,220,171.17
276801,220,171.17
276901,220,171.46
277001,220,171.46
277101,220,171.46
277201,220,171.46
277301,220,171.46
277401,220,171.46
277501,220,171.46
277601,220,171.46
277701,220,171.46
277801,220,171.46
277901,220,171.75
278001,220,171.75
278101,220,171.75
278201,220,171.75
278301,220,171.75
278401,220,171.75
278501,220,171.75
278601,220,171.75
278701,220,172.04
278801,220,172.04
278901,220,172.04
279001,220,172.04
279101,220,172.04
279201,220,172.04
279301,220,172.04
279401,220,172.04
279501,220,172.04
279601,220,172.04
279701,220,172.34
279801,220,172.34
279901,220,172.34
280001,220,172.34
280101,220,172.34
280201,220,172.34
280301,220,172.34
280401,220,172.34
280501,220,172.34
280601,220,172.34
280701,220,172.34
280801,220,172.34
280901,220,172.63
281001,220,172.63
281101,220,172.34
281201,220,172.63
281301,220,172.63
281401,220,172.63
281501,220,172.63
281601,220,172.63
281701,220,172.63
281801,220,172.63
281901,220,172.63
282001,220,172.93
282101,220,172.63
282201,220,172.93
282301,220,172.93
282401,220,172.93
282501,220,172.93
282601,220,172.93
282701,220,172.93
282801,220,172.93
282901,220,172.93
283001,220,172.93
283101,220,172.93
283201,220,172.93
283301,220,173.23
283401,220,172.93
283501,220,173.23
283601,220,173.23
283701,220,173.23
283801,220,173.23
283901,220,173.23
284001,220,173.23
284101,220,173.23
284201,220,173.23
284301,220,173.23
284401,220,173.23
284501,220,173.23
284601,220,173.23
284701,220,173.23
284801,220,173.53
284901,220,173.23
285001,220,173.53
285101,220,173.53
285201,220,173.53
285301,220,173.53
285401,220,173.53
285501,220,173.53
285601,220,173.53
285701,220,173.53
285801,220,173.53
285901,220,173.53
286001,220,173.53
286101,220,173.53
286201,220,173.83
286301,220,173.53
286401,220,173.83
286501,220,173.83
286601,220,173.83
286701,220,173.83
286801,220,173.83
286901,220,173.83
287001,220,173.83
287101,220,173.83
287201,220,173.83
287301,220,173.83
287401,220,173.83
287501,220,173.83
287601,220,174.13
287701,220,174.13
287801,220,174.13
287901,220,174.13
288001,220,174.13
288101,220,174.13
288201,220,174.13
288301,220,174.13
288401,220,174.13
288501,220,174.13
288601,220,174.44
288701,220,174.44
288801,220,174.44
288901,220,174.44
289001,220,174.44
289101,220,174.44
289201,220,174.44
289301,220,174.44
289401,220,174.44
289501,220,174.44
289601,220,174.44
289701,220,174.44
289801,220,174.44
289901,220,174.74
290001,220,174.74
290101,220,174.74
290201,220,174.74
290301,220,174.74
290401,220,174.74
290501,220,174.74
290601,220,174.74
290701,220,174.74
290801,220,174.74
290901,220,175.05
291001,220,174.74
291101,220,175.05
291201,220,175.05
291301,220,175.05
291401,220,175.05
291501,220,175.05
291601,220,175.05
291701,220,175.05
291801,220,175.05
291901,220,175.05
292001,220,175.05
292101,220,175.36
292201,220,175.36
292301,220,175.36
292401,220,175.36
292501,220,175.36
292601,220,175.36
292701,220,175.36
292801,220,175.36
292901,220,175.36
293001,220,175.36
293101,220,175.36
293201,220,175.67
293301,220,175.67
293401,220,175.67
293501,220,175.67
293601,220,175.67
293701,220,175.67
293801,220,175.67
293901,220,175.67
294001,220,175.67
294101,220,175.67
294201,220,175.98
294301,220,175.98
294401,220,175.98
294501,220,175.98
294601,220,175.98
294701,220,175.98
294801,220,175.98
294901,220,175.98
295001,220,175.98
295101,220,175.98
295201,220,175.98
295301,220,175.98
295401,220,176.30
295501,220,176.30
295601,220,176.30
295701,220,176.30
295801,220,176.30
295901,220,176.30
296001,220,176.30
296101,220,176.30
296201,220,176.30
296301,220,176.30
296401,220,176.30
296501,220,176.62
296601,220,176.62
296701,220,176.62
296801,220,176.62
296901,220,176.62
297001,220,176.62
297101,220,176.62
297201,220,176.62
297301,220,176.62
297401,220,176.62
297501,220,176.93
297601,220,176.62
297701,220,176.93
297801,220,176.93
297901,220,176.93
298001,220,176.93
298101,220,176.93
298201,220,176.93
298301,220,176.93
298401,220,176.93
298501,220,176.93
298601,220,176.93
298701,220,176.93
298801,220,177.25
298901,220,177.25
299001,220,177.25
299101,220,177.25
299201,220,177.25
299301,220,177.25
299401,220,177.25
299501,220,177.25
299601,220,177.25
299701,220,177.25
299801,220,177.25
299901,220,177.57
300001,220,177.57
300101,220,177.57
300201,220,177.57
300301,220,177.57
300401,220,177.57
300501,220,177.57
300601,220,177.57
300701,220,177.57
300801,220,177.57
300901,220,177.57
301001,220,177.57
301101,220,177.57
301201,220,177.57
301301,220,177.90
301401,220,177.90
301501,220,177.90
301601,220,177.90
301701,220,177.90
301801,220,177.90
301901,220,177.90
302001,220,177.90
302101,220,177.90
302201,220,177.90
302301,220,177.90
302401,220,177.90
302501,220,177.90
302601,220,178.22
302701,220,178.22
302801,220,178.22
302901,220,178.22
303001,220,178.22
303101,220,178.22
303201,220,178.22
303301,220,178.22
303401,220,178.22
303501,220,178.22
303601,220,178.22
303701,220,178.22
303801,220,178.22
303901,220,178.55
304001,220,178.55
304101,220,178.55
304201,220,178.55
304301,220,178.55
304401,220,178.55
304501,220,178.55
304601,220,178.55
304701,220,178.55
304801,220,178.55
304901,220,178.55
305001,220,178.55
305101,220,178.55
305201,220,178.88
305301,220,178.88
305401,220,178.88
305501,220,178.88
305601,220,178.88
305701,220,178.88
305801,220,178.88
305901,220,178.88
306001,220,178.88
306101,220,178.88
306201,220,178.88
306301,220,178.88
306401,220,178.88
306501,220,179.21
306601,220,179.21
306701,220,179.21
306801,220,179.21
306901,220,179.21
307001,220,179.21
307101,220,179.21
307201,220,179.21
307301,220,179.21
307401,220,179.21
307501,220,179.21
307601,220,179.21
307701,220,179.54
307801,220,179.54
307901,220,179.54
308001,220,179.54
308101,220,179.54
308201,220,179.54
308301,220,179.54
308401,220,179.54
308501,220,179.54
308601,220,179.54
308701,220,179.54
308801,220,179.54
308901,220,179.54
309001,220,179.54
309101,220,179.54
309201,220,179.54
309301,220,179.88
309401,220,179.54
309501,220,179.88
309601,220,179.88
309701,220,179.88
309801,220,179.88
309901,220,179.88
310001,220,179.88
310101,220,179.88
310201,220,179.88
310301,220,179.88
310401,220,179.88
310501,220,179.88
310601,220,179.88
310701,220,179.88
310801,220,179.88
310901,220,179.88
311001,220,179.88
311101,220,180.21
311201,220,180.21
311301,220,180.21
311401,220,180.21
311501,220,180.21
311601,220,180.21
311701,220,180.21
311801,220,180.21
311901,220,180.21
312001,220,180.21
312101,220,180.21
312201,220,180.21
312301,220,180.21
312401,220,180.21
312501,220,180.21
312601,220,180.55
312701,220,180.55
312801,220,180.55
312901,220,180.55
313001,220,180.55
313101,220,180.55
313201,220,180.55
313301,220,180.55
313401,220,180.55
313501,220,180.55
313601,220,180.55
313701,220,180.55
313801,220,180.55
313901,220,180.89
314001,220,180.89
314101,220,180.89
314201,220,180.89
314301,220,180.89
314401,220,180.89
314501,220,180.89
314601,220,180.89
314701,220,180.89
314801,220,180.89
314901,220,180.89
315001,220,180.89
315101,220,180.89
315201,220,180.89
315301,220,180.89
315401,220,180.89
315501,220,181.24
315601,220,180.89
315701,220,180.89
315801,220,181.24
315901,220,181.24
316001,220,181.24
316101,220,181.24
316201,220,181.24
316301,220,181.24
316401,220,181.24
316501,220,181.24
316601,220,181.24
316701,220,181.24
316801,220,181.24
316901,220,181.24
317001,220,181.24
317101,220,181.24
317201,220,181.58
317301,220,181.24
317401,220,181.58
317501,220,181.58
317601,220,181.58
317701,220,181.58
317801,220,181.58
317901,220,181.58
318001,220,181.58
318101,220,181.58
318201,220,181.58
318301,220,181.58
318401,220,181.58
318501,220,181.58
318601,220,181.58
318701,220,181.93
318801,220,181.93
318901,220,181.93
319001,220,181.93
319101,220,181.93
319201,220,181.93
319301,220,181.93
319401,220,181.93
319501,220,181.93
319601,220,181.93
319701,220,181.93
319801,220,181.93
319901,220,181.93
320001,220,181.93
320101,220,181.93
320201,220,182.28
320301,220,182.28
320401,220,181.93
320501,220,182.28
320601,220,182.28
320701,220,182.28
320801,220,182.28
320901,220,182.28
321001,220,182.28
321101,220,182.28
321201,220,182.28
321301,220,182.28
321401,220,182.28
321501,220,182.28
321601,220,182.28
321701,220,182.28
321801,220,182.28
321901,220,182.63
322001,220,182.28
322101,220,182.63
322201,220,182.63
322301,220,182.63
322401,220,182.63
322501,220,182.63
322601,220,182.63
322701,220,182.63
322801,220,182.63
322901,220,182.63
323001,220,182.63
323101,220,182.63
323201,220,182.63
323301,220,182.63
323401,220,182.63
323501,220,182.63
323601,220,182.98
323701,220,182.98
323801,220,182.98
323901,220,182.98
324001,220,182.98
324101,220,182.98
324201,220,182.98
324301,220,182.98
324401,220,182.98
324501,220,182.98
324601,220,182.98
324701,220,182.98
324801,220,182.98
324901,220,182.98
325001,220,182.98
325101,220,183.34
325201,220,183.34
325301,220,182.98
325401,220,183.34
325501,220,183.34
325601,220,183.34
325701,220,183.34
325801,220,183.34
325901,220,183.34
326001,220,183.34
326101,220,183.34
326201,220,183.34
326301,220,183.34
326401,220,183.70
326501,220,183.34
326601,220,183.70
326701,220,183.34
326801,220,183.70
326901,220,183.70
327001,220,183.70
327101,220,183.70
327201,220,183.70
327301,220,183.70
327401,220,183.70
327501,220,183.70
327601,220,183.70
327701,220,183.70
327801,220,183.70
327901,220,183.70
328001,220,183.70
328101,220,183.70
328201,220,184.06
328301,220,184.06
328401,220,184.06
328501,220,184.06
328601,220,184.06
328701,220,184.06
328801,220,184.06
328901,220,184.06
329001,220,184.06
329101,220,184.06
329201,220,184.06
329301,220,184.06
329401,220,184.06
329501,220,184.06
329601,220,184.06
329701,220,184.06
329801,220,184.06
329901,220,184.42
330001,220,184.06
330101,220,184.42
330201,220,184.42
330301,220,184.42
330401,220,184.42
330501,220,184.42
330601,220,184.42
330701,220,184.42
330801,220,184.42
330901,220,184.42
331001,220,184.42
331101,220,184.42
331201,220,184.42
331301,220,184.42
331401,220,184.78
331501,220,184.42
331601,220,184.78
331701,220,184.78
331801,220,184.78
331901,220,184.78
332001,220,184.78
332101,220,184.78
332201,220,184.78
332301,220,184.78
332401,220,184.78
332501,220,184.78
332601,220,184.78
332701,220,184.78
332801,220,184.78
332901,220,184.78
333001,220,184.78
333101,220,184.78
333201,220,184.78
333301,220,184.78
333401,220,184.78
333501,220,185.15
333601,220,184.78
333701,220,185.15
333801,220,185.15
333901,220,185.15
334001,220,185.15
334101,220,185.15
334201,220,185.15
334301,220,185.15
334401,220,185.15
334501,220,185.15
334601,220,185.15
334701,220,185.15
334801,220,185.15
334901,220,185.15
335001,220,185.15
335101,220,185.15
335201,220,185.15
335301,220,185.15
335401,220,185.52
335501,220,185.15
335601,220,185.52
335701,220,185.52
335801,220,185.15
335901,220,185.52
336001,220,185.52
336101,220,185.52
336201,220,185.52
336301,220,185.52
336401,220,185.52
336501,220,185.52
336601,220,185.52
336701,220,185.52
336801,220,185.52
336901,220,185.52
337001,220,185.52
337101,220,185.52
337201,220,185.52
337301,220,185.52
337401,220,185.52
337501,220,185.89
337601,220,185.89
337701,220,185.89
337801,220,185.89
337901,220,185.89
338001,220,185.89
338101,220,185.89
338201,220,185.89
338301,220,185.89
338401,220,185.89
338501,220,185.89
338601,220,185.89
338701,220,185.89
338801,220,185.89
338901,220,185.89
339001,220,186.27
339101,220,186.27
339201,220,185.89
339301,220,186.27
339401,220,186.27
339501,220,186.27
339601,220,186.27
339701,220,186.27
339801,220,186.27
339901,220,186.27
340001,220,186.27
340101,220,186.27
340201,220,186.27
340301,220,186.27
340401,220,186.27
340501,220,186.27
340601,220,186.27
340701,220,186.27
340801,220,186.27
340901,220,186.27
341001,220,186.65
341101,220,186.65
341201,220,186.27
341301,220,186.27
341401,220,186.65
341501,220,186.65
341601,220,186.65
341701,220,186.65
341801,220,186.65
341901,220,186.65
342001,220,186.65
342101,220,186.65
342201,220,186.65
342301,220,186.65
342401,220,186.65
342501,220,186.65
342601,220,186.65
342701,220,186.65
342801,220,186.65
342901,220,186.65
343001,220,186.65
343101,220,186.65
343201,220,186.65
343301,220,187.03
343401,220,187.03
343501,220,186.65
343601,220,187.03
343701,220,187.03
343801,220,187.03
343901,220,187.03
344001,220,187.03
344101,220,187.03
344201,220,187.03
344301,220,187.03
344401,220,187.03
344501,220,187.03
344601,220,187.03
344701,220,187.03
344801,220,187.03
344901,220,187.03
345001,220,187.03
345101,220,187.03
345201,220,187.03
345301,220,187.03
345401,220,187.03
345501,220,187.03
345601,220,187.03
345701,220,187.03
345801,220,187.03
345901,220,187.03
346001,220,187.03
346101,220,187.03
346201,220,187.03
346301,220,187.41
346401,220,187.41
346501,220,187.41
346601,220,187.41
346701,220,187.41
346801,220,187.41
346901,220,187.41
347001,220,187.41
347101,220,187.41
347201,220,187.41
347301,220,187.41
347401,220,187.41
347501,220,187.41
347601,220,187.41
347701,220,187.41
347801,220,187.41
347901,220,187.41
348001,220,187.41
348101,220,187.41
348201,220,187.41
348301,220,187.41
348401,220,187.41
348501,220,187.41
348601,220,187.41
348701,220,187.41
348801,220,187.41
348901,220,187.41
349001,220,187.41
349101,220,187.79
349201,220,187.79
349301,220,187.79
349401,220,187.79
349501,220,187.41
349601,220,187.79
349701,220,187.79
349801,220,187.79
349901,220,187.79
350001,220,187.79
350101,220,187.79
350201,220,187.79
350301,220,187.79
350401,220,187.79
350501,220,187.79
350601,220,187.79
350701,220,187.79
350801,220,187.79
350901,220,187.79
351001,220,187.79
351101,220,187.79
351201,220,187.79
351301,220,187.79
351401,220,188.18
351501,220,188.18
351601,220,187.79
351701,220,188.18
351801,220,188.18
351901,220,188.18
352001,220,188.18
352101,220,188.18
352201,220,188.18
352301,220,188.18
352401,220,188.18
352501,220,188.18
352601,220,188.18
352701,220,188.18
352801,220,188.18
352901,220,188.18
353001,220,188.18
353101,220,188.18
353201,220,188.18
353301,220,188.18
353401,220,188.18
353501,220,188.18
353601,220,188.18
353701,220,188.57
353801,220,188.57
353901,220,188.57
354001,220,188.57
354101,220,188.57
354201,220,188.57
354301,220,188.57
354401,220,188.57
354501,220,188.57
354601,220,188.57
354701,220,188.57
354801,220,188.57
354901,220,188.57
355001,220,188.57
355101,220,188.57
355201,220,188.57
355301,220,188.57
355401,220,188.57
355501,220,188.57
355601,220,188.57
355701,220,188.57
355801,220,188.97
355901,220,188.97
356001,220,188.97
356101,220,188.97
356201,220,188.97
356301,220,188.97
356401,220,188.97
356501,220,188.97
356601,220,188.97
356701,220,188.97
356801,220,188.97
356901,220,188.97
357001,220,188.97
357101,220,188.97
357201,220,188.97
357301,220,189.36
357401,220,189.36
357501,220,189.36
357601,220,189.36
357701,220,189.36
357801,220,189.36
357901,220,189.36
358001,220,189.36
358101,220,189.36
358201,220,189.36
358301,220,189.36
358401,220,189.36
358501,220,189.36
358601,220,189.36
358701,220,189.36
358801,220,189.36
358901,220,189.36
359001,220,189.36
359101,220,189.36
359201,220,189.36
359301,220,189.76
359401,220,189.76
359501,220,189.76
359601,220,189.76
359701,220,189.76
359801,220,189.76
359901,220,189.76
360001,220,189.76
360101,220,189.76
360201,220,189.76
360301,220,189.76
360401,220,189.76
360501,220,189.76
360601,220,189.76
360701,220,189.76
360801,220,189.76
360901,220,189.76
361001,220,189.76
361101,220,189.76
361201,220,190.16
361301,220,189.76
361401,220,190.16
361501,220,190.16
361601,220,190.16
361701,220,190.16
361801,220,190.16
361901,220,190.16
362001,220,190.16
362101,220,190.16
362201,220,190.16
362301,220,190.16
362401,220,190.16
362501,220,190.16
362601,220,190.16
362701,220,190.16
362801,220,190.16
362901,220,190.16
363001,220,190.16
363101,220,190.16
363201,220,190.16
363301,220,190.16
363401,220,190.16
363501,220,190.16
363601,220,190.16
363701,220,190.16
363801,220,190.16
363901,220,190.16
364001,220,190.57
364101,220,190.57
364201,220,190.57
364301,220,190.57
364401,220,190.57
364501,220,190.57
364601,220,190.57
364701,220,190.57
364801,220,190.57
364901,220,190.57
365001,220,190.57
365101,220,190.57
365201,220,190.57
365301,220,190.57
365401,220,190.57
365501,220,190.57
365601,220,190.57
365701,220,190.98
365801,220,190.98
365901,220,190.57
366001,220,190.98
366101,220,190.98
366201,220,190.98
366301,220,190.98
366401,220,190.98
366501,220,190.98
366601,220,190.98
366701,220,190.98
366801,220,190.98
366901,220,190.98
367001,220,190.98
367101,220,190.98
367201,220,190.98
367301,220,190.98
367401,220,190.98
367501,220,190.98
367601,220,190.98
367701,220,190.98
367801,220,191.39
367901,220,191.39
368001,220,191.39
368101,220,191.39
368201,220,191.39
368301,220,191.39
368401,220,191.39
368501,220,191.39
368601,220,191.39
368701,220,191.39
368801,220,191.39
368901,220,191.39
369001,220,191.39
369101,220,191.39
369201,220,191.39
369301,220,191.39
369401,220,191.39
369501,220,191.39
369601,220,191.39
369701,220,191.39
369801,220,191.39
369901,220,191.39
370001,220,191.80
370101,220,191.39
370201,220,191.39
370301,220,191.39
370401,220,191.80
370501,220,191.80
370601,220,191.80
370701,220,191.80
370801,220,191.80
370901,220,191.80
371001,220,191.80
371101,220,191.80
371201,220,191.80
371301,220,191.80
371401,220,191.80
371501,220,191.80
371601,220,191.80
371701,220,191.80
371801,220,191.80
371901,220,191.80
372001,220,191.80
372101,220,191.80
372201,220,191.80
372301,220,191.80
372401,220,191.80
372501,220,191.80
372601,220,191.80
372701,220,191.80
372801,220,192.22
372901,220,191.80
373001,220,192.22
373101,220,192.22
373201,220,192.22
373301,220,192.22
373401,220,192.22
373501,220,192.22
373601,220,192.22
373701,220,192.22
373801,220,192.22
373901,220,192.22
374001,220,192.22
374101,220,192.22
374201,220,192.22
374301,220,192.22
374401,220,192.22
374501,220,192.22
374601,220,192.22
374701,220,192.22
374801,220,192.22
374901,220,192.22
375001,220,192.64
375101,220,192.64
375201,220,192.64
375301,220,192.64
375401,220,192.64
375501,220,192.64
375601,220,192.64
375701,220,192.64
375801,220,192.64
375901,220,192.64
376001,220,192.64
376101,220,192.64
376201,220,192.64
376301,220,192.64
376401,220,192.64
376501,220,192.64
376601,220,192.64
376701,220,192.64
376801,220,192.64
376901,220,192.64
377001,220,192.64
377101,220,192.64
377201,220,192.64
377301,220,193.06
377401,220,192.64
377501,220,192.64
377601,220,192.64
377701,220,193.06
377801,220,193.06
377901,220,193.06
378001,220,193.06
378101,220,193.06
378201,220,193.06
378301,220,193.06
378401,220,193.06
378501,220,193.06
378601,220,193.06
378701,220,193.06
378801,220,193.06
378901,220,193.06
379001,220,193.06
379101,220,193.06
379201,220,193.06
379301,220,193.06
379401,220,193.49
379501,220,193.06
379601,220,193.06
379701,220,193.06
379801,220,193.06
379901,220,193.06
380001,220,193.49
380101,220,193.49
380201,220,193.49
380301,220,193.49
380401,220,193.06
380501,220,193.49
380601,220,193.49
380701,220,193.06
380801,220,193.49
380901,220,193.49
381001,220,193.49
381101,220,193.49
381201,220,193.49
381301,220,193.49
381401,220,193.49
381501,220,193.49
381601,220,193.49
381701,220,193.49
381801,220,193.49
381901,220,193.49
382001,220,193.49
382101,220,193.49
382201,220,193.49
382301,220,193.49
382401,220,193.49
382501,220,193.49
382601,220,193.49
382701,220,193.49
382801,220,193.92
382901,220,193.92
383001,220,193.92
383101,220,193.92
383201,220,193.92
383301,220,193.92
383401,220,193.92
383501,220,193.92
383601,220,193.92
383701,220,193.92
383801,220,193.92
383901,220,193.92
384001,220,193.92
384101,220,193.92
384201,220,193.92
384301,220,193.92
384401,220,193.92
384501,220,194.35
384601,220,193.92
384701,220,193.92
384801,220,193.92
384901,220,194.35
385001,220,194.35
385101,220,194.35
385201,220,194.35
385301,220,194.35
385401,220,194.35
385501,220,194.35
385601,220,194.35
385701,220,194.35
385801,220,194.35
385901,220,194.35
386001,220,194.35
386101,220,194.35
386201,220,194.35
386301,220,194.35
386401,220,194.35
386501,220,194.35
386601,220,194.35
386701,220,194.35
386801,220,194.35
386901,220,194.35
387001,220,194.35
387101,220,194.35
387201,220,194.35
387301,220,194.35
387401,220,194.35
387501,220,194.79
387601,220,194.79
387701,220,194.79
387801,220,194.79
387901,220,194.79
388001,220,194.79
388101,220,194.79
388201,220,194.79
388301,220,194.79
388401,220,194.79
388501,220,194.79
388601,220,194.79
388701,220,194.79
388801,220,194.79
388901,220,194.79
389001,220,194.79
389101,220,194.79
389201,220,194.79
389301,220,194.79
389401,220,194.79
389501,220,194.79
389601,220,194.79
389701,220,194.79
389801,220,195.23
389901,220,195.23
390001,220,194.79
390101,220,195.23
390201,220,195.23
390301,220,195.23
390401,220,195.23
390501,220,195.23
390601,220,195.23
390701,220,195.23
390801,220,195.23
390901,220,195.23
391001,220,195.23
391101,220,195.23
391201,220,195.23
391301,220,195.23
391401,220,195.23
391501,220,195.23
391601,220,195.23
391701,220,195.23
391801,220,195.23
391901,220,195.23
392001,220,195.23
392101,220,195.23
392201,220,195.67
392301,220,195.23
392401,220,195.23
392501,220,195.67
392601,220,195.67
392701,220,195.23
392801,220,195.67
392901,220,195.67
393001,220,195.67
393101,220,195.67
393201,220,195.67
393301,220,195.67
393401,220,195.67
393501,220,195.67
393601,220,195.67
393701,220,195.67
393801,220,195.67
393901,220,195.67
394001,220,195.67
394101,220,195.67
394201,220,195.67
394301,220,195.67
394401,220,195.67
394501,220,196.12
394601,220,196.12
394701,220,195.67
394801,220,195.67
394901,220,196.12
395001,220,196.12
395101,220,196.12
395201,220,196.12
395301,220,196.12
395401,220,196.12
395501,220,196.12
395601,220,196.12
395701,220,196.12
395801,220,196.12
395901,220,196.12
396001,220,196.12
396101,220,196.12
396201,220,196.12
396301,220,196.12
396401,220,196.12
396501,220,196.12
396601,220,196.12
396701,220,196.12
396801,220,196.12
396901,220,196.12
397001,220,196.12
397101,220,196.12
397201,220,196.12
397301,220,196.12
397401,220,196.12
397501,220,196.12
397601,220,196.12
397701,220,196.12
397801,220,196.12
397901,220,196.12
398001,220,196.57
398101,220,196.57
398201,220,196.12
398301,220,196.57
398401,220,196.57
398501,220,196.57
398601,220,196.57
398701,220,196.57
398801,220,196.57
398901,220,196.57
399001,220,196.57
399101,220,196.57
399201,220,196.57
399301,220,196.57
399401,220,196.57
399501,220,196.57
399601,220,196.57
399701,220,196.57
399801,220,196.57
399901,220,196.57
400001,220,196.57
400101,220,196.57
400201,220,196.57
400301,220,196.57
400401,220,196.57
400501,220,196.57
400601,220,196.57
400701,220,196.57
400801,220,196.57
400901,220,196.57
401001,220,196.57
401101,220,196.57
401201,220,196.57
401301,220,196.57
401401,220,196.57
401501,220,196.57
401601,220,196.57
401701,220,196.57
401801,220,197.02
401901,220,196.57
402001,220,196.57
402101,220,196.57
402201,220,196.57
402301,220,197.02
402401,220,197.02
402501,220,196.57
402601,220,197.02
402701,220,197.02
402801,220,196.57
402901,220,197.02
403001,220,197.02
403101,220,197.02
403201,220,197.02
403301,220,197.02
403401,220,197.02
403501,220,197.02
403601,220,197.02
403701,220,197.02
403801,220,197.02
403901,220,197.02
404001,220,197.02
404101,220,197.02
404201,220,197.02
404301,220,197.02
404401,220,197.02
404501,220,197.02
404601,220,197.02
404701,220,197.02
404801,220,197.02
404901,220,197.02
405001,220,197.02
405101,220,197.02
405201,220,197.02
405301,220,197.02
405401,220,197.02
405501,220,197.02
405601,220,197.02
405701,220,197.02
405801,220,197.02
405901,220,197.02
406001,220,197.48
406101,220,197.48
406201,220,197.48
406301,220,197.02
406401,220,197.48
406501,220,197.48
406601,220,197.02
406701,220,197.48
406801,220,197.48
406901,220,197.48
407001,220,197.48
407101,220,197.48
407201,220,197.48
407301,220,197.48
407401,220,197.48
407501,220,197.48
407601,220,197.48
407701,220,197.48
407801,220,197.48
407901,220,197.48
408001,220,197.48
408101,220,197.48
408201,220,197.48
408301,220,197.48
408401,220,197.48
408501,220,197.48
408601,220,197.48
408701,220,197.95
408801,220,197.48
408901,220,197.95
409001,220,197.48
409101,220,197.95
409201,220,197.48
409301,220,197.95
409401,220,197.95
409501,220,197.95
409601,220,197.48
409701,220,197.95
409801,220,197.95
409901,220,197.95
410001,220,197.48
410101,220,197.95
410201,220,197.95
410301,220,197.95
410401,220,197.95
410501,220,197.95
410601,220,197.95
410701,220,197.95
410801,220,197.95
410901,220,197.95
411001,220,197.95
411101,220,197.95
411201,220,197.95
411301,220,197.95
411401,220,197.95
411501,220,197.95
411601,220,197.95
411701,220,197.95
411801,220,197.95
411901,220,197.95
412001,220,197.95
412101,220,197.95
412201,220,197.95
412301,220,197.95
412401,220,198.41
412501,220,197.95
412601,220,197.95
412701,220,197.95
412801,220,198.41
412901,220,198.41
413001,220,198.41
413101,220,198.41
413201,220,198.41
413301,220,198.41
413401,220,198.41
413501,220,198.41
413601,220,198.41
413701,220,198.41
413801,220,198.41
413901,220,198.41
414001,220,198.41
414101,220,198.41
414201,220,198.41
414301,220,198.41
414401,220,198.41
414501,220,198.41
414601,220,198.41
414701,220,198.41
414801,220,198.41
414901,220,198.41
415001,220,198.41
415101,220,198.41
415201,220,198.41
415301,220,198.41
415401,220,198.41
415501,220,198.41
415601,220,198.41
415701,220,198.88
415801,220,198.41
415901,220,198.41
416001,220,198.41
416101,220,198.41
416201,220,198.88
416301,220,198.88
416401,220,198.88
416501,220,198.88
416601,220,198.88
416701,220,198.88
416801,220,198.88
416901,220,198.88
417001,220,198.88
417101,220,198.88
417201,220,198.88
417301,220,198.88
417401,220,198.88
417501,220,198.88
417601,220,198.88
417701,220,198.88
417801,220,198.88
417901,220,198.88
418001,220,198.88
418101,220,198.88
418201,220,198.88
418301,220,198.88
418401,220,198.88
418501,220,198.88
418601,220,198.88
418701,220,198.88
418801,220,198.88
418901,220,198.88
419001,220,198.88
419101,220,198.88
419201,220,198.88
419301,220,198.88
419401,220,198.88
419501,220,198.88
419601,220,198.88
419701,220,198.88
419801,220,198.88
419901,220,198.88
420001,220,198.88
420101,220,198.88
420201,220,198.88
420301,220,198.88
420401,220,198.88
420501,220,198.88
420601,220,198.88
420701,220,198.88
420801,220,198.88
420901,220,198.88
421001,220,198.88
421101,220,198.88
421201,220,198.88
421301,220,198.88
421401,220,198.88
421501,220,198.88
421601,220,199.36
421701,220,198.88
421801,220,199.36
421901,220,199.36
422001,220,198.88
422101,220,199.36
422201,220,199.36
422301,220,199.36
422401,220,199.36
422501,220,199.36
422601,220,199.36
422701,220,199.36
422801,220,199.36
422901,220,199.36
423001,220,199.36
423101,220,199.36
423201,220,199.36
423301,220,199.36
423401,220,199.36
423501,220,199.36
423601,220,199.36
423701,220,199.84
423801,220,199.36
423901,220,199.84
424001,220,199.36
424101,220,199.84
424201,220,199.84
424301,220,199.84
424401,220,199.84
424501,220,199.84
424601,220,199.84
424701,220,199.84
424801,220,199.84
424901,220,199.84
425001,220,199.84
425101,220,199.84
425201,220,199.84
425301,220,199.84
425401,220,199.84
425501,220,199.84
425601,220,199.84
425701,220,199.84
425801,220,199.84
425901,220,199.84
426001,220,199.84
426101,220,199.84
426201,220,199.84
426301,220,199.84
426401,220,199.84
426501,220,199.84
426601,220,199.84
426701,220,199.84
426801,220,199.84
426901,220,199.84
427001,220,199.84
427101,220,199.84
427201,220,200.32
427301,220,200.32
427401,220,200.32
427501,220,200.32
427601,220,200.32
427701,220,200.32
427801,220,200.32
427901,220,200.32
428001,220,200.32
428101,220,200.32
428201,220,200.32
428301,220,200.32
428401,220,200.32
428501,220,200.32
428601,220,200.32
428701,220,200.32
428801,220,200.32
428901,220,200.32
429001,220,200.32
429101,220,200.32
429201,220,200.32
429301,220,200.32
429401,220,200.32
429501,220,200.32
429601,220,200.32
429701,220,200.32
429801,220,200.32
429901,220,200.32
430001,220,200.32
430101,220,200.32
430201,220,200.32
430301,220,200.32
430401,220,200.32
430501,220,200.32
430601,220,200.32
430701,220,200.32
430801,220,200.32
430901,220,200.81
431001,220,200.32
431101,220,200.81
431201,220,200.32
431301,220,200.32
431401,220,200.81
431501,220,200.81
431601,220,200.81
431701,220,200.81
431801,220,200.81
431901,220,200.81
432001,220,200.81
432101,220,200.81
432201,220,200.81
432301,220,200.81
432401,220,200.81
432501,220,200.81
432601,220,200.81
432701,220,200.81
432801,220,200.81
432901,220,200.81
433001,220,200.81
433101,220,200.81
433201,220,200.81
433301,220,200.81
433401,220,200.81
433501,220,200.81
433601,220,200.81
433701,220,200.81
433801,220,200.81
433901,220,200.81
434001,220,200.81
434101,220,200.81
434201,220,200.81
434301,220,200.81
434401,220,201.30
434501,220,200.81
434601,220,201.30
434701,220,201.30
434801,220,200.81
434901,220,201.30
435001,220,201.30
435101,220,201.30
435201,220,201.30
435301,220,201.30
435401,220,201.30
435501,220,201.30
435601,220,201.30
435701,220,201.30
435801,220,201.30
435901,220,201.30
436001,220,201.30
436101,220,201.30
436201,220,201.30
436301,220,201.30
436401,220,201.30
436501,220,201.30
436601,220,201.30
436701,220,201.30
436801,220,201.30
436901,220,201.30
437001,220,201.30
437101,220,201.30
437201,220,201.30
437301,220,201.30
437401,220,201.30
437501,220,201.30
437601,220,201.30
437701,220,201.30
437801,220,201.30
437901,220,201.30
438001,220,201.30
438101,220,201.30
438201,220,201.30
438301,220,201.30
438401,220,201.30
438501,220,201.30
438601,220,201.30
438701,220,201.30
438801,220,201.30
438901,220,201.30
439001,220,201.30
439101,220,201.30
439201,220,201.30
439301,220,201.30
439401,220,201.30
439501,220,201.30
439601,220,201.30
439701,220,201.30
439801,220,201.30
439901,220,201.30
440001,220,201.79
440101,220,201.30
440201,220,201.30
440301,220,201.30
440401,220,201.79
440501,220,201.79
440601,220,201.79
440701,220,201.79
440801,220,201.79
440901,220,201.79
441001,220,201.79
441101,220,201.79
441201,220,201.79
441301,220,201.79
441401,220,201.79
441501,220,201.79
441601,220,201.79
441701,220,201.79
441801,220,201.79
441901,220,201.79
442001,220,201.79
442101,220,201.79
442201,220,201.79
442301,220,201.79
442401,220,201.79
442501,220,201.79
442601,220,201.79
442701,220,201.79
442801,220,201.79
442901,220,201.79
443001,220,201.79
443101,220,201.79
443201,220,201.79
443301,220,201.79
443401,220,201.79
443501,220,201.79
443601,220,201.79
443701,220,201.79
443801,220,201.79
443901,220,201.79
444001,220,201.79
444101,220,201.79
444201,220,202.29
444301,220,201.79
444401,220,201.79
444501,220,202.29
444601,220,202.29
444701,220,201.79
444801,220,201.79
444901,220,202.29
445001,220,202.29
445101,220,201.79
445201,220,202.29
445301,220,202.29
445401,220,202.29
445501,220,202.29
445601,220,202.29
445701,220,202.29
445801,220,202.29
445901,220,202.29
446001,220,202.29
446101,220,202.29
446201,220,202.29
446301,220,202.29
446401,220,202.29
446501,220,202.29
446601,220,202.29
446701,220,202.29
446801,220,202.29
446901,220,202.29
447001,220,202.29
447101,220,202.29
447201,220,202.29
447301,220,202.29
447401,220,202.29
447501,220,202.29
447601,220,202.29
447701,220,202.29
447801,220,202.29
447901,220,202.80
448001,220,202.29
448101,220,202.29
448201,220,202.80
448301,220,202.29
448401,220,202.80
448501,220,202.80
448601,220,202.80
448701,220,202.80
448801,220,202.80
448901,220,202.80
449001,220,202.80
449101,220,202.80
449201,220,202.80
449301,220,202.80
449401,220,202.80
449501,220,202.80
449601,220,202.80
449701,220,202.80
449801,220,202.80
449901,220,202.80
450001,220,202.80
450101,220,202.80
450201,220,202.80
450301,220,202.80
450401,220,202.80
450501,220,202.80
450601,220,202.80
450701,220,202.80
450801,220,202.80
450901,220,202.80
451001,220,202.80
451101,220,202.80
451201,220,202.80
451301,220,202.80
451401,220,202.80
451501,220,203.31
451601,220,202.80
451701,220,202.80
451801,220,202.80
451901,220,202.80
452001,220,202.80
452101,220,202.80
452201,220,203.31
452301,220,203.31
452401,220,203.31
452501,220,203.31
452601,220,202.80
452701,220,202.80
452801,220,203.31
452901,220,203.31
453001,220,203.31
453101,220,203.31
453201,220,203.31
453301,220,203.31
453401,220,203.31
453501,220,203.31
453601,220,203.31
453701,220,203.31
453801,220,203.31
453901,220,203.31
454001,220,203.31
454101,220,203.31
454201,220,203.31
454301,220,203.31
454401,220,203.31
454501,220,203.31
454601,220,203.31
454701,220,203.31
454801,220,203.31
454901,220,203.31
455001,220,203.31
455101,220,203.31
455201,220,203.31
455301,220,203.31
455401,220,203.31
455501,220,203.31
455601,220,203.31
455701,220,203.31
455801,220,203.31
455901,220,203.82
456001,220,203.31
456101,220,203.31
456201,220,203.31
456301,220,203.31
456401,220,203.31
456501,220,203.31
456601,220,203.31
456701,220,203.82
456801,220,203.31
456901,220,203.82
457001,220,203.82
457101,220,203.82
457201,220,203.82
457301,220,203.82
457401,220,203.82
457501,220,203.82
457601,220,203.82
457701,220,203.82
457801,220,203.82
457901,220,203.82
458001,220,203.82
458101,220,203.31
458201,220,203.82
458301,220,203.82
458401,220,203.82
458501,220,203.82
458601,220,203.82
458701,220,203.82
458801,220,203.82
458901,220,203.82
459001,220,203.82
459101,220,203.82
459201,220,203.82
459301,220,203.82
459401,220,203.82
459501,220,203.82
459601,220,203.82
459701,220,203.82
459801,220,203.82
459901,220,203.82
460001,220,203.82
460101,220,203.82
460201,220,203.82
460301,220,203.82
460401,220,203.82
460501,220,203.82
460601,220,203.82
460701,220,203.82
460801,220,204.34
460901,220,204.34
461001,220,203.82
461101,220,204.34
461201,220,204.34
461301,220,204.34
461401,220,203.82
461501,220,204.34
461601,220,204.34
461701,220,203.82
461801,220,204.34
461901,220,204.34
462001,220,204.34
462101,220,204.34
462201,220,204.34
462301,220,204.34
462401,220,204.34
462501,220,204.34
462601,220,204.34
462701,220,204.34
462801,220,204.34
462901,220,204.34
463001,220,204.34
463101,220,204.34
463201,220,204.34
463301,220,204.34
463401,220,204.34
463501,220,204.34
463601,220,204.34
463701,220,204.34
463801,220,204.34
463901,220,204.87
464001,220,204.34
464101,220,204.34
464201,220,204.34
464301,220,204.87
464401,220,204.87
464501,220,204.87
464601,220,204.87
464701,220,204.87
464801,220,204.87
464901,220,204.87
465001,220,204.87
465101,220,204.87
465201,220,204.87
465301,220,204.87
465401,220,204.87
465501,220,204.87
465601,220,204.87
465701,220,204.87
465801,220,204.87
465901,220,204.87
466001,220,204.87
466101,220,204.87
466201,220,204.87
466301,220,204.87
466401,220,204.87
466501,220,204.87
466601,220,204.87
466701,220,204.87
466801,220,204.87
466901,220,204.87
467001,220,204.87
467101,220,204.87
467201,220,205.40
467301,220,204.87
467401,220,204.87
467501,220,205.40
467601,220,205.40
467701,220,205.40
467801,220,205.40
467901,220,205.40
468001,220,205.40
468101,220,205.40
468201,220,205.40
468301,220,205.40
468401,220,205.40
468501,220,205.40
468601,220,205.40
468701,220,205.40
468801,220,205.40
468901,220,205.40
469001,220,205.40
469101,220,205.40
469201,220,205.40
469301,220,205.40
469401,220,205.40
469501,220,205.40
469601,220,205.40
469701,220,205.40
469801,220,205.40
469901,220,205.40
470001,220,205.40
470101,220,205.40
470201,220,205.40
470301,220,205.40
470401,220,205.40
470501,220,205.40
470601,220,205.40
470701,220,205.40
470801,220,205.40
470901,220,205.40
471001,220,205.40
471101,220,205.40
471201,220,205.40
471301,220,205.93
471401,220,205.93
471501,220,205.93
471601,220,205.93
471701,220,205.93
471801,220,205.93
471901,220,205.93
472001,220,205.93
472101,220,205.93
472201,220,205.40
472301,220,205.93
472401,220,205.93
472501,220,205.93
472601,220,205.93
472701,220,205.93
472801,220,205.93
472901,220,205.93
473001,220,205.93
473101,220,205.93
473201,220,205.93
473301,220,205.93
473401,220,205.93
473501,220,205.93
473601,220,205.93
473701,220,205.93
473801,220,205.93
473901,220,205.93
474001,220,205.93
474101,220,205.93
474201,220,205.93
474301,220,205.93
474401,220,205.93
474501,220,205.93
474601,220,205.93
474701,220,205.93
474801,220,205.93
474901,220,205.93
475001,220,205.93
475101,220,205.93
475201,220,205.93
475301,220,205.93
475401,220,205.93
475501,220,205.93
475601,220,205.93
475701,220,205.93
475801,220,205.93
475901,220,205.93
476001,220,205.93
476101,220,205.93
476201,220,205.93
476301,220,205.93
476401,220,206.47
476501,220,205.93
476601,220,206.47
476701,220,205.93
476801,220,206.47
476901,220,206.47
477001,220,206.47
477101,220,206.47
477201,220,206.47
477301,220,206.47
477401,220,206.47
477501,220,206.47
477601,220,206.47
477701,220,206.47
477801,220,206.47
477901,220,206.47
478001,220,206.47
478101,220,206.47
478201,220,206.47
478301,220,206.47
478401,220,206.47
478501,220,206.47
478601,220,206.47
478701,220,206.47
478801,220,206.47
478901,220,206.47
479001,220,206.47
479101,220,206.47
479201,220,206.47
479301,220,206.47
479401,220,206.47
479501,220,206.47
479601,220,206.47
479701,220,206.47
479801,220,206.47
479901,220,206.47
480001,220,206.47
480101,220,206.47
480201,220,206.47
480301,220,206.47
480401,220,206.47
480501,220,206.47
480601,220,206.47
480701,220,206.47
480801,220,206.47
480901,220,206.47
481001,220,206.47
481101,220,206.47
481201,220,206.47
481301,220,206.47
481401,220,206.47
481501,220,206.47
481601,220,206.47
481701,220,206.47
481801,220,206.47
481901,220,206.47
482001,220,206.47
482101,220,206.47
482201,220,206.47
482301,220,206.47
482401,220,206.47
482501,220,206.47
482601,220,206.47
482701,220,206.47
482801,220,206.47
482901,220,206.47
483001,220,206.47
483101,220,206.47
483201,220,206.47
483301,220,206.47
483401,220,206.47
483501,220,206.47
483601,220,206.47
483701,220,206.47
483801,220,206.47
483901,220,206.47
484001,220,207.02
484101,220,206.47
484201,220,206.47
484301,220,206.47
484401,220,206.47
484501,220,206.47
484601,220,206.47
484701,220,206.47
484801,220,206.47
484901,220,206.47
485001,220,206.47
485101,220,207.02
485201,220,207.02
485301,220,207.02
485401,220,207.02
485501,220,207.02
485601,220,207.02
485701,220,207.02
485801,220,206.47
485901,220,207.02
486001,220,207.02
486101,220,207.02
486201,220,207.02
486301,220,207.02
486401,220,207.02
486501,220,207.02
486601,220,207.02
486701,220,207.02
486801,220,207.02
486901,220,207.02
487001,220,207.02
487101,220,207.02
487201,220,207.02
487301,220,207.02
487401,220,207.02
487501,220,207.02
487601,220,207.02
487701,220,207.02
487801,220,207.02
487901,220,207.02
488001,220,207.02
488101,220,207.02
488201,220,207.02
488301,220,207.02
488401,220,207.02
488501,220,207.02
488601,220,207.02
488701,220,207.02
488801,220,207.02
488901,220,207.02
489001,220,207.02
489101,220,207.02
489201,220,207.02
489301,220,207.02
489401,220,207.02
489501,220,207.02
489601,220,207.02
489701,220,207.02
489801,220,207.02
489901,220,207.02
490001,220,207.02
490101,220,207.02
490201,220,207.02
490301,220,207.57
490401,220,207.57
490501,220,207.02
490601,220,207.57
490701,220,207.57
490801,220,207.02
490901,220,207.57
491001,220,207.02
491101,220,207.57
491201,220,207.57
491301,220,207.57
491401,220,207.57
491501,220,207.57
491601,220,207.02
491701,220,207.57
491801,220,207.57
491901,220,207.57
492001,220,207.57
492101,220,207.57
492201,220,207.57
492301,220,207.57
492401,220,207.57
492501,220,207.57
492601,220,207.57
492701,220,207.57
492801,220,207.57
492901,220,207.57
493001,220,207.57
493101,220,207.57
493201,220,207.57
493301,220,207.57
493401,220,207.57
493501,220,207.57
493601,220,207.57
493701,220,207.57
493801,220,207.57
493901,220,207.57
494001,220,207.57
494101,220,207.57
494201,220,207.57
494301,220,207.57
494401,220,207.57
494501,220,207.57
494601,220,207.57
494701,220,207.57
494801,220,207.57
494901,220,207.57
495001,220,207.57
495101,220,207.57
495201,220,207.57
495301,220,207.57
495401,220,207.57
495501,220,207.57
495601,220,207.57
495701,220,207.57
495801,220,208.12
495901,220,208.12
496001,220,208.12
496101,220,208.12
496201,220,207.57
496301,220,208.12
496401,220,208.12
496501,220,208.12
496601,220,208.12
496701,220,208.12
496801,220,208.12
496901,220,208.12
497001,220,208.12
497101,220,208.12
497201,220,208.12
497301,220,208.12
497401,220,208.12
497501,220,208.12
497601,220,208.12
497701,220,208.12
497801,220,208.12
497901,220,208.12
498001,220,208.12
498101,220,208.12
498201,220,208.12
498301,220,208.12
498401,220,208.12
498501,220,208.12
498601,220,208.12
498701,220,208.12
498801,220,208.12
498901,220,208.12
499001,220,208.12
499101,220,208.12
499201,220,208.12
499301,220,208.12
499401,220,208.12
499501,220,208.12
499601,220,208.12
499701,220,208.12
499801,220,208.12
499901,220,208.12
500001,220,208.12
500101,220,208.69
500201,220,208.69
500301,220,208.12
500401,220,208.12
500501,220,208.69
500601,220,208.69
500701,220,208.69
500801,220,208.12
500901,220,208.12
501001,220,208.69
501101,220,208.12
501201,220,208.69
501301,220,208.69
501401,220,208.69
501501,220,208.69
501601,220,208.12
501701,220,208.69
501801,220,208.69
501901,220,208.69
502001,220,208.69
502101,220,208.69
502201,220,208.69
502301,220,208.69
502401,220,208.69
502501,220,208.69
502601,220,208.69
502701,220,208.69
502801,220,208.69
502901,220,208.69
503001,220,208.69
503101,220,208.69
503201,220,209.25
503301,220,208.69
503401,220,208.69
503501,220,208.69
503601,220,208.69
503701,220,208.69
503801,220,208.69
503901,220,208.69
504001,220,208.69
504101,220,208.69
504201,220,208.69
504301,220,208.69
504401,220,208.69
504501,220,208.69
504601,220,208.69
504701,220,208.69
504801,220,208.69
504901,220,208.69
505001,220,208.69
505101,220,208.69
505201,220,208.69
505301,220,208.69
505401,220,208.69
505501,220,208.69
505601,220,208.69
505701,220,208.69
505801,220,209.25
505901,220,208.69
506001,220,208.69
506101,220,208.69
506201,220,208.69
506301,220,208.69
506401,220,209.25
506501,220,208.69
506601,220,209.25
506701,220,209.25
506801,220,209.25
506901,220,209.25
507001,220,209.25
507101,220,209.25
507201,220,208.69
507301,220,209.25
507401,220,209.25
507501,220,209.25
507601,220,209.25
507701,220,209.25
507801,220,209.25
507901,220,208.69
508001,220,209.25
508101,220,209.25
508201,220,209.25
508301,220,209.25
508401,220,209.25
508501,220,209.25
508601,220,209.25
508701,220,209.25
508801,220,209.25
508901,220,209.25
509001,220,209.25
509101,220,209.25
509201,220,208.69
509301,220,209.25
509401,220,209.25
509501,220,209.25
509601,220,209.25
509701,220,209.25
509801,220,209.25
509901,220,209.25
510001,220,209.25
510101,220,209.25
510201,220,209.25
510301,220,209.25
510401,220,209.25
510501,220,209.25
510601,220,209.25
510701,220,209.25
510801,220,209.25
510901,220,209.25
511001,220,209.25
511101,220,209.25
511201,220,209.25
511301,220,209.25
511401,220,209.25
511501,220,209.25
511601,220,209.25
511701,220,209.25
511801,220,209.25
511901,220,209.25
512001,220,209.25
512101,220,209.25
512201,220,209.25
512301,220,209.25
512401,220,209.25
512501,220,209.25
512601,220,209.83
512701,220,209.25
512801,220,209.25
512901,220,209.25
513001,220,209.25
513101,220,209.25
513201,220,209.83
513301,220,209.25
513401,220,209.83
513501,220,209.25
513601,220,209.25
513701,220,209.83
513801,220,209.83
513901,220,209.83
514001,220,209.83
514101,220,209.83
514201,220,209.83
514301,220,209.83
514401,220,209.83
514501,220,209.83
514601,220,209.83
514701,220,209.83
514801,220,209.83
514901,220,209.83
515001,220,209.83
515101,220,209.83
515201,220,209.83
515301,220,209.83
515401,220,209.83
515501,220,209.83
515601,220,209.83
515701,220,209.83
515801,220,209.83
515901,220,209.83
516001,220,209.83
516101,220,209.83
516201,220,209.83
516301,220,209.83
516401,220,209.83
516501,220,209.83
516601,220,209.83
516701,220,209.83
516801,220,209.83
516901,220,209.83
517001,220,209.83
517101,220,209.83
517201,220,209.83
517301,220,209.83
517401,220,209.83
517501,220,209.83
517601,220,209.83
517701,220,209.83
517801,220,209.83
517901,220,209.83
518001,220,209.83
518101,220,209.83
518201,220,209.83
518301,220,209.83
518401,220,209.83
518501,220,209.83
518601,220,209.83
518701,220,209.83
518801,220,209.83
518901,220,209.83
519001,220,209.83
519101,220,209.83
519201,220,209.83
519301,220,209.83
519401,220,210.41
519501,220,210.41
519601,220,209.83
519701,220,210.41
519801,220,209.83
519901,220,210.41
520001,220,210.41
520101,220,210.41
520201,220,209.83
520301,220,210.41
520401,220,210.41
520501,220,210.41
520601,220,210.41
520701,220,210.41
520801,220,210.41
520901,220,210.41
521001,220,210.41
521101,220,210.41
521201,220,210.41
521301,220,210.41
521401,220,210.41
521501,220,210.41
521601,220,210.41
521701,220,210.41
521801,220,210.41
521901,220,210.41
522001,220,210.41
522101,220,210.41
522201,220,210.41
522301,220,210.41
522401,220,210.41
522501,220,210.41
522601,220,210.41
522701,220,210.41
522801,220,210.41
522901,220,210.41
523001,220,210.41
523101,220,210.41
523201,220,210.41
523301,220,210.41
523401,220,210.41
523501,220,210.41
523601,220,210.41
523701,220,210.41
523801,220,210.41
523901,220,210.41
524001,220,210.41
524101,220,210.41
524201,220,210.41
524301,220,210.41
524401,220,210.41
524501,220,210.41
524601,220,210.41
524701,220,210.41
524801,220,210.41
524901,220,210.41
525001,220,210.41
525101,220,210.41
525201,220,210.41
525301,220,210.41
525401,220,210.41
525501,220,210.41
525601,220,210.41
525701,220,210.41
525801,220,210.41
525901,220,210.41
526001,220,210.41
526101,220,210.41
526201,220,210.41
526301,220,210.41
526401,220,210.41
526501,220,210.99
526601,220,210.41
526701,220,210.99
526801,220,210.99
526901,220,210.41
527001,220,210.41
527101,220,210.41
527201,220,210.41
527301,220,210.99
527401,220,210.41
527501,220,210.41
527601,220,210.41
527701,220,210.41
527801,220,210.41
527901,220,210.41
528001,220,210.41
528101,220,210.41
528201,220,210.41
528301,220,210.41
528401,220,210.41
528501,220,210.41
528601,220,210.41
528701,220,210.41
528801,220,210.41
528901,220,210.41
529001,220,210.41
529101,220,210.41
529201,220,210.41
529301,220,210.41
529401,220,210.99
529501,220,210.99
529601,220,210.99
529701,220,210.99
529801,220,210.41
529901,220,210.99
530001,220,210.99
530101,220,210.99
530201,220,210.41
530301,220,210.41
530401,220,210.99
530501,220,210.41
530601,220,210.41
530701,220,210.99
530801,220,210.41
530901,220,210.41
531001,220,210.99
531101,220,210.41
531201,220,210.99
531301,220,210.99
531401,220,210.99
531501,220,210.99
531601,220,210.99
531701,220,210.41
531801,220,210.41
531901,220,210.99
532001,220,210.99
532101,220,210.99
532201,220,210.99
532301,220,210.99
532401,220,210.99
532501,220,210.99
532601,220,210.99
532701,220,210.99
532801,220,210.99
532901,220,210.99
533001,220,210.99
533101,220,210.99
533201,220,210.99
533301,220,210.99
533401,220,210.99
533501,220,210.99
533601,220,210.99
533701,220,210.99
533801,220,210.99
533901,220,210.99
534001,220,210.99
534101,220,210.99
534201,220,210.99
534301,220,210.99
534401,220,210.99
534501,220,210.99
534601,220,210.99
534701,220,210.99
534801,220,210.99
534901,220,210.99
535001,220,210.99
535101,220,210.99
535201,220,210.99
535301,220,210.99
535401,220,210.99
535501,220,210.99
535601,220,210.99
535701,220,210.99
535801,220,210.99
535901,220,210.99
536001,220,210.99
536101,220,210.99
536201,220,210.99
536301,220,210.99
536401,220,210.99
536501,220,210.99
536601,220,210.99
536701,220,210.99
536801,220,210.99
536901,220,210.99
537001,220,210.99
537101,220,210.99
537201,220,210.99
537301,220,210.99
537401,220,211.59
537501,220,211.59
537601,220,210.99
537701,220,211.59
537801,220,210.99
537901,220,211.59
538001,220,210.99
538101,220,210.99
538201,220,211.59
538301,220,211.59
538401,220,210.99
538501,220,210.99
538601,220,211.59
538701,220,211.59
538801,220,211.59
538901,220,211.59
539001,220,211.59
539101,220,211.59
539201,220,210.99
539301,220,211.59
539401,220,211.59
539501,220,211.59
539601,220,210.99
539701,220,211.59
539801,220,211.59
539901,220,211.59
540001,220,211.59
540101,220,210.99
540201,220,211.59
540301,220,210.99
540401,220,211.59
540501,220,211.59
540601,220,210.99
540701,220,211.59
540801,220,211.59
540901,220,211.59
541001,220,210.99
541101,220,211.59
541201,220,211.59
541301,220,210.99
541401,220,211.59
541501,220,211.59
541601,220,210.99
541701,220,211.59
541801,220,211.59
541901,220,210.99
542001,220,211.59
542101,220,211.59
542201,220,211.59
542301,220,210.99
542401,220,210.99
542501,220,211.59
542601,220,211.59
542701,220,211.59
542801,220,211.59
542901,220,211.59
543001,220,211.59
543101,220,211.59
543201,220,211.59
543301,220,211.59
543401,220,211.59
543501,220,211.59
543601,220,211.59
543701,220,211.59
543801,220,211.59
543901,220,211.59
544001,220,211.59
544101,220,211.59
544201,220,211.59
544301,220,211.59
544401,220,211.59
544501,220,211.59
544601,220,211.59
544701,220,211.59
544801,220,211.59
544901,220,211.59
545001,220,211.59
545101,220,211.59
545201,220,211.59
545301,220,211.59
545401,220,211.59
545501,220,211.59
545601,220,211.59
545701,220,211.59
545801,220,211.59
545901,220,211.59
546001,220,211.59
546101,220,211.59
546201,220,211.59
546301,220,211.59
546401,220,211.59
546501,220,211.59
546601,220,211.59
546701,220,211.59
546801,220,211.59
546901,220,211.59
547001,220,211.59
547101,220,211.59
547201,220,211.59
547301,220,211.59
547401,220,211.59
547501,220,211.59
547601,220,211.59
547701,220,211.59
547801,220,211.59
547901,220,211.59
548001,220,211.59
548101,220,211.59
548201,220,211.59
548301,220,211.59
548401,220,211.59
548501,220,211.59
548601,220,211.59
548701,220,211.59
548801,220,211.59
548901,220,211.59
549001,220,211.59
549101,220,211.59
549201,220,211.59
549301,220,211.59
549401,220,211.59
549501,220,211.59
549601,220,211.59
549701,220,211.59
549801,220,211.59
549901,220,211.59
550001,220,211.59
550101,220,211.59
550201,220,211.59
550301,220,212.19
550401,220,211.59
550501,220,212.19
550601,220,211.59
550701,220,211.59
550801,220,212.19
550901,220,211.59
551001,220,212.19
551101,220,212.19
551201,220,211.59
551301,220,212.19
551401,220,211.59
551501,220,211.59
551601,220,211.59
551701,220,212.19
551801,220,212.19
551901,220,212.19
552001,220,212.19
552101,220,211.59
552201,220,212.19
552301,220,212.19
552401,220,212.19
552501,220,211.59
552601,220,212.19
552701,220,212.19
552801,220,212.19
552901,220,212.19
553001,220,212.19
553101,220,212.19
553201,220,212.19
553301,220,212.19
553401,220,212.19
553501,220,212.19
553601,220,212.19
553701,220,212.19
553801,220,212.19
553901,220,212.19
554001,220,212.19
554101,220,212.19
554201,220,212.19
554301,220,212.19
554401,220,212.19
554501,220,212.19
554601,220,212.19
554701,220,212.19
554801,220,212.19
554901,220,212.19
555001,220,212.19
555101,220,212.19
555201,220,212.19
555301,220,212.19
555401,220,212.19
555501,220,212.19
555601,220,212.19
555701,220,212.19
555801,220,212.19
555901,220,212.19
556001,220,212.19
556101,220,212.19
556201,220,212.19
556301,220,212.19
556401,220,212.19
556501,220,212.19
556601,220,212.19
556701,220,212.19
556801,220,212.19
556901,220,212.19
557001,220,212.19
557101,220,212.19
557201,220,212.19
557301,220,212.19
557401,220,212.19
557501,220,212.19
557601,220,212.19
557701,220,212.19
557801,220,212.19
557901,220,212.19
558001,220,212.19
558101,220,212.19
558201,220,212.19
558301,220,212.19
558401,220,212.19
558501,220,212.19
558601,220,212.19
558701,220,212.19
558801,220,212.19
558901,220,212.19
559001,220,212.79
559101,220,212.19
559201,220,212.19
559301,220,212.19
559401,220,212.79
559501,220,212.19
559601,220,212.19
559701,220,212.79
559801,220,212.19
559901,220,212.79
560001,220,212.19
560101,220,212.19
560201,220,212.79
560301,220,212.79
560401,220,212.79
560501,220,212.79
560601,220,212.79
560701,220,212.79
560801,220,212.79
560901,220,212.19
561001,220,212.79
561101,220,212.79
561201,220,212.79
561301,220,212.79
561401,220,212.79
561501,220,212.79
561601,220,212.79
561701,220,212.79
561801,220,212.79
561901,220,212.79
562001,220,212.79
562101,220,212.79
562201,220,212.79
562301,220,212.79
562401,220,212.19
562501,220,212.79
562601,220,212.79
562701,220,212.79
562801,220,212.79
562901,220,212.79
563001,220,212.79
563101,220,212.79
563201,220,212.79
563301,220,212.79
563401,220,212.79
563501,220,212.79
563601,220,212.79
563701,220,212.79
563801,220,212.79
563901,220,212.79
564001,220,212.79
564101,220,212.79
564201,220,212.79
564301,220,212.79
564401,220,212.79
564501,220,212.79
564601,220,212.79
564701,220,212.79
564801,220,212.79
564901,220,212.79
565001,220,212.79
565101,220,212.79
565201,220,212.79
565301,220,212.79
565401,220,212.79
565501,220,212.79
565601,220,212.79
565701,220,213.40
565801,220,212.79
565901,220,213.40
566001,220,212.79
566101,220,212.79
566201,220,212.79
566301,220,213.40
566401,220,213.40
566501,220,213.40
566601,220,212.79
566701,220,213.40
566801,220,212.79
566901,220,213.40
567001,220,212.79
567101,220,213.40
567201,220,213.40
567301,220,213.40
567401,220,213.40
567501,220,213.40
567601,220,213.40
567701,220,213.40
567801,220,213.40
567901,220,213.40
568001,220,213.40
568101,220,213.40
568201,220,213.40
568301,220,213.40
568401,220,213.40
568501,220,213.40
568601,220,213.40
568701,220,213.40
568801,220,213.40
568901,220,213.40
569001,220,213.40
569101,220,213.40
569201,220,213.40
569301,220,213.40
569401,220,213.40
569501,220,213.40
569601,220,213.40
569701,220,213.40
569801,220,213.40
569901,220,213.40
570001,220,213.40
570101,220,213.40
570201,220,213.40
570301,220,213.40
570401,220,213.40
570501,220,213.40
570601,220,213.40
570701,220,213.40
570801,220,213.40
570901,220,213.40
571001,220,213.40
571101,220,213.40
571201,220,213.40
571301,220,213.40
571401,220,213.40
571501,220,213.40
571601,220,213.40
571701,220,213.40
571801,220,213.40
571901,220,213.40
572001,220,213.40
572101,220,213.40
572201,220,213.40
572301,220,213.40
572401,220,213.40
572501,220,213.40
572601,220,213.40
572701,220,213.40
572801,220,213.40
572901,220,213.40
573001,220,213.40
573101,220,213.40
573201,220,214.02
573301,220,213.40
573401,220,213.40
573501,220,213.40
573601,220,214.02
573701,220,213.40
573801,220,214.02
573901,220,213.40
574001,220,214.02
574101,220,214.02
574201,220,214.02
574301,220,214.02
574401,220,213.40
574501,220,214.02
574601,220,214.02
574701,220,214.02
574801,220,214.02
574901,220,214.02
575001,220,214.02
575101,220,214.02
575201,220,214.02
575301,220,214.02
575401,220,214.02
575501,220,214.02
575601,220,214.02
575701,220,214.02
575801,220,214.02
575901,220,214.02
576001,220,214.02
576101,220,214.02
576201,220,214.02
576301,220,214.02
576401,220,214.02
576501,220,214.02
576601,220,214.02
576701,220,214.02
576801,220,214.02
576901,220,214.02
577001,220,214.02
577101,220,214.02
577201,220,214.02
577301,220,214.02
577401,220,214.02
577501,220,214.02
577601,220,214.02
577701,220,214.02
577801,220,214.02
577901,220,214.02
578001,220,214.02
578101,220,214.02
578201,220,214.02
578301,220,214.02
578401,220,214.02
578501,220,214.02
578601,220,214.02
578701,220,214.02
578801,220,214.02
578901,220,214.02
579001,220,214.02
579101,220,214.02
579201,220,214.02
579301,220,214.02
579401,220,214.02
579501,220,214.02
579601,220,214.02
579701,220,214.02
579801,220,214.02
579901,220,214.02
580001,220,214.02
580101,220,214.02
580201,220,214.02
580301,220,214.02
580401,220,214.02
580501,220,214.65
580601,220,214.02
580701,220,214.02
580801,220,214.02
580901,220,214.65
581001,220,214.02
581101,220,214.02
581201,220,214.65
581301,220,214.02
581401,220,214.65
581501,220,214.65
581601,220,214.65
581701,220,214.65
581801,220,214.65
581901,220,214.65
582001,220,214.65
582101,220,214.65
582201,220,214.65
582301,220,214.65
582401,220,214.65
582501,220,214.65
582601,220,214.65
582701,220,214.65
582801,220,214.65
582901,220,214.02
583001,220,214.65
583101,220,214.65
583201,220,214.65
583301,220,214.65
583401,220,214.65
583501,220,214.65
583601,220,214.65
583701,220,214.65
583801,220,214.65
583901,220,214.65
584001,220,214.65
584101,220,214.65
584201,220,214.65
584301,220,214.65
584401,220,214.65
584501,220,214.65
584601,220,214.65
584701,220,214.65
584801,220,214.65
584901,220,214.65
585001,220,214.65
585101,220,214.65
585201,220,214.65
585301,220,214.65
585401,220,214.65
585501,220,214.65
585601,220,214.65
585701,220,214.65
585801,220,214.65
585901,220,214.65
586001,220,214.65
586101,220,214.65
586201,220,214.65
586301,220,214.65
586401,220,214.65
586501,220,214.65
586601,220,214.65
586701,220,214.65
586801,220,214.65
586901,220,214.65
587001,220,214.65
587101,220,214.65
587201,220,214.65
587301,220,214.65
587401,220,214.65
587501,220,215.28
587601,220,214.65
587701,220,214.65
587801,220,214.65
587901,220,214.65
588001,220,214.65
588101,220,215.28
588201,220,214.65
588301,220,214.65
588401,220,214.65
588501,220,214.65
588601,220,214.65
588701,220,214.65
588801,220,214.65
588901,220,214.65
589001,220,214.65
589101,220,214.65
589201,220,214.65
589301,220,214.65
589401,220,215.28
589501,220,214.65
589601,220,214.65
589701,220,214.65
589801,220,214.65
589901,220,215.28
590001,220,214.65
590101,220,214.65
590201,220,214.65
590301,220,214.65
590401,220,215.28
590501,220,214.65
590601,220,214.65
590701,220,215.28
590801,220,214.65
590901,220,214.65
591001,220,215.28
591101,220,214.65
591201,220,215.28
591301,220,214.65
591401,220,214.65
591501,220,214.65
591601,220,215.28
591701,220,214.65
591801,220,214.65
591901,220,214.65
592001,220,215.28
592101,220,214.65
592201,220,215.28
592301,220,215.28
592401,220,214.65
592501,220,215.28
592601,220,215.28
592701,220,215.28
592801,220,215.28
592901,220,215.28
593001,220,215.28
593101,220,215.28
593201,220,215.28
593301,220,215.28
593401,220,215.28
593501,220,215.28
593601,220,215.28
593701,220,215.28
593801,220,215.28
593901,220,215.28
594001,220,215.28
594101,220,215.28
594201,220,215.28
594301,220,215.28
594401,220,215.28
594501,220,214.65
594601,220,215.28
594701,220,215.28
594801,220,215.28
594901,220,215.28
595001,220,215.28
595101,220,215.28
595201,220,215.28
595301,220,215.28
595401,220,215.28
595501,220,215.28
595601,220,215.28
595701,220,215.28
595801,220,215.28
595901,220,215.28
596001,220,215.28
596101,220,215.28
596201,220,215.28
596301,220,215.28
596401,220,215.28
596501,220,215.28
596601,220,215.28
596701,220,215.28
596801,220,215.28
596901,220,215.28
597001,220,215.28
597101,220,215.28
597201,220,215.28
597301,220,215.28
597401,220,215.28
597501,220,215.28
597601,220,215.28
597701,220,215.28
597801,220,215.28
597901,220,215.28
598001,220,215.28
598101,220,215.28
598201,220,215.28
598301,220,215.28
598401,220,215.28
598501,220,215.28
598601,220,215.28
598701,220,215.28
598801,220,215.28
598901,220,215.28
599001,220,215.28
599101,220,215.28
599201,220,215.28
599301,220,215.28
599401,220,215.28
599501,220,215.28
599601,220,215.28
599701,220,215.28
599801,220,215.28
599901,220,215.28
600001,220,215.28
600101,220,215.28
600201,220,215.28
600301,220,215.28
600401,220,215.28
600501,220,215.28
600601,220,215.92
600701,220,215.28
600801,220,215.28
600901,220,215.28
601001,220,215.28
601101,220,215.28
601201,220,215.28
601301,220,215.28
601401,220,215.28
601501,220,215.28
601601,220,215.28
601701,220,215.92
601801,220,215.28
601901,220,215.28
602001,220,215.92
602101,220,215.92
602201,220,215.92
602301,220,215.28
602401,220,215.92
602501,220,215.92
602601,220,215.28
602701,220,215.28
602801,220,215.28
602901,220,215.92
603001,220,215.92
603101,220,215.92
603201,220,215.92
603301,220,215.92
603401,220,215.92
603501,220,215.92
603601,220,215.28
603701,220,215.92
603801,220,215.28
603901,220,215.92
604001,220,215.92
604101,220,215.92
604201,220,215.92
604301,220,215.92
604401,220,215.92
604501,220,215.92
604601,220,215.92
604701,220,215.92
604801,220,215.92
604901,220,215.92
605001,220,215.92
605101,220,215.92
605201,220,215.92
605301,220,215.92
605401,220,215.92
605501,220,215.92
605601,220,215.92
605701,220,215.92
605801,220,215.92
605901,220,215.92
606001,220,215.92
606101,220,215.92
606201,220,215.92
606301,220,215.92
606401,220,215.92
606501,220,215.92
606601,220,215.92
606701,220,215.92
606801,220,215.92
606901,220,215.92
607001,220,215.92
607101,220,215.92
607201,220,215.92
607301,220,215.92
607401,220,215.92
607501,220,215.92
607601,220,215.92
607701,220,215.92
607801,220,215.92
607901,220,215.92
608001,220,215.92
608101,220,215.92
608201,220,215.92
608301,220,215.92
608401,220,215.92
608501,220,215.92
608601,220,215.92
608701,220,215.92
608801,220,215.92
608901,220,215.92
609001,220,215.92
609101,220,215.92
609201,220,215.92
609301,220,215.92
609401,220,215.92
609501,220,215.92
609601,220,215.92
609701,220,215.92
609801,220,215.92
609901,220,215.92
610001,220,215.92
610101,220,215.92
610201,220,215.92
610301,220,215.92
610401,220,215.92
610501,220,215.92
610601,220,215.92
610701,220,215.92
610801,220,215.92
610901,220,215.92
611001,220,215.92
611101,220,215.92
611201,220,215.92
611301,220,215.92
611401,220,215.92
611501,220,215.92
611601,220,215.92
611701,220,215.92
611801,220,215.92
611901,220,215.92
612001,220,215.92
612101,220,215.92
612201,220,215.92
612301,220,215.92
612401,220,216.57
612501,220,215.92
612601,220,215.92
612701,220,215.92
612801,220,215.92
612901,220,215.92
613001,220,215.92
613101,220,215.92
613201,220,215.92
613301,220,215.92
613401,220,215.92
613501,220,216.57
613601,220,215.92
613701,220,215.92
613801,220,215.92
613901,220,215.92
614001,220,215.92
614101,220,215.92
614201,220,215.92
614301,220,216.57
614401,220,215.92
614501,220,215.92
614601,220,215.92
614701,220,215.92
614801,220,215.92
614901,220,215.92
615001,220,215.92
615101,220,215.92
615201,220,215.92
615301,220,216.57
615401,220,215.92
615501,220,215.92
615601,220,216.57
615701,220,215.92
615801,220,215.92
615901,220,216.57
616001,220,215.92
616101,220,216.57
616201,220,215.92
616301,220,216.57
616401,220,216.57
616501,220,215.92
616601,220,216.57
616701,220,215.92
616801,220,216.57
616901,220,216.57
617001,220,215.92
617101,220,216.57
617201,220,216.57
617301,220,216.57
617401,220,216.57
617501,220,216.57
617601,220,216.57
617701,220,216.57
617801,220,216.57
617901,220,216.57
618001,220,216.57
618101,220,216.57
618201,220,216.57
618301,220,216.57
618401,220,215.92
618501,220,216.57
618601,220,216.57
618701,220,216.57
618801,220,215.92
618901,220,216.57
619001,220,216.57
619101,220,216.57
619201,220,216.57
619301,220,216.57
619401,220,216.57
619501,220,216.57
619601,220,216.57
619701,220,216.57
619801,220,216.57
619901,220,216.57
620001,220,216.57
620101,220,216.57
620201,220,216.57
620301,220,216.57
620401,220,216.57
620501,220,216.57
620601,220,216.57
620701,220,216.57
620801,220,216.57
620901,220,216.57
621001,220,216.57
621101,220,216.57
621201,220,216.57
621301,220,216.57
621401,220,216.57
621501,220,216.57
621601,220,216.57
621701,220,216.57
621801,220,216.57
621901,220,216.57
622001,220,216.57
622101,220,216.57
622201,220,216.57
622301,220,216.57
622401,220,216.57
622501,220,216.57
622601,220,216.57
622701,220,216.57
622801,220,216.57
622901,220,216.57
623001,220,216.57
623101,220,216.57
623201,220,216.57
623301,220,216.57
623401,220,216.57
623501,220,216.57
623601,220,216.57
623701,220,216.57
623801,220,216.57
623901,220,216.57
624001,220,216.57
624101,220,216.57
624201,220,216.57
624301,220,216.57
624401,220,216.57
624501,220,216.57
624601,220,216.57
624701,220,216.57
624801,220,216.57
624901,220,216.57
625001,220,216.57
625101,220,216.57
625201,220,216.57
625301,220,216.57
625401,220,216.57
625501,220,216.57
625601,220,216.57
625701,220,216.57
625801,220,216.57
625901,220,216.57
626001,220,216.57
626101,220,216.57
626201,220,216.57
626301,220,216.57
626401,220,216.57
626501,220,216.57
626601,220,216.57
626701,220,216.57
626801,220,216.57
626901,220,216.57
627001,220,216.57
627101,220,216.57
627201,220,216.57
627301,220,216.57
627401,220,216.57
627501,220,216.57
627601,220,216.57
627701,220,216.57
627801,220,216.57
627901,220,216.57
628001,220,216.57
628101,220,216.57
628201,220,216.57
628301,220,216.57
628401,220,216.57
628501,220,216.57
628601,220,216.57
628701,220,216.57
628801,220,216.57
628901,220,216.57
629001,220,216.57
629101,220,216.57
629201,220,216.57
629301,220,216.57
629401,220,216.57
629501,220,216.57
629601,220,216.57
629701,220,216.57
629801,220,216.57
629901,220,216.57
630001,220,216.57
630101,220,216.57
630201,220,216.57
630301,220,216.57
630401,220,216.57
630501,220,216.57
630601,220,216.57
630701,220,216.57
630801,220,216.57
630901,220,216.57
631001,220,216.57
631101,220,216.57
631201,220,216.57
631301,220,216.57
631401,220,216.57
631501,220,216.57
631601,220,216.57
631701,220,216.57
631801,220,216.57
631901,220,216.57
632001,220,216.57
632101,220,216.57
632201,220,216.57
632301,220,216.57
632401,220,216.57
632501,220,216.57
632601,220,216.57
632701,220,216.57
632801,220,216.57
632901,220,216.57
633001,220,216.57
633101,220,216.57
633201,220,216.57
633301,220,216.57
633401,220,216.57
633501,220,216.57
633601,220,216.57
633701,220,216.57
633801,220,216.57
633901,220,216.57
634001,220,216.57
634101,220,217.23
634201,220,216.57
634301,220,216.57
634401,220,216.57
634501,220,216.57
634601,220,216.57
634701,220,216.57
634801,220,216.57
634901,220,216.57
635001,220,217.23
635101,220,217.23
635201,220,216.57
635301,220,217.23
635401,220,217.23
635501,220,217.23
635601,220,216.57
635701,220,217.23
635801,220,216.57
635901,220,217.23
636001,220,216.57
636101,220,217.23
636201,220,217.23
636301,220,217.23
636401,220,216.57
636501,220,216.57
636601,220,217.23
636701,220,217.23
636801,220,217.23
636901,220,217.23
637001,220,217.23
637101,220,217.23
637201,220,217.23
637301,220,217.23
637401,220,217.23
637501,220,217.23
637601,220,217.23
637701,220,217.23
637801,220,217.23
637901,220,216.57
638001,220,217.23
638101,220,217.23
638201,220,217.23
638301,220,217.23
638401,220,217.23
638501,220,217.23
638601,220,217.23
638701,220,217.23
638801,220,217.23
638901,220,217.23
639001,220,217.23
639101,220,217.23
639201,220,217.23
639301,220,217.23
639401,220,217.23
639501,220,217.23
639601,220,217.23
639701,220,217.23
639801,220,217.23
639901,220,217.23
640001,220,217.23
640101,220,217.23
640201,220,217.23
640301,220,217.23
640401,220,217.23
640501,220,217.23
640601,220,217.23
640701,220,217.23
640801,220,217.23
640901,220,217.23
641001,220,217.23
641101,220,217.23
641201,220,217.23
641301,220,217.23
641401,220,217.23
641501,220,217.23
641601,220,217.23
641701,220,217.23
641801,220,217.23
641901,220,217.23
642001,220,217.23
642101,220,217.23
642201,220,217.23
642301,220,217.23
642401,220,217.23
642501,220,217.23
642601,220,217.23
642701,220,217.23
642801,220,217.23
642901,220,217.23
643001,220,217.23
643101,220,217.23
643201,220,217.23
643301,220,217.23
643401,220,217.23
643501,220,217.23
643601,220,217.23
643701,220,217.23
643801,220,217.23
643901,220,217.23
644001,220,217.23
644101,220,217.23
644201,220,217.23
644301,220,217.23
644401,220,217.23
644501,220,217.23
644601,220,217.23
644701,220,217.23
644801,220,217.23
644901,220,217.23
645001,220,217.23
645101,220,217.23
645201,220,217.23
645301,220,217.23
645401,220,217.23
645501,220,217.23
645601,220,217.23
645701,220,217.23
645801,220,217.23
645901,220,217.89
646001,220,217.23
646101,220,217.23
646201,220,217.89
646301,220,217.23
646401,220,217.23
646501,220,217.23
646601,220,217.89
646701,220,217.23
646801,220,217.23
646901,220,217.89
647001,220,217.23
647101,220,217.23
647201,220,217.89
647301,220,217.23
647401,220,217.23
647501,220,217.89
647601,220,217.23
647701,220,217.89
647801,220,217.23
647901,220,217.23
648001,220,217.89
648101,220,217.89
648201,220,217.89
648301,220,217.89
648401,220,217.89
648501,220,217.89
648601,220,217.89
648701,220,217.89
648801,220,217.89
648901,220,217.89
649001,220,217.89
649101,220,217.89
649201,220,217.89
649301,220,217.89
649401,220,217.89
649501,220,217.89
649601,220,217.89
649701,220,217.89
649801,220,217.89
649901,220,217.89
650001,220,217.89
650101,220,217.89
650201,220,217.89
650301,220,217.89
650401,220,217.89
650501,220,217.89
650601,220,217.89
650701,220,217.89
650801,220,217.89
650901,220,217.89
651001,220,217.89
651101,220,217.89
651201,220,217.89
651301,220,217.89
651401,220,217.89
651501,220,217.89
651601,220,217.89
651701,220,217.89
651801,220,217.89
651901,220,217.89
652001,220,217.89
652101,220,217.89
652201,220,217.89
652301,220,217.89
652401,220,217.89
652501,220,217.89
652601,220,217.89
652701,220,217.89
652801,220,217.89
652901,220,217.89
653001,220,217.89
653101,220,217.89
653201,220,217.89
653301,220,217.89
653401,220,217.89
653501,220,217.89
653601,220,217.89
653701,220,217.89
653801,220,217.89
653901,220,217.89
654001,220,217.89
654101,220,217.89
654201,220,217.89
654301,220,217.89
654401,220,217.89
654501,220,217.89
654601,220,217.89
654701,220,217.89
654801,220,217.89
654901,220,217.89
655001,220,217.89
655101,220,217.89
655201,220,217.89
655301,220,217.89
655401,220,217.89
655501,220,217.89
655601,220,217.89
655701,220,217.89
655801,220,217.89
655901,220,217.89
656001,220,217.89
656101,220,217.89
656201,220,217.89
656301,220,217.89
656401,220,217.89
656501,220,217.89
656601,220,217.89
656701,220,217.89
656801,220,217.89
656901,220,217.89
657001,220,217.89
657101,220,217.89
657201,220,217.89
657301,220,217.89
657401,220,217.89
657501,220,217.89
657601,220,217.89
657701,220,217.89
657801,220,217.89
657901,220,217.89
658001,220,217.89
658101,220,217.89
658201,220,217.89
658301,220,217.89
658401,220,217.89
658501,220,217.89
658601,220,217.89
658701,220,217.89
658801,220,217.89
658901,220,217.89
659001,220,217.89
659101,220,217.89
659201,220,217.89
659301,220,217.89
659401,220,217.89
659501,220,217.89
659601,220,217.89
659701,220,217.89
659801,220,217.89
659901,220,217.89
660001,220,218.57
660101,220,218.57
660201,220,217.89
660301,220,217.89
660401,220,218.57
660501,220,217.89
660601,220,217.89
660701,220,217.89
660801,220,217.89
660901,220,217.89
661001,220,217.89
661101,220,217.89
661201,220,218.57
661301,220,218.57
661401,220,218.57
661501,220,218.57
661601,220,218.57
661701,220,218.57
661801,220,218.57
661901,220,218.57
662001,220,218.57
662101,220,218.57
662201,220,218.57
662301,220,218.57
662401,220,218.57
662501,220,217.89
662601,220,218.57
662701,220,218.57
662801,220,218.57
662901,220,218.57
663001,220,218.57
663101,220,218.57
663201,220,218.57
663301,220,218.57
663401,220,218.57
663501,220,218.57
663601,220,218.57
663701,220,218.57
663801,220,218.57
663901,220,218.57
664001,220,218.57
664101,220,218.57
664201,220,218.57
664301,220,218.57
664401,220,218.57
664501,220,218.57
664601,220,218.57
664701,220,218.57
664801,220,218.57
664901,220,218.57
665001,220,218.57
665101,220,218.57
665201,220,218.57
665301,220,218.57
665401,220,218.57
665501,220,218.57
665601,220,218.57
665701,220,218.57
665801,220,218.57
665901,220,218.57
666001,220,218.57
666101,220,218.57
666201,220,218.57
666301,220,218.57
666401,220,218.57
666501,220,218.57
666601,220,218.57
666701,220,218.57
666801,220,218.57
666901,220,218.57
667001,220,218.57
667101,220,218.57
667201,220,218.57
667301,220,218.57
667401,220,218.57
667501,220,218.57
667601,220,218.57
667701,220,218.57
667801,220,218.57
667901,220,218.57
668001,220,218.57
668101,220,218.57
668201,220,218.57
668301,220,218.57
668401,220,218.57
668501,220,218.57
668601,220,218.57
668701,220,218.57
668801,220,218.57
668901,220,218.57
669001,220,218.57
669101,220,218.57
669201,220,218.57
669301,220,218.57
669401,220,218.57
669501,220,218.57
669601,220,218.57
669701,220,218.57
669801,220,218.57
669901,220,218.57
670001,220,218.57
670101,220,218.57
670201,220,218.57
670301,220,218.57
670401,220,218.57
670501,220,218.57
670601,220,218.57
670701,220,218.57
670801,220,218.57
670901,220,218.57
671001,220,218.57
671101,220,218.57
671201,220,218.57
671301,220,218.57
671401,220,218.57
671501,220,218.57
671601,220,219.25
671701,220,218.57
671801,220,218.57
671901,220,219.25
672001,220,219.25
672101,220,218.57
672201,220,218.57
672301,220,219.25
672401,220,218.57
672501,220,219.25
672601,220,218.57
672701,220,219.25
672801,220,218.57
672901,220,219.25
673001,220,219.25
673101,220,218.57
673201,220,219.25
673301,220,219.25
673401,220,219.25
673501,220,219.25
673601,220,218.57
673701,220,219.25
673801,220,219.25
673901,220,219.25
674001,220,219.25
674101,220,219.25
674201,220,219.25
674301,220,219.25
674401,220,219.25
674501,220,219.25
674601,220,219.25
674701,220,219.25
674801,220,219.25
674901,220,219.25
675001,220,219.25
675101,220,219.25
675201,220,219.25
675301,220,219.25
675401,220,219.25
675501,220,219.25
675601,220,219.25
675701,220,219.25
675801,220,219.25
675901,220,219.25
676001,220,219.25
676101,220,219.25
676201,220,219.25
676301,220,219.25
676401,220,219.25
676501,220,219.25
676601,220,219.25
676701,220,219.25
676801,220,219.25
676901,220,219.25
677001,220,219.25
677101,220,219.25
677201,220,219.25
677301,220,219.25
677401,220,219.25
677501,220,219.25
677601,220,219.25
677701,220,219.25
677801,220,219.25
677901,220,219.25
678001,220,219.25
678101,220,219.25
678201,220,219.25
678301,220,219.25
678401,220,219.25
678501,220,219.25
678601,220,219.25
678701,220,219.25
678801,220,219.25
678901,220,219.25
679001,220,219.25
679101,220,219.25
679201,220,219.25
679301,220,219.25
679401,220,219.25
679501,220,219.25
679601,220,219.25
679701,220,219.25
679801,220,219.25
679901,220,219.25
680001,220,219.25
680101,220,219.25
680201,220,219.25
680301,220,219.25
680401,220,219.25
680501,220,219.25
680601,220,219.25
680701,220,219.25
680801,220,219.25
680901,220,219.25
681001,220,219.25
681101,220,219.25
681201,220,219.25
681301,220,219.25
681401,220,219.25
681501,220,219.25
681601,220,219.94
681701,220,219.25
681801,220,219.25
681901,220,219.25
682001,220,219.25
682101,220,219.25
682201,220,219.25
682301,220,219.25
682401,220,219.25
682501,220,219.25
682601,220,219.25
682701,220,219.25
682801,220,219.25
682901,220,219.25
683001,220,219.25
683101,220,219.25
683201,220,219.25
683301,220,219.25
683401,220,219.25
683501,220,219.25
683601,220,219.25
683701,220,219.94
683801,220,219.25
683901,220,219.25
684001,220,219.25
684101,220,219.25
684201,220,219.94
684301,220,219.25
684401,220,219.25
684501,220,219.25
684601,220,219.25
684701,220,219.25
684801,220,219.94
684901,220,219.25
685001,220,219.94
685101,220,219.94
685201,220,219.25
685301,220,219.25
685401,220,219.94
685501,220,219.25
685601,220,219.94
685701,220,219.25
685801,220,219.25
685901,220,219.94
686001,220,219.94
686101,220,219.94
686201,220,219.94
686301,220,219.94
686401,220,219.94
686501,220,219.94
686601,220,219.94
686701,220,219.94
686801,220,219.94
686901,220,219.94
687001,220,219.94
687101,220,219.94
687201,220,219.94
687301,220,219.94
687401,220,219.94
687501,220,219.25
687601,220,219.94
687701,220,219.94
687801,220,219.94
687901,220,219.94
688001,220,219.94
688101,220,219.94
688201,220,219.94
688301,220,219.94
688401,220,219.94
688501,220,219.94
688601,220,219.94
688701,220,219.94
688801,220,219.94
688901,220,219.94
689001,220,219.94
689101,220,219.94
689201,220,219.94
689301,220,219.94
689401,220,219.94
689501,220,219.94
689601,220,219.94
689701,220,219.94
689801,220,219.94
689901,220,219.94
690001,220,219.94
690101,220,219.94
690201,220,219.94
690301,220,219.94
690401,220,219.94
690501,220,219.94
690601,220,219.94
690701,220,219.94
690801,220,219.94
690901,220,219.94
691001,220,219.94
691101,220,219.94
691201,220,219.94
691301,220,219.94
691401,220,219.94
691501,220,219.94
691601,220,219.94
691701,220,219.94
691801,220,219.94
691901,220,219.94
692001,220,219.94
692101,220,219.94
692201,220,219.94
692301,220,219.94
692401,220,219.94
692501,220,219.94
692601,220,219.94
692701,220,219.94
692801,220,219.94
692901,220,219.94
693001,220,219.94
693101,220,219.94
693201,220,219.94
693301,220,219.94
693401,220,219.94
693501,220,219.94
693601,220,219.94
693701,220,219.94
693801,220,219.94
693901,220,219.94
694001,220,219.94
694101,220,219.94
694201,220,219.94
694301,220,219.94
694401,220,219.94
694501,220,219.94
694601,220,219.94
694701,220,219.94
694801,220,219.94
694901,220,219.94
695001,220,219.94
695101,220,219.94
695201,220,219.94
695301,220,219.94
695401,220,219.94
695501,220,219.94
695601,220,219.94
695701,220,220.63
695801,220,219.94
695901,220,219.94
696001,220,219.94
696101,220,219.94
696201,220,219.94
696301,220,219.94
696401,220,219.94
696501,220,219.94
696601,220,219.94
696701,220,219.94
696801,220,219.94
696901,220,219.94
697001,220,219.94
697101,220,219.94
697201,220,219.94
697301,220,219.94
697401,220,219.94
697501,220,220.63
697601,220,220.63
697701,220,219.94
697801,220,219.94
697901,220,219.94
698001,220,219.94
698101,220,219.94
698201,220,220.63
698301,220,219.94
698401,220,220.63
698501,220,220.63
698601,220,219.94
698701,220,220.63
698801,220,219.94
698901,220,220.63
699001,220,220.63
699101,220,220.63
699201,220,220.63
699301,220,220.63
699401,220,219.94
699501,220,220.63
699601,220,220.63
699701,220,220.63
699801,220,220.63
699901,220,220.63
700001,220,220.63
700101,220,220.63
700201,220,220.63
700301,220,220.63
700401,220,220.63
700501,220,220.63
700601,220,220.63
700701,220,220.63
700801,220,219.94
700901,220,220.63
701001,220,220.63
701101,220,220.63
701201,220,220.63
701301,220,219.94
701401,220,220.63
701501,220,220.63
701601,220,220.63
701701,220,220.63
701801,220,220.63
701901,220,220.63
702001,220,220.63
702101,220,220.63
702201,220,220.63
702301,220,220.63
702401,220,220.63
702501,220,220.63
702601,220,220.63
702701,220,220.63
702801,220,220.63
702901,220,220.63
703001,220,220.63
703101,220,220.63
703201,220,220.63
703301,220,220.63
703401,220,220.63
703501,220,220.63
703601,220,220.63
703701,220,220.63
703801,220,220.63
703901,220,220.63
704001,220,220.63
704101,220,220.63
704201,220,220.63
704301,220,220.63
704401,220,220.63
704501,220,220.63
704601,220,220.63
704701,220,220.63
704801,220,220.63
704901,220,220.63
705001,220,220.63
705101,220,220.63
705201,220,220.63
705301,220,220.63
705401,220,220.63
705501,220,220.63
705601,220,220.63
705701,220,220.63
705801,220,220.63
705901,220,220.63
706001,220,220.63
706101,220,220.63
706201,220,220.63
706301,220,220.63
706401,220,220.63
706501,220,220.63
706601,220,220.63
706701,220,220.63
706801,220,220.63
706901,220,220.63
707001,220,220.63
707101,220,220.63
707201,220,220.63
707301,220,220.63
707401,220,220.63
707501,220,220.63
707601,220,220.63
707701,220,220.63
707801,220,220.63
707901,220,220.63
708001,220,220.63
708101,220,220.63
708201,220,220.63
708301,220,220.63
708401,220,220.63
708501,220,220.63
708601,220,220.63
708701,220,220.63
708801,220,220.63
708901,220,220.63
709001,220,220.63
709101,220,220.63
709201,220,220.63
709301,220,220.63
709401,220,220.63
709501,220,220.63
709601,220,220.63
709701,220,220.63
709801,220,220.63
709901,220,220.63
710001,220,220.63
710101,220,220.63
710201,220,220.63
710301,220,220.63
710401,220,220.63
710501,220,220.63
710601,220,220.63
710701,220,220.63
710801,220,220.63
710901,220,220.63
711001,220,220.63
711101,220,220.63
711201,220,220.63
711301,220,220.63
711401,220,220.63
711501,220,220.63
711601,220,220.63
711701,220,220.63
711801,220,220.63
711901,220,220.63
712001,220,220.63
712101,220,220.63
712201,220,220.63
712301,220,220.63
712401,220,220.63
712501,220,220.63
712601,220,220.63
712701,220,220.63
712801,220,220.63
712901,220,220.63
713001,220,220.63
713101,220,220.63
713201,220,220.63
713301,220,220.63
713401,220,220.63
713501,220,220.63
713601,220,220.63
713701,220,221.34
713801,220,220.63
713901,220,220.63
714001,220,220.63
714101,220,220.63
714201,220,220.63
714301,220,220.63
714401,220,220.63
714501,220,220.63
714601,220,220.63
714701,220,220.63
714801,220,220.63
714901,220,220.63
715001,220,220.63
715101,220,220.63
715201,220,220.63
715301,220,220.63
715401,220,220.63
715501,220,220.63
715601,220,220.63
715701,220,220.63
715801,220,220.63
715901,220,220.63
716001,220,220.63
716101,220,220.63
716201,220,220.63
716301,220,220.63
716401,220,220.63
716501,220,220.63
716601,220,220.63
716701,220,221.34
716801,220,220.63
716901,220,220.63
717001,220,220.63
717101,220,220.63
717201,220,220.63
717301,220,220.63
717401,220,220.63
717501,220,220.63
717601,220,220.63
717701,220,220.63
717801,220,220.63
717901,220,221.34
718001,220,220.63
718101,220,220.63
718201,220,220.63
718301,220,220.63
718401,220,220.63
718501,220,220.63
718601,220,220.63
718701,220,220.63
718801,220,220.63
718901,220,220.63
719001,220,220.63
719101,220,221.34
719201,220,221.34
719301,220,220.63
719401,220,220.63
719501,220,220.63
719601,220,221.34
719701,220,221.34
719801,220,220.63
719901,220,220.63
720001,220,220.63
720101,220,220.63
720201,220,221.34
720301,220,220.63
720401,220,221.34
720501,220,220.63
720601,220,220.63
720701,220,221.34
720801,220,220.63
720901,220,220.63
721001,220,220.63
721101,220,221.34
721201,220,220.63
721301,220,221.34
721401,220,220.63
721501,220,221.34
721601,220,220.63
721701,220,221.34
721801,220,221.34
721901,220,220.63
722001,220,221.34
722101,220,220.63
722201,220,221.34
722301,220,221.34
722401,220,220.63
722501,220,220.63
722601,220,221.34
722701,220,221.34
722801,220,221.34
722901,220,221.34
723001,220,221.34
723101,220,221.34
723201,220,221.34
723301,220,221.34
723401,220,221.34
723501,220,221.34
723601,220,221.34
723701,220,221.34
723801,220,221.34
723901,220,221.34
724001,220,221.34
724101,220,221.34
724201,220,221.34
724301,220,221.34
724401,220,221.34
724501,220,221.34
724601,220,221.34
724701,220,221.34
724801,220,221.34
724901,220,221.34
725001,220,221.34
725101,220,221.34
725201,220,221.34
725301,220,221.34
725401,220,221.34
725501,220,221.34
725601,220,221.34
725701,220,221.34
725801,220,221.34
725901,220,221.34
726001,220,221.34
726101,220,221.34
726201,220,221.34
726301,220,221.34
726401,220,221.34
726501,220,221.34
726601,220,221.34
726701,220,221.34
726801,220,221.34
726901,220,221.34
727001,220,221.34
727101,220,221.34
727201,220,221.34
727301,220,221.34
727401,220,221.34
727501,220,221.34
727601,220,221.34
727701,220,221.34
727801,220,221.34
727901,220,221.34
728001,220,221.34
728101,220,221.34
728201,220,221.34
728301,220,221.34
728401,220,221.34
728501,220,221.34
728601,220,221.34
728701,220,221.34
728801,220,221.34
728901,220,221.34
729001,220,221.34
729101,220,221.34
729201,220,221.34
729301,220,221.34
729401,220,221.34
729501,220,221.34
729601,220,221.34
729701,220,221.34
729801,220,221.34
729901,220,221.34
730001,220,221.34
730101,220,221.34
730201,220,222.06
730301,220,221.34
730401,220,222.06
730501,220,221.34
730601,220,221.34
730701,220,221.34
730801,220,221.34
730901,220,221.34
731001,220,221.34
731101,220,221.34
731201,220,221.34
731301,220,221.34
731401,220,221.34
731501,220,221.34
731601,220,222.06
731701,220,221.34
731801,220,221.34
731901,220,221.34
732001,220,222.06
732101,220,222.06
732201,220,222.06
732301,220,222.06
732401,220,222.06
732501,220,221.34
732601,220,222.06
732701,220,222.06
732801,220,222.06
732901,220,222.06
733001,220,222.06
733101,220,222.06
733201,220,222.06
733301,220,221.34
733401,220,222.06
733501,220,222.06
733601,220,221.34
733701,220,222.06
733801,220,222.06
733901,220,222.06
734001,220,222.06
734101,220,221.34
734201,220,222.06
734301,220,221.34
734401,220,222.06
734501,220,221.34
734601,220,222.06
734701,220,222.06
734801,220,222.06
734901,220,222.06
735001,220,222.06
735101,220,222.06
735201,220,222.06
735301,220,222.06
735401,220,222.06
735501,220,222.06
735601,220,222.06
735701,220,222.06
735801,220,222.06
735901,220,222.06
736001,220,222.06
736101,220,222.06
736201,220,222.06
736301,220,222.06
736401,220,222.06
736501,220,222.06
736601,220,221.34
736701,220,222.06
736801,220,222.06
736901,220,222.06
737001,220,222.06
737101,220,222.06
737201,220,222.06
737301,220,222.06
737401,220,222.06
737501,220,222.06
737601,220,222.06
737701,220,222.06
737801,220,222.06
737901,220,222.06
738001,220,222.06
738101,220,222.06
738201,220,222.06
738301,220,222.06
738401,220,222.06
738501,220,222.06
738601,220,222.06
738701,220,221.34
738801,220,222.06
738901,220,222.06
739001,220,222.06
739101,220,222.06
739201,220,222.06
739301,220,222.06
739401,220,222.06
739501,220,222.06
739601,220,222.06
739701,220,222.06
739801,220,222.06
739901,220,222.06
740001,220,222.06
740101,220,222.06
740201,220,222.06
740301,220,222.06
740401,220,222.06
740501,220,222.06
740601,220,222.06
740701,220,222.06
740801,220,222.06
740901,220,222.06
741001,220,222.06
741101,220,222.06
741201,220,222.06
741301,220,222.06
741401,220,222.06
741501,220,222.06
741601,220,222.06
741701,220,222.06
741801,220,222.06
741901,220,222.06
742001,220,222.06
742101,220,222.06
742201,220,222.06
742301,220,222.06
742401,220,222.06
742501,220,222.06
742601,220,222.06
742701,220,222.06
742801,220,222.06
742901,220,222.06
743001,220,222.06
743101,220,222.06
743201,220,222.06
743301,220,222.06
743401,220,222.06
743501,220,222.06
743601,220,222.06
743701,220,222.06
743801,220,222.06
743901,220,222.06
744001,220,222.06
744101,220,222.06
744201,220,222.06
744301,220,222.06
744401,220,222.06
744501,220,222.06
744601,220,222.06
744701,220,222.06
744801,220,222.06
744901,220,222.06
745001,220,222.06
745101,220,222.06
745201,220,222.06
745301,220,222.06
745401,220,222.06
745501,220,222.06
745601,220,222.06
745701,220,222.06
745801,220,222.06
745901,220,222.06
746001,220,222.06
746101,220,222.06
746201,220,222.06
746301,220,222.06
746401,220,222.06
746501,220,222.06
746601,220,222.06
746701,220,222.06
746801,220,222.06
746901,220,222.06
747001,220,222.06
747101,220,222.06
747201,220,222.06
747301,220,222.06
747401,220,222.06
747501,220,222.78
747601,220,222.06
747701,220,222.06
747801,220,222.06
747901,220,222.06
748001,220,222.06
748101,220,222.06
748201,220,222.06
748301,220,222.06
748401,220,222.06
748501,220,222.06
748601,220,222.06
748701,220,222.06
748801,220,222.06
748901,220,222.06
749001,220,222.78
749101,220,222.06
749201,220,222.06
749301,220,222.06
749401,220,222.06
749501,220,222.06
749601,220,222.06
749701,220,222.06
749801,220,222.06
749901,220,222.06
750001,220,222.06
750101,220,222.06
750201,220,222.06
750301,220,222.78
750401,220,222.06
750501,220,222.06
750601,220,222.06
750701,220,222.06
750801,220,222.06
750901,220,222.06
751001,220,222.06
751101,220,222.06
751201,220,222.06
751301,220,222.06
751401,220,222.06
751501,220,222.06
751601,220,222.78
751701,220,222.06
751801,220,222.06
751901,220,222.78
752001,220,222.78
752101,220,222.06
752201,220,222.78
752301,220,222.06
752401,220,222.78
752501,220,222.06
752601,220,222.78
752701,220,222.78
752801,220,222.06
752901,220,222.78
753001,220,222.06
753101,220,222.78
753201,220,222.78
753301,220,222.78
753401,220,222.78
753501,220,222.78
753601,220,222.78
753701,220,222.78
753801,220,222.78
753901,220,222.78
754001,220,222.78
754101,220,222.06
754201,220,222.78
754301,220,222.06
754401,220,222.78
754501,220,222.78
754601,220,222.06
754701,220,222.78
754801,220,222.78
754901,220,222.78
755001,220,222.78
755101,220,222.06
755201,220,222.78
755301,220,222.78
755401,220,222.06
755501,220,222.06
755601,220,222.78
755701,220,222.78
755801,220,222.78
755901,220,222.78
756001,220,222.78
756101,220,222.78
756201,220,222.78
756301,220,222.78
756401,220,222.78
756501,220,222.78
756601,220,222.06
756701,220,222.78
756801,220,222.78
756901,220,222.78
757001,220,222.06
757101,220,222.78
757201,220,222.78
757301,220,222.06
757401,220,222.78
757501,220,222.78
757601,220,222.78
757701,220,222.78
757801,220,222.78
757901,220,222.78
758001,220,222.78
758101,220,222.78
758201,220,222.78
758301,220,222.78
758401,220,222.78
758501,220,222.78
758601,220,222.78
758701,220,222.78
758801,220,222.78
758901,220,222.78
759001,220,222.78
759101,220,222.78
759201,220,222.78
759301,220,222.78
759401,220,222.78
759501,220,222.78
759601,220,222.78
759701,220,222.78
759801,220,222.78
759901,220,222.78
760001,220,222.78
760101,220,222.78
760201,220,222.78
760301,220,222.78
760401,220,222.78
760501,220,222.78
760601,220,222.78
760701,220,222.78
760801,220,222.78
760901,220,222.78
761001,220,222.78
761101,220,222.78
761201,220,222.78
761301,220,222.78
761401,220,222.78
761501,220,222.78
761601,220,222.78
761701,220,222.78
761801,220,222.78
761901,220,222.78
762001,220,222.78
762101,220,222.78
762201,220,222.78
762301,220,222.78
762401,220,222.78
762501,220,222.78
762601,220,222.78
762701,220,222.78
762801,220,222.78
762901,220,222.78
763001,220,222.78
763101,220,222.78
763201,220,222.78
763301,220,222.78
763401,220,222.78
763501,220,222.78
763601,220,222.78
763701,220,222.78
763801,220,222.78
763901,220,222.78
764001,220,222.78
764101,220,222.78
764201,220,222.78
764301,220,222.78
764401,220,222.78
764501,220,222.78
764601,220,222.78
764701,220,222.78
764801,220,222.78
764901,220,222.78
765001,220,222.78
765101,220,222.78
765201,220,222.78
765301,220,222.78
765401,220,222.78
765501,220,222.78
765601,220,222.78
765701,220,222.78
765801,220,222.78
765901,220,222.78
766001,220,222.78
766101,220,222.78
766201,220,222.78
766301,220,222.78
766401,220,222.78
766501,220,222.78
766601,220,222.78
766701,220,222.78
766801,220,222.78
766901,220,222.78
767001,220,222.78
767101,220,222.78
767201,220,222.78
767301,220,222.78
767401,220,222.78
767501,220,222.78
767601,220,222.78
767701,220,222.78
767801,220,222.78
767901,220,222.78
768001,220,222.78
768101,220,222.78
768201,220,222.78
768301,220,222.78
768401,220,222.78
768501,220,222.78
768601,220,222.78
768701,220,222.78
768801,220,222.78
768901,220,222.78
769001,220,222.78
769101,220,222.78
769201,220,222.78
769301,220,222.78
769401,220,222.78
769501,220,222.78
769601,220,222.78
769701,220,222.78
769801,220,222.78
769901,220,222.78
770001,220,222.78
770101,220,222.78
770201,220,222.78
770301,220,222.78
770401,220,222.78
770501,220,222.78
770601,220,222.78
770701,220,222.78
770801,220,222.78
770901,220,222.78
771001,220,222.78
771101,220,222.78
771201,220,222.78
771301,220,223.52
771401,220,222.78
771501,220,222.78
771601,220,222.78
771701,220,222.78
771801,220,222.78
771901,220,222.78
772001,220,222.78
772101,220,222.78
772201,220,222.78
772301,220,222.78
772401,220,222.78
772501,220,222.78
772601,220,222.78
772701,220,222.78
772801,220,222.78
772901,220,222.78
773001,220,222.78
773101,220,222.78
773201,220,222.78
773301,220,222.78
773401,220,222.78
773501,220,222.78
773601,220,222.78
773701,220,222.78
773801,220,222.78
773901,220,222.78
774001,220,222.78
774101,220,222.78
774201,220,222.78
774301,220,222.78
774401,220,222.78
774501,220,222.78
774601,220,222.78
774701,220,222.78
774801,220,222.78
774901,220,222.78
775001,220,222.78
775101,220,222.78
775201,220,222.78
775301,220,222.78
775401,220,222.78
775501,220,222.78
775601,220,222.78
775701,220,222.78
775801,220,222.78
775901,220,222.78
776001,220,222.78
776101,220,222.78
776201,220,222.78
776301,220,222.78
776401,220,222.78
776501,220,222.78
776601,220,222.78
776701,220,222.78
776801,220,222.78
776901,220,222.78
777001,220,222.78
777101,220,222.78
777201,220,222.78
777301,220,222.78
777401,220,222.78
777501,220,222.78
777601,220,222.78
777701,220,222.78
777801,220,222.78
777901,220,222.78
778001,220,222.78
778101,220,222.78
778201,220,222.78
778301,220,222.78
778401,220,222.78
778501,220,222.78
778601,220,222.78
778701,220,222.78
778801,220,222.78
778901,220,222.78
779001,220,222.78
779101,220,222.78
779201,220,222.78
779301,220,222.78
779401,220,222.78
779501,220,222.78
779601,220,222.78
779701,220,222.78
779801,220,222.78
779901,220,222.78
780001,220,222.78
780101,220,222.78
780201,220,222.78
780301,220,222.78
780401,220,222.78
780501,220,222.78
780601,220,222.78
780701,220,222.78
780801,220,222.78
780901,220,222.78
781001,220,222.78
781101,220,222.78
781201,220,222.78
781301,220,222.78
781401,220,222.78
781501,220,222.78
781601,220,222.78
781701,220,222.78
781801,220,222.78
781901,220,222.78
782001,220,222.78
782101,220,222.78
782201,220,222.78
782301,220,223.52
782401,220,222.78
782501,220,222.78
782601,220,222.78
782701,220,222.78
782801,220,222.78
782901,220,222.78
783001,220,222.78
783101,220,222.78
783201,220,222.78
783301,220,223.52
783401,220,222.78
783501,220,223.52
783601,220,222.78
783701,220,222.78
783801,220,222.78
783901,220,222.78
784001,220,223.52
784101,220,223.52
784201,220,222.78
784301,220,222.78
784401,220,222.78
784501,220,222.78
784601,220,223.52
784701,220,222.78
784801,220,223.52
784901,220,223.52
785001,220,223.52
785101,220,223.52
785201,220,223.52
785301,220,222.78
785401,220,223.52
785501,220,223.52
785601,220,223.52
785701,220,223.52
785801,220,223.52
785901,220,223.52
786001,220,223.52
786101,220,223.52
786201,220,223.52
786301,220,223.52
786401,220,222.78
786501,220,223.52
786601,220,223.52
786701,220,223.52
786801,220,223.52
786901,220,223.52
787001,220,223.52
787101,220,223.52
787201,220,223.52
787301,220,223.52
787401,220,223.52
787501,220,223.52
787601,220,223.52
787701,220,223.52
787801,220,223.52
787901,220,223.52
788001,220,223.52
788101,220,223.52
788201,220,223.52
788301,220,223.52
788401,220,223.52
788501,220,223.52
788601,220,223.52
788701,220,223.52
788801,220,223.52
788901,220,223.52
789001,220,223.52
789101,220,223.52
789201,220,223.52
789301,220,223.52
789401,220,223.52
789501,220,223.52
789601,220,223.52
789701,220,223.52
789801,220,223.52
789901,220,223.52
790001,220,223.52
790101,220,223.52
790201,220,223.52
790301,220,223.52
790401,220,223.52
790501,220,223.52
790601,220,223.52
790701,220,223.52
790801,220,223.52
790901,220,223.52
791001,220,223.52
791101,220,223.52
791201,220,223.52
791301,220,223.52
791401,220,223.52
791501,220,223.52
791601,220,223.52
791701,220,223.52
791801,220,223.52
791901,220,223.52
792001,220,223.52
792101,220,223.52
792201,220,223.52
792301,220,223.52
792401,220,223.52
792501,220,223.52
792601,220,223.52
792701,220,223.52
792801,220,223.52
792901,220,223.52
793001,220,223.52
793101,220,223.52
793201,220,223.52
793301,220,223.52
793401,220,223.52
793501,220,223.52
793601,220,223.52
793701,220,223.52
793801,220,223.52
793901,220,223.52
794001,220,223.52
794101,220,223.52
794201,220,223.52
794301,220,223.52
794401,220,223.52
794501,220,223.52
794601,220,223.52
794701,220,223.52
794801,220,223.52
794901,220,223.52
795001,220,223.52
795101,220,223.52
795201,220,223.52
795301,220,223.52
795401,220,223.52
795501,220,223.52
795601,220,223.52
795701,220,223.52
795801,220,223.52
795901,220,223.52
796001,220,223.52
796101,220,223.52
796201,220,223.52
796301,220,223.52
796401,220,223.52
796501,220,223.52
796601,220,223.52
796701,220,223.52
796801,220,223.52
796901,220,223.52
797001,220,223.52
797101,220,223.52
797201,220,223.52
797301,220,223.52
797401,220,223.52
797501,220,223.52
797601,220,223.52
797701,220,223.52
797801,220,223.52
797901,220,223.52
798001,220,223.52
798101,220,223.52
798201,220,223.52
798301,220,223.52
798401,220,223.52
798501,220,223.52
798601,220,223.52
798701,220,223.52
798801,220,223.52
798901,220,223.52
799001,220,223.52
799101,220,223.52
799201,220,223.52
799301,220,223.52
799401,220,223.52
799501,220,223.52
799601,220,223.52
799701,220,223.52
799801,220,223.52
799901,220,223.52
800001,220,223.52
800101,220,223.52
800201,220,223.52
800301,220,223.52
800401,220,223.52
800501,220,223.52
800601,220,223.52
800701,220,223.52
800801,220,223.52
800901,220,223.52
801001,220,224.27
801101,220,223.52
801201,220,224.27
801301,220,224.27
801401,220,223.52
801501,220,223.52
801601,220,223.52
801701,220,224.27
801801,220,224.27
801901,220,223.52
802001,220,224.27
802101,220,224.27
802201,220,223.52
802301,220,223.52
802401,220,224.27
802501,220,223.52
802601,220,223.52
802701,220,223.52
802801,220,223.52
802901,220,224.27
803001,220,223.52
803101,220,224.27
803201,220,224.27
803301,220,223.52
803401,220,224.27
803501,220,223.52
803601,220,224.27
803701,220,224.27
803801,220,224.27
803901,220,223.52
804001,220,224.27
804101,220,224.27
804201,220,224.27
804301,220,224.27
804401,220,224.27
804501,220,223.52
804601,220,223.52
804701,220,223.52
804801,220,224.27
804901,220,224.27
805001,220,223.52
805101,220,224.27
805201,220,224.27
805301,220,224.27
805401,220,224.27
805501,220,224.27
805601,220,224.27
805701,220,224.27
805801,220,223.52
805901,220,224.27
806001,220,224.27
806101,220,224.27
806201,220,224.27
806301,220,224.27
806401,220,224.27
806501,220,223.52
806601,220,224.27
806701,220,224.27
806801,220,224.27
806901,220,224.27
807001,220,224.27
807101,220,224.27
807201,220,224.27
807301,220,224.27
807401,220,224.27
807501,220,224.27
807601,220,224.27
807701,220,224.27
807801,220,223.52
807901,220,224.27
808001,220,224.27
808101,220,224.27
808201,220,224.27
808301,220,223.52
808401,220,224.27
808501,220,224.27
808601,220,224.27
808701,220,224.27
808801,220,224.27
808901,220,224.27
809001,220,223.52
809101,220,223.52
809201,220,224.27
809301,220,224.27
809401,220,224.27
809501,220,224.27
809601,220,224.27
809701,220,224.27
809801,220,224.27
809901,220,224.27
810001,220,224.27
810101,220,224.27
810201,220,224.27
810301,220,224.27
810401,220,224.27
810501,220,224.27
810601,220,224.27
810701,220,224.27
810801,220,224.27
810901,220,224.27
811001,220,224.27
811101,220,224.27
811201,220,224.27
811301,220,224.27
811401,220,224.27
811501,220,224.27
811601,220,224.27
811701,220,224.27
811801,220,224.27
811901,220,224.27
812001,220,224.27
812101,220,224.27
812201,220,224.27
812301,220,224.27
812401,220,224.27
812501,220,224.27
812601,220,224.27
812701,220,224.27
812801,220,224.27
812901,220,224.27
813001,220,224.27
813101,220,224.27
813201,220,224.27
813301,220,224.27
813401,220,224.27
813501,220,224.27
813601,220,224.27
813701,220,224.27
813801,220,224.27
813901,220,224.27
814001,220,224.27
814101,220,224.27
814201,220,224.27
814301,220,224.27
814401,220,224.27
814501,220,224.27
814601,220,224.27
814701,220,224.27
814801,220,224.27
814901,220,224.27
815001,220,224.27
815101,220,224.27
815201,220,224.27
815301,220,224.27
815401,220,224.27
815501,220,223.52
815601,220,224.27
815701,220,224.27
815801,220,224.27
815901,220,224.27
816001,220,224.27
816101,220,224.27
816201,220,224.27
816301,220,224.27
816401,220,224.27
816501,220,224.27
816601,220,224.27
816701,220,224.27
816801,220,224.27
816901,220,224.27
817001,220,224.27
817101,220,224.27
817201,220,224.27
817301,220,224.27
817401,220,224.27
817501,220,224.27
817601,220,224.27
817701,220,224.27
817801,220,224.27
817901,220,224.27
818001,220,224.27
818101,220,224.27
818201,220,224.27
818301,220,224.27
818401,220,224.27
818501,220,224.27
818601,220,224.27
818701,220,224.27
818801,220,224.27
818901,220,224.27
819001,220,224.27
819101,220,224.27
819201,220,223.52
819301,220,224.27
819401,220,224.27
819501,220,224.27
819601,220,224.27
819701,220,224.27
819801,220,224.27
819901,220,224.27
820001,220,224.27
820101,220,224.27
820201,220,224.27
820301,220,224.27
820401,220,224.27
820501,220,224.27
820601,220,224.27
820701,220,224.27
820801,220,224.27
820901,220,224.27
821001,220,224.27
821101,220,224.27
821201,220,223.52
821301,220,224.27
821401,220,224.27
821501,220,224.27
821601,220,224.27
821701,220,224.27
821801,220,224.27
821901,220,223.52
822001,220,224.27
822101,220,224.27
822201,220,224.27
822301,220,224.27
822401,220,224.27
822501,220,224.27
822601,220,224.27
822701,220,224.27
822801,220,224.27
822901,220,224.27
823001,220,224.27
823101,220,224.27
823201,220,224.27
823301,220,224.27
823401,220,224.27
823501,220,224.27
823601,220,224.27
823701,220,224.27
823801,220,224.27
823901,220,224.27
824001,220,224.27
824101,220,224.27
824201,220,224.27
824301,220,224.27
824401,220,224.27
824501,220,224.27
824601,220,224.27
824701,220,224.27
824801,220,224.27
824901,220,224.27
825001,220,224.27
825101,220,224.27
825201,220,224.27
825301,220,224.27
825401,220,224.27
825501,220,224.27
825601,220,224.27
825701,220,224.27
825801,220,224.27
825901,220,224.27
826001,220,224.27
826101,220,224.27
826201,220,224.27
826301,220,224.27
826401,220,224.27
826501,220,224.27
826601,220,224.27
826701,220,224.27
826801,220,224.27
826901,220,224.27
827001,220,224.27
827101,220,224.27
827201,220,224.27
827301,220,224.27
827401,220,224.27
827501,220,224.27
827601,220,224.27
827701,220,224.27
827801,220,224.27
827901,220,224.27
828001,220,224.27
828101,220,224.27
828201,220,224.27
828301,220,224.27
828401,220,224.27
828501,220,224.27
828601,220,224.27
828701,220,224.27
828801,220,224.27
828901,220,224.27
829001,220,224.27
829101,220,225.02
829201,220,224.27
829301,220,224.27
829401,220,224.27
829501,220,224.27
829601,220,224.27
829701,220,224.27
829801,220,224.27
829901,220,224.27
