Time_s,RPM_Motor,PWM_Motor,Temp_Hotend,PWM_Hotend,t_pid,Kp_Motor,Ki_Motor,Kd_Motor,Kp_Hotend,Ki_Hotend,Kd_Hotend
1.8977000713348389,0.0,0.0,21.08,0.0,,,,,,,
2.098503351211548,0.0,0.0,21.68,0.0,,,,,,,
2.192087173461914,0.0,0.0,21.68,0.0,,,,,,,
2.2989656925201416,0.0,0.0,21.68,0.0,,,,,,,
2.501056671142578,0.0,0.0,21.68,0.0,,,,,,,
2.6251590251922607,0.13,0.0,21.68,0.0,,,,,,,
2.733258008956909,0.0,0.0,21.68,0.0,,,,,,,
2.901362657546997,0.0,0.0,21.68,0.0,,,,,,,
3.1017987728118896,0.0,0.0,21.68,0.0,,,,,,,
3.1949539184570312,0.0,0.0,21.08,0.0,,,,,,,
3.303471326828003,0.0,0.0,21.68,0.0,,,,,,,
3.504302978515625,-0.13,0.0,21.68,0.0,,,,,,,
3.597139596939087,0.13,0.0,21.08,0.0,,,,,,,
3.72190523147583,0.0,0.0,21.68,0.0,,,,,,,
3.8304615020751953,0.0,0.0,21.68,0.0,,,,,,,
4.033492088317871,0.0,0.0,21.68,0.0,,,,,,,
4.204511880874634,0.0,0.0,21.68,0.0,,,,,,,
4.514344215393066,0.0,0.0,21.68,0.0,,,,,,,
4.607255935668945,0.0,0.0,21.68,0.0,,,,,,,
4.715983867645264,0.0,0.0,21.68,0.0,,,,,,,
4.8090879917144775,0.0,0.0,22.27,0.0,,,,,,,
5.027122974395752,0.0,0.0,21.68,0.0,,,,,,,
5.13728666305542,0.0,0.0,21.68,0.0,,,,,,,
5.245761156082153,0.0,0.0,22.27,0.0,,,,,,,
5.418431043624878,0.0,0.0,21.08,0.0,,,,,,,
5.606411933898926,-0.13,0.0,21.08,0.0,,,,,,,
5.7142980098724365,0.13,0.0,21.68,0.0,,,,,,,
5.823625326156616,0.0,0.0,21.08,0.0,,,,,,,
6.009966611862183,0.0,0.0,21.08,0.0,,,,,,,
6.119352340698242,0.0,0.0,21.68,0.0,,,,,,,
6.228008270263672,0.0,0.0,21.68,0.0,,,,,,,
6.336294889450073,0.0,0.0,21.08,0.0,,,,,,,
6.554521083831787,0.0,0.0,21.68,0.0,,,,,,,
6.726136922836304,0.0,0.0,21.68,0.0,,,,,,,
7.020319938659668,0.0,0.0,21.68,0.0,,,,,,,
7.129161596298218,0.0,0.0,21.68,0.0,,,,,,,
7.221421480178833,0.0,0.0,21.68,0.0,,,,,,,
7.3302903175354,0.0,0.0,21.68,0.0,,,,,,,
7.547061920166016,0.0,0.0,21.68,0.0,,,,,,,
7.657263994216919,0.0,0.0,21.68,0.0,,,,,,,
7.829275131225586,0.0,0.0,21.68,0.0,,,,,,,
8.125924348831177,0.0,0.0,21.68,0.0,,,,,,,
8.234575271606445,0.0,0.0,21.68,0.0,,,,,,,
8.327678442001343,0.0,0.0,21.08,0.0,,,,,,,
8.530443906784058,0.0,0.0,21.68,0.0,,,,,,,
8.639895677566528,0.0,0.0,21.68,0.0,,,,,,,
8.748142719268799,0.0,0.0,21.68,0.0,,,,,,,
8.857593536376953,0.13,0.0,22.27,0.0,,,,,,,
9.231590270996094,0.0,0.0,21.68,0.0,,,,,,,
9.340559244155884,0.0,0.0,21.68,0.0,,,,,,,
9.636813402175903,0.0,0.0,21.68,0.0,,,,,,,
9.730884075164795,0.0,0.0,22.27,0.0,,,,,,,
9.840225458145142,0.0,0.0,21.68,0.0,,,,,,,
10.168334722518921,0.0,0.0,21.68,0.0,,,,,,,
10.276577234268188,0.0,0.0,21.68,0.0,,,,,,,
10.541424036026001,0.0,0.0,21.68,0.0,,,,,,,
10.743799209594727,0.0,0.0,21.68,0.0,,,,,,,
10.852721691131592,0.0,0.0,21.68,0.0,,,,,,,
11.038807153701782,0.0,0.0,21.68,0.0,,,,,,,
11.148398399353027,0.0,0.0,21.68,0.0,,,,,,,
11.258612871170044,0.0,0.0,21.08,0.0,,,,,,,
11.556150197982788,0.0,0.0,21.08,0.0,,,,,,,
11.742170572280884,0.0,0.0,21.68,0.0,,,,,,,
11.852646827697754,0.0,0.0,21.08,0.0,,,,,,,
12.14941692352295,0.0,0.0,21.68,0.0,,,,,,,
12.258459329605103,0.0,0.0,21.68,0.0,,,,,,,
12.367005109786987,0.0,0.0,21.68,0.0,,,,,,,
12.573251485824585,0.0,0.0,21.68,0.0,,,,,,,
12.68022894859314,0.0,0.0,21.68,0.0,,,,,,,
12.787698030471802,0.0,0.0,21.68,0.0,,,,,,,
13.053030252456665,0.0,0.0,21.68,0.0,,,,,,,
13.162376880645752,0.0,0.0,21.68,0.0,,,,,,,
13.254782438278198,0.0,0.0,21.68,0.0,,,,,,,
13.363333463668823,0.0,0.0,21.68,0.0,,,,,,,
13.566756010055542,0.0,0.0,22.27,0.0,,,,,,,
13.6760413646698,0.0,0.0,21.68,0.0,,,,,,,
13.768532991409302,0.0,0.0,21.68,0.0,,,,,,,
14.001400470733643,0.0,0.0,21.08,0.0,,,,,,,
14.15751600265503,0.0,0.0,21.68,0.0,,,,,,,
14.374581336975098,0.0,0.0,21.68,0.0,,,,,,,
14.672363519668579,0.0,0.0,21.68,0.0,,,,,,,
14.766019821166992,0.0,0.0,21.08,0.0,,,,,,,
14.967687606811523,0.0,0.0,21.68,0.0,,,,,,,
15.079229354858398,0.0,0.0,21.68,0.0,,,,,,,
15.190016746520996,0.0,0.0,21.68,0.0,,,,,,,
15.298978805541992,0.0,0.0,21.68,0.0,,,,,,,
15.48301362991333,0.0,0.0,21.68,0.0,,,,,,,
15.665908336639404,0.0,0.0,21.68,0.0,,,,,,,
15.765871047973633,0.0,0.0,21.68,0.0,,,,,,,
15.870022058486938,0.0,146.0,22.27,255.0,,,,,,,
16.075108528137207,0.0,62.0,21.68,255.0,,,,,,,
16.182237148284912,0.0,64.0,22.27,255.0,,,,,,,
16.28974747657776,0.0,67.0,21.68,255.0,,,,,,,
16.478637218475342,0.0,72.0,21.68,255.0,,,,,,,
16.67997145652771,0.0,78.0,21.68,255.0,,,,,,,
16.885775566101074,0.0,83.0,21.68,255.0,,,,,,,
17.08812642097473,0.13,88.0,21.08,255.0,,,,,,,
17.182695150375366,0.0,92.0,21.68,255.0,,,,,,,
17.290157079696655,0.0,94.0,21.68,255.0,,,,,,,
17.477302074432373,0.13,98.0,21.68,255.0,,,,,,,
17.6003098487854,-0.13,103.0,21.68,255.0,,,,,,,
17.710482835769653,0.0,104.0,21.68,255.0,,,,,,,
17.81898784637451,0.0,108.0,21.68,255.0,,,,,,,
18.083139419555664,0.0,116.0,22.27,255.0,,,,,,,
18.192949533462524,0.0,118.0,22.27,255.0,,,,,,,
18.28504180908203,0.0,121.0,22.27,255.0,,,,,,,
18.489742279052734,0.0,126.0,22.27,255.0,,,,,,,
18.582454919815063,0.0,129.0,22.27,255.0,,,,,,,
18.69241762161255,0.0,132.0,22.27,255.0,,,,,,,
18.801042079925537,0.0,135.0,22.27,255.0,,,,,,,
18.98810648918152,0.0,140.0,22.27,255.0,,,,,,,
19.129364252090454,0.0,143.0,22.27,255.0,,,,,,,
19.29994225502014,0.0,148.0,22.27,255.0,,,,,,,
19.502840280532837,0.0,153.0,22.27,255.0,,,,,,,
19.59622573852539,0.0,156.0,22.27,255.0,,,,,,,
19.703699827194214,0.0,159.0,22.27,255.0,,,,,,,
19.796268224716187,0.0,162.0,22.27,255.0,,,,,,,
19.99988102912903,0.0,167.0,22.27,255.0,,,,,,,
20.12492871284485,0.0,170.0,22.27,255.0,,,,,,,
20.23410940170288,0.0,172.0,22.85,255.0,,,,,,,
20.405585527420044,0.0,178.0,22.85,255.0,,,,,,,
20.607030868530273,0.0,183.0,22.85,255.0,,,,,,,
20.79704976081848,0.0,189.0,23.42,255.0,,,,,,,
21.00042176246643,0.0,194.0,23.42,255.0,,,,,,,
21.1100594997406,0.0,197.0,23.42,255.0,,,,,,,
21.220606088638306,0.0,199.0,23.97,255.0,,,,,,,
21.314468383789062,0.0,202.0,23.42,255.0,,,,,,,
21.613271474838257,0.0,210.0,23.97,255.0,,,,,,,
21.81692147254944,0.0,216.0,23.97,255.0,,,,,,,
22.004202604293823,0.0,221.0,23.97,255.0,,,,,,,
22.114336252212524,0.0,224.0,23.97,255.0,,,,,,,
22.20673131942749,0.0,226.0,23.97,255.0,,,,,,,
22.31633162498474,0.0,229.0,24.52,255.0,,,,,,,
22.517852783203125,0.13,234.0,24.52,255.0,,,,,,,
22.64093589782715,-0.13,238.0,24.52,255.0,,,,,,,
22.750608205795288,0.0,239.0,24.52,255.0,,,,,,,
22.92126703262329,0.0,245.0,25.05,255.0,,,,,,,
23.12440037727356,0.0,251.0,25.05,255.0,,,,,,,
23.325857162475586,0.0,255.0,25.58,255.0,,,,,,,
23.513455867767334,0.0,255.0,25.58,255.0,,,,,,,
23.62297534942627,0.0,255.0,25.05,255.0,,,,,,,
23.732120513916016,0.0,255.0,25.58,255.0,,,,,,,
23.84077024459839,0.0,255.0,26.1,255.0,,,,,,,
24.058148860931396,0.0,255.0,25.58,255.0,,,,,,,
24.215830087661743,0.0,255.0,26.6,255.0,,,,,,,
24.451603651046753,-1.79,255.0,26.6,255.0,,,,,,,
24.624030113220215,-1.79,255.0,26.6,255.0,,,,,,,
24.732871770858765,-1.02,255.0,26.6,255.0,,,,,,,
24.825085401535034,-0.26,254.0,26.6,255.0,,,,,,,
25.04468846321106,0.0,255.0,26.6,255.0,,,,,,,
25.154284238815308,0.0,255.0,26.6,255.0,,,,,,,
25.264243841171265,0.0,255.0,27.1,255.0,,,,,,,
25.43700408935547,0.0,255.0,27.1,255.0,,,,,,,
25.626009225845337,0.0,255.0,27.1,255.0,,,,,,,
25.735093116760254,0.0,255.0,27.59,255.0,,,,,,,
25.829591989517212,-0.13,255.0,27.59,255.0,,,,,,,
26.031881093978882,0.0,255.0,28.08,255.0,,,,,,,
26.141573190689087,0.0,255.0,28.08,255.0,,,,,,,
26.249528646469116,0.0,255.0,28.08,255.0,,,,,,,
26.3591730594635,0.0,255.0,28.08,255.0,,,,,,,
26.639201402664185,0.0,255.0,28.55,255.0,,,,,,,
26.84078550338745,0.0,255.0,28.55,255.0,,,,,,,
27.13722538948059,0.0,255.0,29.02,255.0,,,,,,,
27.246516466140747,0.0,255.0,29.02,255.0,,,,,,,
27.340157985687256,0.0,255.0,29.02,255.0,,,,,,,
27.558744192123413,0.0,255.0,29.48,255.0,,,,,,,
27.66848373413086,0.0,255.0,29.48,255.0,,,,,,,
27.777289152145386,0.0,255.0,29.48,255.0,,,,,,,
27.949317455291748,0.13,255.0,29.94,255.0,,,,,,,
28.151684045791626,0.0,255.0,29.94,255.0,,,,,,,
28.24445390701294,-0.13,255.0,29.94,255.0,,,,,,,
28.35332179069519,0.0,255.0,30.38,255.0,,,,,,,
28.55545401573181,0.0,255.0,30.38,255.0,,,,,,,
28.64931035041809,0.0,255.0,30.38,255.0,,,,,,,
28.759271144866943,0.0,255.0,30.38,255.0,,,,,,,
28.962395191192627,0.0,255.0,30.82,255.0,,,,,,,
29.086803674697876,0.0,255.0,30.82,255.0,,,,,,,
29.257460355758667,0.0,255.0,30.82,255.0,,,,,,,
29.460036039352417,0.0,255.0,31.26,255.0,,,,,,,
29.554385900497437,0.0,255.0,31.69,255.0,,,,,,,
29.662670612335205,0.0,255.0,31.69,255.0,,,,,,,
29.756550550460815,-0.26,255.0,31.26,255.0,,,,,,,
29.86477017402649,0.0,255.0,31.69,255.0,,,,,,,
30.068211793899536,0.0,255.0,32.11,255.0,,,,,,,
30.177550077438354,0.0,255.0,32.11,255.0,,,,,,,
30.288208961486816,0.0,255.0,31.69,255.0,,,,,,,
30.458049774169922,-1.02,255.0,32.11,255.0,,,,,,,
30.658443927764893,-1.28,255.0,32.11,255.0,,,,,,,
30.768484830856323,-1.79,255.0,32.53,255.0,,,,,,,
30.862372875213623,-0.26,255.0,32.53,255.0,,,,,,,
31.065881967544556,-0.51,255.0,32.94,255.0,,,,,,,
31.15985107421875,0.26,255.0,32.94,255.0,,,,,,,
31.284955739974976,-0.13,255.0,32.94,255.0,,,,,,,
31.47125792503357,0.0,255.0,33.35,255.0,,,,,,,
31.659621715545654,0.0,255.0,33.75,255.0,,,,,,,
31.862292766571045,0.26,255.0,33.75,255.0,,,,,,,
32.065335750579834,0.26,255.0,33.75,255.0,,,,,,,
32.17468452453613,-0.26,255.0,34.15,255.0,,,,,,,
32.26794385910034,0.0,255.0,34.15,255.0,,,,,,,
32.47019338607788,0.0,255.0,34.54,255.0,,,,,,,
32.5938766002655,0.0,255.0,34.54,255.0,,,,,,,
32.70219588279724,0.0,255.0,34.54,255.0,,,,,,,
32.81067085266113,0.0,255.0,34.54,255.0,,,,,,,
33.07602787017822,0.0,255.0,34.93,255.0,,,,,,,
33.280473470687866,0.0,255.0,35.31,255.0,,,,,,,
33.3753228187561,0.13,255.0,34.93,255.0,,,,,,,
33.57577061653137,0.26,255.0,35.31,255.0,,,,,,,
33.68529748916626,-0.26,255.0,35.31,255.0,,,,,,,
33.793184995651245,0.13,255.0,35.31,255.0,,,,,,,
33.97958588600159,0.0,255.0,35.69,255.0,,,,,,,
34.1829514503479,-0.26,255.0,35.69,255.0,,,,,,,
34.38632941246033,-0.26,255.0,36.07,255.0,,,,,,,
34.58790636062622,-0.26,255.0,36.07,255.0,,,,,,,
34.68057465553284,0.26,255.0,36.81,255.0,,,,,,,
34.78941488265991,-0.26,255.0,36.44,255.0,,,,,,,
34.993114709854126,0.0,255.0,36.44,255.0,,,,,,,
35.10182237625122,0.0,255.0,36.81,255.0,,,,,,,
35.21006536483765,0.0,255.0,37.17,255.0,,,,,,,
35.3200843334198,0.0,255.0,37.17,255.0,,,,,,,
35.58559489250183,0.0,255.0,37.53,255.0,,,,,,,
35.69367456436157,0.0,255.0,37.53,255.0,,,,,,,
35.78641724586487,0.0,255.0,37.53,255.0,,,,,,,
36.00361371040344,0.0,255.0,37.88,255.0,,,,,,,
36.09615731239319,0.0,255.0,37.88,255.0,,,,,,,
36.203909397125244,0.0,255.0,37.88,255.0,,,,,,,
36.31134366989136,0.0,255.0,38.23,255.0,,,,,,,
36.52745866775513,0.0,255.0,38.23,255.0,,,,,,,
36.69930386543274,0.26,255.0,38.23,255.0,,,,,,,
36.90108513832092,0.26,255.0,38.58,255.0,,,,,,,
37.105412006378174,0.26,255.0,38.58,255.0,,,,,,,
37.19815969467163,-0.26,255.0,38.93,255.0,,,,,,,
37.30639934539795,0.26,255.0,38.93,255.0,,,,,,,
37.50923824310303,0.26,255.0,38.93,255.0,,,,,,,
37.61661911010742,-0.13,255.0,39.27,255.0,,,,,,,
37.72621011734009,-0.13,255.0,39.27,255.0,,,,,,,
37.83406901359558,0.13,255.0,39.61,255.0,,,,,,,
38.0985050201416,0.0,255.0,39.61,255.0,,,,,,,
38.207927942276,0.0,255.0,39.94,255.0,,,,,,,
38.2996780872345,0.0,255.0,39.94,255.0,,,,,,,
38.43992257118225,0.0,255.0,40.27,255.0,,,,,,,
38.61029839515686,0.0,255.0,40.27,255.0,,,,,,,
38.718589782714844,0.0,255.0,40.27,255.0,,,,,,,
38.826761960983276,0.0,255.0,40.6,255.0,,,,,,,
39.04474472999573,0.0,255.0,40.6,255.0,,,,,,,
39.2167432308197,0.0,255.0,40.93,255.0,,,,,,,
39.4498085975647,0.0,255.0,40.93,255.0,,,,,,,
39.62124705314636,0.0,255.0,41.25,255.0,,,,,,,
39.71288800239563,0.0,255.0,41.57,255.0,,,,,,,
39.82124638557434,0.0,255.0,41.25,255.0,,,,,,,
40.02398347854614,0.0,255.0,41.57,255.0,,,,,,,
40.1318416595459,0.0,255.0,41.88,255.0,,,,,,,
40.241249799728394,0.26,255.0,41.57,255.0,,,,,,,
40.35036540031433,0.0,255.0,41.88,255.0,,,,,,,
40.61352062225342,0.0,255.0,42.2,255.0,,,,,,,
40.72252106666565,0.0,255.0,42.2,255.0,,,,,,,
40.81483197212219,-0.26,255.0,42.2,255.0,,,,,,,
41.029942989349365,0.0,255.0,42.51,255.0,,,,,,,
41.12306785583496,0.0,255.0,42.51,255.0,,,,,,,
41.23057007789612,0.0,255.0,42.82,255.0,,,,,,,
41.33857870101929,0.0,255.0,42.82,255.0,,,,,,,
41.55451965332031,0.0,255.0,43.13,255.0,,,,,,,
41.6620090007782,0.0,255.0,43.13,255.0,,,,,,,
41.83355951309204,0.0,255.0,43.43,255.0,,,,,,,
42.03577446937561,0.0,255.0,43.43,255.0,,,,,,,
42.128944873809814,0.0,255.0,43.73,255.0,,,,,,,
42.22171640396118,0.0,255.0,43.73,255.0,,,,,,,
42.33029651641846,0.0,255.0,43.73,255.0,,,,,,,
42.54560422897339,0.0,255.0,44.03,255.0,,,,,,,
42.65587878227234,0.0,255.0,44.03,255.0,,,,,,,
42.76358485221863,0.0,255.0,44.03,255.0,,,,,,,
42.948100328445435,0.0,255.0,44.33,255.0,,,,,,,
43.1339807510376,-0.13,255.0,44.33,255.0,,,,,,,
43.24121880531311,0.0,255.0,44.62,255.0,,,,,,,
43.33308029174805,0.0,255.0,44.62,255.0,,,,,,,
43.5335111618042,0.0,255.0,44.91,255.0,,,,,,,
43.64188289642334,0.0,255.0,44.91,255.0,,,,,,,
43.73617720603943,0.0,255.0,44.91,255.0,,,,,,,
43.844897747039795,0.0,255.0,45.2,255.0,,,,,,,
44.07748055458069,0.0,255.0,45.2,255.0,,,,,,,
44.247679471969604,0.0,255.0,45.49,255.0,,,,,,,
44.54208254814148,0.0,255.0,46.06,255.0,,,,,,,
44.63670539855957,0.0,255.0,46.06,255.0,,,,,,,
44.74622321128845,0.0,255.0,46.06,255.0,,,,,,,
44.84033274650574,0.0,255.0,46.06,255.0,,,,,,,
45.05845642089844,0.0,255.0,46.34,255.0,,,,,,,
45.167455434799194,0.0,255.0,46.62,255.0,,,,,,,
45.27484345436096,0.0,255.0,46.62,255.0,,,,,,,
45.44524312019348,0.0,255.0,46.9,255.0,,,,,,,
45.64600610733032,0.0,255.0,46.9,255.0,,,,,,,
45.75559067726135,0.0,255.0,46.9,255.0,,,,,,,
45.848238945007324,0.0,255.0,46.9,255.0,,,,,,,
46.05049109458923,-0.13,255.0,47.17,255.0,,,,,,,
46.144635915756226,0.26,255.0,47.17,255.0,,,,,,,
46.25418972969055,-0.26,255.0,47.45,255.0,,,,,,,
46.45759558677673,-0.26,255.0,47.45,255.0,,,,,,,
46.658730268478394,-0.13,255.0,47.72,255.0,,,,,,,
46.861583948135376,0.0,255.0,47.99,255.0,,,,,,,
47.06345772743225,0.0,255.0,48.26,255.0,,,,,,,
47.15596413612366,0.0,255.0,48.26,255.0,,,,,,,
47.263752937316895,0.0,255.0,48.52,255.0,,,,,,,
47.35598540306091,0.0,255.0,48.79,255.0,,,,,,,
47.57124447822571,0.0,255.0,48.79,255.0,,,,,,,
47.6805260181427,0.0,255.0,48.79,255.0,,,,,,,
47.79020071029663,0.0,255.0,48.79,255.0,,,,,,,
47.96136832237244,0.0,255.0,49.05,255.0,,,,,,,
48.16422414779663,0.0,255.0,49.31,255.0,,,,,,,
48.25742530822754,0.0,255.0,49.31,255.0,,,,,,,
48.36762070655823,0.0,255.0,49.57,255.0,,,,,,,
48.56980752944946,0.0,255.0,49.57,255.0,,,,,,,
48.66403412818909,0.0,255.0,49.57,255.0,,,,,,,
48.77249073982239,0.0,255.0,49.83,255.0,,,,,,,
48.973016023635864,0.0,255.0,49.83,255.0,,,,,,,
49.09615874290466,0.0,255.0,49.83,255.0,,,,,,,
49.26841139793396,-0.13,255.0,50.08,255.0,,,,,,,
49.470617055892944,-0.13,255.0,50.34,255.0,,,,,,,
49.579397201538086,0.26,255.0,50.34,255.0,,,,,,,
49.67210578918457,-0.26,255.0,50.34,255.0,,,,,,,
49.77942681312561,0.0,255.0,50.59,255.0,,,,,,,
49.967649698257446,0.0,255.0,50.59,255.0,,,,,,,
50.090620040893555,0.0,255.0,50.84,255.0,,,,,,,
50.199214935302734,0.0,255.0,50.84,255.0,,,,,,,
50.307537317276,0.0,255.0,51.09,255.0,,,,,,,
50.58780598640442,0.0,255.0,51.34,255.0,,,,,,,
50.774357318878174,0.0,255.0,51.84,255.0,,,,,,,
50.884238481521606,0.0,255.0,51.59,255.0,,,,,,,
51.083308696746826,0.0,255.0,52.08,255.0,,,,,,,
51.190757274627686,0.0,255.0,51.84,255.0,,,,,,,
51.28171515464783,0.0,255.0,52.08,255.0,,,,,,,
51.48361778259277,0.0,255.0,52.32,255.0,,,,,,,
51.68710279464722,0.0,255.0,52.32,255.0,,,,,,,
51.887792110443115,0.0,255.0,52.57,255.0,,,,,,,
52.08932828903198,0.26,255.0,52.57,255.0,,,,,,,
52.18322730064392,-0.26,255.0,52.81,255.0,,,,,,,
52.292391538619995,0.26,255.0,53.04,255.0,,,,,,,
52.49440550804138,0.13,255.0,53.04,255.0,,,,,,,
52.60251593589783,-0.13,255.0,53.04,255.0,,,,,,,
52.71185851097107,0.0,255.0,53.28,255.0,,,,,,,
52.81966829299927,0.0,255.0,53.28,255.0,,,,,,,
53.0986442565918,0.0,255.0,53.75,255.0,,,,,,,
53.29762005805969,0.0,255.0,53.75,255.0,,,,,,,
53.49723815917969,0.0,255.0,53.99,255.0,,,,,,,
53.6058623790741,0.0,255.0,53.99,255.0,,,,,,,
53.699570417404175,0.0,255.0,54.22,255.0,,,,,,,
53.807841777801514,0.0,255.0,54.22,255.0,,,,,,,
54.024651288986206,0.0,255.0,54.68,255.0,,,,,,,
54.13261961936951,0.0,255.0,54.68,255.0,,,,,,,
54.30243492126465,0.0,255.0,54.68,255.0,,,,,,,
54.505807876586914,0.0,255.0,54.91,255.0,,,,,,,
54.598957538604736,0.0,255.0,54.91,255.0,,,,,,,
54.70737814903259,0.0,255.0,54.91,255.0,,,,,,,
54.80220293998718,0.0,255.0,55.14,255.0,,,,,,,
54.94083309173584,0.0,255.0,55.14,255.0,,,,,,,
55.01785755157471,0.0,255.0,55.14,255.0,,,,,,,
55.12633728981018,0.13,255.0,55.37,255.0,,,,,,,
55.21979570388794,-0.13,255.0,55.59,255.0,,,,,,,
55.40536904335022,-0.13,255.0,55.59,255.0,,,,,,,
55.60634255409241,-0.13,255.0,55.82,255.0,,,,,,,
55.809449434280396,0.0,255.0,56.04,255.0,,,,,,,
56.01144981384277,0.0,255.0,56.27,255.0,,,,,,,
56.105825901031494,0.0,255.0,56.27,255.0,,,,,,,
56.214409828186035,0.0,255.0,56.49,255.0,,,,,,,
56.32330822944641,0.0,255.0,56.49,255.0,,,,,,,
56.539700508117676,0.0,255.0,56.71,255.0,,,,,,,
56.64868927001953,0.0,255.0,56.71,255.0,,,,,,,
56.8197877407074,0.0,255.0,56.93,255.0,,,,,,,
57.02137517929077,0.0,255.0,57.15,255.0,,,,,,,
57.11345887184143,0.0,255.0,57.15,255.0,,,,,,,
57.222545862197876,0.0,255.0,57.36,255.0,,,,,,,
57.316609144210815,0.0,255.0,57.36,255.0,,,,,,,
57.51855397224426,0.0,255.0,57.58,255.0,,,,,,,
57.64171314239502,0.0,255.0,57.58,255.0,,,,,,,
57.75063133239746,0.0,255.0,57.58,255.0,,,,,,,
57.84391784667969,0.0,255.0,57.58,255.0,,,,,,,
58.1237256526947,0.0,255.0,58.01,255.0,,,,,,,
58.32456421852112,0.0,255.0,58.23,255.0,,,,,,,
58.52411913871765,0.0,255.0,58.23,255.0,,,,,,,
58.63304305076599,0.0,255.0,58.44,255.0,,,,,,,
58.72780966758728,0.13,255.0,58.44,255.0,,,,,,,
58.83682918548584,-0.13,255.0,58.65,255.0,,,,,,,
59.0530219078064,0.0,255.0,58.65,255.0,,,,,,,
59.162315130233765,0.0,255.0,58.86,255.0,,,,,,,
59.3333477973938,0.0,255.0,59.28,255.0,,,,,,,
59.53630590438843,0.0,255.0,59.28,255.0,,,,,,,
59.628289461135864,0.0,255.0,59.28,255.0,,,,,,,
59.73673391342163,0.0,255.0,59.49,255.0,,,,,,,
59.83084559440613,0.0,255.0,59.49,255.0,,,,,,,
60.046226501464844,0.0,255.0,59.7,255.0,,,,,,,
60.15468096733093,0.0,255.0,59.7,255.0,,,,,,,
60.26448965072632,0.0,255.0,59.9,255.0,,,,,,,
60.45053195953369,0.0,255.0,59.9,255.0,,,,,,,
60.63552498817444,0.0,255.0,60.11,255.0,,,,,,,
60.838321685791016,0.0,255.0,60.32,255.0,,,,,,,
61.040364027023315,0.0,255.0,60.52,255.0,,,,,,,
61.15077757835388,0.0,255.0,60.52,255.0,,,,,,,
61.24418044090271,0.0,255.0,60.52,255.0,,,,,,,
61.35265636444092,0.0,255.0,60.72,255.0,,,,,,,
61.57152605056763,0.0,255.0,60.93,255.0,,,,,,,
61.679853200912476,0.0,255.0,60.93,255.0,,,,,,,
61.85086011886597,0.0,255.0,61.13,255.0,,,,,,,
62.05226445198059,0.0,255.0,61.33,255.0,,,,,,,
62.1458535194397,0.0,255.0,61.53,255.0,,,,,,,
62.23993897438049,0.0,255.0,61.53,255.0,,,,,,,
62.34912419319153,0.0,255.0,61.73,255.0,,,,,,,
62.552398681640625,0.0,255.0,61.93,255.0,,,,,,,
62.677083253860474,0.0,255.0,61.73,255.0,,,,,,,
62.76906681060791,0.0,255.0,61.93,255.0,,,,,,,
62.95546221733093,0.0,255.0,62.13,255.0,,,,,,,
63.157641887664795,0.0,255.0,62.32,255.0,,,,,,,
63.344953536987305,0.0,255.0,62.52,255.0,,,,,,,
63.56146311759949,0.0,255.0,62.72,255.0,,,,,,,
63.65566062927246,0.0,255.0,62.72,255.0,,,,,,,
63.76376700401306,0.0,255.0,62.72,255.0,,,,,,,
63.951406717300415,0.0,255.0,62.91,255.0,,,,,,,
64.090247631073,0.0,255.0,63.11,255.0,,,,,,,
64.26391816139221,0.0,255.0,63.3,255.0,,,,,,,
64.46532130241394,0.0,255.0,63.3,255.0,,,,,,,
64.66783881187439,0.0,255.0,63.5,255.0,,,,,,,
64.76037049293518,0.0,255.0,63.69,255.0,,,,,,,
64.86804127693176,0.0,255.0,63.69,255.0,,,,,,,
65.07120561599731,0.0,255.0,63.88,255.0,,,,,,,
65.178218126297,0.0,255.0,64.07,255.0,,,,,,,
65.2873055934906,0.0,255.0,64.07,255.0,,,,,,,
65.45980930328369,0.0,255.0,64.26,255.0,,,,,,,
65.67654514312744,0.0,255.0,64.45,255.0,,,,,,,
65.86265206336975,0.0,255.0,64.83,255.0,,,,,,,
66.06711030006409,0.0,255.0,64.83,255.0,,,,,,,
66.17465877532959,0.0,255.0,65.02,255.0,,,,,,,
66.267019033432,0.0,255.0,65.02,255.0,,,,,,,
66.46815180778503,0.0,255.0,65.21,255.0,,,,,,,
66.60759925842285,0.0,255.0,65.39,255.0,,,,,,,
66.77717065811157,0.0,255.0,65.39,255.0,,,,,,,
66.97990417480469,0.0,255.0,65.58,255.0,,,,,,,
67.18096351623535,0.0,255.0,65.58,255.0,,,,,,,
67.2737717628479,0.0,255.0,65.77,255.0,,,,,,,
67.47615003585815,0.0,255.0,65.95,255.0,,,,,,,
67.58556532859802,0.0,255.0,65.95,255.0,,,,,,,
67.69684648513794,0.0,255.0,65.95,255.0,,,,,,,
67.80608630180359,0.0,255.0,66.32,255.0,,,,,,,
67.97530388832092,0.0,255.0,66.32,255.0,,,,,,,
68.19223093986511,0.0,255.0,66.5,255.0,,,,,,,
68.37523484230042,0.0,255.0,66.69,255.0,,,,,,,
68.59024024009705,0.0,255.0,66.87,255.0,,,,,,,
68.68101024627686,0.0,255.0,67.05,255.0,,,,,,,
68.7884247303009,0.0,255.0,67.05,255.0,,,,,,,
68.99101543426514,0.0,255.0,67.23,255.0,,,,,,,
69.11609435081482,0.0,255.0,67.23,255.0,,,,,,,
69.22416472434998,0.0,255.0,67.41,255.0,,,,,,,
69.3800687789917,0.0,255.0,67.59,255.0,,,,,,,
69.59518337249756,0.0,255.0,67.77,255.0,,,,,,,
69.68773174285889,0.0,255.0,67.77,255.0,,,,,,,
69.79597592353821,0.0,255.0,67.77,255.0,,,,,,,
69.99811053276062,0.0,255.0,67.95,255.0,,,,,,,
70.10707187652588,0.0,255.0,68.13,255.0,,,,,,,
70.21747136116028,0.0,255.0,68.13,255.0,,,,,,,
70.32726526260376,0.0,255.0,68.13,255.0,,,,,,,
70.58873224258423,0.0,255.0,68.49,255.0,,,,,,,
70.79416179656982,0.0,255.0,68.67,255.0,,,,,,,
70.99800610542297,0.0,255.0,68.84,255.0,,,,,,,
71.10498595237732,0.0,255.0,69.19,255.0,,,,,,,
71.19681859016418,0.0,255.0,69.02,255.0,,,,,,,
71.30639481544495,0.0,255.0,69.02,255.0,,,,,,,
71.49523091316223,0.0,255.0,69.19,255.0,,,,,,,
71.63426446914673,0.0,255.0,69.37,255.0,,,,,,,
71.80357193946838,0.0,255.0,69.55,255.0,,,,,,,
72.00454616546631,0.0,255.0,69.72,255.0,,,,,,,
72.09704995155334,0.0,255.0,69.72,255.0,,,,,,,
72.20603322982788,0.0,255.0,69.89,255.0,,,,,,,
72.29933786392212,0.0,255.0,69.89,255.0,,,,,,,
72.50159168243408,0.0,255.0,70.07,255.0,,,,,,,
72.62382793426514,0.0,255.0,70.07,255.0,,,,,,,
72.73313450813293,0.0,255.0,70.24,255.0,,,,,,,
72.84316897392273,0.0,255.0,70.24,255.0,,,,,,,
73.10454845428467,0.0,255.0,70.41,255.0,,,,,,,
73.30418682098389,0.0,255.0,70.59,255.0,,,,,,,
73.44360518455505,0.0,255.0,70.76,255.0,,,,,,,
73.61751127243042,0.0,255.0,70.76,255.0,,,,,,,
73.71034502983093,0.0,255.0,70.93,255.0,,,,,,,
73.81870126724243,0.0,255.0,71.1,255.0,,,,,,,
74.05023407936096,0.0,255.0,71.27,255.0,,,,,,,
74.2209084033966,-0.13,255.0,71.44,255.0,,,,,,,
74.51630473136902,0.0,255.0,71.61,255.0,,,,,,,
74.6243679523468,0.0,255.0,71.78,255.0,,,,,,,
74.71676850318909,0.0,255.0,71.78,255.0,,,,,,,
74.82544684410095,0.0,255.0,71.95,255.0,,,,,,,
75.02747893333435,0.0,255.0,72.12,255.0,,,,,,,
75.13674473762512,0.0,255.0,72.12,255.0,,,,,,,
75.24465727806091,0.0,255.0,72.29,255.0,,,,,,,
75.35498070716858,0.0,255.0,72.29,255.0,,,,,,,
75.61819696426392,0.0,255.0,72.62,255.0,,,,,,,
75.72751307487488,0.0,255.0,72.62,255.0,,,,,,,
75.82029294967651,0.0,255.0,72.96,255.0,,,,,,,
76.02191138267517,0.0,255.0,72.79,255.0,,,,,,,
76.13116216659546,0.0,255.0,72.96,255.0,,,,,,,
76.2242431640625,0.0,255.0,72.96,255.0,,,,,,,
76.33344745635986,0.0,255.0,73.12,255.0,,,,,,,
76.55103349685669,0.0,255.0,73.29,255.0,,,,,,,
76.73752021789551,-0.13,255.0,73.29,255.0,,,,,,,
76.93999481201172,-0.13,255.0,73.62,255.0,,,,,,,
77.1397795677185,-0.13,255.0,73.78,255.0,,,,,,,
77.23212099075317,0.0,255.0,73.78,255.0,,,,,,,
77.34057378768921,0.0,255.0,73.78,255.0,,,,,,,
77.54181408882141,0.0,255.0,74.11,255.0,,,,,,,
77.64870524406433,0.0,255.0,74.11,255.0,,,,,,,
77.7595145702362,0.0,255.0,74.28,255.0,,,,,,,
77.94735622406006,0.0,255.0,74.44,255.0,,,,,,,
78.14744210243225,0.0,255.0,74.6,255.0,,,,,,,
78.34650301933289,0.0,255.0,74.77,255.0,,,,,,,
78.54687142372131,0.0,255.0,74.93,255.0,,,,,,,
78.63956475257874,0.0,255.0,74.93,255.0,,,,,,,
78.74703192710876,0.0,255.0,75.09,255.0,,,,,,,
78.85578393936157,0.0,255.0,75.09,255.0,,,,,,,
79.0727105140686,0.0,255.0,75.25,255.0,,,,,,,
79.18100762367249,0.0,255.0,75.42,255.0,,,,,,,
79.35150599479675,0.0,255.0,75.58,255.0,,,,,,,
79.55350470542908,0.0,255.0,75.58,255.0,,,,,,,
79.64608693122864,0.0,255.0,75.74,255.0,,,,,,,
79.75531911849976,0.0,255.0,75.74,255.0,,,,,,,
79.84816217422485,0.0,255.0,75.9,255.0,,,,,,,
80.05178689956665,0.0,255.0,76.06,255.0,,,,,,,
80.1611316204071,0.0,255.0,76.06,255.0,,,,,,,
80.2857494354248,0.0,255.0,76.22,255.0,,,,,,,
80.47143816947937,0.0,255.0,76.38,255.0,,,,,,,
80.65716624259949,0.0,255.0,76.54,255.0,,,,,,,
80.85784006118774,0.0,255.0,76.7,255.0,,,,,,,
81.05842518806458,0.0,255.0,76.86,255.0,,,,,,,
81.15155577659607,0.0,255.0,76.86,255.0,,,,,,,
81.26064038276672,0.0,255.0,77.17,255.0,,,,,,,
81.46313190460205,0.0,255.0,77.17,255.0,,,,,,,
81.58704376220703,0.0,255.0,77.33,255.0,,,,,,,
81.69659948348999,0.0,255.0,77.33,255.0,,,,,,,
81.85420155525208,0.0,255.0,77.49,255.0,,,,,,,
82.05459451675415,0.0,255.0,77.8,255.0,,,,,,,
82.16169905662537,0.0,255.0,77.8,255.0,,,,,,,
82.27028369903564,0.0,255.0,77.8,255.0,,,,,,,
82.36344480514526,0.0,255.0,77.8,255.0,,,,,,,
82.56612205505371,0.0,255.0,77.96,255.0,,,,,,,
82.67445993423462,0.0,255.0,78.12,255.0,,,,,,,
82.7970335483551,0.0,255.0,78.12,255.0,,,,,,,
82.9700345993042,0.13,255.0,78.27,255.0,,,,,,,
83.1726746559143,0.13,255.0,78.58,255.0,,,,,,,
83.3744649887085,0.0,255.0,78.74,255.0,,,,,,,
83.57496500015259,0.0,255.0,78.74,255.0,,,,,,,
83.66756892204285,0.0,255.0,78.9,255.0,,,,,,,
83.77827596664429,0.0,255.0,79.05,255.0,,,,,,,
83.97904920578003,0.0,255.0,79.21,255.0,,,,,,,
84.10545039176941,0.0,255.0,79.21,255.0,,,,,,,
84.27552914619446,0.0,255.0,79.36,255.0,,,,,,,
84.47775506973267,0.0,255.0,79.51,255.0,,,,,,,
84.57212615013123,0.0,255.0,79.51,255.0,,,,,,,
84.681143283844,0.0,255.0,79.67,255.0,,,,,,,
84.77455830574036,0.0,255.0,79.82,255.0,,,,,,,
84.97403645515442,0.0,255.0,79.98,255.0,,,,,,,
85.0823905467987,0.0,255.0,79.98,255.0,,,,,,,
85.20651364326477,0.0,255.0,79.98,255.0,,,,,,,
85.30094838142395,0.0,255.0,80.13,255.0,,,,,,,
85.48632001876831,0.0,255.0,80.28,255.0,,,,,,,
85.68681716918945,0.0,255.0,80.44,255.0,,,,,,,
85.8887586593628,0.0,255.0,80.59,255.0,,,,,,,
86.08892750740051,0.0,255.0,80.74,255.0,,,,,,,
86.1820387840271,0.0,255.0,80.74,255.0,,,,,,,
86.29182243347168,0.0,255.0,80.89,255.0,,,,,,,
86.49396824836731,0.0,255.0,81.04,255.0,,,,,,,
86.61743426322937,0.0,255.0,81.2,255.0,,,,,,,
86.72531342506409,0.0,255.0,81.2,255.0,,,,,,,
86.89471387863159,0.0,255.0,81.35,255.0,,,,,,,
87.09591960906982,0.0,255.0,81.5,255.0,,,,,,,
87.18640398979187,0.0,255.0,81.65,255.0,,,,,,,
87.29411959648132,0.0,255.0,81.8,255.0,,,,,,,
87.49593448638916,0.0,255.0,81.8,255.0,,,,,,,
87.60611200332642,0.0,255.0,81.95,255.0,,,,,,,
87.71410083770752,0.0,255.0,82.1,255.0,,,,,,,
87.82324314117432,0.0,255.0,82.1,255.0,,,,,,,
88.10329961776733,0.0,255.0,82.25,255.0,,,,,,,
88.30441474914551,0.0,255.0,82.4,255.0,,,,,,,
88.50633764266968,0.0,255.0,82.55,255.0,,,,,,,
88.59996056556702,0.0,255.0,82.7,255.0,,,,,,,
88.69446277618408,0.0,255.0,82.7,255.0,,,,,,,
88.80249691009521,0.0,255.0,82.85,255.0,,,,,,,
89.00446248054504,0.0,255.0,83.0,255.0,,,,,,,
89.14088034629822,0.0,255.0,83.0,255.0,,,,,,,
89.31066060066223,0.0,255.0,83.15,255.0,,,,,,,
89.51352953910828,0.0,255.0,83.3,255.0,,,,,,,
89.70130348205566,0.0,255.0,83.6,255.0,,,,,,,
89.81212115287781,0.0,255.0,83.6,255.0,,,,,,,
90.01302576065063,0.0,255.0,83.75,255.0,,,,,,,
90.12109065055847,0.0,255.0,83.89,255.0,,,,,,,
90.22766447067261,0.0,255.0,83.89,255.0,,,,,,,
90.33553385734558,0.0,255.0,84.04,255.0,,,,,,,
90.61691236495972,0.0,255.0,84.19,255.0,,,,,,,
90.81663346290588,0.0,255.0,84.34,255.0,,,,,,,
91.01967668533325,0.0,255.0,84.49,255.0,,,,,,,
91.11210060119629,0.0,255.0,84.63,255.0,,,,,,,
91.22060942649841,0.0,255.0,84.63,255.0,,,,,,,
91.32970809936523,0.0,255.0,84.78,255.0,,,,,,,
91.54630017280579,0.0,255.0,84.78,255.0,,,,,,,
91.65546083450317,0.0,255.0,84.93,255.0,,,,,,,
91.82583999633789,0.0,255.0,85.07,255.0,,,,,,,
92.02654838562012,0.0,255.0,85.22,255.0,,,,,,,
92.22798657417297,0.0,255.0,85.37,255.0,,,,,,,
92.3208258152008,0.0,255.0,85.51,255.0,,,,,,,
92.52147245407104,0.0,255.0,85.51,255.0,,,,,,,
92.64458560943604,0.0,255.0,85.66,255.0,,,,,,,
92.73887252807617,0.0,255.0,85.81,255.0,,,,,,,
92.8481822013855,0.0,255.0,85.81,255.0,,,,,,,
93.12873315811157,0.0,255.0,86.1,255.0,,,,,,,
93.33024573326111,0.0,255.0,86.24,255.0,,,,,,,
93.53080081939697,0.0,255.0,86.39,255.0,,,,,,,
93.62480974197388,0.0,255.0,86.39,255.0,,,,,,,
93.73383617401123,0.0,255.0,86.53,255.0,,,,,,,
93.84196186065674,0.0,255.0,86.68,255.0,,,,,,,
94.05959987640381,0.0,255.0,86.68,255.0,,,,,,,
94.16911935806274,0.0,255.0,86.83,255.0,,,,,,,
94.33920693397522,0.0,255.0,86.97,255.0,,,,,,,
94.5419909954071,0.0,255.0,87.11,255.0,,,,,,,
94.63463258743286,0.0,255.0,87.11,255.0,,,,,,,
94.74433875083923,0.0,255.0,87.26,255.0,,,,,,,
94.83780193328857,0.0,255.0,87.4,255.0,,,,,,,
95.03833270072937,0.0,255.0,87.55,255.0,,,,,,,
95.14617419242859,0.0,255.0,87.55,255.0,,,,,,,
95.25549459457397,0.0,255.0,87.69,255.0,,,,,,,
95.45852208137512,0.0,255.0,87.84,255.0,,,,,,,
95.6416962146759,0.0,255.0,87.98,255.0,,,,,,,
95.84428811073303,0.0,255.0,88.12,255.0,,,,,,,
96.04482984542847,0.0,255.0,88.27,255.0,,,,,,,
96.13847947120667,0.0,255.0,88.41,255.0,,,,,,,
96.2480034828186,0.0,255.0,88.41,255.0,,,,,,,
96.35627126693726,0.0,255.0,88.41,255.0,,,,,,,
96.57422375679016,0.0,255.0,88.56,255.0,,,,,,,
96.68341398239136,0.0,255.0,88.7,255.0,,,,,,,
96.85303115844727,0.0,255.0,88.84,255.0,,,,,,,
97.05640172958374,0.0,255.0,88.99,255.0,,,,,,,
97.15014052391052,0.0,255.0,88.99,255.0,,,,,,,
97.257488489151,0.0,255.0,89.13,255.0,,,,,,,
97.35141730308533,0.0,255.0,89.13,255.0,,,,,,,
97.55133748054504,0.0,255.0,89.41,255.0,,,,,,,
97.65743851661682,0.0,255.0,89.41,255.0,,,,,,,
97.78169965744019,0.0,255.0,89.41,255.0,,,,,,,
97.9510772228241,0.0,255.0,89.7,255.0,,,,,,,
98.15244436264038,0.0,255.0,89.84,255.0,,,,,,,
98.35577774047852,0.0,255.0,89.98,255.0,,,,,,,
98.55729174613953,0.0,255.0,89.98,255.0,,,,,,,
98.66575026512146,0.0,255.0,90.13,255.0,,,,,,,
98.75835108757019,0.0,255.0,90.27,255.0,,,,,,,
98.95973443984985,0.0,255.0,90.41,255.0,,,,,,,
99.0841703414917,0.0,255.0,90.41,255.0,,,,,,,
99.19252634048462,0.0,255.0,90.55,255.0,,,,,,,
99.36478590965271,0.0,255.0,90.69,255.0,,,,,,,
99.56559228897095,0.0,255.0,90.84,255.0,,,,,,,
99.65818667411804,0.0,255.0,90.98,255.0,,,,,,,
99.76624536514282,0.0,255.0,90.98,255.0,,,,,,,
99.87609338760376,0.0,255.0,90.98,255.0,,,,,,,
100.07871055603027,0.0,255.0,91.12,255.0,,,,,,,
100.18780755996704,0.0,255.0,91.26,255.0,,,,,,,
100.28073120117188,0.0,255.0,91.26,255.0,,,,,,,
100.46719408035278,0.0,255.0,91.4,255.0,,,,,,,
100.67156481742859,0.0,255.0,91.54,255.0,,,,,,,
100.87374353408813,0.0,255.0,91.68,255.0,,,,,,,
101.07421278953552,0.0,255.0,91.83,255.0,,,,,,,
101.18230080604553,0.0,255.0,91.97,255.0,,,,,,,
101.27553749084473,0.0,255.0,91.97,255.0,,,,,,,
101.48014760017395,0.0,255.0,92.11,255.0,,,,,,,
101.60466241836548,0.0,255.0,92.25,255.0,,,,,,,
101.71454453468323,0.0,255.0,92.39,255.0,,,,,,,
101.88396501541138,0.0,255.0,92.53,255.0,,,,,,,
102.0864007472992,0.0,255.0,92.67,255.0,,,,,,,
102.17920804023743,0.0,255.0,92.67,255.0,,,,,,,
102.28688383102417,0.0,255.0,92.81,255.0,,,,,,,
102.4892189502716,0.0,255.0,92.95,255.0,,,,,,,
102.58200359344482,0.0,255.0,92.95,255.0,,,,,,,
102.70535659790039,0.0,255.0,93.09,255.0,,,,,,,
102.8149561882019,0.0,255.0,93.09,255.0,,,,,,,
103.07998156547546,0.0,255.0,93.37,255.0,,,,,,,
103.28280591964722,0.0,255.0,93.37,255.0,,,,,,,
103.39127159118652,0.0,255.0,93.51,255.0,,,,,,,
103.59387016296387,0.0,255.0,93.65,255.0,,,,,,,
103.68793082237244,0.0,255.0,93.79,255.0,,,,,,,
103.79490828514099,0.0,255.0,93.79,255.0,,,,,,,
103.99533200263977,0.0,255.0,93.93,255.0,,,,,,,
104.12001347541809,0.0,255.0,94.07,255.0,,,,,,,
104.22620153427124,0.0,255.0,94.07,255.0,,,,,,,
104.39526963233948,0.0,255.0,94.21,255.0,,,,,,,
104.69127416610718,0.0,255.0,94.49,255.0,,,,,,,
104.79963183403015,0.0,255.0,94.63,255.0,,,,,,,
105.00235867500305,0.0,255.0,94.63,255.0,,,,,,,
105.11083555221558,0.0,255.0,94.77,255.0,,,,,,,
105.22001624107361,0.0,255.0,94.91,255.0,,,,,,,
105.32856512069702,0.0,255.0,94.91,255.0,,,,,,,
105.6061680316925,0.0,255.0,95.19,255.0,,,,,,,
105.80726528167725,0.0,255.0,95.33,255.0,,,,,,,
106.00718021392822,0.0,255.0,95.47,255.0,,,,,,,
106.09971141815186,0.0,255.0,95.47,255.0,,,,,,,
106.20832705497742,0.0,255.0,95.61,255.0,,,,,,,
106.31718158721924,0.0,255.0,95.61,255.0,,,,,,,
106.53331685066223,0.0,255.0,95.75,255.0,,,,,,,
106.64119982719421,0.0,255.0,95.75,255.0,,,,,,,
106.81528830528259,0.0,255.0,96.02,255.0,,,,,,,
107.01677656173706,0.0,255.0,96.16,255.0,,,,,,,
107.20428419113159,0.0,255.0,96.3,255.0,,,,,,,
107.31312394142151,0.0,255.0,96.3,255.0,,,,,,,
107.51268434524536,0.0,255.0,96.44,255.0,,,,,,,
107.62161922454834,0.0,255.0,96.58,255.0,,,,,,,
107.72860598564148,0.0,255.0,96.58,255.0,,,,,,,
107.8360505104065,0.0,255.0,96.72,255.0,,,,,,,
108.11509227752686,0.0,255.0,96.86,255.0,,,,,,,
108.31872582435608,0.0,255.0,97.0,255.0,,,,,,,
108.5203173160553,0.0,255.0,97.14,255.0,,,,,,,
108.61249685287476,0.0,255.0,97.27,255.0,,,,,,,
108.72136688232422,0.0,255.0,97.41,255.0,,,,,,,
108.8301727771759,0.0,255.0,97.41,255.0,,,,,,,
109.04739546775818,0.0,255.0,97.55,255.0,,,,,,,
109.14131593704224,0.0,255.0,97.69,255.0,,,,,,,
109.32710146903992,0.0,255.0,97.83,255.0,,,,,,,
109.52910566329956,0.0,255.0,97.97,255.0,,,,,,,
109.73042297363281,0.0,255.0,98.11,255.0,,,,,,,
109.82330775260925,0.0,255.0,98.11,255.0,,,,,,,
110.02555799484253,0.0,255.0,98.24,255.0,,,,,,,
110.13523554801941,0.0,255.0,98.24,255.0,,,,,,,
110.24526476860046,0.0,255.0,98.38,255.0,,,,,,,
110.35430598258972,0.0,255.0,98.38,255.0,,,,,,,
110.63536715507507,0.0,255.0,98.66,255.0,,,,,,,
110.83870649337769,0.0,255.0,98.8,255.0,,,,,,,
111.0246934890747,0.0,255.0,98.94,255.0,,,,,,,
111.13353633880615,0.0,255.0,99.07,255.0,,,,,,,
111.22712540626526,0.0,255.0,99.07,255.0,,,,,,,
111.33575701713562,0.0,255.0,99.21,255.0,,,,,,,
111.55345845222473,0.0,255.0,99.35,255.0,,,,,,,
111.73908567428589,0.0,255.0,99.49,255.0,,,,,,,
111.95678925514221,0.0,255.0,99.63,255.0,,,,,,,
112.14522504806519,0.0,255.0,99.63,255.0,,,,,,,
112.2384774684906,0.0,255.0,99.77,255.0,,,,,,,
112.34633803367615,0.0,255.0,99.9,255.0,,,,,,,
112.5476770401001,0.0,255.0,100.04,255.0,,,,,,,
112.65659785270691,0.0,255.0,100.04,255.0,,,,,,,
112.765540599823,0.0,255.0,100.18,255.0,,,,,,,
112.9529185295105,0.0,255.0,100.18,255.0,,,,,,,
113.13874316215515,0.0,255.0,100.32,255.0,,,,,,,
113.34196043014526,0.0,255.0,100.46,255.0,,,,,,,
113.5451557636261,0.0,255.0,100.73,255.0,,,,,,,
113.65336728096008,0.0,255.0,100.73,255.0,,,,,,,
113.74647259712219,0.0,255.0,100.87,255.0,,,,,,,
113.85549998283386,0.0,255.0,100.87,255.0,,,,,,,
114.07229018211365,0.0,255.0,101.01,255.0,,,,,,,
114.18039560317993,0.0,255.0,101.01,255.0,,,,,,,
114.288330078125,0.0,255.0,101.15,255.0,,,,,,,
114.45772457122803,0.0,255.0,101.29,255.0,,,,,,,
114.65976333618164,0.0,255.0,101.42,255.0,,,,,,,
114.75205254554749,0.0,255.0,101.42,255.0,,,,,,,
114.86177730560303,0.0,255.0,101.56,255.0,,,,,,,
115.06384682655334,0.0,255.0,101.7,255.0,,,,,,,
115.1728310585022,0.0,255.0,101.84,255.0,,,,,,,
115.28027367591858,-0.13,255.0,101.84,255.0,,,,,,,
115.46829152107239,-0.26,255.0,101.98,255.0,,,,,,,
115.65449070930481,0.0,255.0,102.11,255.0,,,,,,,
115.85791349411011,-0.26,255.0,102.25,255.0,,,,,,,
116.06016540527344,-1.79,255.0,102.39,255.0,,,,,,,
116.15453004837036,-2.04,255.0,102.39,255.0,,,,,,,
116.26375961303711,-0.51,255.0,102.53,255.0,,,,,,,
116.48006463050842,0.0,255.0,102.67,255.0,,,,,,,
116.59101510047913,0.0,255.0,102.8,255.0,,,,,,,
116.69901657104492,0.0,255.0,102.8,255.0,,,,,,,
116.87052035331726,-0.13,255.0,102.94,255.0,,,,,,,
117.07098388671875,0.0,255.0,103.08,255.0,,,,,,,
117.16491365432739,0.0,255.0,103.08,255.0,,,,,,,
117.27240633964539,0.0,255.0,103.22,255.0,,,,,,,
117.36356902122498,0.0,255.0,103.22,255.0,,,,,,,
117.5795419216156,0.0,255.0,103.36,255.0,,,,,,,
117.68789958953857,0.0,255.0,103.5,255.0,,,,,,,
117.79570984840393,0.0,255.0,103.5,255.0,,,,,,,
117.98246479034424,0.0,255.0,103.63,255.0,,,,,,,
118.16915273666382,0.0,255.0,103.77,255.0,,,,,,,
118.37090134620667,0.0,255.0,104.05,255.0,,,,,,,
118.5733916759491,0.0,255.0,104.05,255.0,,,,,,,
118.68234634399414,0.0,255.0,104.19,255.0,,,,,,,
118.77591729164124,0.13,255.0,104.19,255.0,,,,,,,
118.97887372970581,0.13,255.0,104.33,255.0,,,,,,,
119.10290503501892,0.0,255.0,104.46,255.0,,,,,,,
119.21035051345825,0.0,255.0,104.46,255.0,,,,,,,
119.31853151321411,0.0,255.0,104.6,255.0,,,,,,,
119.58215713500977,0.0,255.0,104.74,255.0,,,,,,,
119.69023489952087,0.0,255.0,104.88,255.0,,,,,,,
119.78460907936096,0.0,255.0,104.88,255.0,,,,,,,
119.98664259910583,0.0,255.0,105.02,255.0,,,,,,,
120.0800940990448,0.0,255.0,105.02,255.0,,,,,,,
120.18843150138855,0.0,255.0,105.16,255.0,,,,,,,
120.31405878067017,0.0,255.0,105.16,255.0,,,,,,,
120.59396743774414,0.0,255.0,105.43,255.0,,,,,,,
120.79675769805908,0.0,255.0,105.57,255.0,,,,,,,
120.99633431434631,0.0,255.0,105.71,255.0,,,,,,,
121.08763408660889,0.0,255.0,105.71,255.0,,,,,,,
121.19449615478516,0.0,255.0,105.85,255.0,,,,,,,
121.28669953346252,0.0,255.0,105.99,255.0,,,,,,,
121.50433111190796,0.0,255.0,105.99,255.0,,,,,,,
121.61242461204529,0.0,255.0,106.13,255.0,,,,,,,
121.79841446876526,0.0,255.0,106.26,255.0,,,,,,,
121.99820518493652,0.0,255.0,106.26,255.0,,,,,,,
122.19960284233093,0.0,255.0,106.4,255.0,,,,,,,
122.29236602783203,0.0,255.0,106.54,255.0,,,,,,,
122.51041436195374,0.13,255.0,106.68,255.0,,,,,,,
122.604083776474,-0.13,255.0,106.82,255.0,,,,,,,
122.71278524398804,0.0,255.0,106.82,255.0,,,,,,,
122.8210597038269,0.0,255.0,106.82,255.0,,,,,,,
123.09604573249817,0.0,255.0,107.1,255.0,,,,,,,
123.31071853637695,0.0,255.0,107.24,255.0,,,,,,,
123.51271080970764,0.0,255.0,107.38,255.0,,,,,,,
123.60426473617554,0.0,255.0,107.38,255.0,,,,,,,
123.71323227882385,0.0,255.0,107.51,255.0,,,,,,,
123.80504536628723,0.0,255.0,107.65,255.0,,,,,,,
123.94613885879517,0.0,255.0,107.65,255.0,,,,,,,
124.0238184928894,0.0,255.0,107.65,255.0,,,,,,,
124.13039493560791,0.0,255.0,107.79,255.0,,,,,,,
124.23926186561584,0.0,255.0,107.79,255.0,,,,,,,
124.40975141525269,0.0,255.0,107.93,255.0,,,,,,,
124.60979843139648,0.0,255.0,108.07,255.0,,,,,,,
124.72036576271057,0.0,255.0,108.21,255.0,,,,,,,
124.81383109092712,0.0,255.0,108.35,255.0,,,,,,,
125.01646900177002,0.0,255.0,108.35,255.0,,,,,,,
125.12554335594177,0.0,255.0,108.35,255.0,,,,,,,
125.2326409816742,0.0,255.0,108.49,255.0,,,,,,,
125.34068608283997,0.0,255.0,108.49,255.0,,,,,,,
125.62236142158508,0.0,255.0,108.77,255.0,,,,,,,
125.82380151748657,0.0,255.0,108.91,255.0,,,,,,,
126.02816891670227,0.0,255.0,109.05,255.0,,,,,,,
126.12129926681519,0.0,255.0,109.05,255.0,,,,,,,
126.21417045593262,0.0,255.0,109.19,255.0,,,,,,,
126.32141447067261,0.0,255.0,109.19,255.0,,,,,,,
126.53940057754517,0.0,255.0,109.33,255.0,,,,,,,
126.64721775054932,0.0,255.0,109.47,255.0,,,,,,,
126.75538039207458,0.0,255.0,109.61,255.0,,,,,,,
126.94335436820984,0.0,255.0,109.61,255.0,,,,,,,
127.12692070007324,0.0,255.0,109.75,255.0,,,,,,,
127.234534740448,0.0,255.0,109.89,255.0,,,,,,,
127.32574582099915,0.0,255.0,109.89,255.0,,,,,,,
127.5277271270752,0.0,255.0,110.03,255.0,,,,,,,
127.63589596748352,0.0,255.0,110.03,255.0,,,,,,,
127.74587225914001,0.0,255.0,110.03,255.0,,,,,,,
127.85493874549866,0.0,255.0,110.17,255.0,,,,,,,
128.1372730731964,0.0,255.0,110.31,255.0,,,,,,,
128.33788561820984,0.0,255.0,110.59,255.0,,,,,,,
128.63320112228394,0.0,255.0,110.73,255.0,,,,,,,
128.74339842796326,0.0,255.0,110.73,255.0,,,,,,,
128.83549737930298,0.0,255.0,110.87,255.0,,,,,,,
129.05270767211914,0.0,255.0,111.01,255.0,,,,,,,
129.16042351722717,0.0,255.0,111.01,255.0,,,,,,,
129.34648180007935,0.0,255.0,111.15,255.0,,,,,,,
129.5476472377777,0.0,255.0,111.29,255.0,,,,,,,
129.73565793037415,0.0,255.0,111.43,255.0,,,,,,,
129.84411597251892,0.0,255.0,111.57,255.0,,,,,,,
130.04510378837585,0.0,255.0,111.71,255.0,,,,,,,
130.15268301963806,0.0,255.0,111.71,255.0,,,,,,,
130.26175904273987,0.0,255.0,111.86,255.0,,,,,,,
130.44665050506592,0.0,255.0,111.86,255.0,,,,,,,
130.6496319770813,0.0,255.0,112.0,255.0,,,,,,,
130.85105562210083,0.0,255.0,112.14,255.0,,,,,,,
131.05329871177673,0.0,255.0,112.28,255.0,,,,,,,
131.14681029319763,0.0,255.0,112.28,255.0,,,,,,,
131.25500774383545,0.0,255.0,112.42,255.0,,,,,,,
131.34901022911072,0.0,255.0,112.56,255.0,,,,,,,
131.58021569252014,0.0,255.0,112.56,255.0,,,,,,,
131.6727647781372,0.0,255.0,112.7,255.0,,,,,,,
131.85969805717468,0.0,255.0,112.7,255.0,,,,,,,
132.06127524375916,0.0,255.0,112.85,255.0,,,,,,,
132.26390981674194,0.0,255.0,113.13,255.0,,,,,,,
132.35731410980225,0.0,255.0,113.13,255.0,,,,,,,
132.55863499641418,0.0,255.0,113.27,255.0,,,,,,,
132.66805577278137,0.0,255.0,113.27,255.0,,,,,,,
132.77705359458923,0.0,255.0,113.41,255.0,,,,,,,
132.9636378288269,0.0,255.0,113.56,255.0,,,,,,,
133.16621255874634,0.0,255.0,113.7,255.0,,,,,,,
133.36779689788818,0.0,255.0,113.84,255.0,,,,,,,
133.5697386264801,0.0,255.0,113.98,255.0,,,,,,,
133.66337490081787,0.0,255.0,113.98,255.0,,,,,,,
133.7720398902893,0.0,255.0,113.98,255.0,,,,,,,
133.9726541042328,0.0,255.0,114.27,255.0,,,,,,,
134.0970494747162,0.0,255.0,114.27,255.0,,,,,,,
134.19011640548706,0.0,255.0,114.27,255.0,,,,,,,
134.29915642738342,0.0,255.0,114.41,255.0,,,,,,,
134.48783826828003,0.0,255.0,114.41,255.0,,,,,,,
134.67389059066772,0.0,255.0,114.55,255.0,,,,,,,
134.76638889312744,0.0,255.0,114.84,255.0,,,,,,,
134.8755714893341,0.0,255.0,114.84,255.0,,,,,,,
135.07814574241638,0.0,255.0,114.84,255.0,,,,,,,
135.18538331985474,0.0,255.0,114.98,255.0,,,,,,,
135.29548335075378,0.0,255.0,114.98,255.0,,,,,,,
135.4788908958435,0.0,255.0,115.13,255.0,,,,,,,
135.6775336265564,0.0,255.0,115.27,255.0,,,,,,,
135.8801829814911,0.0,255.0,115.41,255.0,,,,,,,
136.081955909729,0.0,255.0,115.56,255.0,,,,,,,
136.17676424980164,0.0,255.0,115.56,255.0,,,,,,,
136.28557896614075,0.0,255.0,115.7,255.0,,,,,,,
136.48585414886475,0.0,255.0,115.84,255.0,,,,,,,
136.60919833183289,0.0,255.0,115.99,255.0,,,,,,,
136.71724843978882,0.0,255.0,115.99,255.0,,,,,,,
136.88971972465515,0.0,255.0,116.13,255.0,,,,,,,
137.1872444152832,0.0,255.0,116.28,255.0,,,,,,,
137.27970027923584,0.0,255.0,116.28,255.0,,,,,,,
137.49500465393066,0.0,255.0,116.42,255.0,,,,,,,
137.5875804424286,0.0,255.0,116.56,255.0,,,,,,,
137.6977412700653,0.0,255.0,116.56,255.0,,,,,,,
137.80604100227356,0.0,255.0,116.56,255.0,,,,,,,
137.99158549308777,0.0,255.0,116.71,255.0,,,,,,,
138.19169211387634,0.0,255.0,116.85,255.0,,,,,,,
138.39579916000366,0.0,255.0,117.0,255.0,,,,,,,
138.59577894210815,0.0,255.0,117.14,255.0,,,,,,,
138.68943071365356,0.0,255.0,117.14,255.0,,,,,,,
138.7973346710205,0.0,255.0,117.29,255.0,,,,,,,
138.99929404258728,0.0,255.0,117.43,255.0,,,,,,,
139.1231005191803,0.0,255.0,117.43,255.0,,,,,,,
139.23315453529358,0.0,255.0,117.58,255.0,,,,,,,
139.40381145477295,0.0,255.0,117.58,255.0,,,,,,,
139.60770082473755,0.0,255.0,117.72,255.0,,,,,,,
139.7930076122284,0.0,255.0,117.87,255.0,,,,,,,
140.00936150550842,0.0,255.0,118.01,255.0,,,,,,,
140.10212206840515,0.0,255.0,118.01,255.0,,,,,,,
140.20977306365967,0.0,255.0,118.16,255.0,,,,,,,
140.3176074028015,0.0,255.0,118.31,255.0,,,,,,,
140.5339810848236,0.0,255.0,118.31,255.0,,,,,,,
140.7042098045349,0.0,255.0,118.45,255.0,,,,,,,
141.01401662826538,0.0,255.0,118.6,255.0,,,,,,,
141.10657334327698,0.0,255.0,118.75,255.0,,,,,,,
141.2144422531128,0.0,255.0,118.75,255.0,,,,,,,
141.30713820457458,0.0,255.0,118.75,255.0,,,,,,,
141.52380895614624,0.0,255.0,118.89,255.0,,,,,,,
141.63194727897644,0.0,255.0,119.04,255.0,,,,,,,
141.74067544937134,0.0,255.0,119.04,255.0,,,,,,,
141.8490970134735,0.0,255.0,119.04,255.0,,,,,,,
142.1139042377472,0.0,255.0,119.33,255.0,,,,,,,
142.22044801712036,0.0,255.0,119.33,255.0,,,,,,,
142.3118190765381,0.0,255.0,119.48,255.0,,,,,,,
142.51168060302734,0.0,255.0,119.48,255.0,,,,,,,
142.6206192970276,0.0,255.0,119.63,255.0,,,,,,,
142.72921204566956,0.0,255.0,119.63,255.0,,,,,,,
142.83663630485535,0.0,255.0,119.77,255.0,,,,,,,
143.1301248073578,0.0,255.0,119.92,255.0,,,,,,,
143.31378364562988,0.0,255.0,120.07,255.0,,,,,,,
143.51434516906738,0.0,255.0,120.22,255.0,,,,,,,
143.6235363483429,0.0,255.0,120.22,255.0,,,,,,,
143.71689701080322,0.0,255.0,120.22,255.0,,,,,,,
143.82394766807556,0.0,255.0,120.36,255.0,,,,,,,
144.04386734962463,0.0,255.0,120.51,255.0,,,,,,,
144.15306162834167,0.0,255.0,120.66,255.0,,,,,,,
144.2626667022705,0.0,255.0,120.66,255.0,,,,,,,
144.45041942596436,0.0,255.0,120.66,255.0,,,,,,,
144.63503098487854,0.0,255.0,120.81,255.0,,,,,,,
144.72674441337585,0.0,255.0,120.96,255.0,,,,,,,
144.83603262901306,0.0,255.0,120.96,255.0,,,,,,,
145.02449464797974,0.0,255.0,121.11,255.0,,,,,,,
145.1324908733368,0.0,255.0,121.11,255.0,,,,,,,
145.2406027317047,0.0,255.0,121.26,255.0,,,,,,,
145.34889817237854,0.0,255.0,121.26,255.0,,,,,,,
145.64330744743347,0.0,255.0,121.41,255.0,,,,,,,
145.831791639328,0.0,255.0,121.55,255.0,,,,,,,
146.14283800125122,0.0,255.0,121.7,255.0,,,,,,,
146.2354781627655,0.0,255.0,121.85,255.0,,,,,,,
146.346120595932,0.0,255.0,121.85,255.0,,,,,,,
146.56298089027405,0.0,255.0,122.0,255.0,,,,,,,
146.67185711860657,0.0,255.0,122.0,255.0,,,,,,,
146.8429684638977,0.0,255.0,122.15,255.0,,,,,,,
147.04621839523315,0.0,255.0,122.3,255.0,,,,,,,
147.2488124370575,0.0,255.0,122.45,255.0,,,,,,,
147.34206438064575,0.0,255.0,122.45,255.0,,,,,,,
147.54324293136597,0.0,255.0,122.6,255.0,,,,,,,
147.65261721611023,0.0,255.0,122.75,255.0,,,,,,,
147.7622947692871,0.0,255.0,122.75,255.0,,,,,,,
147.94948506355286,0.0,255.0,122.91,255.0,,,,,,,
148.15298771858215,0.0,255.0,123.06,255.0,,,,,,,
148.3562467098236,0.0,255.0,123.21,255.0,,,,,,,
148.55945992469788,0.0,255.0,123.21,255.0,,,,,,,
148.65208745002747,0.0,255.0,123.36,255.0,,,,,,,
148.76137566566467,0.0,255.0,123.36,255.0,,,,,,,
148.8542857170105,0.0,255.0,123.36,255.0,,,,,,,
149.06873202323914,0.0,255.0,123.51,255.0,,,,,,,
149.1779589653015,0.0,255.0,123.51,255.0,,,,,,,
149.28596091270447,0.0,255.0,123.66,255.0,,,,,,,
149.45681953430176,0.0,255.0,123.81,255.0,,,,,,,
149.65852570533752,0.0,255.0,123.81,255.0,,,,,,,
149.76703691482544,0.0,255.0,123.97,255.0,,,,,,,
149.8600299358368,0.0,255.0,123.97,255.0,,,,,,,
150.0620138645172,0.0,255.0,124.12,255.0,,,,,,,
150.17113780975342,0.0,255.0,124.12,255.0,,,,,,,
150.2783555984497,0.0,255.0,124.27,255.0,,,,,,,
150.46410369873047,0.0,255.0,124.42,255.0,,,,,,,
150.6018807888031,0.0,255.0,124.42,255.0,,,,,,,
150.77061986923218,0.0,255.0,124.58,255.0,,,,,,,
150.9719111919403,0.0,255.0,124.73,255.0,,,,,,,
151.06471610069275,0.0,255.0,124.73,255.0,,,,,,,
151.17160940170288,0.0,255.0,124.88,255.0,,,,,,,
151.26514387130737,0.0,255.0,124.88,255.0,,,,,,,
151.46354031562805,0.0,255.0,125.04,255.0,,,,,,,
151.58725476264954,0.0,255.0,125.04,255.0,,,,,,,
151.69522166252136,0.0,255.0,125.19,255.0,,,,,,,
151.8044080734253,0.0,255.0,125.19,255.0,,,,,,,
151.97302150726318,0.0,255.0,125.35,255.0,,,,,,,
152.17453336715698,0.0,255.0,125.5,255.0,,,,,,,
152.26778411865234,0.0,255.0,125.5,255.0,,,,,,,
152.3758225440979,0.0,255.0,125.5,255.0,,,,,,,
152.5767912864685,0.0,255.0,125.65,255.0,,,,,,,
152.6859073638916,0.0,255.0,125.65,255.0,,,,,,,
152.79514527320862,0.0,255.0,125.81,255.0,,,,,,,
152.98169708251953,0.0,255.0,125.81,255.0,,,,,,,
153.18305730819702,0.0,255.0,125.96,255.0,,,,,,,
153.38541388511658,0.0,255.0,126.12,255.0,,,,,,,
153.5882270336151,0.0,255.0,126.27,255.0,,,,,,,
153.68148517608643,0.0,255.0,126.27,255.0,,,,,,,
153.77641892433167,0.0,255.0,126.43,255.0,,,,,,,
153.97712993621826,0.0,255.0,126.43,255.0,,,,,,,
154.10080647468567,0.0,255.0,126.58,255.0,,,,,,,
154.21021437644958,0.0,255.0,126.58,255.0,,,,,,,
154.31791853904724,0.0,255.0,126.58,255.0,,,,,,,
154.5806863307953,0.0,255.0,126.9,255.0,,,,,,,
154.68820357322693,0.0,255.0,126.9,255.0,,,,,,,
154.79658126831055,0.0,255.0,127.05,255.0,,,,,,,
154.98333430290222,0.0,255.0,127.05,255.0,,,,,,,
155.092143535614,0.0,255.0,127.05,255.0,,,,,,,
155.20086932182312,0.0,255.0,127.21,255.0,,,,,,,
155.31043243408203,0.0,255.0,127.21,255.0,,,,,,,
155.5275113582611,0.0,255.0,127.37,255.0,,,,,,,
155.69722199440002,0.0,255.0,127.52,255.0,,,,,,,
155.90028142929077,0.0,255.0,127.68,255.0,,,,,,,
156.10230565071106,0.0,255.0,127.68,255.0,,,,,,,
156.1957814693451,0.0,255.0,127.84,255.0,,,,,,,
156.28980565071106,0.0,255.0,127.84,255.0,,,,,,,
156.49223804473877,0.0,255.0,127.99,255.0,,,,,,,
156.6171669960022,0.0,255.0,127.99,255.0,,,,,,,
156.72417545318604,0.0,255.0,127.99,255.0,,,,,,,
156.83341145515442,0.0,255.0,128.15,255.0,,,,,,,
157.0990252494812,0.0,255.0,128.31,255.0,,,,,,,
157.20811915397644,0.0,255.0,128.31,255.0,,,,,,,
157.30225729942322,0.0,255.0,128.47,255.0,,,,,,,
157.50439548492432,0.0,255.0,128.63,255.0,,,,,,,
157.61158895492554,0.0,255.0,128.63,255.0,,,,,,,
157.70508074760437,0.0,255.0,128.63,255.0,,,,,,,
157.82854843139648,0.0,255.0,128.79,255.0,,,,,,,
158.0454545021057,0.0,255.0,128.79,255.0,,,,,,,
158.21490859985352,0.0,255.0,129.11,255.0,,,,,,,
158.5098695755005,0.0,255.0,129.11,255.0,,,,,,,
158.61875462532043,0.0,255.0,129.26,255.0,,,,,,,
158.71249961853027,0.0,255.0,129.26,255.0,,,,,,,
158.80545735359192,0.0,255.0,129.26,255.0,,,,,,,
158.94613981246948,0.0,255.0,129.42,255.0,,,,,,,
159.0249626636505,0.0,255.0,129.42,255.0,,,,,,,
159.13353657722473,0.0,255.0,129.42,255.0,,,,,,,
159.2417335510254,0.0,255.0,129.58,255.0,,,,,,,
159.41068196296692,0.0,255.0,129.75,255.0,,,,,,,
159.61278462409973,0.0,255.0,129.75,255.0,,,,,,,
159.72331500053406,0.0,255.0,129.91,255.0,,,,,,,
159.81743240356445,0.0,255.0,129.91,255.0,,,,,,,
160.01936507225037,0.26,255.0,130.07,255.0,,,,,,,
160.12741565704346,0.0,255.0,130.07,255.0,,,,,,,
160.23596501350403,0.0,255.0,130.23,255.0,,,,,,,
160.3440477848053,0.0,255.0,130.23,255.0,,,,,,,
160.6232237815857,0.0,255.0,130.39,255.0,,,,,,,
160.82326102256775,-0.51,255.0,130.39,255.0,,,,,,,
161.02694463729858,-0.77,255.0,130.55,255.0,,,,,,,
161.1192729473114,0.0,255.0,130.71,255.0,,,,,,,
161.22588276863098,-1.53,255.0,130.71,255.0,,,,,,,
161.32023334503174,-1.79,255.0,130.88,255.0,,,,,,,
161.54937028884888,-2.04,255.0,130.88,255.0,,,,,,,
161.65881299972534,-0.51,255.0,131.04,255.0,,,,,,,
161.76656460762024,-0.26,255.0,131.04,255.0,,,,,,,
161.95462226867676,0.0,255.0,131.04,255.0,,,,,,,
162.12575125694275,0.13,255.0,131.2,255.0,,,,,,,
162.2342083454132,-0.26,255.0,131.36,255.0,,,,,,,
162.32677817344666,0.26,255.0,131.36,255.0,,,,,,,
162.5310161113739,0.0,255.0,131.53,255.0,,,,,,,
162.6410436630249,0.0,255.0,131.53,255.0,,,,,,,
162.7492015361786,0.0,255.0,131.53,255.0,,,,,,,
162.85835146903992,0.0,255.0,131.69,255.0,,,,,,,
163.13775181770325,0.0,255.0,131.85,255.0,,,,,,,
163.34031558036804,0.0,255.0,132.02,255.0,,,,,,,
163.54201769828796,0.0,255.0,132.02,255.0,,,,,,,
163.63598251342773,0.0,255.0,132.18,255.0,,,,,,,
163.74333953857422,0.0,255.0,132.18,255.0,,,,,,,
163.8378791809082,-0.26,255.0,132.18,255.0,,,,,,,
164.05554723739624,0.0,255.0,132.35,255.0,,,,,,,
164.16286253929138,0.0,255.0,132.35,255.0,,,,,,,
164.2704563140869,0.0,255.0,132.51,255.0,,,,,,,
164.44045448303223,0.0,255.0,132.51,255.0,,,,,,,
164.64032459259033,0.0,255.0,132.68,255.0,,,,,,,
164.74937748908997,0.0,255.0,132.84,255.0,,,,,,,
164.8423376083374,0.0,255.0,132.84,255.0,,,,,,,
165.04691863059998,0.0,255.0,133.01,255.0,,,,,,,
165.15561056137085,0.0,255.0,133.01,255.0,,,,,,,
165.26593255996704,0.0,255.0,133.01,255.0,,,,,,,
165.45176935195923,0.0,255.0,133.18,255.0,,,,,,,
165.65550446510315,0.0,255.0,133.18,255.0,,,,,,,
165.85614895820618,0.13,255.0,133.34,255.0,,,,,,,
166.06010460853577,0.0,255.0,133.51,255.0,,,,,,,
166.15136766433716,0.0,255.0,133.51,255.0,,,,,,,
166.2609531879425,-0.13,255.0,133.51,255.0,,,,,,,
166.3546392917633,0.0,255.0,133.68,255.0,,,,,,,
166.57253766059875,0.0,255.0,133.68,255.0,,,,,,,
166.6815264225006,0.0,255.0,133.84,255.0,,,,,,,
166.78915739059448,-0.13,255.0,133.84,255.0,,,,,,,
166.9612729549408,-0.13,255.0,134.01,255.0,,,,,,,
167.16277956962585,0.0,255.0,134.18,255.0,,,,,,,
167.27176761627197,0.0,255.0,134.18,255.0,,,,,,,
167.36474561691284,0.0,255.0,134.18,255.0,,,,,,,
167.569726228714,0.0,255.0,134.35,255.0,,,,,,,
167.6618847846985,0.0,255.0,134.35,255.0,,,,,,,
167.77208542823792,0.0,255.0,134.52,255.0,,,,,,,
167.96063566207886,0.0,255.0,134.69,255.0,,,,,,,
168.09959197044373,0.0,255.0,134.69,255.0,,,,,,,
168.27154541015625,0.0,255.0,134.69,255.0,,,,,,,
168.4753646850586,0.0,255.0,134.85,255.0,,,,,,,
168.56807160377502,0.0,255.0,134.85,255.0,,,,,,,
168.67567229270935,0.0,255.0,135.02,255.0,,,,,,,
168.76911115646362,0.0,255.0,134.85,255.0,,,,,,,
168.9718532562256,0.0,255.0,135.19,255.0,,,,,,,
169.09455823898315,0.0,255.0,135.19,255.0,,,,,,,
169.20437502861023,0.0,255.0,135.19,255.0,,,,,,,
169.3112211227417,0.0,255.0,135.19,255.0,,,,,,,
169.57394313812256,0.13,255.0,135.54,255.0,,,,,,,
169.77442049980164,0.0,255.0,135.54,255.0,,,,,,,
169.88332772254944,0.0,255.0,135.54,255.0,,,,,,,
170.0827329158783,0.0,255.0,135.88,255.0,,,,,,,
170.17616200447083,0.0,255.0,135.88,255.0,,,,,,,
170.28517055511475,0.0,255.0,135.88,255.0,,,,,,,
170.48639798164368,0.0,255.0,136.05,255.0,,,,,,,
170.68864917755127,0.0,255.0,136.05,255.0,,,,,,,
170.889422416687,0.0,255.0,136.22,255.0,,,,,,,
171.0897867679596,0.0,255.0,136.22,255.0,,,,,,,
171.1831078529358,0.0,255.0,136.39,255.0,,,,,,,
171.29133653640747,0.0,255.0,136.57,255.0,,,,,,,
171.49148201942444,0.0,255.0,136.57,255.0,,,,,,,
171.5997486114502,0.0,255.0,136.57,255.0,,,,,,,
171.70962190628052,0.0,255.0,136.74,255.0,,,,,,,
171.81871628761292,0.0,255.0,136.74,255.0,,,,,,,
172.09787702560425,0.0,255.0,136.74,255.0,,,,,,,
172.30045676231384,0.0,255.0,136.91,255.0,,,,,,,
172.48752355575562,0.0,255.0,137.09,255.0,,,,,,,
172.5959346294403,0.0,255.0,137.09,255.0,,,,,,,
172.6897246837616,0.0,255.0,137.26,255.0,,,,,,,
172.81388235092163,0.0,255.0,137.26,255.0,,,,,,,
173.0323166847229,0.0,255.0,137.44,255.0,,,,,,,
173.12588381767273,0.0,255.0,137.44,255.0,,,,,,,
173.29635763168335,0.0,255.0,137.61,255.0,,,,,,,
173.49761581420898,0.0,255.0,137.79,255.0,,,,,,,
173.59263062477112,0.0,255.0,137.79,255.0,,,,,,,
173.70051670074463,0.0,255.0,137.79,255.0,,,,,,,
173.81017518043518,0.0,255.0,137.79,255.0,,,,,,,
174.01023888587952,0.0,255.0,137.96,255.0,,,,,,,
174.11993145942688,0.0,255.0,137.96,255.0,,,,,,,
174.22942113876343,0.0,255.0,137.96,255.0,,,,,,,
174.3388466835022,0.0,255.0,138.14,255.0,,,,,,,
174.60286951065063,0.0,255.0,138.31,255.0,,,,,,,
174.7120349407196,0.0,255.0,138.31,255.0,,,,,,,
174.80629777908325,0.0,255.0,138.31,255.0,,,,,,,
175.00837802886963,0.0,255.0,138.49,255.0,,,,,,,
175.10201239585876,0.0,255.0,138.49,255.0,,,,,,,
175.21087980270386,0.0,255.0,138.67,255.0,,,,,,,
175.3197250366211,0.0,255.0,138.67,255.0,,,,,,,
175.53889560699463,0.0,255.0,138.84,255.0,,,,,,,
175.70793199539185,0.0,255.0,138.84,255.0,,,,,,,
176.0058627128601,0.0,255.0,139.02,255.0,,,,,,,
176.1122224330902,0.0,255.0,139.02,255.0,,,,,,,
176.2068374156952,0.0,255.0,139.2,255.0,,,,,,,
176.31500601768494,0.0,255.0,139.2,255.0,,,,,,,
176.53459191322327,0.0,255.0,139.38,255.0,,,,,,,
176.62624645233154,0.0,255.0,139.38,255.0,,,,,,,
176.7500560283661,0.0,255.0,139.56,255.0,,,,,,,
176.9175353050232,0.0,255.0,139.56,255.0,,,,,,,
177.1193037033081,0.0,255.0,139.74,255.0,,,,,,,
177.2271213531494,0.0,255.0,139.74,255.0,,,,,,,
177.32049417495728,0.0,255.0,139.74,255.0,,,,,,,
177.51988744735718,0.0,255.0,139.92,255.0,,,,,,,
177.62718987464905,0.0,255.0,139.92,255.0,,,,,,,
177.73690152168274,0.0,255.0,139.92,255.0,,,,,,,
177.84431743621826,0.0,255.0,140.1,255.0,,,,,,,
178.0627224445343,0.0,255.0,140.1,255.0,,,,,,,
178.23323917388916,0.0,255.0,140.28,255.0,,,,,,,
178.45222210884094,0.0,255.0,140.28,255.0,,,,,,,
178.62441968917847,0.0,255.0,140.46,255.0,,,,,,,
178.7344286441803,0.0,255.0,140.46,255.0,,,,,,,
178.8273479938507,0.0,255.0,140.64,255.0,,,,,,,
179.04519844055176,0.0,255.0,140.64,255.0,,,,,,,
179.1537492275238,0.0,255.0,140.82,255.0,,,,,,,
179.262451171875,0.0,255.0,140.82,255.0,,,,,,,
179.44900178909302,0.0,255.0,141.0,255.0,,,,,,,
179.6332619190216,0.0,255.0,141.0,255.0,,,,,,,
179.74045181274414,0.0,255.0,141.19,255.0,,,,,,,
179.83440518379211,0.0,255.0,141.19,255.0,,,,,,,
180.0364429950714,0.0,255.0,141.19,255.0,,,,,,,
180.1472134590149,0.0,255.0,141.37,255.0,,,,,,,
180.2394437789917,0.0,255.0,141.37,255.0,,,,,,,
180.3476758003235,0.0,255.0,141.37,255.0,,,,,,,
180.64453315734863,0.0,255.0,141.55,255.0,,,,,,,
180.8461651802063,0.0,255.0,141.74,255.0,,,,,,,
181.0495765209198,0.0,255.0,141.74,255.0,,,,,,,
181.14309287071228,0.0,255.0,141.92,255.0,,,,,,,
181.23729300498962,0.13,255.0,141.92,255.0,,,,,,,
181.3450734615326,0.13,255.0,141.92,255.0,,,,,,,
181.56146693229675,0.0,255.0,142.11,255.0,,,,,,,
181.6702880859375,0.0,255.0,142.11,255.0,,,,,,,
181.77855229377747,0.0,255.0,142.11,255.0,,,,,,,
181.98106575012207,0.0,255.0,142.29,255.0,,,,,,,
182.15034794807434,0.0,255.0,142.29,255.0,,,,,,,
182.2428629398346,-0.26,255.0,142.48,255.0,,,,,,,
182.3518168926239,0.0,255.0,142.48,255.0,,,,,,,
182.5556128025055,0.0,255.0,142.67,255.0,,,,,,,
182.6480679512024,0.0,255.0,142.67,255.0,,,,,,,
182.77185916900635,0.0,255.0,142.67,255.0,,,,,,,
182.9563114643097,0.0,255.0,142.85,255.0,,,,,,,
183.15835285186768,0.0,255.0,142.85,255.0,,,,,,,
183.35841608047485,0.0,255.0,143.04,255.0,,,,,,,
183.55971217155457,0.0,255.0,143.23,255.0,,,,,,,
183.6521110534668,0.0,255.0,143.23,255.0,,,,,,,
183.76112127304077,0.0,255.0,143.23,255.0,,,,,,,
183.86853742599487,0.0,255.0,143.23,255.0,,,,,,,
184.0851502418518,0.0,255.0,143.41,255.0,,,,,,,
184.17907452583313,0.0,255.0,143.41,255.0,,,,,,,
184.2883267402649,0.0,255.0,143.41,255.0,,,,,,,
184.4586000442505,0.0,255.0,143.6,255.0,,,,,,,
184.66152453422546,0.0,255.0,143.6,255.0,,,,,,,
184.769371509552,0.0,255.0,143.79,255.0,,,,,,,
184.862544298172,0.0,255.0,143.79,255.0,,,,,,,
185.06516361236572,0.0,255.0,143.98,255.0,,,,,,,
185.17318439483643,0.0,255.0,143.98,255.0,,,,,,,
185.28107047080994,0.0,255.0,143.98,255.0,,,,,,,
185.4670193195343,0.0,255.0,144.17,255.0,,,,,,,
185.67141103744507,0.0,255.0,144.36,255.0,,,,,,,
185.8760108947754,0.0,255.0,144.36,255.0,,,,,,,
186.07873678207397,0.0,255.0,144.36,255.0,,,,,,,
186.17311477661133,0.0,255.0,144.55,255.0,,,,,,,
186.26685190200806,0.0,255.0,144.55,255.0,,,,,,,
186.46927976608276,0.0,255.0,144.55,255.0,,,,,,,
186.59165501594543,0.0,255.0,144.74,255.0,,,,,,,
186.70004415512085,0.0,255.0,144.74,255.0,,,,,,,
186.8096001148224,0.0,255.0,144.74,255.0,,,,,,,
187.0719873905182,0.0,255.0,144.94,255.0,,,,,,,
187.18158888816833,0.0,255.0,145.13,255.0,,,,,,,
187.27414798736572,0.0,255.0,145.13,255.0,,,,,,,
187.38292360305786,0.0,255.0,145.13,255.0,,,,,,,
187.58434796333313,0.0,255.0,145.13,255.0,,,,,,,
187.67788648605347,0.0,255.0,145.32,255.0,,,,,,,
187.7856104373932,0.0,255.0,145.32,255.0,,,,,,,
187.98799586296082,0.0,255.0,145.52,255.0,,,,,,,
188.1895341873169,0.0,255.0,145.52,255.0,,,,,,,
188.3900089263916,0.0,255.0,145.71,255.0,,,,,,,
188.68707585334778,0.0,255.0,145.71,255.0,,,,,,,
188.7814462184906,0.0,255.0,145.9,255.0,,,,,,,
188.98382759094238,0.0,255.0,145.9,255.0,,,,,,,
189.10708141326904,0.0,255.0,146.1,255.0,,,,,,,
189.21674609184265,0.0,255.0,146.1,255.0,,,,,,,
189.3252625465393,0.0,255.0,146.1,255.0,,,,,,,
189.58991289138794,0.0,255.0,146.29,255.0,,,,,,,
189.79120707511902,0.0,255.0,146.29,255.0,,,,,,,
189.9931981563568,0.13,255.0,146.49,255.0,,,,,,,
190.10087537765503,0.0,255.0,146.49,255.0,,,,,,,
190.19488668441772,0.0,255.0,146.69,255.0,,,,,,,
190.304265499115,0.0,255.0,146.69,255.0,,,,,,,
190.4904294013977,-0.13,255.0,146.69,255.0,,,,,,,
190.69277954101562,0.0,255.0,146.88,255.0,,,,,,,
190.91136980056763,0.0,255.0,146.88,255.0,,,,,,,
191.09775805473328,0.0,255.0,147.08,255.0,,,,,,,
191.20647192001343,0.0,255.0,147.08,255.0,,,,,,,
191.3020932674408,0.0,255.0,147.28,255.0,,,,,,,
191.50316524505615,0.0,255.0,147.28,255.0,,,,,,,
191.62753176689148,0.0,255.0,147.28,255.0,,,,,,,
191.7197253704071,0.0,255.0,147.48,255.0,,,,,,,
191.84432935714722,0.0,255.0,147.48,255.0,,,,,,,
192.1110384464264,0.0,255.0,147.68,255.0,,,,,,,
192.31084156036377,0.0,255.0,147.68,255.0,,,,,,,
192.51461577415466,0.0,255.0,147.68,255.0,,,,,,,
192.60691475868225,0.0,255.0,147.88,255.0,,,,,,,
192.71700072288513,0.0,255.0,147.88,255.0,,,,,,,
192.82700610160828,0.0,255.0,147.88,255.0,,,,,,,
193.04472041130066,0.0,255.0,148.08,255.0,,,,,,,
193.21533679962158,0.0,255.0,148.08,255.0,,,,,,,
193.44436812400818,0.0,255.0,148.28,255.0,,,,,,,
193.62116646766663,0.0,255.0,148.28,255.0,,,,,,,
193.7144684791565,0.0,255.0,148.48,255.0,,,,,,,
193.82349681854248,0.0,255.0,148.48,255.0,,,,,,,
194.01940774917603,0.0,255.0,148.48,255.0,,,,,,,
194.12923121452332,0.0,255.0,148.68,255.0,,,,,,,
194.25430989265442,0.0,255.0,148.68,255.0,,,,,,,
194.34361577033997,0.0,255.0,148.68,255.0,,,,,,,
194.6156735420227,0.0,255.0,148.89,255.0,,,,,,,
194.7156798839569,0.0,255.0,148.89,255.0,,,,,,,
194.82960724830627,0.0,255.0,149.09,255.0,,,,,,,
195.03120684623718,0.0,255.0,149.09,255.0,,,,,,,
195.12368249893188,0.0,255.0,149.09,255.0,,,,,,,
195.23097109794617,0.0,255.0,149.09,255.0,,,,,,,
195.3394284248352,0.0,255.0,149.09,255.0,,,,,,,
195.54807209968567,0.0,255.0,149.29,255.0,,,,,,,
195.6572561264038,0.0,255.0,149.29,255.0,,,,,,,
195.82144856452942,0.0,255.0,149.5,255.0,,,,,,,
196.03824853897095,0.0,255.0,149.5,255.0,,,,,,,
196.12344074249268,0.0,255.0,149.7,255.0,,,,,,,
196.22555565834045,0.0,255.0,149.7,255.0,,,,,,,
196.32552027702332,0.0,255.0,149.7,255.0,,,,,,,
196.5352659225464,0.0,255.0,149.7,255.0,,,,,,,
196.64319849014282,0.0,255.0,149.91,255.0,,,,,,,
196.76816058158875,0.0,255.0,149.91,255.0,,,,,,,
196.95326018333435,0.0,255.0,150.11,255.0,,,,,,,
197.14051175117493,0.0,255.0,150.11,255.0,,,,,,,
197.34028887748718,0.0,255.0,150.11,255.0,,,,,,,
197.5410623550415,0.0,255.0,150.32,255.0,,,,,,,
197.63452076911926,0.0,255.0,150.32,255.0,,,,,,,
197.74315118789673,0.0,255.0,150.53,255.0,,,,,,,
197.85186576843262,0.0,255.0,150.53,255.0,,,,,,,
198.06802344322205,0.0,255.0,150.53,255.0,,,,,,,
198.17792916297913,0.0,255.0,150.74,255.0,,,,,,,
198.34831476211548,0.0,255.0,150.74,255.0,,,,,,,
198.5508589744568,0.0,255.0,150.95,255.0,,,,,,,
198.64444589614868,0.0,255.0,150.95,255.0,,,,,,,
198.73860812187195,0.0,255.0,150.95,255.0,,,,,,,
198.84605360031128,0.0,255.0,150.95,255.0,,,,,,,
199.06302785873413,0.0,255.0,151.16,255.0,,,,,,,
199.17046856880188,0.0,255.0,151.16,255.0,,,,,,,
199.27997422218323,0.0,255.0,151.16,255.0,,,,,,,
199.45012378692627,0.0,255.0,151.37,255.0,,,,,,,
199.6516673564911,0.0,255.0,151.37,255.0,,,,,,,
199.85441303253174,0.0,255.0,151.58,255.0,,,,,,,
200.0573070049286,0.0,255.0,151.58,255.0,,,,,,,
200.14943289756775,0.0,255.0,151.79,255.0,,,,,,,
200.25740814208984,0.0,255.0,151.79,255.0,,,,,,,
200.48735976219177,0.0,255.0,151.79,255.0,,,,,,,
200.57974934577942,0.0,255.0,152.0,255.0,,,,,,,
200.76601719856262,0.0,255.0,152.0,255.0,,,,,,,
200.96813893318176,0.0,255.0,152.0,255.0,,,,,,,
201.15471529960632,0.0,255.0,152.21,255.0,,,,,,,
201.26218485832214,0.0,255.0,152.21,255.0,,,,,,,
201.3555202484131,0.0,255.0,152.21,255.0,,,,,,,
201.5702302455902,0.0,255.0,152.21,255.0,,,,,,,
201.6788992881775,0.0,255.0,152.43,255.0,,,,,,,
201.80023288726807,0.0,255.0,152.43,255.0,,,,,,,
201.970938205719,0.0,255.0,152.64,255.0,,,,,,,
202.17202925682068,0.0,255.0,152.64,255.0,,,,,,,
202.37368655204773,0.0,255.0,152.86,255.0,,,,,,,
202.56140851974487,0.0,255.0,152.86,255.0,,,,,,,
202.66375875473022,0.0,255.0,153.07,255.0,,,,,,,
202.76831793785095,0.0,255.0,153.07,255.0,,,,,,,
202.98220992088318,0.0,255.0,153.29,255.0,,,,,,,
203.1055064201355,0.0,255.0,153.07,255.0,,,,,,,
203.27519178390503,0.0,255.0,153.29,255.0,,,,,,,
203.47543835639954,0.0,255.0,153.29,255.0,,,,,,,
203.56866312026978,0.0,255.0,153.29,255.0,,,,,,,
203.67603039741516,0.0,255.0,153.5,255.0,,,,,,,
203.78299641609192,0.0,255.0,153.5,255.0,,,,,,,
203.98619413375854,0.0,255.0,153.72,255.0,,,,,,,
204.0940980911255,0.0,255.0,153.5,255.0,,,,,,,
204.20176768302917,0.0,255.0,153.72,255.0,,,,,,,
204.30989146232605,0.0,255.0,153.72,255.0,,,,,,,
204.5855152606964,0.0,255.0,153.94,255.0,,,,,,,
204.78670835494995,0.0,255.0,153.94,255.0,,,,,,,
204.87950015068054,0.0,255.0,153.94,255.0,,,,,,,
205.08187556266785,0.0,255.0,154.16,255.0,,,,,,,
205.18963718414307,0.0,255.0,154.16,255.0,,,,,,,
205.29656672477722,0.0,255.0,154.16,255.0,,,,,,,
205.49479126930237,0.0,255.0,154.38,255.0,,,,,,,
205.6168565750122,0.0,255.0,154.38,255.0,,,,,,,
205.72482419013977,0.0,255.0,154.38,255.0,,,,,,,
205.89406776428223,0.0,255.0,154.6,255.0,,,,,,,
206.09432172775269,0.0,255.0,154.6,255.0,,,,,,,
206.18683409690857,0.0,255.0,154.82,255.0,,,,,,,
206.29585242271423,0.0,255.0,154.6,255.0,,,,,,,
206.49865317344666,0.0,255.0,154.82,255.0,,,,,,,
206.6082799434662,0.0,255.0,154.82,255.0,,,,,,,
206.71744060516357,0.0,255.0,154.82,255.0,,,,,,,
206.82709002494812,0.0,255.0,154.82,255.0,,,,,,,
207.09110689163208,0.0,255.0,155.04,255.0,,,,,,,
207.29314613342285,0.0,255.0,155.04,255.0,,,,,,,
207.49578881263733,0.0,255.0,155.26,255.0,,,,,,,
207.60325813293457,0.0,255.0,155.26,255.0,,,,,,,
207.69650292396545,0.0,255.0,155.26,255.0,,,,,,,
207.8044137954712,0.0,255.0,155.49,255.0,,,,,,,
208.00447583198547,0.0,255.0,155.49,255.0,,,,,,,
208.12921690940857,0.0,255.0,155.49,255.0,,,,,,,
208.23861980438232,0.0,255.0,155.71,255.0,,,,,,,
208.4096748828888,0.0,255.0,155.71,255.0,,,,,,,
208.61162185668945,0.0,255.0,155.94,255.0,,,,,,,
208.7063856124878,0.0,255.0,155.94,255.0,,,,,,,
208.80180525779724,0.0,255.0,155.94,255.0,,,,,,,
208.94117331504822,0.0,255.0,155.94,255.0,,,,,,,
209.00336027145386,0.0,255.0,155.94,255.0,,,,,,,
209.1261281967163,0.0,255.0,155.94,255.0,,,,,,,
209.2353138923645,0.0,255.0,155.94,255.0,,,,,,,
209.34282612800598,0.0,255.0,156.16,255.0,,,,,,,
209.6079273223877,0.0,255.0,156.16,255.0,,,,,,,
209.81324410438538,0.0,255.0,156.39,255.0,,,,,,,
210.01431131362915,0.0,255.0,156.39,255.0,,,,,,,
210.1076328754425,0.0,255.0,156.39,255.0,,,,,,,
210.21668243408203,0.0,255.0,156.62,255.0,,,,,,,
210.32462239265442,0.0,255.0,156.62,255.0,,,,,,,
210.53978276252747,0.0,255.0,156.62,255.0,,,,,,,
210.6480860710144,0.0,255.0,156.85,255.0,,,,,,,
210.8183319568634,0.0,255.0,156.85,255.0,,,,,,,
211.02179622650146,0.0,255.0,156.85,255.0,,,,,,,
211.1142177581787,0.0,255.0,157.07,255.0,,,,,,,
211.22272634506226,0.0,255.0,157.07,255.0,,,,,,,
211.3158757686615,0.0,255.0,157.07,255.0,,,,,,,
211.53527688980103,0.0,255.0,157.3,255.0,,,,,,,
211.628005027771,0.0,255.0,157.3,255.0,,,,,,,
211.75265622138977,0.0,255.0,157.3,255.0,,,,,,,
211.8613395690918,0.0,255.0,157.3,255.0,,,,,,,
212.12604475021362,0.0,255.0,157.53,255.0,,,,,,,
212.32872700691223,0.0,255.0,157.53,255.0,,,,,,,
212.62637281417847,0.0,255.0,157.77,255.0,,,,,,,
212.734521150589,0.0,255.0,157.77,255.0,,,,,,,
212.82880425453186,0.0,255.0,157.77,255.0,,,,,,,
213.061514377594,0.0,255.0,157.77,255.0,,,,,,,
213.23190212249756,0.0,255.0,158.0,255.0,,,,,,,
213.44665551185608,0.0,255.0,158.0,255.0,,,,,,,
213.6325078010559,0.0,255.0,158.23,255.0,,,,,,,
213.73876810073853,0.0,255.0,158.23,255.0,,,,,,,
213.83026719093323,0.0,255.0,158.47,255.0,,,,,,,
214.04870748519897,0.0,255.0,158.47,255.0,,,,,,,
214.15905261039734,0.0,255.0,158.47,255.0,,,,,,,
214.25279593467712,0.0,255.0,158.47,255.0,,,,,,,
214.4372112751007,0.0,255.0,158.7,255.0,,,,,,,
214.63858366012573,0.0,255.0,158.7,255.0,,,,,,,
214.83988404273987,0.0,255.0,158.94,255.0,,,,,,,
215.0434091091156,0.0,255.0,158.94,255.0,,,,,,,
215.1367425918579,0.0,255.0,158.94,255.0,,,,,,,
215.24607706069946,0.0,255.0,158.94,255.0,,,,,,,
215.35439610481262,0.0,255.0,158.94,255.0,,,,,,,
215.5713963508606,0.0,255.0,159.17,255.0,,,,,,,
215.68066143989563,0.13,255.0,159.17,255.0,,,,,,,
215.84997010231018,0.13,255.0,159.17,255.0,,,,,,,
216.05262660980225,0.0,255.0,159.41,255.0,,,,,,,
216.14577746391296,0.0,255.0,159.41,255.0,,,,,,,
216.2555170059204,0.0,255.0,159.41,255.0,,,,,,,
216.34942770004272,0.13,255.0,159.41,255.0,,,,,,,
216.54950141906738,0.0,255.0,159.65,255.0,,,,,,,
216.67443776130676,0.0,255.0,159.65,255.0,,,,,,,
216.7676477432251,0.0,255.0,159.65,255.0,,,,,,,
216.95222997665405,0.0,255.0,159.89,255.0,,,,,,,
217.15262842178345,0.0,255.0,159.89,255.0,,,,,,,
217.35209274291992,0.0,255.0,160.13,255.0,,,,,,,
217.55566239356995,0.0,255.0,160.13,255.0,,,,,,,
217.66546034812927,0.0,255.0,160.13,255.0,,,,,,,
217.7574818134308,0.0,255.0,160.13,255.0,,,,,,,
217.95930647850037,0.0,255.0,160.13,255.0,,,,,,,
218.0840232372284,0.0,255.0,160.37,255.0,,,,,,,
218.1922743320465,0.0,255.0,160.37,255.0,,,,,,,
218.36196756362915,0.0,255.0,160.37,255.0,,,,,,,
218.65853357315063,0.0,255.0,160.61,255.0,,,,,,,
218.76827001571655,0.0,255.0,160.61,255.0,,,,,,,
218.86135721206665,0.0,255.0,160.61,255.0,,,,,,,
219.0775969028473,0.0,255.0,160.85,255.0,,,,,,,
219.18701434135437,0.0,255.0,160.85,255.0,,,,,,,
219.29735851287842,0.0,255.0,160.85,255.0,,,,,,,
219.46936511993408,0.0,255.0,161.1,255.0,,,,,,,
219.67005324363708,0.0,255.0,161.1,255.0,,,,,,,
219.87171506881714,0.0,255.0,161.1,255.0,,,,,,,
220.071435213089,0.0,255.0,161.34,255.0,,,,,,,
220.1799705028534,0.0,255.0,161.34,255.0,,,,,,,
220.27376174926758,0.0,255.0,161.34,255.0,,,,,,,
220.47603464126587,0.0,255.0,161.59,255.0,,,,,,,
220.59964776039124,0.0,255.0,161.59,255.0,,,,,,,
220.70439314842224,0.0,255.0,161.59,255.0,,,,,,,
220.81262159347534,0.0,255.0,161.59,255.0,,,,,,,
221.0820770263672,0.0,255.0,161.59,255.0,,,,,,,
221.17574167251587,0.0,255.0,161.84,255.0,,,,,,,
221.2854242324829,0.0,255.0,161.84,255.0,,,,,,,
221.48699855804443,0.0,255.0,161.84,255.0,,,,,,,
221.59469532966614,0.0,255.0,162.08,255.0,,,,,,,
221.68827748298645,0.0,255.0,162.08,255.0,,,,,,,
221.81399655342102,0.0,255.0,162.08,255.0,,,,,,,
222.0935275554657,0.0,255.0,162.08,255.0,,,,,,,
222.28012824058533,0.0,255.0,162.33,255.0,,,,,,,
222.38720750808716,0.0,255.0,162.33,255.0,,,,,,,
222.59148049354553,0.0,255.0,162.33,255.0,,,,,,,
222.68539571762085,0.0,255.0,162.58,255.0,,,,,,,
222.79391241073608,0.0,255.0,162.33,255.0,,,,,,,
222.9965958595276,0.0,255.0,162.58,255.0,,,,,,,
223.12161707878113,0.0,255.0,162.58,255.0,,,,,,,
223.29159283638,0.0,255.0,162.83,255.0,,,,,,,
223.49414539337158,0.0,255.0,162.83,255.0,,,,,,,
223.6034641265869,0.0,255.0,162.83,255.0,,,,,,,
223.69547724723816,0.0,255.0,162.83,255.0,,,,,,,
223.78989911079407,0.0,255.0,162.83,255.0,,,,,,,
223.99262881278992,0.0,255.0,163.08,255.0,,,,,,,
224.0997085571289,0.0,255.0,163.08,255.0,,,,,,,
224.22333931922913,0.0,255.0,163.08,255.0,,,,,,,
224.3159143924713,0.0,255.0,163.08,255.0,,,,,,,
224.53474259376526,0.0,255.0,163.34,255.0,,,,,,,
224.70662641525269,0.0,255.0,163.34,255.0,,,,,,,
225.00232863426208,0.0,255.0,163.59,255.0,,,,,,,
225.1107497215271,0.0,255.0,163.59,255.0,,,,,,,
225.20342326164246,0.0,255.0,163.59,255.0,,,,,,,
225.31220245361328,0.0,255.0,163.59,255.0,,,,,,,
225.53052377700806,0.0,255.0,163.85,255.0,,,,,,,
225.64115595817566,0.0,255.0,163.59,255.0,,,,,,,
225.8106906414032,0.0,255.0,163.85,255.0,,,,,,,
226.0135576725006,0.0,255.0,163.85,255.0,,,,,,,
226.20214796066284,0.0,255.0,164.1,255.0,,,,,,,
226.3106987476349,0.0,255.0,164.1,255.0,,,,,,,
226.51173067092896,0.0,255.0,164.1,255.0,,,,,,,
226.61237621307373,0.0,255.0,164.36,255.0,,,,,,,
226.718444108963,0.0,255.0,164.36,255.0,,,,,,,
226.8311517238617,0.0,255.0,164.36,255.0,,,,,,,
227.12015342712402,0.0,255.0,164.62,255.0,,,,,,,
227.3073365688324,0.0,255.0,164.62,255.0,,,,,,,
227.52269887924194,0.0,255.0,164.62,255.0,,,,,,,
227.61668467521667,0.0,255.0,164.62,255.0,,,,,,,
227.71004438400269,0.0,255.0,164.62,255.0,,,,,,,
227.81852436065674,0.0,255.0,164.88,255.0,,,,,,,
228.0368354320526,0.0,255.0,164.88,255.0,,,,,,,
228.22291326522827,0.0,255.0,165.14,255.0,,,,,,,
228.44122004508972,0.0,255.0,165.14,255.0,,,,,,,
228.6266679763794,0.0,255.0,165.14,255.0,,,,,,,
228.71992897987366,0.0,255.0,165.14,255.0,,,,,,,
228.82825136184692,0.0,255.0,165.14,255.0,,,,,,,
229.03144645690918,0.0,255.0,165.4,255.0,,,,,,,
229.13922381401062,0.0,255.0,165.4,255.0,,,,,,,
229.24713802337646,0.0,255.0,165.4,255.0,,,,,,,
229.35466694831848,0.0,255.0,165.4,255.0,,,,,,,
229.6307816505432,0.0,255.0,165.66,255.0,,,,,,,
229.83157658576965,0.0,255.0,165.66,255.0,,,,,,,
230.03348875045776,0.0,255.0,165.66,255.0,,,,,,,
230.14155387878418,0.0,255.0,165.93,255.0,,,,,,,
230.2333288192749,0.0,255.0,165.93,255.0,,,,,,,
230.3416028022766,0.0,255.0,165.93,255.0,,,,,,,
230.55734705924988,0.0,255.0,165.93,255.0,,,,,,,
230.66595935821533,0.0,255.0,165.93,255.0,,,,,,,
230.8366138935089,0.0,255.0,166.19,255.0,,,,,,,
231.03906965255737,0.0,255.0,166.19,255.0,,,,,,,
231.1472520828247,0.0,255.0,166.19,255.0,,,,,,,
231.24111127853394,0.0,255.0,166.19,255.0,,,,,,,
231.33329558372498,0.0,255.0,166.46,255.0,,,,,,,
231.5347056388855,0.0,255.0,166.46,255.0,,,,,,,
231.64428305625916,0.0,255.0,166.46,255.0,,,,,,,
231.76705884933472,0.0,255.0,166.46,255.0,,,,,,,
231.95317912101746,0.0,255.0,166.72,255.0,,,,,,,
232.14112758636475,0.0,255.0,166.72,255.0,,,,,,,
232.34311294555664,0.0,255.0,166.99,255.0,,,,,,,
232.54668045043945,0.0,255.0,166.99,255.0,,,,,,,
232.6562581062317,0.0,255.0,166.99,255.0,,,,,,,
232.74972200393677,0.0,255.0,166.99,255.0,,,,,,,
232.8590166568756,0.0,255.0,166.99,255.0,,,,,,,
233.0775125026703,0.0,255.0,166.99,255.0,,,,,,,
233.18512272834778,0.0,255.0,167.26,255.0,,,,,,,
233.35579228401184,0.0,255.0,167.26,255.0,,,,,,,
233.54431891441345,0.0,255.0,167.26,255.0,,,,,,,
233.65361046791077,0.0,255.0,167.53,255.0,,,,,,,
233.74553728103638,0.0,255.0,167.53,255.0,,,,,,,
233.85478472709656,0.0,255.0,167.53,255.0,,,,,,,
234.05615615844727,0.0,255.0,167.53,255.0,,,,,,,
234.16425967216492,0.0,255.0,167.53,255.0,,,,,,,
234.27472448349,0.0,255.0,167.53,255.0,,,,,,,
234.45929145812988,0.0,255.0,167.81,255.0,,,,,,,
234.66176652908325,0.0,255.0,167.81,255.0,,,,,,,
234.86300659179688,0.13,255.0,168.08,255.0,,,,,,,
235.0628263950348,0.0,255.0,168.08,255.0,,,,,,,
235.15649962425232,0.0,255.0,168.08,255.0,,,,,,,
235.26558661460876,0.0,255.0,168.08,255.0,,,,,,,
235.46779441833496,-0.51,255.0,168.08,255.0,,,,,,,
235.59131455421448,0.0,255.0,168.08,255.0,,,,,,,
235.69979977607727,0.0,255.0,168.35,255.0,,,,,,,
235.86989450454712,0.0,255.0,168.35,255.0,,,,,,,
236.07000994682312,0.0,255.0,168.35,255.0,,,,,,,
236.16397714614868,0.0,255.0,168.63,255.0,,,,,,,
236.27279114723206,0.26,255.0,168.35,255.0,,,,,,,
236.366468667984,-0.26,255.0,168.63,255.0,,,,,,,
236.57035183906555,-0.26,255.0,168.63,255.0,,,,,,,
236.67833638191223,0.0,255.0,168.63,255.0,,,,,,,
236.78795433044434,0.13,255.0,168.63,255.0,,,,,,,
236.97433376312256,0.0,255.0,168.91,255.0,,,,,,,
237.17534971237183,0.0,255.0,168.91,255.0,,,,,,,
237.37537217140198,0.0,255.0,169.18,255.0,,,,,,,
237.57938694953918,0.0,255.0,169.18,255.0,,,,,,,
237.67320013046265,0.0,255.0,169.18,255.0,,,,,,,
237.7817840576172,0.0,255.0,169.18,255.0,,,,,,,
237.96992444992065,0.0,255.0,169.46,255.0,,,,,,,
238.11025547981262,0.0,255.0,169.18,255.0,,,,,,,
238.27995586395264,0.0,255.0,169.46,255.0,,,,,,,
238.47922921180725,0.0,255.0,169.46,255.0,,,,,,,
238.67968344688416,0.0,255.0,169.46,255.0,,,,,,,
238.78890991210938,0.0,255.0,169.75,255.0,,,,,,,
238.9758985042572,0.0,255.0,169.75,255.0,,,,,,,
239.08592295646667,0.0,255.0,169.75,255.0,,,,,,,
239.1946280002594,0.0,255.0,169.75,255.0,,,,,,,
239.31795573234558,0.0,255.0,169.75,255.0,,,,,,,
239.52098178863525,0.0,255.0,170.03,255.0,,,,,,,
239.69132256507874,0.0,255.0,170.03,255.0,,,,,,,
239.89179253578186,0.0,255.0,170.03,255.0,,,,,,,
240.0939075946808,0.0,255.0,170.03,255.0,,,,,,,
240.18684363365173,0.0,255.0,170.31,255.0,,,,,,,
240.2963650226593,0.0,255.0,170.31,255.0,,,,,,,
240.49879932403564,0.0,255.0,170.31,255.0,,,,,,,
240.61999464035034,0.0,255.0,170.31,255.0,,,,,,,
240.72739338874817,0.0,255.0,170.31,255.0,,,,,,,
240.89845299720764,0.0,255.0,170.6,255.0,,,,,,,
241.1002733707428,0.0,255.0,170.6,255.0,,,,,,,
241.1939079761505,0.0,255.0,170.6,255.0,,,,,,,
241.30337405204773,0.0,255.0,170.88,255.0,,,,,,,
241.50427389144897,0.0,255.0,170.88,255.0,,,,,,,
241.5974838733673,0.0,255.0,170.88,255.0,,,,,,,
241.70770645141602,0.0,255.0,170.88,255.0,,,,,,,
241.83163595199585,0.0,255.0,170.88,255.0,,,,,,,
242.03592205047607,0.0,255.0,170.88,255.0,,,,,,,
242.20791459083557,0.0,255.0,171.17,255.0,,,,,,,
242.50206542015076,0.0,255.0,171.17,255.0,,,,,,,
242.61034226417542,0.0,255.0,171.17,255.0,,,,,,,
242.70355606079102,0.0,255.0,171.17,255.0,,,,,,,
242.812997341156,0.0,255.0,171.17,255.0,,,,,,,
243.03234219551086,0.0,255.0,171.46,255.0,,,,,,,
243.1403911113739,0.0,255.0,171.46,255.0,,,,,,,
243.31296682357788,0.0,255.0,171.46,255.0,,,,,,,
243.51435041427612,0.0,255.0,171.75,255.0,,,,,,,
243.71637058258057,0.0,255.0,171.75,255.0,,,,,,,
243.80936789512634,0.0,255.0,171.75,255.0,,,,,,,
244.0104534626007,0.0,255.0,171.75,255.0,,,,,,,
244.11934804916382,0.0,255.0,171.75,255.0,,,,,,,
244.22913575172424,0.0,255.0,172.04,255.0,,,,,,,
244.3377501964569,0.0,255.0,172.04,255.0,,,,,,,
244.61834359169006,0.0,255.0,172.04,255.0,,,,,,,
244.81993961334229,0.0,255.0,172.04,255.0,,,,,,,
245.02267694473267,0.0,255.0,172.04,255.0,,,,,,,
245.11787271499634,0.0,255.0,172.34,255.0,,,,,,,
245.22656345367432,0.0,255.0,172.34,255.0,,,,,,,
245.31975841522217,0.0,255.0,172.34,255.0,,,,,,,
245.53616309165955,0.0,255.0,172.34,255.0,,,,,,,
245.64458584785461,0.0,255.0,172.34,255.0,,,,,,,
245.83014249801636,0.0,255.0,172.63,255.0,,,,,,,
246.01648807525635,0.0,255.0,172.63,255.0,,,,,,,
246.12555360794067,0.0,255.0,172.63,255.0,,,,,,,
246.2335295677185,0.0,255.0,172.93,255.0,,,,,,,
246.3269603252411,0.0,255.0,172.63,255.0,,,,,,,
246.52845788002014,0.0,255.0,172.93,255.0,,,,,,,
246.63792872428894,0.0,255.0,172.93,255.0,,,,,,,
246.74732637405396,0.0,255.0,172.93,255.0,,,,,,,
246.85611939430237,0.0,255.0,172.93,255.0,,,,,,,
247.1377658843994,0.0,255.0,173.23,255.0,,,,,,,
247.33948922157288,0.0,255.0,173.23,255.0,,,,,,,
247.54170441627502,0.0,255.0,173.23,255.0,,,,,,,
247.63667559623718,0.0,255.0,173.23,255.0,,,,,,,
247.74541401863098,0.0,255.0,173.53,255.0,,,,,,,
247.83969974517822,0.0,255.0,173.53,255.0,,,,,,,
248.05725502967834,0.0,255.0,173.53,255.0,,,,,,,
248.1678981781006,0.0,255.0,173.53,255.0,,,,,,,
248.33736443519592,0.0,255.0,173.83,255.0,,,,,,,
248.64562511444092,0.0,255.0,173.83,255.0,,,,,,,
248.7388572692871,0.0,255.0,173.83,255.0,,,,,,,
248.84760975837708,0.0,255.0,173.83,255.0,,,,,,,
249.05002641677856,0.0,255.0,173.83,255.0,,,,,,,
249.14290142059326,0.0,255.0,174.13,255.0,,,,,,,
249.26729226112366,0.0,255.0,174.13,255.0,,,,,,,
249.45443320274353,0.0,255.0,174.13,255.0,,,,,,,
249.57901763916016,0.0,255.0,174.13,255.0,,,,,,,
249.74923253059387,0.0,255.0,174.13,255.0,,,,,,,
249.9515461921692,0.0,255.0,174.44,255.0,,,,,,,
250.04596614837646,0.0,255.0,174.44,255.0,,,,,,,
250.15589594841003,0.0,255.0,174.44,255.0,,,,,,,
250.24900555610657,0.0,255.0,174.44,255.0,,,,,,,
250.3566610813141,0.0,255.0,174.44,255.0,,,,,,,
250.57228016853333,0.0,255.0,174.44,255.0,,,,,,,
250.68180990219116,0.0,255.0,174.74,255.0,,,,,,,
250.85254287719727,0.0,255.0,174.74,255.0,,,,,,,
251.05555653572083,0.0,255.0,174.74,255.0,,,,,,,
251.14763188362122,0.0,255.0,174.74,255.0,,,,,,,
251.25622820854187,0.0,255.0,174.74,255.0,,,,,,,
251.3496537208557,0.0,255.0,175.05,255.0,,,,,,,
251.5526568889618,0.0,255.0,175.05,255.0,,,,,,,
251.6605486869812,0.0,255.0,175.05,255.0,,,,,,,
251.7696394920349,0.0,255.0,175.05,255.0,,,,,,,
251.9541916847229,0.0,255.0,175.36,255.0,,,,,,,
252.15714406967163,0.0,255.0,175.36,255.0,,,,,,,
252.36039328575134,0.0,255.0,175.36,255.0,,,,,,,
252.56378984451294,0.0,255.0,175.36,255.0,,,,,,,
252.65728425979614,0.0,255.0,175.36,255.0,,,,,,,
252.76520490646362,0.0,255.0,175.36,255.0,,,,,,,
252.96698665618896,0.0,255.0,175.67,255.0,,,,,,,
253.0899977684021,0.0,255.0,175.67,255.0,,,,,,,
253.19956517219543,0.0,255.0,175.67,255.0,,,,,,,
253.37013173103333,0.0,255.0,175.67,255.0,,,,,,,
253.57024931907654,0.0,255.0,175.98,255.0,,,,,,,
253.66482400894165,0.0,255.0,175.98,255.0,,,,,,,
253.7732789516449,0.0,255.0,175.98,255.0,,,,,,,
253.8657569885254,0.0,255.0,175.98,255.0,,,,,,,
254.08208441734314,0.0,255.0,175.98,255.0,,,,,,,
254.17693424224854,0.0,255.0,175.98,255.0,,,,,,,
254.30083632469177,0.0,255.0,175.98,255.0,,,,,,,
254.48867559432983,0.0,255.0,175.98,255.0,,,,,,,
254.67516994476318,0.0,255.0,176.3,255.0,,,,,,,
254.87838912010193,0.0,255.0,176.3,255.0,,,,,,,
255.08107352256775,0.0,255.0,176.3,255.0,,,,,,,
255.17222380638123,0.0,255.0,176.62,255.0,,,,,,,
255.27934050559998,0.0,255.0,176.62,255.0,,,,,,,
255.48006105422974,0.0,255.0,176.62,255.0,,,,,,,
255.60446548461914,0.0,255.0,176.62,255.0,,,,,,,
255.7131209373474,0.0,255.0,176.62,255.0,,,,,,,
255.8190212249756,0.0,255.0,176.62,255.0,,,,,,,
256.08227252960205,0.0,255.0,176.93,255.0,,,,,,,
256.19084072113037,0.0,255.0,176.93,255.0,,,,,,,
256.28461837768555,0.0,255.0,176.93,255.0,,,,,,,
256.4855489730835,0.0,255.0,176.93,255.0,,,,,,,
256.594037771225,0.0,255.0,176.93,255.0,,,,,,,
256.7040214538574,0.0,255.0,176.93,255.0,,,,,,,
256.8130114078522,0.0,255.0,176.93,255.0,,,,,,,
257.0909159183502,0.0,255.0,177.25,255.0,,,,,,,
257.2946631908417,0.0,255.0,177.25,255.0,,,,,,,
257.495938539505,0.0,255.0,177.25,255.0,,,,,,,
257.58944368362427,0.0,255.0,177.57,255.0,,,,,,,
257.69783902168274,0.0,255.0,177.57,255.0,,,,,,,
257.79020524024963,0.0,255.0,177.57,255.0,,,,,,,
257.99373030662537,0.0,255.0,177.57,255.0,,,,,,,
258.1180694103241,0.0,255.0,177.57,255.0,,,,,,,
258.22599601745605,0.0,255.0,177.57,255.0,,,,,,,
258.3340585231781,0.0,255.0,177.9,255.0,,,,,,,
258.5999491214752,0.0,255.0,177.9,255.0,,,,,,,
258.69432854652405,0.0,255.0,177.9,255.0,,,,,,,
258.8043911457062,0.0,255.0,177.9,255.0,,,,,,,
259.0049669742584,0.0,255.0,177.9,255.0,,,,,,,
259.1134068965912,0.0,255.0,177.9,255.0,,,,,,,
259.20593905448914,0.0,255.0,178.22,255.0,,,,,,,
259.3157870769501,0.0,255.0,178.22,255.0,,,,,,,
259.6104984283447,0.0,255.0,178.22,255.0,,,,,,,
259.81210589408875,0.0,255.0,178.22,255.0,,,,,,,
259.99944496154785,0.0,255.0,178.55,255.0,,,,,,,
260.1083085536957,0.0,255.0,178.55,255.0,,,,,,,
260.20243310928345,0.0,255.0,178.55,255.0,,,,,,,
260.3114755153656,0.0,255.0,178.55,255.0,,,,,,,
260.5278296470642,0.0,255.0,178.55,255.0,,,,,,,
260.63601446151733,0.0,255.0,178.55,255.0,,,,,,,
260.74425530433655,0.0,255.0,178.55,255.0,,,,,,,
260.9150221347809,0.0,255.0,178.88,255.0,,,,,,,
261.11826729774475,0.0,255.0,178.88,255.0,,,,,,,
261.21088457107544,0.0,255.0,178.88,255.0,,,,,,,
261.3182895183563,0.0,255.0,179.21,255.0,,,,,,,
261.5212333202362,0.0,255.0,179.21,255.0,,,,,,,
261.61526226997375,0.0,255.0,179.21,255.0,,,,,,,
261.724059343338,0.0,255.0,179.21,255.0,,,,,,,
261.84859895706177,0.0,255.0,179.21,255.0,,,,,,,
262.0526432991028,0.0,255.0,179.21,255.0,,,,,,,
262.220974445343,0.0,255.0,179.21,255.0,,,,,,,
262.4529366493225,0.0,255.0,179.54,255.0,,,,,,,
262.62495279312134,0.0,255.0,179.21,255.0,,,,,,,
262.7181625366211,0.0,255.0,179.54,255.0,,,,,,,
262.8266189098358,0.0,255.0,179.54,255.0,,,,,,,
263.0440549850464,0.0,255.0,179.54,255.0,,,,,,,
263.1530840396881,0.0,255.0,179.54,255.0,,,,,,,
263.2615854740143,0.0,255.0,179.54,255.0,,,,,,,
263.4494535923004,0.0,255.0,179.88,255.0,,,,,,,
263.6349000930786,0.0,255.0,179.88,255.0,,,,,,,
263.72772121429443,0.0,255.0,179.88,255.0,,,,,,,
263.8367393016815,0.0,255.0,179.88,255.0,,,,,,,
264.024254322052,0.0,255.0,179.88,255.0,,,,,,,
264.1327533721924,0.0,255.0,179.88,255.0,,,,,,,
264.24199390411377,0.0,255.0,180.21,255.0,,,,,,,
264.36491107940674,0.0,255.0,180.21,255.0,,,,,,,
264.5671036243439,0.0,255.0,180.21,255.0,,,,,,,
264.7405455112457,0.0,255.0,180.21,255.0,,,,,,,
264.9422171115875,0.0,255.0,180.55,255.0,,,,,,,
265.035236120224,0.0,255.0,180.55,255.0,,,,,,,
265.1291534900665,0.0,255.0,180.55,255.0,,,,,,,
265.23741722106934,0.0,255.0,180.55,255.0,,,,,,,
265.3465347290039,0.0,255.0,180.55,255.0,,,,,,,
265.5653142929077,0.0,255.0,180.89,255.0,,,,,,,
265.6736283302307,0.0,255.0,180.55,255.0,,,,,,,
265.8440284729004,0.0,255.0,180.55,255.0,,,,,,,
266.04545164108276,0.0,255.0,180.89,255.0,,,,,,,
266.2485272884369,0.0,255.0,180.89,255.0,,,,,,,
266.3419654369354,0.0,255.0,180.89,255.0,,,,,,,
266.54197335243225,0.0,255.0,180.89,255.0,,,,,,,
266.65128803253174,0.0,255.0,181.24,255.0,,,,,,,
266.75817465782166,0.0,255.0,180.89,255.0,,,,,,,
266.94482421875,0.0,255.0,181.24,255.0,,,,,,,
267.1457140445709,0.0,255.0,181.24,255.0,,,,,,,
267.3466157913208,0.0,255.0,181.24,255.0,,,,,,,
267.5478458404541,0.0,255.0,181.24,255.0,,,,,,,
267.65536761283875,0.0,255.0,181.24,255.0,,,,,,,
267.7485339641571,0.0,255.0,181.58,255.0,,,,,,,
267.85519003868103,0.0,255.0,181.58,255.0,,,,,,,
268.0704095363617,0.0,255.0,181.58,255.0,,,,,,,
268.1787254810333,0.0,255.0,181.58,255.0,,,,,,,
268.2874958515167,0.0,255.0,181.58,255.0,,,,,,,
268.4579002857208,0.0,255.0,181.93,255.0,,,,,,,
268.6608362197876,0.0,255.0,181.93,255.0,,,,,,,
268.7542037963867,0.0,255.0,181.93,255.0,,,,,,,
268.8628213405609,0.0,255.0,181.93,255.0,,,,,,,
269.0612578392029,0.0,255.0,181.93,255.0,,,,,,,
269.17133259773254,0.0,255.0,181.93,255.0,,,,,,,
269.27976846694946,0.0,255.0,182.28,255.0,,,,,,,
269.4687149524689,0.0,255.0,181.93,255.0,,,,,,,
269.6554546356201,0.0,255.0,182.28,255.0,,,,,,,
269.87321949005127,0.0,255.0,182.28,255.0,,,,,,,
270.0591847896576,0.0,255.0,182.28,255.0,,,,,,,
270.1670353412628,0.0,255.0,182.28,255.0,,,,,,,
270.2739734649658,0.0,255.0,182.63,255.0,,,,,,,
270.4612765312195,0.0,255.0,182.63,255.0,,,,,,,
270.5859525203705,0.0,255.0,182.63,255.0,,,,,,,
270.77152395248413,0.0,255.0,182.63,255.0,,,,,,,
270.97146797180176,0.0,255.0,182.63,255.0,,,,,,,
271.1746175289154,0.0,255.0,182.63,255.0,,,,,,,
271.2675130367279,0.0,255.0,182.98,255.0,,,,,,,
271.376736164093,0.0,255.0,182.98,255.0,,,,,,,
271.57966017723083,0.0,255.0,182.98,255.0,,,,,,,
271.68834137916565,0.0,255.0,182.98,255.0,,,,,,,
271.79705786705017,0.0,255.0,182.98,255.0,,,,,,,
271.9811341762543,0.0,255.0,183.34,255.0,,,,,,,
272.1803903579712,0.0,255.0,183.34,255.0,,,,,,,
272.38316798210144,0.0,255.0,183.34,255.0,,,,,,,
272.5839262008667,0.0,255.0,183.34,255.0,,,,,,,
272.67593812942505,0.0,255.0,183.34,255.0,,,,,,,
272.78559374809265,0.0,255.0,183.34,255.0,,,,,,,
272.98632073402405,0.0,255.0,183.7,255.0,,,,,,,
273.11002349853516,0.0,255.0,183.7,255.0,,,,,,,
273.21693992614746,0.0,255.0,183.7,255.0,,,,,,,
273.3874034881592,0.0,255.0,183.7,255.0,,,,,,,
273.59044337272644,0.0,255.0,183.7,255.0,,,,,,,
273.7906711101532,0.0,255.0,183.7,255.0,,,,,,,
273.9916753768921,0.0,255.0,183.7,255.0,,,,,,,
274.0864408016205,0.0,255.0,184.06,255.0,,,,,,,
274.19427371025085,0.0,255.0,184.06,255.0,,,,,,,
274.30099606513977,0.0,255.0,184.06,255.0,,,,,,,
274.4872078895569,0.0,255.0,184.06,255.0,,,,,,,
274.6857702732086,0.0,255.0,184.06,255.0,,,,,,,
274.902978181839,0.0,255.0,184.42,255.0,,,,,,,
275.08796644210815,0.0,255.0,184.42,255.0,,,,,,,
275.1985487937927,0.0,255.0,184.42,255.0,,,,,,,
275.2904975414276,0.0,255.0,184.42,255.0,,,,,,,
275.4922630786896,0.0,255.0,184.42,255.0,,,,,,,
275.6165030002594,0.26,255.0,184.42,255.0,,,,,,,
275.7233552932739,0.0,255.0,184.42,255.0,,,,,,,
275.8338406085968,0.0,255.0,184.42,255.0,,,,,,,
276.09739685058594,-0.26,255.0,184.78,255.0,,,,,,,
276.2055072784424,0.0,255.0,184.78,255.0,,,,,,,
276.2978343963623,0.0,255.0,184.78,255.0,,,,,,,
276.49677300453186,0.0,255.0,184.78,255.0,,,,,,,
276.6055097579956,0.0,255.0,184.78,255.0,,,,,,,
276.71468567848206,0.0,255.0,184.78,255.0,,,,,,,
276.82477593421936,0.0,255.0,184.78,255.0,,,,,,,
277.04337882995605,0.0,255.0,185.15,255.0,,,,,,,
277.2132520675659,0.0,255.0,185.15,255.0,,,,,,,
277.50811529159546,0.0,255.0,185.15,255.0,,,,,,,
277.61532402038574,0.0,255.0,185.15,255.0,,,,,,,
277.7078478336334,0.0,255.0,185.15,255.0,,,,,,,
277.8168714046478,0.0,255.0,185.52,255.0,,,,,,,
278.0329051017761,0.0,255.0,185.15,255.0,,,,,,,
278.1412253379822,0.0,255.0,185.52,255.0,,,,,,,
278.24997115135193,0.0,255.0,185.52,255.0,,,,,,,
278.4214301109314,0.0,255.0,185.52,255.0,,,,,,,
278.71611309051514,-0.26,255.0,185.52,255.0,,,,,,,
278.8237864971161,0.26,255.0,185.52,255.0,,,,,,,
279.0242757797241,0.26,255.0,185.52,255.0,,,,,,,
279.1152231693268,-0.26,255.0,185.52,255.0,,,,,,,
279.2230463027954,0.26,255.0,185.89,255.0,,,,,,,
279.3471028804779,-0.26,255.0,185.89,255.0,,,,,,,
279.54818201065063,-0.26,255.0,185.89,255.0,,,,,,,
279.71742820739746,-0.26,255.0,186.27,255.0,,,,,,,
279.95077562332153,0.0,255.0,185.89,255.0,,,,,,,
280.12192487716675,0.0,255.0,186.27,255.0,,,,,,,
280.2305965423584,0.0,255.0,186.27,255.0,,,,,,,
280.32420921325684,0.0,255.0,186.27,255.0,,,,,,,
280.54089069366455,0.0,255.0,186.27,255.0,,,,,,,
280.6517276763916,0.0,255.0,186.27,255.0,,,,,,,
280.7605803012848,0.0,255.0,186.27,255.0,,,,,,,
280.9459533691406,0.0,255.0,186.65,255.0,,,,,,,
281.1313829421997,0.0,255.0,186.65,255.0,,,,,,,
281.2385036945343,0.0,255.0,186.65,255.0,,,,,,,
281.331307888031,0.0,255.0,186.65,255.0,,,,,,,
281.53104853630066,0.0,255.0,186.65,255.0,,,,,,,
281.63982915878296,0.0,255.0,186.65,255.0,,,,,,,
281.7470359802246,0.0,255.0,187.03,255.0,,,,,,,
281.85610365867615,0.0,255.0,186.65,255.0,,,,,,,
282.0725176334381,0.0,255.0,186.65,255.0,,,,,,,
282.2434663772583,0.0,255.0,187.03,255.0,,,,,,,
282.4461281299591,-0.13,255.0,187.03,255.0,,,,,,,
282.53925228118896,0.0,255.0,187.03,255.0,,,,,,,
282.6342830657959,-0.13,255.0,187.03,255.0,,,,,,,
282.7435200214386,0.0,255.0,187.03,255.0,,,,,,,
282.836074590683,0.0,255.0,187.03,255.0,,,,,,,
283.0531497001648,0.0,255.0,187.41,255.0,,,,,,,
283.1628510951996,0.0,255.0,187.41,255.0,,,,,,,
283.2723319530487,0.0,255.0,187.41,255.0,,,,,,,
283.4423177242279,0.0,255.0,187.41,255.0,,,,,,,
283.64326095581055,0.0,255.0,187.41,255.0,,,,,,,
283.7533509731293,0.0,255.0,187.41,255.0,,,,,,,
283.84478306770325,0.0,255.0,187.41,255.0,,,,,,,
284.0450897216797,0.0,255.0,187.41,255.0,,,,,,,
284.1544234752655,0.0,255.0,187.79,255.0,,,,,,,
284.2642333507538,0.0,255.0,187.79,255.0,,,,,,,
284.48225808143616,0.0,255.0,187.79,255.0,,,,,,,
284.65437841415405,0.0,255.0,187.79,255.0,,,,,,,
284.85557794570923,0.0,255.0,187.79,255.0,,,,,,,
285.0530047416687,0.0,255.0,187.79,255.0,,,,,,,
285.1462993621826,0.0,255.0,188.18,255.0,,,,,,,
285.25445771217346,0.0,255.0,188.18,255.0,,,,,,,
285.3486578464508,0.0,255.0,188.18,255.0,,,,,,,
285.57974576950073,0.0,255.0,188.18,255.0,,,,,,,
285.68716859817505,0.0,255.0,188.18,255.0,,,,,,,
285.79523253440857,0.13,255.0,188.18,255.0,,,,,,,
285.9662079811096,0.0,255.0,188.18,255.0,,,,,,,
286.166734457016,0.0,255.0,188.18,255.0,,,,,,,
286.3542392253876,0.0,255.0,188.57,255.0,,,,,,,
286.55847358703613,0.0,255.0,188.57,255.0,,,,,,,
286.66783928871155,0.0,255.0,188.57,255.0,,,,,,,
286.7773530483246,0.0,255.0,188.57,255.0,,,,,,,
286.9633412361145,0.0,255.0,188.57,255.0,,,,,,,
287.10206937789917,0.0,255.0,188.57,255.0,,,,,,,
287.2728898525238,0.0,255.0,188.97,255.0,,,,,,,
287.4738516807556,0.0,255.0,188.97,255.0,,,,,,,
287.56649827957153,0.0,255.0,188.97,255.0,,,,,,,
287.6734685897827,0.0,255.0,188.97,255.0,,,,,,,
287.766717672348,0.0,255.0,188.97,255.0,,,,,,,
287.96820282936096,0.0,255.0,188.97,255.0,,,,,,,
288.09320163726807,0.0,255.0,188.97,255.0,,,,,,,
288.20087027549744,0.0,255.0,188.97,255.0,,,,,,,
288.3096582889557,0.0,255.0,188.97,255.0,,,,,,,
288.57171607017517,0.0,255.0,189.36,255.0,,,,,,,
288.6808977127075,0.0,255.0,189.36,255.0,,,,,,,
288.77322459220886,0.0,255.0,189.36,255.0,,,,,,,
288.88128685951233,0.0,255.0,189.36,255.0,,,,,,,
289.08460092544556,0.0,255.0,189.36,255.0,,,,,,,
289.1928286552429,0.0,255.0,189.36,255.0,,,,,,,
289.2852394580841,0.0,255.0,189.36,255.0,,,,,,,
289.4881844520569,0.0,255.0,189.76,255.0,,,,,,,
289.67652344703674,0.0,255.0,189.76,255.0,,,,,,,
289.87631702423096,0.0,255.0,189.76,255.0,,,,,,,
290.07978677749634,0.0,255.0,189.76,255.0,,,,,,,
290.1877090930939,0.0,255.0,189.76,255.0,,,,,,,
290.2804865837097,0.0,255.0,189.76,255.0,,,,,,,
290.48198318481445,0.0,255.0,190.16,255.0,,,,,,,
290.6056373119354,0.0,255.0,190.16,255.0,,,,,,,
290.713828086853,0.0,255.0,190.16,255.0,,,,,,,
290.82162165641785,0.0,255.0,190.16,255.0,,,,,,,
291.0850989818573,0.0,255.0,190.16,255.0,,,,,,,
291.1927604675293,0.13,255.0,190.16,255.0,,,,,,,
291.28623247146606,-0.13,255.0,190.16,255.0,,,,,,,
291.4875159263611,-0.13,255.0,190.16,255.0,,,,,,,
291.5955557823181,0.13,255.0,190.16,255.0,,,,,,,
291.7047743797302,-0.13,255.0,190.57,255.0,,,,,,,
291.81356835365295,0.13,255.0,190.16,255.0,,,,,,,
292.0312976837158,0.13,255.0,190.57,255.0,,,,,,,
292.18749356269836,0.0,255.0,190.57,255.0,,,,,,,
292.40441727638245,0.0,255.0,190.57,255.0,,,,,,,
292.5910487174988,0.0,255.0,190.57,255.0,,,,,,,
292.6991970539093,0.0,255.0,190.57,255.0,,,,,,,
292.7929379940033,0.0,255.0,190.98,255.0,,,,,,,
293.0093722343445,0.0,255.0,190.98,255.0,,,,,,,
293.117032289505,0.0,255.0,190.98,255.0,,,,,,,
293.2245497703552,0.0,255.0,190.98,255.0,,,,,,,
293.33286809921265,0.0,255.0,190.98,255.0,,,,,,,
293.5974586009979,0.0,255.0,190.98,255.0,,,,,,,
293.7067275047302,0.0,255.0,190.98,255.0,,,,,,,
293.8009150028229,0.0,255.0,190.98,255.0,,,,,,,
294.01690649986267,0.0,255.0,191.39,255.0,,,,,,,
294.1100137233734,0.0,255.0,190.98,255.0,,,,,,,
294.2175335884094,0.0,255.0,191.39,255.0,,,,,,,
294.3260359764099,0.0,255.0,191.39,255.0,,,,,,,
294.5420904159546,0.0,255.0,191.39,255.0,,,,,,,
294.71435618400574,-0.26,255.0,191.39,255.0,,,,,,,
294.94761514663696,-0.13,255.0,191.39,255.0,,,,,,,
295.10454392433167,-0.26,255.0,191.8,255.0,,,,,,,
295.21457624435425,0.0,255.0,191.39,255.0,,,,,,,
295.3065767288208,0.0,255.0,191.39,255.0,,,,,,,
295.4459321498871,0.0,255.0,191.8,255.0,,,,,,,
295.522421836853,0.0,255.0,191.8,255.0,,,,,,,
295.6307349205017,0.0,255.0,191.8,255.0,,,,,,,
295.7402250766754,0.0,255.0,191.8,255.0,,,,,,,
295.9120399951935,0.0,255.0,191.8,255.0,,,,,,,
296.11332392692566,0.0,255.0,191.8,255.0,,,,,,,
296.2218642234802,0.0,255.0,191.8,255.0,,,,,,,
296.31807255744934,0.0,255.0,191.8,255.0,,,,,,,
296.5211977958679,0.0,255.0,191.8,255.0,,,,,,,
296.62905526161194,0.0,255.0,191.8,255.0,,,,,,,
296.7231249809265,0.0,255.0,192.22,255.0,,,,,,,
296.83172369003296,0.0,255.0,192.22,255.0,,,,,,,
297.1265025138855,0.0,255.0,192.22,255.0,,,,,,,
297.32753443717957,0.0,255.0,192.22,255.0,,,,,,,
297.5292842388153,0.0,255.0,192.64,255.0,,,,,,,
297.62303137779236,0.0,255.0,192.64,255.0,,,,,,,
297.73278188705444,0.0,255.0,192.64,255.0,,,,,,,
297.8253128528595,-0.26,255.0,192.64,255.0,,,,,,,
298.0438504219055,0.0,255.0,192.64,255.0,,,,,,,
298.1523926258087,0.0,255.0,192.64,255.0,,,,,,,
298.26075649261475,0.0,255.0,192.64,255.0,,,,,,,
298.4452934265137,0.0,255.0,192.64,255.0,,,,,,,
298.6306850910187,0.0,255.0,192.64,255.0,,,,,,,
298.7392113208771,0.0,255.0,192.64,255.0,,,,,,,
298.8334336280823,0.0,255.0,193.06,255.0,,,,,,,
299.0341122150421,0.0,255.0,193.06,255.0,,,,,,,
299.12835216522217,0.0,255.0,192.64,255.0,,,,,,,
299.2521369457245,0.0,255.0,193.06,255.0,,,,,,,
299.3605480194092,0.0,255.0,193.06,255.0,,,,,,,
299.6415801048279,0.0,255.0,193.06,255.0,,,,,,,
299.8442277908325,0.0,255.0,193.06,255.0,,,,,,,
300.0470221042633,0.0,255.0,193.49,255.0,,,,,,,
300.1402826309204,0.0,255.0,193.49,255.0,,,,,,,
300.2494173049927,-0.26,255.0,193.49,255.0,,,,,,,
300.34257435798645,-1.28,255.0,193.49,255.0,,,,,,,
300.5590453147888,-1.79,255.0,193.49,255.0,,,,,,,
300.6661081314087,0.0,253.0,193.49,255.0,,,,,,,
300.77596783638,0.0,255.0,193.49,255.0,,,,,,,
300.94888257980347,0.0,255.0,193.49,255.0,,,,,,,
301.15203738212585,0.0,255.0,193.49,255.0,,,,,,,
301.35405921936035,0.0,255.0,193.92,255.0,,,,,,,
301.55647325515747,0.0,255.0,193.92,255.0,,,,,,,
301.64976739883423,-0.26,255.0,193.92,255.0,,,,,,,
301.75797605514526,0.0,255.0,193.92,255.0,,,,,,,
301.95895171165466,0.0,255.0,193.92,255.0,,,,,,,
302.08250999450684,0.0,255.0,193.92,255.0,,,,,,,
302.19096994400024,0.0,255.0,194.35,255.0,,,,,,,
302.3620171546936,0.0,255.0,193.92,255.0,,,,,,,
302.6581735610962,0.0,255.0,194.35,255.0,,,,,,,
302.7515962123871,0.0,255.0,193.92,255.0,,,,,,,
302.8595681190491,0.0,255.0,194.35,255.0,,,,,,,
303.0744135379791,0.0,255.0,194.35,255.0,,,,,,,
303.1802043914795,0.26,255.0,194.35,255.0,,,,,,,
303.28935265541077,-0.26,255.0,194.35,255.0,,,,,,,
303.45959401130676,-0.13,255.0,194.35,255.0,,,,,,,
303.66026997566223,-0.13,255.0,194.35,255.0,,,,,,,
303.7685339450836,0.13,255.0,194.35,255.0,,,,,,,
303.8609538078308,-0.13,255.0,194.35,255.0,,,,,,,
304.0636897087097,-0.13,255.0,194.35,255.0,,,,,,,
304.1713321208954,0.0,255.0,194.79,255.0,,,,,,,
304.2790102958679,0.0,255.0,194.79,255.0,,,,,,,
304.4642565250397,0.0,255.0,194.79,255.0,,,,,,,
304.6043975353241,0.0,255.0,194.79,255.0,,,,,,,
304.77506256103516,0.0,255.0,194.79,255.0,,,,,,,
304.9629416465759,0.0,255.0,194.79,255.0,,,,,,,
305.07182908058167,0.0,255.0,195.23,255.0,,,,,,,
305.16407799720764,0.0,255.0,195.23,255.0,,,,,,,
305.2717580795288,0.0,255.0,194.79,255.0,,,,,,,
305.4729745388031,0.0,255.0,195.23,255.0,,,,,,,
305.5815780162811,0.0,255.0,195.23,255.0,,,,,,,
305.69008684158325,0.0,255.0,195.23,255.0,,,,,,,
305.87722158432007,0.0,255.0,195.23,255.0,,,,,,,
306.07942628860474,0.0,255.0,195.23,255.0,,,,,,,
306.27980279922485,0.0,255.0,195.23,255.0,,,,,,,
306.3869261741638,0.0,255.0,195.23,255.0,,,,,,,
306.5905990600586,0.0,255.0,195.67,255.0,,,,,,,
306.684862613678,0.0,255.0,195.67,255.0,,,,,,,
306.793007850647,0.0,255.0,195.23,255.0,,,,,,,
306.97762274742126,0.0,255.0,195.67,255.0,,,,,,,
307.11689949035645,0.0,255.0,195.67,255.0,,,,,,,
307.2870988845825,0.0,255.0,195.67,255.0,,,,,,,
307.4878921508789,0.0,255.0,195.67,255.0,,,,,,,
307.595587015152,0.0,255.0,195.67,255.0,,,,,,,
307.6887526512146,0.0,255.0,195.67,255.0,,,,,,,
307.7825081348419,0.0,255.0,196.12,237.0,,,,,,,
307.9853858947754,0.0,255.0,196.12,242.0,,,,,,,
308.1096832752228,0.0,255.0,196.12,248.0,,,,,,,
308.2043299674988,0.0,255.0,196.12,253.0,,,,,,,
308.3917372226715,0.0,255.0,196.12,255.0,,,,,,,
308.6880900859833,0.0,255.0,196.12,255.0,,,,,,,
308.7967507839203,0.0,255.0,196.57,231.0,,,,,,,
308.99902415275574,0.0,255.0,196.12,255.0,,,,,,,
309.0924165248871,0.0,255.0,196.12,255.0,,,,,,,
309.200603723526,0.0,255.0,196.12,255.0,,,,,,,
309.3105380535126,0.0,255.0,196.57,240.0,,,,,,,
309.5273656845093,0.0,255.0,196.57,250.0,,,,,,,
309.69696617126465,0.13,255.0,196.57,255.0,,,,,,,
309.8973309993744,0.0,255.0,196.57,255.0,,,,,,,
310.1117238998413,0.0,255.0,196.57,255.0,,,,,,,
310.2059826850891,0.0,255.0,196.57,255.0,,,,,,,
310.299263715744,0.0,255.0,196.57,255.0,,,,,,,
310.50001549720764,0.0,255.0,197.02,231.0,,,,,,,
310.626567363739,0.0,255.0,197.02,235.0,,,,,,,
310.7330803871155,0.0,255.0,197.02,239.0,,,,,,,
310.8416132926941,0.0,255.0,197.02,243.0,,,,,,,
311.1059036254883,0.0,255.0,197.02,255.0,,,,,,,
311.3082756996155,0.0,255.0,197.02,255.0,,,,,,,
311.50585865974426,0.0,255.0,197.02,255.0,,,,,,,
311.61390948295593,0.0,255.0,197.02,255.0,,,,,,,
311.72224497795105,0.0,255.0,197.02,255.0,,,,,,,
311.8147192001343,0.0,255.0,197.02,255.0,,,,,,,
312.04914236068726,0.0,255.0,197.48,227.0,,,,,,,
312.2181055545807,-0.13,255.0,197.48,234.0,,,,,,,
312.4499807357788,0.0,255.0,197.48,237.0,,,,,,,
312.6192202568054,0.0,255.0,197.48,244.0,,,,,,,
312.713308095932,0.0,255.0,197.48,248.0,,,,,,,
312.82110023498535,0.0,255.0,197.48,251.0,,,,,,,
313.02304434776306,0.0,255.0,197.48,255.0,,,,,,,
313.13236451148987,0.0,255.0,197.48,255.0,,,,,,,
313.2424170970917,0.0,255.0,197.95,226.0,,,,,,,
313.35031151771545,0.0,255.0,197.48,255.0,,,,,,,
313.63058853149414,0.0,255.0,197.95,232.0,,,,,,,
313.8162508010864,0.0,255.0,197.95,237.0,,,,,,,
314.0186731815338,0.0,255.0,197.95,243.0,,,,,,,
314.1278648376465,0.0,255.0,197.95,246.0,,,,,,,
314.23549723625183,0.0,255.0,197.95,248.0,,,,,,,
314.3446271419525,0.0,255.0,197.95,251.0,,,,,,,
314.5616145133972,0.0,255.0,197.95,255.0,,,,,,,
314.73395466804504,0.0,255.0,197.95,255.0,,,,,,,
314.94939827919006,0.0,255.0,198.41,228.0,,,,,,,
315.13559913635254,0.0,255.0,198.41,233.0,,,,,,,
315.2286286354065,0.0,255.0,198.41,235.0,,,,,,,
315.3370351791382,0.0,255.0,198.41,237.0,,,,,,,
315.53888869285583,0.0,255.0,198.41,241.0,,,,,,,
315.64882802963257,0.0,255.0,198.41,243.0,,,,,,,
315.75822925567627,0.0,255.0,198.41,245.0,,,,,,,
315.94346261024475,0.0,255.0,198.41,250.0,,,,,,,
316.14431500434875,0.0,255.0,198.41,254.0,,,,,,,
316.3314688205719,0.0,255.0,198.41,255.0,,,,,,,
316.5339024066925,0.0,255.0,198.88,230.0,,,,,,,
316.6441857814789,0.0,255.0,198.88,232.0,,,,,,,
316.73770570755005,0.0,255.0,198.88,233.0,,,,,,,
316.86206674575806,0.0,255.0,198.88,235.0,,,,,,,
317.0628967285156,0.0,255.0,198.88,238.0,,,,,,,
317.24946331977844,0.0,255.0,198.88,241.0,,,,,,,
317.4502077102661,0.0,255.0,198.88,244.0,,,,,,,
317.65207958221436,0.0,255.0,198.88,247.0,,,,,,,
317.7438840866089,0.0,255.0,198.88,249.0,,,,,,,
317.8511893749237,0.0,255.0,198.88,250.0,,,,,,,
318.05418157577515,0.0,255.0,198.88,253.0,,,,,,,
318.1628978252411,0.26,255.0,198.88,255.0,,,,,,,
318.2725534439087,0.0,255.0,198.88,255.0,,,,,,,
318.44194865226746,0.0,255.0,198.88,255.0,,,,,,,
318.6613254547119,0.0,255.0,198.88,255.0,,,,,,,
318.84728026390076,0.0,255.0,198.88,255.0,,,,,,,
319.0496988296509,0.0,255.0,199.36,226.0,,,,,,,
319.15939497947693,0.0,255.0,199.36,227.0,,,,,,,
319.2525782585144,0.0,255.0,199.36,228.0,,,,,,,
319.4559338092804,0.0,255.0,199.84,200.0,,,,,,,
319.6559703350067,0.0,255.0,199.84,201.0,,,,,,,
319.8592748641968,0.0,255.0,199.84,201.0,,,,,,,
320.061559677124,0.0,255.0,199.84,202.0,,,,,,,
320.1700642108917,0.0,255.0,199.84,202.0,,,,,,,
320.2609860897064,0.0,255.0,199.84,202.0,,,,,,,
320.3555634021759,0.0,255.0,199.84,203.0,,,,,,,
320.5748653411865,0.0,255.0,199.84,203.0,,,,,,,
320.6858425140381,0.0,255.0,199.84,203.0,,,,,,,
320.7945611476898,0.0,255.0,199.84,203.0,,,,,,,
320.96472430229187,0.0,255.0,199.84,204.0,,,,,,,
321.16524052619934,0.0,255.0,200.32,174.0,,,,,,,
321.2587504386902,0.0,255.0,199.84,204.0,,,,,,,
321.3663454055786,0.0,255.0,199.84,204.0,,,,,,,
321.56748938560486,-0.26,255.0,200.32,174.0,,,,,,,
321.67642402648926,0.51,255.0,200.32,173.0,,,,,,,
321.7862684726715,0.0,255.0,200.32,173.0,,,,,,,
321.9730372428894,-0.26,255.0,200.32,172.0,,,,,,,
322.1742753982544,-0.26,255.0,200.32,171.0,,,,,,,
322.37630820274353,-0.51,255.0,200.32,170.0,,,,,,,
322.58000111579895,-2.04,255.0,200.32,169.0,,,,,,,
322.6753351688385,-1.53,255.0,200.32,169.0,,,,,,,
322.76880145072937,-0.77,255.0,200.32,169.0,,,,,,,
322.9833745956421,0.0,255.0,200.32,168.0,,,,,,,
323.0917556285858,0.0,255.0,200.32,167.0,,,,,,,
323.1984395980835,0.0,255.0,200.32,167.0,,,,,,,
323.3068199157715,0.0,255.0,200.32,166.0,,,,,,,
323.4768946170807,-0.51,255.0,200.81,135.0,,,,,,,
323.6798851490021,0.0,255.0,200.32,164.0,,,,,,,
323.7742819786072,-0.38,255.0,200.32,164.0,,,,,,,
323.8832530975342,-0.38,255.0,200.32,163.0,,,,,,,
324.0821671485901,-0.51,255.0,200.81,132.0,,,,,,,
324.1908395290375,-0.26,255.0,200.81,131.0,,,,,,,
324.2837212085724,-0.26,255.0,200.81,130.0,,,,,,,
324.4854998588562,0.0,255.0,200.81,128.0,,,,,,,
324.6237998008728,-0.26,255.0,200.32,157.0,,,,,,,
324.7944974899292,0.0,255.0,200.81,125.0,,,,,,,
324.9818181991577,0.0,255.0,200.81,123.0,,,,,,,
325.0915915966034,-0.26,255.0,200.81,122.0,,,,,,,
325.1850643157959,0.0,255.0,200.81,121.0,,,,,,,
325.29313373565674,0.0,255.0,200.81,120.0,,,,,,,
325.49480533599854,0.0,255.0,200.81,118.0,,,,,,,
325.60425996780396,0.0,255.0,200.81,117.0,,,,,,,
325.7104516029358,0.26,255.0,200.81,115.0,,,,,,,
325.8202154636383,-0.13,255.0,200.32,145.0,,,,,,,
326.102153301239,0.0,255.0,200.81,112.0,,,,,,,
326.3034870624542,0.0,255.0,200.81,110.0,,,,,,,
326.48962354660034,0.0,255.0,200.81,107.0,,,,,,,
326.59883213043213,0.0,255.0,200.81,106.0,,,,,,,
326.7071621417999,0.0,255.0,200.81,105.0,,,,,,,
326.8008711338043,0.0,255.0,200.81,104.0,,,,,,,
327.00286316871643,0.0,255.0,200.81,102.0,,,,,,,
327.2065124511719,0.0,255.0,200.81,100.0,,,,,,,
327.4080557823181,0.0,255.0,200.81,97.0,,,,,,,
327.60946011543274,0.0,255.0,200.81,95.0,,,,,,,
327.7050907611847,0.0,255.0,200.81,94.0,,,,,,,
327.7969477176666,0.0,255.0,200.81,93.0,,,,,,,
327.9997675418854,0.0,255.0,200.81,90.0,,,,,,,
328.1253662109375,0.0,255.0,200.81,89.0,,,,,,,
328.23259687423706,0.0,255.0,200.81,88.0,,,,,,,
328.3414342403412,0.0,255.0,200.81,87.0,,,,,,,
328.60677671432495,-0.13,255.0,200.81,84.0,,,,,,,
328.8083493709564,-0.13,255.0,200.81,82.0,,,,,,,
329.0108685493469,-0.13,255.0,200.81,79.0,,,,,,,
329.1055431365967,-0.13,255.0,200.81,78.0,,,,,,,
329.214821100235,0.0,255.0,200.81,77.0,,,,,,,
329.3242599964142,0.0,255.0,200.81,76.0,,,,,,,
329.5414934158325,0.0,255.0,200.81,74.0,,,,,,,
329.64829540252686,0.0,255.0,200.32,103.0,,,,,,,
329.81778025627136,0.0,255.0,200.81,71.0,,,,,,,
330.01750087738037,0.0,255.0,200.32,100.0,,,,,,,
330.1105320453644,0.0,255.0,200.32,99.0,,,,,,,
330.21871852874756,0.0,255.0,200.32,99.0,,,,,,,
330.3273205757141,0.0,255.0,200.32,98.0,,,,,,,
330.53001284599304,0.0,255.0,200.32,98.0,,,,,,,
330.63988971710205,0.0,255.0,200.32,97.0,,,,,,,
330.74893140792847,0.0,255.0,200.32,97.0,,,,,,,
330.85851287841797,0.0,255.0,200.32,96.0,,,,,,,
331.12180852890015,0.0,255.0,200.32,95.0,,,,,,,
331.32327795028687,-0.13,255.0,200.32,94.0,,,,,,,
331.52602529525757,-0.13,255.0,200.32,93.0,,,,,,,
331.6192424297333,0.13,255.0,200.32,93.0,,,,,,,
331.7293462753296,-0.13,255.0,200.32,92.0,,,,,,,
331.8377137184143,0.13,255.0,200.32,92.0,,,,,,,
332.0568039417267,0.13,255.0,200.32,91.0,,,,,,,
332.1654133796692,-0.13,255.0,200.32,91.0,,,,,,,
332.33685326576233,0.0,255.0,200.32,90.0,,,,,,,
332.6320605278015,0.0,255.0,199.84,120.0,,,,,,,
332.7412648200989,0.0,255.0,199.84,120.0,,,,,,,
332.83579778671265,0.0,255.0,199.84,120.0,,,,,,,
333.0393259525299,0.0,255.0,199.84,121.0,,,,,,,
333.14827847480774,0.0,255.0,199.84,121.0,,,,,,,
333.2566268444061,0.0,255.0,199.84,121.0,,,,,,,
333.4424726963043,0.0,255.0,199.84,122.0,,,,,,,
333.6441652774811,0.0,255.0,199.84,122.0,,,,,,,
333.8471157550812,0.0,255.0,199.36,153.0,,,,,,,
334.03512501716614,0.0,255.0,199.84,124.0,,,,,,,
334.14205169677734,0.0,255.0,199.84,125.0,,,,,,,
334.2511568069458,0.0,255.0,199.84,125.0,,,,,,,
334.3446807861328,0.0,255.0,199.36,155.0,,,,,,,
334.5781891345978,0.0,255.0,199.36,156.0,,,,,,,
334.7512583732605,-0.13,255.0,199.36,158.0,,,,,,,
334.95300102233887,-0.13,255.0,198.88,189.0,,,,,,,
335.1544177532196,0.0,255.0,198.88,192.0,,,,,,,
335.2484302520752,0.0,255.0,199.36,164.0,,,,,,,
335.3421595096588,0.0,255.0,199.36,165.0,,,,,,,
335.5553631782532,0.0,255.0,198.88,197.0,,,,,,,
335.6649205684662,0.0,255.0,198.88,198.0,,,,,,,
335.77414751052856,0.0,255.0,198.88,200.0,,,,,,,
335.94571924209595,0.0,255.0,198.88,203.0,,,,,,,
336.1479523181915,0.0,255.0,198.88,206.0,,,,,,,
336.2557351589203,0.0,255.0,198.88,207.0,,,,,,,
336.3496479988098,0.0,255.0,198.88,209.0,,,,,,,
336.5498380661011,0.0,255.0,198.88,212.0,,,,,,,
336.6603045463562,0.0,255.0,198.88,213.0,,,,,,,
336.76892614364624,0.0,255.0,198.88,215.0,,,,,,,
336.9572148323059,0.0,255.0,198.88,218.0,,,,,,,
337.08177757263184,0.0,255.0,198.88,219.0,,,,,,,
337.2674264907837,0.0,255.0,198.88,222.0,,,,,,,
337.46814250946045,0.0,255.0,198.88,225.0,,,,,,,
337.66788148880005,0.0,255.0,198.88,229.0,,,,,,,
337.7629864215851,0.0,255.0,198.88,230.0,,,,,,,
337.871586561203,0.13,255.0,198.88,232.0,,,,,,,
338.0717713832855,0.0,255.0,198.41,255.0,,,,,,,
338.17984318733215,0.0,255.0,198.88,234.0,,,,,,,
338.28686475753784,0.0,255.0,198.88,236.0,,,,,,,
338.48688530921936,0.0,255.0,198.88,239.0,,,,,,,
338.67478346824646,0.0,255.0,198.88,242.0,,,,,,,
338.86326479911804,0.0,255.0,198.88,245.0,,,,,,,
339.0650019645691,0.0,255.0,198.41,255.0,,,,,,,
339.1718866825104,0.0,255.0,198.88,248.0,,,,,,,
339.2809839248657,0.0,255.0,198.88,250.0,,,,,,,
339.46569776535034,0.0,255.0,198.88,251.0,,,,,,,
339.60740542411804,0.0,255.0,198.88,253.0,,,,,,,
339.7787609100342,0.0,255.0,198.88,255.0,,,,,,,
339.98086977005005,0.0,255.0,198.88,255.0,,,,,,,
340.183890581131,0.0,255.0,198.88,255.0,,,,,,,
340.2780830860138,-0.26,255.0,198.88,255.0,,,,,,,
340.47979617118835,-0.38,255.0,198.88,255.0,,,,,,,
340.5876986980438,-1.79,255.0,198.88,255.0,,,,,,,
340.69613575935364,-2.3,255.0,198.41,255.0,,,,,,,
340.8057086467743,-2.55,255.0,198.88,255.0,,,,,,,
340.97636365890503,-1.53,255.0,198.41,255.0,,,,,,,
341.17831206321716,-2.3,255.0,198.88,255.0,,,,,,,
341.28621435165405,-2.81,255.0,198.88,255.0,,,,,,,
341.37823247909546,-1.79,255.0,198.88,255.0,,,,,,,
341.58207416534424,0.0,255.0,198.88,255.0,,,,,,,
341.68963956832886,0.0,255.0,198.88,255.0,,,,,,,
341.7829339504242,0.0,255.0,198.88,255.0,,,,,,,
341.9845452308655,0.0,255.0,198.88,255.0,,,,,,,
342.1216495037079,0.0,255.0,198.88,255.0,,,,,,,
342.2916884422302,0.0,255.0,198.88,255.0,,,,,,,
342.493679523468,0.0,255.0,198.88,255.0,,,,,,,
342.58612990379333,0.0,255.0,198.88,255.0,,,,,,,
342.6928629875183,0.0,255.0,198.88,255.0,,,,,,,
342.79880952835083,0.0,255.0,198.88,255.0,,,,,,,
342.9872145652771,0.0,255.0,198.88,255.0,,,,,,,
343.09480476379395,0.13,255.0,198.88,255.0,,,,,,,
343.21989393234253,0.13,255.0,198.88,255.0,,,,,,,
343.32749938964844,0.0,255.0,198.88,255.0,,,,,,,
343.59144949913025,0.0,255.0,198.88,255.0,,,,,,,
343.81033539772034,0.0,255.0,198.88,255.0,,,,,,,
343.99539494514465,0.0,255.0,198.88,255.0,,,,,,,
344.10447239875793,-0.26,255.0,198.88,255.0,,,,,,,
344.197468996048,0.13,255.0,198.88,255.0,,,,,,,
344.3067436218262,-0.13,255.0,198.88,255.0,,,,,,,
344.4951522350311,0.0,255.0,199.36,228.0,,,,,,,
344.63703203201294,0.0,255.0,198.88,255.0,,,,,,,
344.80671310424805,0.0,255.0,199.36,230.0,,,,,,,
345.00926899909973,0.0,255.0,199.36,232.0,,,,,,,
345.10211730003357,0.0,255.0,199.36,233.0,,,,,,,
345.2109200954437,0.0,255.0,199.36,234.0,,,,,,,
345.31767082214355,0.0,255.0,199.84,205.0,,,,,,,
345.5045864582062,0.0,255.0,199.84,206.0,,,,,,,
345.61385321617126,0.0,255.0,199.36,236.0,,,,,,,
345.7376034259796,0.0,255.0,199.84,206.0,,,,,,,
345.83070969581604,0.0,255.0,199.84,207.0,,,,,,,
346.10944175720215,0.13,255.0,199.84,208.0,,,,,,,
346.3113396167755,0.13,255.0,199.84,208.0,,,,,,,
346.5119686126709,-0.13,255.0,199.84,208.0,,,,,,,
346.6196527481079,0.0,255.0,199.84,208.0,,,,,,,
346.71329379081726,0.13,255.0,199.84,208.0,,,,,,,
346.82078766822815,0.0,255.0,199.84,209.0,,,,,,,
347.05282497406006,-0.13,255.0,199.84,209.0,,,,,,,
347.1460325717926,0.0,255.0,199.84,209.0,,,,,,,
347.25429105758667,0.0,255.0,199.84,209.0,,,,,,,
347.454785823822,0.0,255.0,199.84,210.0,,,,,,,
347.6263635158539,0.0,255.0,200.32,180.0,,,,,,,
347.7186210155487,0.0,255.0,200.32,180.0,,,,,,,
347.8284487724304,0.0,255.0,200.32,179.0,,,,,,,
348.03021717071533,0.0,255.0,200.32,178.0,,,,,,,
348.1383578777313,0.0,255.0,200.32,178.0,,,,,,,
348.24617767333984,0.0,255.0,200.32,177.0,,,,,,,
348.3531765937805,0.0,255.0,200.32,177.0,,,,,,,
348.63062024116516,0.0,255.0,200.32,176.0,,,,,,,
348.83030366897583,0.0,255.0,200.32,175.0,,,,,,,
349.03457593917847,0.0,255.0,200.32,174.0,,,,,,,
349.1282136440277,0.0,255.0,200.32,174.0,,,,,,,
349.23594093322754,0.0,255.0,200.32,173.0,,,,,,,
349.32813477516174,0.0,255.0,200.32,173.0,,,,,,,
349.56032252311707,-0.13,255.0,200.32,172.0,,,,,,,
349.66810035705566,0.0,255.0,200.32,171.0,,,,,,,
349.83907413482666,-0.13,255.0,200.81,140.0,,,,,,,
350.04060220718384,0.0,255.0,200.81,138.0,,,,,,,
350.13274240493774,0.0,255.0,200.81,137.0,,,,,,,
350.2407853603363,0.0,255.0,200.81,136.0,,,,,,,
350.33415961265564,0.0,255.0,200.81,135.0,,,,,,,
350.55217599868774,0.0,255.0,200.81,133.0,,,,,,,
350.6447250843048,0.0,255.0,200.81,132.0,,,,,,,
350.7534739971161,0.0,255.0,200.81,131.0,,,,,,,
350.95628333091736,0.0,255.0,200.81,129.0,,,,,,,
351.1448755264282,0.0,255.0,200.81,126.0,,,,,,,
351.3465132713318,0.0,255.0,200.81,124.0,,,,,,,
351.5490462779999,0.0,255.0,200.81,122.0,,,,,,,
351.6427700519562,0.0,255.0,200.81,121.0,,,,,,,
351.7524428367615,0.0,255.0,200.81,120.0,,,,,,,
351.8603928089142,0.0,255.0,200.81,119.0,,,,,,,
352.0772171020508,0.0,255.0,200.81,117.0,,,,,,,
352.2503139972687,0.0,255.0,200.81,114.0,,,,,,,
352.4544506072998,0.0,255.0,200.81,112.0,,,,,,,
352.65551948547363,0.0,255.0,200.81,110.0,,,,,,,
352.7477180957794,0.0,255.0,200.81,109.0,,,,,,,
352.8554139137268,0.0,255.0,200.81,108.0,,,,,,,
353.05821895599365,0.0,255.0,200.81,106.0,,,,,,,
353.16728591918945,0.0,255.0,200.81,105.0,,,,,,,
353.2746937274933,0.0,255.0,200.81,104.0,,,,,,,
353.461266040802,0.0,255.0,200.81,101.0,,,,,,,
353.6629319190979,0.0,255.0,200.81,99.0,,,,,,,
353.8651559352875,0.0,255.0,200.81,97.0,,,,,,,
354.06643414497375,0.0,255.0,200.81,95.0,,,,,,,
354.159725189209,0.0,255.0,200.81,94.0,,,,,,,
354.2674369812012,0.0,255.0,200.81,93.0,,,,,,,
354.45529651641846,0.0,255.0,200.81,90.0,,,,,,,
354.5801932811737,0.0,255.0,200.81,89.0,,,,,,,
354.76603055000305,0.0,255.0,200.81,87.0,,,,,,,
354.96712923049927,0.0,255.0,200.32,115.0,,,,,,,
355.1699903011322,0.0,255.0,200.81,83.0,,,,,,,
355.2627909183502,0.0,255.0,200.81,82.0,,,,,,,
355.3728656768799,0.0,255.0,200.81,81.0,,,,,,,
355.5756986141205,0.0,255.0,200.81,79.0,,,,,,,
355.6840295791626,0.0,255.0,200.32,108.0,,,,,,,
355.79287338256836,0.0,255.0,200.81,77.0,,,,,,,
355.9638841152191,0.0,255.0,200.32,106.0,,,,,,,
356.1658890247345,0.0,255.0,200.32,105.0,,,,,,,
356.2740168571472,0.0,255.0,200.32,105.0,,,,,,,
356.3824017047882,0.0,255.0,200.32,104.0,,,,,,,
356.56781220436096,0.0,255.0,200.32,103.0,,,,,,,
356.6771311759949,0.0,255.0,200.32,103.0,,,,,,,
356.7711579799652,0.0,255.0,200.32,102.0,,,,,,,
356.97264218330383,0.0,255.0,200.81,71.0,,,,,,,
357.09870076179504,0.0,255.0,200.32,101.0,,,,,,,
357.2859616279602,0.0,255.0,200.32,100.0,,,,,,,
357.4716634750366,0.0,255.0,200.32,99.0,,,,,,,
357.5811948776245,0.0,255.0,200.32,98.0,,,,,,,
357.6733922958374,0.0,255.0,200.32,98.0,,,,,,,
357.77980160713196,0.0,255.0,200.32,97.0,,,,,,,
357.98198795318604,0.0,255.0,200.32,97.0,,,,,,,
358.0897207260132,0.0,255.0,200.32,96.0,,,,,,,
358.1988523006439,0.0,255.0,200.32,96.0,,,,,,,
358.30720949172974,0.0,255.0,199.84,125.0,,,,,,,
358.5844397544861,0.0,255.0,199.84,126.0,,,,,,,
358.7872350215912,0.0,255.0,199.84,126.0,,,,,,,
358.8974504470825,0.0,255.0,199.84,126.0,,,,,,,
359.0819368362427,0.0,255.0,199.84,127.0,,,,,,,
359.19111466407776,0.0,255.0,199.84,127.0,,,,,,,
359.29823112487793,0.0,255.0,199.84,127.0,,,,,,,
359.4857816696167,0.0,255.0,199.84,128.0,,,,,,,
359.62527084350586,0.0,255.0,199.84,128.0,,,,,,,
359.79548954963684,0.0,255.0,199.84,128.0,,,,,,,
359.997661113739,0.0,255.0,199.84,129.0,,,,,,,
360.1974506378174,0.0,255.0,199.84,129.0,,,,,,,
360.2901396751404,0.0,255.0,199.84,129.0,,,,,,,
360.49273586273193,0.0,255.0,199.84,130.0,,,,,,,
360.60136437416077,0.0,255.0,199.36,160.0,,,,,,,
360.7112412452698,0.0,255.0,199.36,160.0,,,,,,,
360.8208210468292,0.0,255.0,199.36,161.0,,,,,,,
361.1006968021393,0.0,255.0,199.36,164.0,,,,,,,
361.30178451538086,0.0,255.0,199.36,166.0,,,,,,,
361.50450348854065,0.0,255.0,199.36,168.0,,,,,,,
361.59600472450256,0.0,255.0,198.88,198.0,,,,,,,
361.70429158210754,0.0,255.0,198.88,199.0,,,,,,,
361.8003582954407,0.0,255.0,198.88,201.0,,,,,,,
361.9415810108185,0.0,255.0,198.88,202.0,,,,,,,
362.0340003967285,0.0,255.0,198.88,204.0,,,,,,,
362.1268689632416,0.0,255.0,198.88,205.0,,,,,,,
362.3123152256012,0.0,255.0,198.88,208.0,,,,,,,
362.60691237449646,0.0,255.0,198.88,213.0,,,,,,,
362.7027642726898,0.0,255.0,198.88,215.0,,,,,,,
362.8128914833069,0.0,255.0,198.88,216.0,,,,,,,
363.0168251991272,0.0,255.0,198.88,219.0,,,,,,,
363.1256728172302,0.0,255.0,198.88,221.0,,,,,,,
363.2342493534088,0.0,255.0,198.88,222.0,,,,,,,
363.3432593345642,0.0,255.0,198.88,224.0,,,,,,,
363.607164144516,0.0,255.0,198.88,228.0,,,,,,,
363.8092625141144,0.0,255.0,198.88,231.0,,,,,,,
364.0134918689728,0.0,255.0,198.88,234.0,,,,,,,
364.12318992614746,0.0,255.0,198.88,236.0,,,,,,,
364.2173764705658,0.0,255.0,198.88,237.0,,,,,,,
364.3264629840851,0.0,255.0,198.88,239.0,,,,,,,
364.54331040382385,-0.26,255.0,198.88,242.0,,,,,,,
364.6516501903534,-0.26,255.0,198.88,243.0,,,,,,,
364.8218483924866,0.13,255.0,198.88,246.0,,,,,,,
365.02615880966187,0.0,255.0,198.88,249.0,,,,,,,
365.22655868530273,0.0,255.0,198.88,252.0,,,,,,,
365.3197388648987,0.0,255.0,198.88,254.0,,,,,,,
365.5345685482025,0.0,255.0,198.88,255.0,,,,,,,
365.6283254623413,0.0,255.0,198.88,255.0,,,,,,,
365.73663806915283,0.0,255.0,198.88,255.0,,,,,,,
365.8609228134155,0.0,255.0,198.88,255.0,,,,,,,
366.12404131889343,0.0,255.0,198.88,255.0,,,,,,,
366.3265116214752,0.0,255.0,198.88,255.0,,,,,,,
366.52833557128906,0.0,255.0,198.88,255.0,,,,,,,
366.6368262767792,0.0,255.0,198.88,255.0,,,,,,,
366.73138213157654,0.0,255.0,198.88,255.0,,,,,,,
366.83917593955994,0.0,255.0,198.88,255.0,,,,,,,
367.0542278289795,0.0,255.0,198.88,255.0,,,,,,,
367.1625294685364,0.0,255.0,198.88,255.0,,,,,,,
367.27077984809875,0.0,255.0,198.88,255.0,,,,,,,
367.44269132614136,0.0,255.0,198.88,255.0,,,,,,,
367.6452987194061,0.0,255.0,198.88,255.0,,,,,,,
367.73955392837524,0.0,255.0,198.88,255.0,,,,,,,
367.847847700119,0.0,255.0,198.88,255.0,,,,,,,
368.04932403564453,0.0,255.0,198.88,255.0,,,,,,,
368.1575930118561,0.0,255.0,198.88,255.0,,,,,,,
368.2647051811218,0.0,255.0,198.88,255.0,,,,,,,
368.543559551239,0.0,255.0,198.88,255.0,,,,,,,
368.74585366249084,0.0,255.0,199.36,226.0,,,,,,,
368.9465322494507,0.0,255.0,199.36,228.0,,,,,,,
369.05410075187683,0.0,255.0,199.36,229.0,,,,,,,
369.14806866645813,0.0,255.0,199.36,230.0,,,,,,,
369.24168944358826,0.0,255.0,199.36,231.0,,,,,,,
369.3497667312622,0.0,255.0,199.36,232.0,,,,,,,
369.58302330970764,0.0,255.0,199.36,233.0,,,,,,,
369.6751444339752,0.0,255.0,199.36,234.0,,,,,,,
369.78597927093506,0.0,255.0,199.36,235.0,,,,,,,
369.95535469055176,0.0,255.0,199.36,237.0,,,,,,,
370.15736079216003,0.0,255.0,199.84,208.0,,,,,,,
370.2521755695343,0.0,255.0,199.84,209.0,,,,,,,
370.3620574474335,0.0,255.0,199.84,209.0,,,,,,,
370.56267070770264,0.0,255.0,199.84,210.0,,,,,,,
370.6715066432953,0.0,255.0,199.84,210.0,,,,,,,
370.78206396102905,0.0,255.0,199.84,210.0,,,,,,,
370.96552443504333,0.0,255.0,199.84,210.0,,,,,,,
371.15290904045105,0.0,255.0,199.84,211.0,,,,,,,
371.3559286594391,0.0,255.0,199.84,211.0,,,,,,,
371.5564694404602,0.0,255.0,199.84,212.0,,,,,,,
371.66761922836304,0.0,255.0,199.84,212.0,,,,,,,
371.76145911216736,0.0,255.0,199.84,212.0,,,,,,,
371.96252512931824,0.0,255.0,199.84,212.0,,,,,,,
372.0877335071564,0.0,255.0,199.84,212.0,,,,,,,
372.19653248786926,0.0,255.0,200.32,182.0,,,,,,,
372.3035202026367,0.0,255.0,199.84,212.0,,,,,,,
372.47504687309265,0.0,255.0,200.32,182.0,,,,,,,
372.66116309165955,0.0,255.0,200.32,181.0,,,,,,,
372.77006363868713,0.0,255.0,200.32,181.0,,,,,,,
372.86241388320923,0.0,255.0,200.32,180.0,,,,,,,
373.0801672935486,0.0,255.0,200.32,180.0,,,,,,,
373.1736149787903,0.0,255.0,200.32,179.0,,,,,,,
373.2972455024719,0.0,255.0,200.32,179.0,,,,,,,
373.4824900627136,0.0,255.0,200.32,178.0,,,,,,,
373.6706404685974,0.13,255.0,200.32,177.0,,,,,,,
373.87168288230896,0.26,255.0,200.32,176.0,,,,,,,
374.0726578235626,0.13,255.0,200.32,175.0,,,,,,,
374.18020939826965,-0.13,255.0,200.32,175.0,,,,,,,
374.2734143733978,0.0,255.0,200.81,144.0,,,,,,,
374.4899799823761,0.0,255.0,200.81,142.0,,,,,,,
374.59900426864624,0.0,255.0,200.81,142.0,,,,,,,
374.78421568870544,0.0,255.0,200.32,170.0,,,,,,,
374.9860279560089,0.0,255.0,200.81,138.0,,,,,,,
375.1889626979828,0.0,255.0,200.81,136.0,,,,,,,
375.2806119918823,0.0,255.0,200.32,165.0,,,,,,,
375.4820725917816,0.0,255.0,200.81,133.0,,,,,,,
375.5893292427063,0.0,255.0,200.81,132.0,,,,,,,
375.69639110565186,0.0,255.0,200.81,131.0,,,,,,,
375.80452394485474,0.0,255.0,200.81,130.0,,,,,,,
375.9915189743042,0.0,255.0,200.81,128.0,,,,,,,
376.19042682647705,0.0,255.0,200.81,126.0,,,,,,,
376.39327573776245,0.0,255.0,200.81,124.0,,,,,,,
376.59698963165283,0.0,255.0,200.81,121.0,,,,,,,
376.6909303665161,0.0,255.0,200.81,120.0,,,,,,,
376.7844350337982,0.0,255.0,200.81,119.0,,,,,,,
377.0015072822571,0.0,255.0,200.81,117.0,,,,,,,
377.1246552467346,0.0,255.0,200.81,116.0,,,,,,,
377.29699087142944,0.0,255.0,200.81,114.0,,,,,,,
377.4997992515564,0.0,255.0,201.3,81.0,,,,,,,
377.7021358013153,0.0,255.0,200.81,109.0,,,,,,,
377.7956290245056,0.0,255.0,200.81,108.0,,,,,,,
378.0110011100769,0.0,255.0,200.81,105.0,,,,,,,
378.10301208496094,0.0,255.0,200.81,104.0,,,,,,,
378.2116048336029,0.0,255.0,200.81,103.0,,,,,,,
378.3200659751892,0.0,255.0,201.3,71.0,,,,,,,
378.53623032569885,0.0,255.0,200.81,99.0,,,,,,,
378.7084949016571,0.0,255.0,200.81,97.0,,,,,,,
379.004114151001,0.0,255.0,200.81,93.0,,,,,,,
379.1132502555847,0.0,255.0,200.81,92.0,,,,,,,
379.20511269569397,0.0,255.0,200.81,91.0,,,,,,,
379.29898023605347,0.0,255.0,200.81,90.0,,,,,,,
379.4372172355652,0.0,255.0,200.81,89.0,,,,,,,
379.53009963035583,0.0,255.0,200.81,88.0,,,,,,,
379.63859963417053,0.0,255.0,200.81,87.0,,,,,,,
379.7463221549988,0.0,255.0,200.81,85.0,,,,,,,
379.90243911743164,0.0,255.0,200.81,83.0,,,,,,,
380.1060140132904,0.0,255.0,200.81,81.0,,,,,,,
380.21372175216675,0.0,255.0,200.81,80.0,,,,,,,
380.30574893951416,0.0,255.0,200.81,79.0,,,,,,,
380.5231273174286,0.0,255.0,200.81,77.0,,,,,,,
380.6184380054474,0.0,255.0,200.81,76.0,,,,,,,
380.72801327705383,0.0,255.0,200.81,74.0,,,,,,,
380.8355116844177,0.0,255.0,200.81,73.0,,,,,,,
381.05338311195374,0.0,255.0,200.81,71.0,,,,,,,
381.2249493598938,0.0,255.0,200.81,69.0,,,,,,,
381.4423475265503,0.0,255.0,200.81,67.0,,,,,,,
381.61351799964905,0.0,255.0,200.81,65.0,,,,,,,
381.7205924987793,0.0,255.0,200.81,64.0,,,,,,,
381.82861256599426,0.0,255.0,200.81,62.0,,,,,,,
382.032591342926,0.26,255.0,200.81,60.0,,,,,,,
382.15740156173706,0.0,255.0,200.81,59.0,,,,,,,
382.32756543159485,0.0,255.0,200.81,57.0,,,,,,,
382.5319502353668,0.26,255.0,200.81,55.0,,,,,,,
382.7344558238983,0.0,255.0,200.32,83.0,,,,,,,
382.8264067173004,0.0,255.0,200.32,83.0,,,,,,,
383.02865743637085,0.0,255.0,200.32,82.0,,,,,,,
383.1381537914276,0.0,255.0,200.32,81.0,,,,,,,
383.24581146240234,0.0,255.0,200.32,81.0,,,,,,,
383.3517372608185,0.0,255.0,200.32,81.0,,,,,,,
383.6330232620239,0.26,255.0,200.32,79.0,,,,,,,
383.8330407142639,-0.26,255.0,200.32,78.0,,,,,,,
384.03373098373413,-2.3,255.0,200.32,78.0,,,,,,,
384.14177083969116,-1.53,255.0,199.84,107.0,,,,,,,
384.23615169525146,0.26,255.0,200.32,77.0,,,,,,,
384.34534525871277,-0.51,255.0,200.32,77.0,,,,,,,
384.5635805130005,-0.26,255.0,199.84,106.0,,,,,,,
384.67158126831055,-0.51,255.0,199.84,107.0,,,,,,,
384.8443567752838,-0.13,255.0,199.84,107.0,,,,,,,
385.0458047389984,-0.13,255.0,199.84,107.0,,,,,,,
385.24588775634766,-0.51,255.0,199.84,108.0,,,,,,,
385.3383378982544,-0.38,255.0,199.36,138.0,,,,,,,
385.5437126159668,-0.51,255.0,199.84,109.0,,,,,,,
385.6534640789032,-0.38,255.0,199.36,139.0,,,,,,,
385.76291394233704,-0.26,255.0,199.84,110.0,,,,,,,
385.9490671157837,0.0,255.0,199.36,141.0,,,,,,,
386.15247797966003,0.0,255.0,199.36,142.0,,,,,,,
386.3525016307831,0.0,255.0,199.36,144.0,,,,,,,
386.55308389663696,0.0,255.0,198.88,175.0,,,,,,,
386.64704966545105,0.0,255.0,199.36,147.0,,,,,,,
386.75449991226196,0.0,255.0,198.88,178.0,,,,,,,
386.84828877449036,0.0,255.0,198.88,179.0,,,,,,,
387.0805096626282,0.0,255.0,198.88,182.0,,,,,,,
387.19114661216736,0.0,255.0,198.88,184.0,,,,,,,
387.2837755680084,0.0,255.0,198.88,185.0,,,,,,,
387.4529483318329,0.0,255.0,198.88,188.0,,,,,,,
387.6544554233551,0.0,255.0,198.88,191.0,,,,,,,
387.764408826828,0.0,255.0,198.88,193.0,,,,,,,
387.85879921913147,0.0,255.0,198.88,194.0,,,,,,,
388.0616204738617,0.0,255.0,198.88,197.0,,,,,,,
388.17064476013184,0.26,255.0,198.88,199.0,,,,,,,
388.28173780441284,-0.51,255.0,198.88,200.0,,,,,,,
388.46738171577454,0.0,255.0,198.88,203.0,,,,,,,
388.6545169353485,0.0,255.0,198.88,206.0,,,,,,,
388.85709714889526,0.0,255.0,198.88,209.0,,,,,,,
389.0737805366516,0.0,255.0,198.88,212.0,,,,,,,
389.16863775253296,0.0,255.0,198.88,214.0,,,,,,,
389.2633514404297,0.0,255.0,198.88,215.0,,,,,,,
389.4652633666992,0.0,255.0,198.41,248.0,,,,,,,
389.587929725647,0.0,255.0,198.41,250.0,,,,,,,
389.6953225135803,0.0,255.0,198.41,252.0,,,,,,,
389.80398392677307,0.0,255.0,198.41,254.0,,,,,,,
389.9758310317993,0.0,255.0,198.41,255.0,,,,,,,
390.1775760650635,0.0,255.0,198.41,255.0,,,,,,,
390.27151894569397,0.0,255.0,198.41,255.0,,,,,,,
390.38074827194214,0.0,255.0,198.41,255.0,,,,,,,
390.5796067714691,0.0,255.0,198.88,227.0,,,,,,,
390.68704986572266,0.13,255.0,198.41,255.0,,,,,,,
390.7957925796509,-0.13,255.0,198.41,255.0,,,,,,,
390.9817998409271,0.0,255.0,198.41,255.0,,,,,,,
391.18347692489624,-0.13,255.0,198.41,255.0,,,,,,,
391.3829987049103,0.0,255.0,198.41,255.0,,,,,,,
391.5863354206085,0.0,255.0,198.41,255.0,,,,,,,
391.6785373687744,0.0,255.0,198.41,255.0,,,,,,,
391.78751277923584,0.0,255.0,198.41,255.0,,,,,,,
391.9881274700165,0.0,255.0,198.41,255.0,,,,,,,
392.0970163345337,0.0,255.0,198.41,255.0,,,,,,,
392.20573472976685,0.0,255.0,198.41,255.0,,,,,,,
392.3163697719574,0.0,255.0,198.41,255.0,,,,,,,
392.595091342926,0.0,255.0,198.41,255.0,,,,,,,
392.78202748298645,0.0,255.0,198.88,229.0,,,,,,,
392.9825713634491,0.0,255.0,198.41,255.0,,,,,,,
393.09311842918396,0.0,255.0,198.41,255.0,,,,,,,
393.2012357711792,0.0,255.0,198.88,230.0,,,,,,,
393.3102922439575,0.0,255.0,198.41,255.0,,,,,,,
393.5263488292694,0.0,255.0,198.41,255.0,,,,,,,
393.69892978668213,0.13,255.0,198.41,255.0,,,,,,,
393.8998568058014,0.0,255.0,198.41,255.0,,,,,,,
394.1007628440857,0.0,255.0,198.41,255.0,,,,,,,
394.1944115161896,-0.13,255.0,198.41,255.0,,,,,,,
394.3020281791687,0.0,255.0,198.41,255.0,,,,,,,
394.4899101257324,0.0,255.0,198.41,255.0,,,,,,,
394.6141140460968,0.0,255.0,198.88,232.0,,,,,,,
394.72406339645386,0.0,255.0,198.88,234.0,,,,,,,
394.8319761753082,0.0,255.0,198.88,235.0,,,,,,,
395.0965385437012,0.0,255.0,198.88,238.0,,,,,,,
395.2056198120117,0.0,255.0,198.41,255.0,,,,,,,
395.2995676994324,0.0,255.0,198.88,239.0,,,,,,,
395.5023422241211,0.0,255.0,198.41,255.0,,,,,,,
395.61139273643494,0.0,255.0,198.41,255.0,,,,,,,
395.71756505966187,0.0,255.0,198.41,255.0,,,,,,,
395.8255650997162,0.0,255.0,198.41,255.0,,,,,,,
396.0421144962311,0.0,255.0,198.41,255.0,,,,,,,
396.2143609523773,0.0,255.0,198.41,255.0,,,,,,,
396.4460551738739,0.0,255.0,198.41,255.0,,,,,,,
396.6166784763336,0.0,255.0,198.88,241.0,,,,,,,
396.71019220352173,0.0,255.0,198.41,255.0,,,,,,,
396.8041036128998,0.0,255.0,198.88,242.0,,,,,,,
396.9435679912567,0.0,255.0,198.88,244.0,,,,,,,
397.02042508125305,0.0,255.0,198.88,246.0,,,,,,,
397.1303322315216,0.0,255.0,198.88,247.0,,,,,,,
397.2398474216461,0.0,255.0,198.88,249.0,,,,,,,
397.4106636047363,0.0,255.0,198.88,252.0,,,,,,,
397.6113905906677,0.0,255.0,198.88,255.0,,,,,,,
397.7178132534027,0.0,255.0,198.88,255.0,,,,,,,
397.8115084171295,0.0,255.0,198.88,255.0,,,,,,,
398.01232409477234,0.0,255.0,198.88,255.0,,,,,,,
398.11965918540955,0.0,255.0,198.88,255.0,,,,,,,
398.2278354167938,0.0,255.0,198.88,255.0,,,,,,,
398.33673214912415,0.0,255.0,198.88,255.0,,,,,,,
398.55439162254333,0.0,255.0,198.88,255.0,,,,,,,
398.72511315345764,0.0,255.0,198.88,255.0,,,,,,,
398.9420850276947,0.0,255.0,199.36,227.0,,,,,,,
399.1286380290985,0.0,255.0,199.36,229.0,,,,,,,
399.2200548648834,0.0,255.0,199.36,229.0,,,,,,,
399.3273606300354,0.0,255.0,199.36,230.0,,,,,,,
399.5472662448883,0.0,255.0,199.36,232.0,,,,,,,
399.65566754341125,0.0,255.0,199.84,203.0,,,,,,,
399.7641897201538,0.0,255.0,199.84,204.0,,,,,,,
399.9499650001526,0.0,255.0,199.84,204.0,,,,,,,
400.13839769363403,0.0,255.0,199.84,205.0,,,,,,,
400.3389298915863,0.0,255.0,199.84,205.0,,,,,,,
400.52590823173523,0.0,255.0,199.84,206.0,,,,,,,
400.635972738266,0.0,255.0,199.84,206.0,,,,,,,
400.7458953857422,0.0,255.0,199.84,206.0,,,,,,,
400.8540725708008,0.0,255.0,199.84,206.0,,,,,,,
401.07267594337463,0.0,255.0,199.84,207.0,,,,,,,
401.24271750450134,0.0,255.0,200.32,177.0,,,,,,,
401.4429519176483,0.0,255.0,200.32,177.0,,,,,,,
401.5359802246094,0.0,255.0,199.84,206.0,,,,,,,
401.64533376693726,0.0,255.0,200.32,176.0,,,,,,,
401.7383224964142,0.0,255.0,199.84,206.0,,,,,,,
401.8472726345062,0.0,255.0,200.32,176.0,,,,,,,
402.0643398761749,0.0,255.0,200.32,175.0,,,,,,,
402.1731278896332,0.0,255.0,200.32,175.0,,,,,,,
402.26647996902466,0.0,255.0,200.32,175.0,,,,,,,
402.4543614387512,0.0,255.0,200.32,174.0,,,,,,,
402.6414306163788,0.0,255.0,200.81,142.0,,,,,,,
402.7498848438263,0.0,255.0,200.32,172.0,,,,,,,
402.8432538509369,0.0,255.0,200.32,171.0,,,,,,,
403.0474007129669,0.0,255.0,200.32,170.0,,,,,,,
403.1560060977936,0.0,255.0,200.81,138.0,,,,,,,
403.26539397239685,0.0,255.0,200.81,138.0,,,,,,,
403.44935417175293,0.0,255.0,200.81,135.0,,,,,,,
403.64922189712524,0.0,255.0,200.81,133.0,,,,,,,
403.8509588241577,0.0,255.0,200.81,131.0,,,,,,,
404.0556387901306,0.0,255.0,200.81,129.0,,,,,,,
404.14964604377747,0.0,255.0,200.81,128.0,,,,,,,
404.2585062980652,0.0,255.0,200.81,127.0,,,,,,,
404.3515956401825,0.0,255.0,200.81,126.0,,,,,,,
404.5698847770691,0.0,255.0,200.81,123.0,,,,,,,
404.67878437042236,0.0,255.0,200.81,122.0,,,,,,,
404.78832936286926,0.0,255.0,200.81,121.0,,,,,,,
404.9576954841614,0.0,255.0,201.3,88.0,,,,,,,
405.15861415863037,0.0,255.0,200.81,116.0,,,,,,,
405.2667832374573,0.0,255.0,200.81,115.0,,,,,,,
405.359840631485,0.0,255.0,201.3,83.0,,,,,,,
405.56148529052734,0.0,255.0,201.3,81.0,,,,,,,
405.6702172756195,0.0,255.0,200.81,110.0,,,,,,,
405.7792077064514,0.0,255.0,201.3,78.0,,,,,,,
405.96500849723816,0.0,255.0,201.3,75.0,,,,,,,
406.1674768924713,0.0,255.0,201.3,71.0,,,,,,,
406.370817899704,0.0,255.0,201.3,68.0,,,,,,,
406.57413363456726,0.0,255.0,201.3,64.0,,,,,,,
406.66732382774353,0.0,255.0,201.3,62.0,,,,,,,
406.77596735954285,0.0,255.0,200.81,91.0,,,,,,,
406.9767920970917,0.0,255.0,201.3,58.0,,,,,,,
407.0856761932373,0.0,255.0,201.3,57.0,,,,,,,
407.1963150501251,0.0,255.0,200.81,85.0,,,,,,,
407.3022491931915,0.0,255.0,201.3,53.0,,,,,,,
407.47281527519226,0.0,255.0,201.3,50.0,,,,,,,
407.6763188838959,0.0,255.0,200.81,77.0,,,,,,,
407.7699010372162,0.0,255.0,201.3,45.0,,,,,,,
407.87895345687866,0.0,255.0,200.81,74.0,,,,,,,
408.0818495750427,0.0,255.0,200.81,72.0,,,,,,,
408.17460227012634,0.0,255.0,201.3,40.0,,,,,,,
408.30081152915955,0.0,255.0,201.3,39.0,,,,,,,
408.4718840122223,0.0,255.0,200.81,66.0,,,,,,,
408.6873016357422,0.0,255.0,200.81,64.0,,,,,,,
408.8731174468994,0.0,255.0,200.81,62.0,,,,,,,
409.075186252594,0.0,255.0,200.81,60.0,,,,,,,
409.1844382286072,0.0,255.0,200.81,58.0,,,,,,,
409.27809405326843,0.0,255.0,200.81,57.0,,,,,,,
409.4811968803406,0.0,255.0,200.81,55.0,,,,,,,
409.6048836708069,0.0,255.0,200.81,54.0,,,,,,,
409.71355080604553,0.0,255.0,200.81,53.0,,,,,,,
409.8225357532501,0.0,255.0,200.81,52.0,,,,,,,
410.0835316181183,0.0,255.0,200.81,49.0,,,,,,,
410.1935751438141,0.0,255.0,200.81,48.0,,,,,,,
410.28694462776184,0.13,255.0,200.32,77.0,,,,,,,
410.4887022972107,-0.26,255.0,200.81,45.0,,,,,,,
410.5978147983551,-0.26,255.0,200.81,44.0,,,,,,,
410.6919903755188,0.0,255.0,200.81,43.0,,,,,,,
410.8011631965637,0.0,255.0,200.32,72.0,,,,,,,
410.9858627319336,0.0,255.0,200.32,71.0,,,,,,,
411.1259615421295,0.0,255.0,200.32,70.0,,,,,,,
411.29867029190063,0.0,255.0,200.32,69.0,,,,,,,
411.50128531455994,0.26,255.0,200.32,68.0,,,,,,,
411.59455704689026,-0.51,255.0,199.84,98.0,,,,,,,
411.7044208049774,0.0,255.0,200.32,68.0,,,,,,,
411.7978723049164,-0.51,255.0,200.32,68.0,,,,,,,
412.00072598457336,-0.51,255.0,200.32,67.0,,,,,,,
412.12379813194275,-0.77,255.0,199.84,97.0,,,,,,,
412.2318341732025,-1.28,255.0,200.32,66.0,,,,,,,
412.4003984928131,-1.02,255.0,199.84,96.0,,,,,,,
412.6005702018738,-0.38,255.0,199.84,96.0,,,,,,,
412.70848870277405,-0.13,255.0,199.84,96.0,,,,,,,
412.80010080337524,0.0,255.0,199.84,96.0,,,,,,,
412.93920946121216,-0.77,255.0,199.84,97.0,,,,,,,
413.11004662513733,0.0,255.0,199.84,97.0,,,,,,,
413.21937251091003,0.0,255.0,199.84,97.0,,,,,,,
413.3133177757263,0.0,255.0,199.84,98.0,,,,,,,
413.6086802482605,0.0,255.0,199.84,98.0,,,,,,,
413.81137800216675,0.0,255.0,199.84,99.0,,,,,,,
414.01161456108093,-0.26,255.0,199.36,129.0,,,,,,,
414.1043541431427,0.0,255.0,199.36,130.0,,,,,,,
414.21336698532104,-0.26,255.0,199.36,131.0,,,,,,,
414.30606150627136,0.0,255.0,199.36,132.0,,,,,,,
414.4450318813324,0.0,255.0,198.88,162.0,,,,,,,
414.5215570926666,0.0,255.0,199.36,134.0,,,,,,,
414.6304302215576,0.26,255.0,198.88,165.0,,,,,,,
414.7371461391449,-0.26,255.0,198.88,166.0,,,,,,,
414.92254996299744,-0.26,255.0,198.88,169.0,,,,,,,
415.123083114624,-0.13,255.0,198.88,172.0,,,,,,,
415.32577776908875,0.26,255.0,198.88,175.0,,,,,,,
415.52620220184326,0.0,255.0,198.88,178.0,,,,,,,
415.61947751045227,0.0,255.0,198.88,179.0,,,,,,,
415.7281537055969,0.0,255.0,198.88,181.0,,,,,,,
415.83720207214355,0.0,255.0,198.88,182.0,,,,,,,
416.053426027298,0.0,255.0,198.88,185.0,,,,,,,
416.2244162559509,0.0,255.0,198.88,188.0,,,,,,,
416.51973366737366,0.0,255.0,198.41,222.0,,,,,,,
416.62861943244934,0.0,255.0,198.88,195.0,,,,,,,
416.736976146698,0.0,255.0,198.88,197.0,,,,,,,
416.8301327228546,0.0,255.0,198.88,198.0,,,,,,,
417.0481412410736,0.0,255.0,198.41,231.0,,,,,,,
417.1558926105499,0.13,255.0,198.41,233.0,,,,,,,
417.2653889656067,-0.13,255.0,198.41,235.0,,,,,,,
417.4494836330414,-0.26,255.0,198.41,239.0,,,,,,,
417.6376085281372,-0.26,255.0,198.41,244.0,,,,,,,
417.8380253314972,0.0,255.0,198.41,248.0,,,,,,,
418.039434671402,0.0,255.0,198.41,252.0,,,,,,,
418.1318519115448,0.0,255.0,198.41,254.0,,,,,,,
418.24030566215515,0.0,255.0,198.41,255.0,,,,,,,
418.3490107059479,0.0,255.0,198.41,255.0,,,,,,,
418.643296957016,0.0,255.0,198.41,255.0,,,,,,,
418.84442114830017,0.0,255.0,198.41,255.0,,,,,,,
419.0460159778595,0.0,255.0,198.41,255.0,,,,,,,
419.1387951374054,0.0,255.0,198.41,255.0,,,,,,,
419.2487258911133,0.0,255.0,198.41,255.0,,,,,,,
419.3411953449249,0.0,255.0,198.41,255.0,,,,,,,
419.55783009529114,0.13,255.0,198.41,255.0,,,,,,,
419.6673502922058,-0.13,255.0,198.41,255.0,,,,,,,
419.77596259117126,0.13,255.0,198.41,255.0,,,,,,,
419.94876074790955,0.0,255.0,198.41,255.0,,,,,,,
420.15142607688904,0.0,255.0,198.41,255.0,,,,,,,
420.35436606407166,-0.13,255.0,198.41,255.0,,,,,,,
420.55557346343994,0.0,255.0,198.41,255.0,,,,,,,
420.64835953712463,0.0,255.0,198.41,255.0,,,,,,,
420.75640082359314,0.0,255.0,198.41,255.0,,,,,,,
420.9572982788086,0.0,255.0,198.41,255.0,,,,,,,
421.1577594280243,0.0,255.0,198.41,255.0,,,,,,,
421.3615641593933,0.0,255.0,198.41,255.0,,,,,,,
421.54956245422363,0.0,255.0,198.41,255.0,,,,,,,
421.65572333335876,0.0,255.0,198.41,255.0,,,,,,,
421.76330614089966,0.0,255.0,198.41,255.0,,,,,,,
421.8559925556183,0.0,255.0,198.41,255.0,,,,,,,
422.0737991333008,0.0,255.0,198.41,255.0,,,,,,,
422.1822097301483,0.0,255.0,198.41,255.0,,,,,,,
422.29203057289124,0.0,255.0,198.41,255.0,,,,,,,
422.4797487258911,0.26,255.0,198.41,255.0,,,,,,,
422.66658067703247,0.26,255.0,198.41,255.0,,,,,,,
422.8696813583374,0.0,255.0,198.88,231.0,,,,,,,
423.07152223587036,0.0,255.0,198.88,232.0,,,,,,,
423.16469526290894,0.0,255.0,198.41,255.0,,,,,,,
423.2729594707489,0.0,255.0,198.88,233.0,,,,,,,
423.4599611759186,0.0,255.0,198.88,237.0,,,,,,,
423.60073828697205,0.0,255.0,198.88,238.0,,,,,,,
423.7696831226349,0.0,255.0,198.88,241.0,,,,,,,
423.9732267856598,0.0,255.0,198.88,244.0,,,,,,,
424.0655429363251,0.0,255.0,198.88,246.0,,,,,,,
424.17395520210266,0.0,255.0,198.88,247.0,,,,,,,
424.282901763916,0.0,255.0,198.88,249.0,,,,,,,
424.47000432014465,0.0,255.0,198.88,252.0,,,,,,,
424.5944151878357,0.0,255.0,198.88,253.0,,,,,,,
424.70289039611816,0.0,255.0,198.88,255.0,,,,,,,
424.7971398830414,0.0,255.0,198.88,255.0,,,,,,,
424.9718358516693,0.0,255.0,198.88,255.0,,,,,,,
425.17239475250244,-0.13,255.0,198.88,255.0,,,,,,,
425.28068947792053,0.0,255.0,198.88,255.0,,,,,,,
425.3728666305542,0.0,255.0,198.88,255.0,,,,,,,
425.5763454437256,0.0,255.0,198.88,255.0,,,,,,,
425.68668150901794,0.0,255.0,198.88,255.0,,,,,,,
425.7954936027527,0.0,255.0,199.36,226.0,,,,,,,
425.98051404953003,0.0,255.0,199.36,228.0,,,,,,,
426.1836965084076,0.0,255.0,199.36,230.0,,,,,,,
426.3865501880646,0.0,255.0,199.36,232.0,,,,,,,
426.5872483253479,0.0,255.0,199.84,204.0,,,,,,,
426.68107628822327,0.0,255.0,199.36,234.0,,,,,,,
426.78990626335144,0.0,255.0,199.84,205.0,,,,,,,
426.9926452636719,0.0,255.0,199.84,206.0,,,,,,,
427.0993843078613,0.0,255.0,199.84,206.0,,,,,,,
427.2073931694031,0.0,255.0,199.84,206.0,,,,,,,
427.3928134441376,0.0,255.0,199.84,207.0,,,,,,,
427.5966124534607,0.0,255.0,199.84,207.0,,,,,,,
427.7970087528229,0.0,255.0,199.84,208.0,,,,,,,
428.00066351890564,0.0,255.0,199.84,208.0,,,,,,,
428.0942668914795,0.0,255.0,199.84,208.0,,,,,,,
428.2000539302826,0.0,255.0,199.84,209.0,,,,,,,
428.30868697166443,0.0,255.0,200.32,179.0,,,,,,,
428.5254602432251,0.0,255.0,200.32,178.0,,,,,,,
428.63482213020325,0.0,255.0,200.32,178.0,,,,,,,
428.80535650253296,0.0,255.0,200.32,177.0,,,,,,,
429.00660967826843,0.0,255.0,200.32,176.0,,,,,,,
429.10000252723694,0.0,255.0,200.32,176.0,,,,,,,
429.1930751800537,0.0,255.0,200.32,175.0,,,,,,,
429.30199122428894,0.0,255.0,200.32,175.0,,,,,,,
429.50295543670654,0.0,255.0,200.32,174.0,,,,,,,
429.62610912323,0.0,255.0,200.32,174.0,,,,,,,
429.7211821079254,0.0,255.0,200.32,173.0,,,,,,,
429.9077513217926,0.0,255.0,200.32,172.0,,,,,,,
430.1097996234894,0.0,255.0,200.81,141.0,,,,,,,
430.31132197380066,0.0,255.0,200.81,140.0,,,,,,,
430.51368618011475,-1.28,255.0,200.81,138.0,,,,,,,
430.60661339759827,-1.02,255.0,200.32,167.0,,,,,,,
430.7143123149872,-1.53,255.0,200.81,136.0,,,,,,,
430.8210988044739,-0.51,255.0,200.81,135.0,,,,,,,
431.03762912750244,0.0,255.0,200.81,133.0,,,,,,,
431.1464898586273,0.26,255.0,200.81,132.0,,,,,,,
431.3177878856659,-0.26,255.0,200.81,130.0,,,,,,,
431.5180597305298,0.0,255.0,200.81,128.0,,,,,,,
431.61292147636414,0.0,255.0,200.81,126.0,,,,,,,
431.7195038795471,-0.26,255.0,200.81,125.0,,,,,,,
431.8126423358917,0.0,255.0,200.81,124.0,,,,,,,
432.0294804573059,0.0,255.0,200.81,122.0,,,,,,,
432.1402053833008,-0.26,255.0,200.81,121.0,,,,,,,
432.25052642822266,0.0,255.0,200.81,120.0,,,,,,,
432.420777797699,-0.26,255.0,200.81,118.0,,,,,,,
432.6255304813385,-0.26,255.0,200.81,116.0,,,,,,,
432.8280565738678,-0.64,255.0,200.81,113.0,,,,,,,
433.0276126861572,-0.26,255.0,201.3,80.0,,,,,,,
433.1202735900879,0.0,255.0,201.3,79.0,,,,,,,
433.22822976112366,0.0,255.0,200.81,108.0,,,,,,,
433.33746552467346,0.0,255.0,201.3,76.0,,,,,,,
433.5566668510437,0.0,255.0,200.81,104.0,,,,,,,
433.72801446914673,0.0,255.0,201.3,71.0,,,,,,,
433.94535207748413,-0.26,255.0,201.3,67.0,,,,,,,
434.13112711906433,0.0,255.0,201.3,64.0,,,,,,,
434.2255117893219,-0.26,255.0,201.3,62.0,,,,,,,
434.3345115184784,-0.26,255.0,201.3,60.0,,,,,,,
434.5360777378082,0.0,255.0,201.3,57.0,,,,,,,
434.6599202156067,-0.51,255.0,201.3,55.0,,,,,,,
434.7546012401581,-0.26,255.0,200.81,84.0,,,,,,,
434.9424340724945,0.0,255.0,201.3,50.0,,,,,,,
435.12878704071045,-0.26,255.0,201.3,47.0,,,,,,,
435.2366316318512,-0.13,255.0,200.81,76.0,,,,,,,
435.3448922634125,0.13,255.0,201.3,43.0,,,,,,,
435.5305938720703,0.13,255.0,200.81,71.0,,,,,,,
435.64128589630127,-0.13,255.0,201.3,39.0,,,,,,,
435.7499670982361,0.0,255.0,200.81,68.0,,,,,,,
435.85839796066284,0.0,255.0,201.3,36.0,,,,,,,
436.073762178421,0.0,255.0,200.81,64.0,,,,,,,
436.24366521835327,0.0,255.0,200.81,61.0,,,,,,,
436.448114156723,0.0,255.0,200.81,59.0,,,,,,,
436.636442899704,0.0,255.0,200.81,56.0,,,,,,,
436.74542355537415,0.0,255.0,200.81,55.0,,,,,,,
436.8555290699005,0.0,255.0,200.81,54.0,,,,,,,
437.0571527481079,0.0,255.0,200.81,52.0,,,,,,,
437.16730999946594,0.0,255.0,200.81,51.0,,,,,,,
437.2755799293518,0.0,255.0,200.81,50.0,,,,,,,
437.44640588760376,0.0,255.0,200.81,48.0,,,,,,,
437.6469283103943,0.0,255.0,200.81,45.0,,,,,,,
437.75581669807434,0.0,255.0,200.81,44.0,,,,,,,
437.8487751483917,0.0,255.0,200.81,43.0,,,,,,,
438.05054807662964,0.0,255.0,200.81,41.0,,,,,,,
438.1594738960266,0.0,255.0,200.81,40.0,,,,,,,
438.2531907558441,0.0,255.0,200.81,39.0,,,,,,,
438.4544551372528,0.0,255.0,200.81,37.0,,,,,,,
438.58151412010193,0.0,255.0,200.32,67.0,,,,,,,
438.75204157829285,0.0,255.0,200.32,65.0,,,,,,,
438.9550893306732,0.0,255.0,200.32,64.0,,,,,,,
439.06325697898865,0.0,255.0,200.32,64.0,,,,,,,
439.1567668914795,0.0,255.0,200.32,64.0,,,,,,,
439.26525592803955,0.0,255.0,200.32,63.0,,,,,,,
439.35853457450867,-0.26,255.0,200.32,63.0,,,,,,,
439.5740234851837,0.0,255.0,200.32,62.0,,,,,,,
439.6810371875763,0.0,255.0,200.32,61.0,,,,,,,
439.78696370124817,0.0,255.0,200.32,61.0,,,,,,,
439.97080159187317,0.0,255.0,199.84,90.0,,,,,,,
440.1718370914459,0.13,255.0,199.84,90.0,,,,,,,
440.3735966682434,0.13,255.0,199.84,91.0,,,,,,,
440.5603189468384,0.0,255.0,199.84,91.0,,,,,,,
440.67002964019775,0.0,255.0,199.84,91.0,,,,,,,
440.7787494659424,0.0,255.0,199.84,92.0,,,,,,,
440.9649314880371,0.0,255.0,199.84,92.0,,,,,,,
441.104318857193,0.0,255.0,199.84,92.0,,,,,,,
441.27630138397217,0.0,255.0,199.84,93.0,,,,,,,
441.47637820243835,0.0,255.0,199.36,124.0,,,,,,,
441.5682623386383,0.0,255.0,199.36,125.0,,,,,,,
441.67756938934326,0.0,255.0,199.36,126.0,,,,,,,
441.77091789245605,0.0,255.0,198.88,156.0,,,,,,,
441.9737982749939,0.0,255.0,199.36,129.0,,,,,,,
442.0821268558502,0.0,255.0,198.88,159.0,,,,,,,
442.1914598941803,0.0,255.0,198.88,160.0,,,,,,,
442.301557302475,0.0,255.0,198.88,162.0,,,,,,,
442.4716520309448,0.0,255.0,198.88,165.0,,,,,,,
442.6865553855896,0.0,255.0,198.88,168.0,,,,,,,
442.7787594795227,0.13,255.0,198.88,169.0,,,,,,,
442.88521909713745,-0.13,255.0,198.88,171.0,,,,,,,
443.0851845741272,0.0,255.0,198.88,174.0,,,,,,,
443.17876625061035,0.0,255.0,198.88,175.0,,,,,,,
443.3018841743469,0.0,255.0,198.88,177.0,,,,,,,
443.4884104728699,0.0,255.0,198.88,180.0,,,,,,,
443.61318731307983,0.0,255.0,198.88,182.0,,,,,,,
443.7846851348877,0.0,255.0,198.88,185.0,,,,,,,
443.9872305393219,0.0,255.0,198.88,188.0,,,,,,,
444.0949921607971,0.0,255.0,198.41,218.0,,,,,,,
444.1870768070221,0.0,255.0,198.88,191.0,,,,,,,
444.2964789867401,0.0,255.0,198.41,222.0,,,,,,,
444.4847996234894,0.0,255.0,198.41,226.0,,,,,,,
444.6091134548187,0.0,255.0,198.41,227.0,,,,,,,
444.71548223495483,0.0,255.0,198.41,230.0,,,,,,,
444.8256664276123,0.0,255.0,198.41,232.0,,,,,,,
445.09090638160706,0.0,255.0,198.41,238.0,,,,,,,
445.29314255714417,0.0,255.0,198.41,243.0,,,,,,,
445.4949872493744,0.0,255.0,198.41,247.0,,,,,,,
445.60439801216125,0.0,255.0,198.41,249.0,,,,,,,
445.6978280544281,0.0,255.0,198.41,251.0,,,,,,,
445.8056843280792,0.0,255.0,198.41,253.0,,,,,,,
445.990850687027,0.0,255.0,198.41,255.0,,,,,,,
446.1305043697357,0.0,255.0,198.41,255.0,,,,,,,
446.30067014694214,0.0,255.0,198.41,255.0,,,,,,,
446.50325870513916,0.0,255.0,198.41,255.0,,,,,,,
446.61027908325195,0.0,255.0,198.41,255.0,,,,,,,
446.70435643196106,0.0,255.0,198.41,255.0,,,,,,,
446.7990460395813,0.0,255.0,197.95,255.0,,,,,,,
447.00185894966125,0.0,255.0,198.41,255.0,,,,,,,
447.1260166168213,0.0,255.0,198.41,255.0,,,,,,,
447.2358396053314,0.0,255.0,197.95,255.0,,,,,,,
447.3285462856293,0.0,255.0,197.95,255.0,,,,,,,
447.6085503101349,0.0,255.0,198.41,255.0,,,,,,,
447.81116771698,0.0,255.0,197.95,255.0,,,,,,,
448.0118782520294,0.0,255.0,198.41,255.0,,,,,,,
448.10628032684326,0.0,255.0,197.95,255.0,,,,,,,
448.21692633628845,0.0,255.0,198.41,255.0,,,,,,,
448.32663321495056,0.0,255.0,198.41,255.0,,,,,,,
448.54314637184143,0.0,255.0,198.41,255.0,,,,,,,
448.65196108818054,0.0,255.0,198.41,255.0,,,,,,,
448.8094832897186,0.0,255.0,198.41,255.0,,,,,,,
449.0116140842438,0.0,255.0,198.41,255.0,,,,,,,
449.12066674232483,0.0,255.0,198.41,255.0,,,,,,,
449.21355414390564,0.0,255.0,198.41,255.0,,,,,,,
449.3214247226715,0.0,255.0,198.41,255.0,,,,,,,
449.5263316631317,0.0,255.0,198.41,255.0,,,,,,,
449.6335470676422,0.0,255.0,198.41,255.0,,,,,,,
449.7418689727783,0.0,255.0,198.41,255.0,,,,,,,
449.85063910484314,0.0,255.0,198.41,255.0,,,,,,,
450.12943172454834,0.0,255.0,198.41,255.0,,,,,,,
450.3181493282318,-0.13,255.0,198.41,255.0,,,,,,,
450.5194709300995,-0.13,255.0,198.41,255.0,,,,,,,
450.6283175945282,0.0,255.0,198.88,228.0,,,,,,,
450.7379834651947,0.0,255.0,198.41,255.0,,,,,,,
450.83258414268494,0.0,255.0,198.88,229.0,,,,,,,
451.0642876625061,0.0,255.0,198.88,233.0,,,,,,,
451.2335150241852,0.0,255.0,198.88,236.0,,,,,,,
451.4513030052185,0.0,255.0,198.88,239.0,,,,,,,
451.64039158821106,0.0,255.0,198.88,242.0,,,,,,,
451.7350261211395,0.0,255.0,198.88,243.0,,,,,,,
451.84157729148865,0.0,255.0,198.88,245.0,,,,,,,
452.04371213912964,0.0,255.0,198.88,248.0,,,,,,,
452.1530683040619,0.0,255.0,198.88,249.0,,,,,,,
452.2626338005066,0.0,255.0,198.88,251.0,,,,,,,
452.5427007675171,0.0,255.0,198.88,255.0,,,,,,,
452.7433121204376,0.0,255.0,198.88,255.0,,,,,,,
452.83797311782837,0.13,255.0,198.88,255.0,,,,,,,
453.04121446609497,0.13,255.0,198.88,255.0,,,,,,,
453.13489747047424,-0.26,255.0,198.88,255.0,,,,,,,
453.2427191734314,0.0,255.0,198.88,255.0,,,,,,,
453.351261138916,0.0,255.0,198.88,255.0,,,,,,,
453.5679235458374,0.0,255.0,199.36,227.0,,,,,,,
453.67512702941895,0.0,255.0,199.36,228.0,,,,,,,
453.84707856178284,0.0,255.0,199.36,230.0,,,,,,,
454.04939317703247,0.0,255.0,199.36,232.0,,,,,,,
454.14301347732544,0.0,255.0,199.84,203.0,,,,,,,
454.2506194114685,0.0,255.0,199.84,203.0,,,,,,,
454.344197511673,0.0,255.0,199.84,204.0,,,,,,,
454.56059169769287,0.0,255.0,199.84,204.0,,,,,,,
454.6711573600769,0.0,255.0,199.84,204.0,,,,,,,
454.7796702384949,0.0,255.0,199.84,204.0,,,,,,,
454.9498641490936,0.0,255.0,199.84,205.0,,,,,,,
455.1518476009369,0.0,255.0,199.84,205.0,,,,,,,
455.35482954978943,0.0,255.0,199.84,206.0,,,,,,,
455.5563578605652,-0.13,255.0,200.32,176.0,,,,,,,
455.6501798629761,0.13,255.0,199.84,206.0,,,,,,,
455.75866770744324,-0.13,255.0,200.32,176.0,,,,,,,
455.95941710472107,0.0,255.0,200.32,176.0,,,,,,,
456.15967559814453,0.0,255.0,200.32,175.0,,,,,,,
456.35972261428833,0.0,255.0,200.32,174.0,,,,,,,
456.5595052242279,0.0,255.0,200.32,174.0,,,,,,,
456.667512178421,0.0,255.0,200.32,173.0,,,,,,,
456.7604236602783,0.0,255.0,200.32,173.0,,,,,,,
456.8688144683838,0.0,255.0,200.32,172.0,,,,,,,
457.0693781375885,0.0,255.0,200.32,171.0,,,,,,,
457.1787393093109,0.0,255.0,200.32,171.0,,,,,,,
457.28689980506897,0.0,255.0,200.32,171.0,,,,,,,
457.4714343547821,0.0,255.0,200.32,170.0,,,,,,,
457.6746816635132,0.0,255.0,200.32,169.0,,,,,,,
457.86258268356323,0.13,255.0,200.81,137.0,,,,,,,
458.06432485580444,0.13,255.0,200.81,135.0,,,,,,,
458.1733613014221,-0.13,255.0,200.81,134.0,,,,,,,
458.2821829319,0.13,255.0,200.81,133.0,,,,,,,
458.4831852912903,0.0,255.0,200.81,131.0,,,,,,,
458.6081337928772,0.0,255.0,200.81,130.0,,,,,,,
458.7783782482147,0.0,255.0,200.81,128.0,,,,,,,
458.981076002121,0.0,255.0,200.81,125.0,,,,,,,
459.1833004951477,0.0,255.0,200.81,123.0,,,,,,,
459.27800035476685,0.0,255.0,200.81,122.0,,,,,,,
459.4792742729187,0.0,255.0,200.81,120.0,,,,,,,
459.5894215106964,0.0,255.0,201.3,88.0,,,,,,,
459.6985456943512,0.0,255.0,200.81,118.0,,,,,,,
459.80790400505066,0.0,255.0,200.81,116.0,,,,,,,
460.08593368530273,0.0,255.0,200.81,112.0,,,,,,,
460.2895529270172,0.0,255.0,200.81,109.0,,,,,,,
460.38337421417236,0.0,255.0,200.81,108.0,,,,,,,
460.5828597545624,0.0,255.0,201.3,75.0,,,,,,,
460.6909909248352,0.0,255.0,200.81,104.0,,,,,,,
460.7989947795868,0.0,255.0,200.81,102.0,,,,,,,
460.986111164093,0.0,255.0,201.3,70.0,,,,,,,
461.1253731250763,0.0,255.0,201.3,68.0,,,,,,,
461.29611372947693,0.0,255.0,201.3,65.0,,,,,,,
461.4977853298187,0.0,255.0,200.81,92.0,,,,,,,
461.6852922439575,0.0,255.0,200.81,89.0,,,,,,,
461.79568314552307,0.0,255.0,201.3,57.0,,,,,,,
461.9977960586548,0.0,255.0,201.3,54.0,,,,,,,
462.1063687801361,0.0,255.0,201.3,53.0,,,,,,,
462.2162506580353,0.0,255.0,200.81,82.0,,,,,,,
462.32684206962585,0.0,255.0,201.3,49.0,,,,,,,
462.59088706970215,0.0,255.0,200.81,76.0,,,,,,,
462.7927441596985,0.0,255.0,200.81,74.0,,,,,,,
463.0093619823456,0.0,255.0,200.81,71.0,,,,,,,
463.1027398109436,0.0,255.0,200.81,70.0,,,,,,,
463.1951882839203,0.0,255.0,200.81,69.0,,,,,,,
463.3054118156433,0.0,255.0,200.81,68.0,,,,,,,
463.5060908794403,0.0,255.0,200.81,66.0,,,,,,,
463.62870621681213,0.0,255.0,200.81,64.0,,,,,,,
463.73824167251587,0.0,255.0,200.81,63.0,,,,,,,
463.910525560379,0.0,255.0,200.81,61.0,,,,,,,
464.11230063438416,0.0,255.0,200.81,59.0,,,,,,,
464.2055082321167,0.0,255.0,200.81,58.0,,,,,,,
464.2995979785919,0.0,255.0,200.81,57.0,,,,,,,
464.5159156322479,0.0,255.0,200.81,55.0,,,,,,,
464.6242516040802,0.0,255.0,200.81,54.0,,,,,,,
464.73243522644043,0.0,255.0,200.81,52.0,,,,,,,
464.8411548137665,-0.26,255.0,200.81,51.0,,,,,,,
465.1056318283081,0.0,255.0,200.32,78.0,,,,,,,
465.30825304985046,0.0,255.0,200.81,47.0,,,,,,,
465.5102446079254,0.0,255.0,200.81,44.0,,,,,,,
465.61867356300354,0.0,255.0,200.32,74.0,,,,,,,
465.7106029987335,0.0,255.0,200.81,42.0,,,,,,,
465.8186991214752,0.0,255.0,200.32,72.0,,,,,,,
466.0352511405945,0.0,255.0,200.32,71.0,,,,,,,
466.2234079837799,0.0,255.0,200.32,70.0,,,,,,,
466.4412331581116,0.0,255.0,200.32,69.0,,,,,,,
466.6254370212555,0.0,255.0,200.32,68.0,,,,,,,
466.71961069107056,0.0,255.0,200.32,68.0,,,,,,,
466.8281772136688,0.0,255.0,200.32,67.0,,,,,,,
467.03120970726013,0.0,255.0,200.32,66.0,,,,,,,
467.14081048965454,0.0,255.0,200.32,66.0,,,,,,,
467.2493886947632,0.0,255.0,200.32,66.0,,,,,,,
467.35801434516907,0.0,255.0,200.32,65.0,,,,,,,
467.62162160873413,0.0,255.0,199.84,95.0,,,,,,,
467.82296538352966,0.0,255.0,199.84,95.0,,,,,,,
468.02694368362427,0.0,255.0,199.84,96.0,,,,,,,
468.13630986213684,0.0,255.0,199.84,96.0,,,,,,,
468.22856044769287,0.0,255.0,199.84,96.0,,,,,,,
468.3364038467407,0.0,255.0,199.84,96.0,,,,,,,
468.55277395248413,0.0,255.0,199.84,97.0,,,,,,,
468.66099095344543,0.0,255.0,199.36,127.0,,,,,,,
468.8320960998535,0.0,255.0,199.36,128.0,,,,,,,
469.03358483314514,0.0,255.0,199.36,129.0,,,,,,,
469.14227199554443,0.0,255.0,199.36,130.0,,,,,,,
469.2353925704956,0.0,255.0,199.36,131.0,,,,,,,
469.34326553344727,0.0,255.0,199.36,132.0,,,,,,,
469.5473299026489,0.0,255.0,199.36,134.0,,,,,,,
469.6555609703064,0.0,255.0,198.88,164.0,,,,,,,
469.7617654800415,0.0,255.0,198.88,165.0,,,,,,,
469.946786403656,0.0,255.0,198.88,168.0,,,,,,,
470.14800000190735,0.0,255.0,198.88,171.0,,,,,,,
470.33555722236633,0.0,255.0,198.88,174.0,,,,,,,
470.55131220817566,0.0,255.0,198.88,177.0,,,,,,,
470.6411192417145,0.0,255.0,198.88,179.0,,,,,,,
470.74906158447266,0.0,255.0,198.88,180.0,,,,,,,
470.8563733100891,0.0,255.0,198.88,182.0,,,,,,,
471.0741789340973,0.0,255.0,198.88,185.0,,,,,,,
471.18336844444275,0.0,255.0,198.88,186.0,,,,,,,
471.35557746887207,0.0,255.0,198.88,189.0,,,,,,,
471.5577561855316,0.0,255.0,198.88,192.0,,,,,,,
471.7451422214508,0.0,255.0,198.88,195.0,,,,,,,
471.8543155193329,0.0,255.0,198.41,226.0,,,,,,,
472.05431962013245,0.0,255.0,198.41,230.0,,,,,,,
472.1639983654022,0.0,255.0,198.41,232.0,,,,,,,
472.27428579330444,0.0,255.0,198.41,234.0,,,,,,,
472.4605801105499,0.0,255.0,198.41,238.0,,,,,,,
472.66025495529175,0.0,255.0,198.41,242.0,,,,,,,
472.8609540462494,0.0,255.0,198.41,247.0,,,,,,,
473.06228494644165,0.0,255.0,198.41,251.0,,,,,,,
473.15437507629395,0.0,255.0,197.95,255.0,,,,,,,
473.26361751556396,0.0,255.0,198.41,253.0,,,,,,,
473.4658372402191,0.0,255.0,198.41,255.0,,,,,,,
473.59116530418396,0.0,255.0,198.41,255.0,,,,,,,
473.6997036933899,0.0,255.0,198.41,255.0,,,,,,,
473.8697028160095,0.0,255.0,198.41,255.0,,,,,,,
474.0710108280182,0.0,255.0,198.41,255.0,,,,,,,
474.1646137237549,0.0,255.0,197.95,255.0,,,,,,,
474.27169585227966,0.0,255.0,198.41,255.0,,,,,,,
474.36528062820435,0.0,255.0,198.41,255.0,,,,,,,
474.58336544036865,0.0,255.0,198.41,255.0,,,,,,,
474.67654633522034,0.0,255.0,198.41,255.0,,,,,,,
474.7853910923004,0.0,255.0,198.41,255.0,,,,,,,
474.97186303138733,0.0,255.0,198.41,255.0,,,,,,,
475.1742742061615,0.0,255.0,197.95,255.0,,,,,,,
475.37784910202026,0.0,255.0,198.41,255.0,,,,,,,
475.57779479026794,0.0,255.0,198.41,255.0,,,,,,,
475.67061614990234,0.0,255.0,198.41,255.0,,,,,,,
475.7788074016571,0.0,255.0,198.41,255.0,,,,,,,
475.98123359680176,0.0,255.0,198.41,255.0,,,,,,,
476.1043243408203,0.0,255.0,198.41,255.0,,,,,,,
476.2113482952118,0.0,255.0,198.41,255.0,,,,,,,
476.38158988952637,0.0,255.0,198.41,255.0,,,,,,,
476.67747497558594,0.0,255.0,198.41,255.0,,,,,,,
476.786536693573,0.0,255.0,198.41,255.0,,,,,,,
476.97429847717285,0.0,255.0,198.41,255.0,,,,,,,
477.0827980041504,0.0,255.0,198.41,255.0,,,,,,,
477.19167160987854,0.0,255.0,198.41,255.0,,,,,,,
477.3141987323761,0.0,255.0,198.41,255.0,,,,,,,
477.5932984352112,0.0,255.0,198.41,255.0,,,,,,,
477.7806022167206,0.0,255.0,198.88,228.0,,,,,,,
477.8899519443512,0.0,255.0,198.41,255.0,,,,,,,
478.0921230316162,0.0,255.0,198.88,231.0,,,,,,,
478.18515706062317,0.0,255.0,198.88,233.0,,,,,,,
478.29378867149353,0.0,255.0,198.88,234.0,,,,,,,
478.49519896507263,0.0,255.0,198.88,237.0,,,,,,,
478.6195902824402,0.0,255.0,198.88,239.0,,,,,,,
478.7276065349579,0.0,255.0,198.88,240.0,,,,,,,
478.89679479599,0.0,255.0,198.88,243.0,,,,,,,
479.10046768188477,0.0,255.0,198.88,246.0,,,,,,,
479.1943316459656,0.0,255.0,198.88,248.0,,,,,,,
479.3024368286133,0.0,255.0,198.88,249.0,,,,,,,
479.4894051551819,0.0,255.0,198.88,252.0,,,,,,,
479.5988049507141,0.0,255.0,198.88,254.0,,,,,,,
479.70827865600586,0.0,255.0,198.88,255.0,,,,,,,
479.81744861602783,0.0,255.0,198.88,255.0,,,,,,,
480.0346417427063,0.0,255.0,198.88,255.0,,,,,,,
480.2080497741699,0.0,255.0,198.88,255.0,,,,,,,
480.503093957901,0.0,255.0,198.88,255.0,,,,,,,
480.6112062931061,0.0,255.0,199.36,226.0,,,,,,,
480.70559883117676,-0.26,255.0,199.36,227.0,,,,,,,
480.8137757778168,0.26,255.0,199.36,228.0,,,,,,,
481.03283047676086,0.0,255.0,199.36,230.0,,,,,,,
481.14081835746765,0.0,255.0,199.36,231.0,,,,,,,
481.312162399292,0.0,255.0,199.36,232.0,,,,,,,
481.5141077041626,0.0,255.0,199.84,204.0,,,,,,,
481.71692180633545,0.0,255.0,199.84,204.0,,,,,,,
481.81048035621643,0.0,255.0,199.84,205.0,,,,,,,
482.0121178627014,0.0,255.0,199.84,205.0,,,,,,,
482.11936616897583,0.0,255.0,199.84,205.0,,,,,,,
482.2278137207031,0.0,255.0,199.84,206.0,,,,,,,
482.3359386920929,0.0,255.0,199.84,206.0,,,,,,,
482.61493825912476,0.0,255.0,199.84,206.0,,,,,,,
482.81733655929565,-1.28,255.0,199.84,207.0,,,,,,,
483.0198550224304,0.26,255.0,199.84,207.0,,,,,,,
483.12903785705566,-0.26,255.0,199.84,207.0,,,,,,,
483.2210969924927,0.26,255.0,200.32,177.0,,,,,,,
483.32889699935913,0.0,255.0,199.84,207.0,,,,,,,
483.54781103134155,0.0,255.0,200.32,177.0,,,,,,,
483.65740990638733,0.0,255.0,200.32,176.0,,,,,,,
483.8282721042633,0.13,255.0,200.32,176.0,,,,,,,
484.0303180217743,0.0,255.0,200.32,175.0,,,,,,,
484.23207449913025,0.0,255.0,200.32,174.0,,,,,,,
484.3257372379303,0.0,255.0,200.32,173.0,,,,,,,
484.52803206443787,0.0,255.0,200.32,173.0,,,,,,,
484.63643860816956,0.0,255.0,200.81,142.0,,,,,,,
484.74655961990356,0.0,255.0,200.32,172.0,,,,,,,
484.8542423248291,-0.26,255.0,200.32,171.0,,,,,,,
485.1332845687866,0.0,255.0,200.81,138.0,,,,,,,
485.33491611480713,0.0,255.0,200.81,136.0,,,,,,,
485.5368309020996,0.0,255.0,200.81,134.0,,,,,,,
485.6300230026245,0.0,255.0,200.81,133.0,,,,,,,
485.73873949050903,0.0,255.0,200.81,132.0,,,,,,,
485.84721994400024,0.0,255.0,200.81,130.0,,,,,,,
486.062504529953,0.0,255.0,200.81,128.0,,,,,,,
486.169664144516,0.0,255.0,200.81,127.0,,,,,,,
486.3399875164032,0.0,255.0,200.81,124.0,,,,,,,
486.54319858551025,-0.13,255.0,200.81,122.0,,,,,,,
486.7450284957886,-0.13,255.0,200.81,120.0,,,,,,,
486.83782744407654,0.13,255.0,200.81,119.0,,,,,,,
487.03711128234863,0.13,255.0,200.81,117.0,,,,,,,
487.14671993255615,-0.13,255.0,200.81,116.0,,,,,,,
487.25418996810913,0.0,255.0,200.81,114.0,,,,,,,
487.45682287216187,0.0,255.0,200.81,112.0,,,,,,,
487.6436951160431,0.0,255.0,200.81,109.0,,,,,,,
487.84737491607666,0.0,255.0,201.3,76.0,,,,,,,
488.04774379730225,0.0,255.0,201.3,73.0,,,,,,,
488.15594267845154,0.0,255.0,201.3,72.0,,,,,,,
488.250075340271,0.0,255.0,201.3,70.0,,,,,,,
488.345237493515,0.0,255.0,201.3,68.0,,,,,,,
488.58041882514954,0.0,255.0,201.3,65.0,,,,,,,
488.75107622146606,0.0,255.0,201.3,61.0,,,,,,,
488.95142793655396,0.0,255.0,201.3,58.0,,,,,,,
489.15340280532837,-0.13,255.0,201.3,54.0,,,,,,,
489.2468020915985,0.13,255.0,200.81,83.0,,,,,,,
489.3542470932007,-0.13,255.0,200.81,82.0,,,,,,,
489.5539255142212,-0.13,255.0,201.3,49.0,,,,,,,
489.67673444747925,0.0,255.0,200.81,77.0,,,,,,,
489.7696840763092,-0.13,255.0,201.3,45.0,,,,,,,
489.954464673996,0.0,255.0,200.81,73.0,,,,,,,
490.15679001808167,0.0,255.0,201.3,40.0,,,,,,,
490.3593821525574,0.0,255.0,200.81,67.0,,,,,,,
490.56247758865356,0.0,255.0,200.81,64.0,,,,,,,
490.6713218688965,0.0,255.0,201.3,33.0,,,,,,,
490.76326155662537,0.0,255.0,200.81,62.0,,,,,,,
490.9662148952484,0.0,255.0,200.81,59.0,,,,,,,
491.09187746047974,0.0,255.0,200.81,58.0,,,,,,,
491.1989731788635,0.0,255.0,200.81,57.0,,,,,,,
491.37037205696106,-0.13,255.0,200.81,55.0,,,,,,,
491.5740010738373,0.0,255.0,200.81,53.0,,,,,,,
491.7757580280304,0.0,255.0,200.81,51.0,,,,,,,
491.8684084415436,0.0,255.0,200.81,50.0,,,,,,,
492.06736063957214,0.0,255.0,200.81,47.0,,,,,,,
492.19107937812805,0.0,255.0,200.81,46.0,,,,,,,
492.2998378276825,0.0,255.0,200.81,45.0,,,,,,,
492.4704258441925,0.0,255.0,200.81,43.0,,,,,,,
492.67210388183594,0.0,255.0,200.81,41.0,,,,,,,
492.871719121933,0.0,255.0,200.32,69.0,,,,,,,
493.07376527786255,0.0,255.0,200.32,67.0,,,,,,,
493.1820628643036,0.0,255.0,200.32,66.0,,,,,,,
493.274373292923,0.0,255.0,200.32,66.0,,,,,,,
493.47596287727356,0.0,255.0,200.32,65.0,,,,,,,
493.61626267433167,0.0,255.0,200.81,34.0,,,,,,,
493.7096652984619,0.0,255.0,200.32,64.0,,,,,,,
493.8806993961334,0.0,255.0,200.32,63.0,,,,,,,
494.08206844329834,0.0,255.0,200.32,62.0,,,,,,,
494.18966841697693,-0.26,255.0,200.32,62.0,,,,,,,
494.28213357925415,0.0,255.0,200.32,61.0,,,,,,,
494.4834945201874,0.13,255.0,199.84,90.0,,,,,,,
494.5934796333313,0.0,255.0,199.84,90.0,,,,,,,
494.70162653923035,0.0,255.0,199.84,90.0,,,,,,,
494.8092141151428,0.0,255.0,199.84,91.0,,,,,,,
495.02474784851074,-0.26,255.0,199.84,91.0,,,,,,,
495.1957314014435,0.0,255.0,199.84,91.0,,,,,,,
495.3948276042938,0.0,255.0,199.84,92.0,,,,,,,
495.59586930274963,-0.26,255.0,199.84,92.0,,,,,,,
495.6885178089142,0.0,255.0,199.84,93.0,,,,,,,
495.7968313694,0.0,255.0,199.84,93.0,,,,,,,
495.9978528022766,0.0,255.0,199.84,93.0,,,,,,,
496.1213505268097,-0.26,255.0,199.84,94.0,,,,,,,
496.230215549469,0.0,255.0,199.36,124.0,,,,,,,
496.4029676914215,0.0,255.0,199.36,125.0,,,,,,,
496.6041033267975,0.0,255.0,199.36,126.0,,,,,,,
496.791442155838,0.0,255.0,198.88,158.0,,,,,,,
496.9922311306,0.0,255.0,198.88,161.0,,,,,,,
497.1006393432617,0.13,255.0,198.88,163.0,,,,,,,
497.2085647583008,-0.13,255.0,198.88,164.0,,,,,,,
497.31721210479736,0.13,255.0,198.88,166.0,,,,,,,
497.5961811542511,-0.13,255.0,198.88,170.0,,,,,,,
497.8114378452301,0.0,255.0,198.88,173.0,,,,,,,
498.0119924545288,0.0,255.0,198.88,176.0,,,,,,,
498.10544300079346,0.0,255.0,198.88,178.0,,,,,,,
498.2138373851776,0.0,255.0,198.88,179.0,,,,,,,
498.3089220523834,0.0,255.0,198.88,181.0,,,,,,,
498.52692317962646,0.0,255.0,198.88,184.0,,,,,,,
498.6358971595764,0.0,255.0,198.41,215.0,,,,,,,
498.7444887161255,0.0,255.0,198.88,187.0,,,,,,,
498.9150552749634,0.0,255.0,198.41,220.0,,,,,,,
499.1154808998108,0.0,255.0,198.88,194.0,,,,,,,
499.21023750305176,0.0,255.0,198.41,225.0,,,,,,,
499.31791400909424,0.0,255.0,198.41,227.0,,,,,,,
499.51827335357666,0.0,255.0,198.41,231.0,,,,,,,
499.6135182380676,0.0,255.0,198.41,233.0,,,,,,,
499.7381920814514,0.0,255.0,198.41,235.0,,,,,,,
499.8317484855652,0.0,255.0,198.41,237.0,,,,,,,
500.1113796234131,0.0,255.0,198.41,244.0,,,,,,,
500.3123905658722,0.0,255.0,198.41,248.0,,,,,,,
500.5141832828522,0.0,255.0,198.41,253.0,,,,,,,
500.62439727783203,0.0,255.0,198.41,255.0,,,,,,,
500.71864438056946,0.0,255.0,198.41,255.0,,,,,,,
500.82767248153687,0.0,255.0,198.41,255.0,,,,,,,
501.0442500114441,0.0,255.0,198.41,255.0,,,,,,,
501.154501914978,0.0,255.0,198.41,255.0,,,,,,,
501.324875831604,0.0,255.0,198.41,255.0,,,,,,,
501.52738881111145,0.0,255.0,198.41,255.0,,,,,,,
501.73084354400635,0.0,255.0,198.41,255.0,,,,,,,
501.8235239982605,0.0,255.0,198.41,255.0,,,,,,,
502.0267014503479,0.0,255.0,197.95,255.0,,,,,,,
502.1347804069519,0.0,255.0,197.95,255.0,,,,,,,
502.2431743144989,0.0,255.0,198.41,254.0,,,,,,,
502.3513412475586,0.0,255.0,198.41,255.0,,,,,,,
502.5698118209839,0.0,255.0,198.41,255.0,,,,,,,
502.7408092021942,0.0,255.0,198.41,255.0,,,,,,,
502.94424653053284,0.0,255.0,198.41,255.0,,,,,,,
503.03641080856323,0.0,255.0,198.41,255.0,,,,,,,
503.1287741661072,0.0,255.0,198.41,255.0,,,,,,,
503.2378590106964,0.0,255.0,198.41,255.0,,,,,,,
503.34735679626465,0.0,255.0,198.41,255.0,,,,,,,
503.56463146209717,0.0,255.0,198.41,255.0,,,,,,,
503.6739010810852,0.0,255.0,198.41,255.0,,,,,,,
503.8449721336365,0.0,255.0,198.41,255.0,,,,,,,
504.0474886894226,0.0,255.0,198.41,255.0,,,,,,,
504.24942779541016,0.0,255.0,198.41,255.0,,,,,,,
504.3431360721588,0.0,255.0,198.41,255.0,,,,,,,
504.5469546318054,0.0,255.0,198.41,255.0,,,,,,,
504.65617084503174,0.0,255.0,198.41,255.0,,,,,,,
504.76522731781006,0.0,255.0,198.41,255.0,,,,,,,
504.94996404647827,0.0,255.0,198.41,255.0,,,,,,,
505.15109872817993,-0.13,255.0,198.41,255.0,,,,,,,
505.3521342277527,0.13,255.0,198.41,255.0,,,,,,,
505.5540997982025,0.0,255.0,198.88,229.0,,,,,,,
505.6489634513855,0.0,255.0,198.88,231.0,,,,,,,
505.75899147987366,0.0,255.0,198.88,233.0,,,,,,,
505.85302233695984,0.0,255.0,198.88,234.0,,,,,,,
506.0696966648102,0.0,255.0,198.88,237.0,,,,,,,
506.17720317840576,0.0,255.0,198.88,239.0,,,,,,,
506.3612492084503,0.0,255.0,198.88,242.0,,,,,,,
506.66051292419434,0.0,255.0,198.88,246.0,,,,,,,
506.7546157836914,0.0,255.0,198.88,248.0,,,,,,,
506.86477994918823,0.0,255.0,198.88,249.0,,,,,,,
507.05290937423706,0.0,255.0,198.88,252.0,,,,,,,
507.1613013744354,0.0,255.0,198.88,254.0,,,,,,,
507.2714388370514,0.0,255.0,198.88,255.0,,,,,,,
507.45773911476135,0.0,255.0,198.88,255.0,,,,,,,
507.598375082016,0.0,255.0,198.88,255.0,,,,,,,
507.7685945034027,0.0,255.0,198.88,255.0,,,,,,,
507.97094106674194,0.0,255.0,198.88,255.0,,,,,,,
508.06515526771545,0.0,255.0,199.36,226.0,,,,,,,
508.1600515842438,0.13,255.0,199.36,227.0,,,,,,,
508.2684962749481,-0.13,255.0,199.36,228.0,,,,,,,
508.46964263916016,0.0,255.0,199.36,230.0,,,,,,,
508.59316873550415,0.0,255.0,199.36,231.0,,,,,,,
508.7008674144745,0.0,255.0,199.36,231.0,,,,,,,
508.87218594551086,0.0,255.0,199.84,203.0,,,,,,,
509.0776662826538,0.0,255.0,199.36,233.0,,,,,,,
509.27851033210754,0.0,255.0,199.84,205.0,,,,,,,
509.3713653087616,0.0,255.0,199.84,205.0,,,,,,,
509.5747857093811,0.0,255.0,199.84,205.0,,,,,,,
509.6818685531616,0.0,255.0,199.84,206.0,,,,,,,
509.78952717781067,0.0,255.0,199.84,206.0,,,,,,,
509.97642636299133,0.0,255.0,199.84,206.0,,,,,,,
510.18145275115967,0.0,255.0,199.84,207.0,,,,,,,
510.38311982154846,0.0,255.0,199.84,207.0,,,,,,,
510.5847041606903,0.0,255.0,199.84,207.0,,,,,,,
510.6779148578644,0.0,255.0,200.32,177.0,,,,,,,
510.7890522480011,0.0,255.0,200.32,177.0,,,,,,,
510.97563910484314,0.0,255.0,200.32,176.0,,,,,,,
511.0997049808502,0.0,255.0,200.32,176.0,,,,,,,
511.2078936100006,0.0,255.0,200.32,175.0,,,,,,,
511.37909054756165,0.0,255.0,200.32,175.0,,,,,,,
511.5796890258789,0.0,255.0,200.32,174.0,,,,,,,
511.6890552043915,0.0,255.0,200.32,173.0,,,,,,,
511.79734206199646,0.0,255.0,200.32,173.0,,,,,,,
511.9827980995178,0.0,255.0,200.32,172.0,,,,,,,
512.0909147262573,0.0,255.0,200.81,141.0,,,,,,,
512.1981959342957,0.0,255.0,200.81,141.0,,,,,,,
512.3071389198303,0.0,255.0,200.81,139.0,,,,,,,
512.525603055954,0.0,255.0,200.81,137.0,,,,,,,
512.6969585418701,0.0,255.0,200.32,165.0,,,,,,,
512.8982026576996,0.0,255.0,200.81,134.0,,,,,,,
513.1010191440582,0.0,255.0,200.81,132.0,,,,,,,
513.1947271823883,0.0,255.0,200.81,131.0,,,,,,,
513.3042898178101,0.0,255.0,200.81,130.0,,,,,,,
513.4898827075958,0.13,255.0,200.81,128.0,,,,,,,
513.6154892444611,0.0,255.0,200.81,127.0,,,,,,,
513.7257153987885,0.0,255.0,200.81,125.0,,,,,,,
513.8347997665405,-0.13,255.0,200.81,124.0,,,,,,,
514.0980498790741,0.0,255.0,200.81,121.0,,,,,,,
514.2066066265106,0.0,255.0,200.81,120.0,,,,,,,
514.298698425293,0.0,255.0,200.81,119.0,,,,,,,
514.4390206336975,0.0,255.0,200.81,118.0,,,,,,,
514.6114449501038,0.0,255.0,200.81,116.0,,,,,,,
514.7215049266815,0.0,255.0,200.81,115.0,,,,,,,
514.827036857605,0.0,255.0,200.81,113.0,,,,,,,
515.0419323444366,0.0,255.0,200.81,111.0,,,,,,,
515.2123427391052,0.0,255.0,201.3,78.0,,,,,,,
515.5086271762848,0.0,255.0,200.81,104.0,,,,,,,
515.6141300201416,0.0,255.0,200.81,103.0,,,,,,,
515.7081677913666,0.0,255.0,201.3,72.0,,,,,,,
515.8179879188538,0.0,255.0,200.81,101.0,,,,,,,
516.0353984832764,0.0,255.0,201.3,68.0,,,,,,,
516.1434810161591,0.0,255.0,200.81,97.0,,,,,,,
516.2365922927856,0.0,255.0,201.3,65.0,,,,,,,
516.4206395149231,0.0,255.0,201.3,62.0,,,,,,,
516.6223843097687,0.0,255.0,201.3,58.0,,,,,,,
516.8214585781097,0.0,255.0,201.3,55.0,,,,,,,
517.0215291976929,0.0,255.0,201.3,52.0,,,,,,,
517.1145706176758,0.0,255.0,200.81,81.0,,,,,,,
517.2228271961212,0.0,255.0,201.3,49.0,,,,,,,
517.3455574512482,0.0,255.0,200.81,78.0,,,,,,,
517.6239047050476,0.0,255.0,200.81,73.0,,,,,,,
517.8269367218018,0.0,255.0,201.3,40.0,,,,,,,
518.0292551517487,0.0,255.0,200.81,68.0,,,,,,,
518.1228048801422,0.0,255.0,201.3,35.0,,,,,,,
518.2318480014801,0.0,255.0,200.81,65.0,,,,,,,
518.324958562851,0.0,255.0,200.81,63.0,,,,,,,
518.5440464019775,0.0,255.0,200.81,61.0,,,,,,,
518.651859998703,0.0,255.0,200.81,60.0,,,,,,,
518.759927034378,0.0,255.0,200.81,59.0,,,,,,,
518.9464912414551,0.0,255.0,200.81,57.0,,,,,,,
519.1344530582428,0.0,255.0,200.81,54.0,,,,,,,
519.2269716262817,0.0,255.0,200.81,53.0,,,,,,,
519.3359158039093,0.0,255.0,200.81,52.0,,,,,,,
519.5375587940216,0.0,255.0,200.32,80.0,,,,,,,
519.6452877521515,0.0,255.0,200.81,48.0,,,,,,,
519.7387595176697,0.0,255.0,200.81,48.0,,,,,,,
519.8483655452728,0.0,255.0,200.81,47.0,,,,,,,
520.0685110092163,0.0,255.0,200.32,75.0,,,,,,,
520.2383728027344,0.0,255.0,200.81,43.0,,,,,,,
520.4410922527313,0.0,255.0,200.32,71.0,,,,,,,
520.5345833301544,0.0,255.0,200.32,70.0,,,,,,,
520.6441404819489,0.0,255.0,200.32,70.0,,,,,,,
520.7383425235748,0.0,255.0,200.32,69.0,,,,,,,
520.8465082645416,0.0,255.0,200.32,69.0,,,,,,,
521.0483155250549,0.0,255.0,200.32,68.0,,,,,,,
521.1723012924194,0.0,255.0,200.32,68.0,,,,,,,
521.3428797721863,0.0,255.0,200.32,67.0,,,,,,,
521.5437605381012,0.0,255.0,200.32,65.0,,,,,,,
521.7449595928192,0.0,255.0,200.32,64.0,,,,,,,
521.8549749851227,0.0,255.0,200.32,64.0,,,,,,,
522.0416190624237,0.0,255.0,200.32,63.0,,,,,,,
522.1493539810181,0.0,255.0,199.84,93.0,,,,,,,
522.2585000991821,0.0,255.0,200.32,62.0,,,,,,,
522.443276643753,0.0,255.0,199.84,92.0,,,,,,,
522.6435625553131,0.0,255.0,199.84,93.0,,,,,,,
522.8602921962738,0.0,255.0,199.84,93.0,,,,,,,
523.0459835529327,0.0,255.0,199.84,94.0,,,,,,,
523.1531670093536,0.0,255.0,199.84,94.0,,,,,,,
523.2474956512451,0.0,255.0,199.84,94.0,,,,,,,
523.3555355072021,0.0,255.0,199.84,94.0,,,,,,,
523.5719912052155,0.0,255.0,199.84,95.0,,,,,,,
523.6800498962402,0.0,255.0,199.36,126.0,,,,,,,
523.7903940677643,0.0,255.0,199.84,96.0,,,,,,,
523.9618449211121,0.0,255.0,199.36,127.0,,,,,,,
524.1634283065796,0.0,255.0,199.36,129.0,,,,,,,
524.2575299739838,0.0,255.0,199.36,130.0,,,,,,,
524.3667373657227,0.0,255.0,199.36,131.0,,,,,,,
524.5543985366821,0.0,255.0,198.88,162.0,,,,,,,
524.6612637042999,0.0,255.0,198.88,164.0,,,,,,,
524.7701725959778,0.0,255.0,198.88,165.0,,,,,,,
524.956591129303,0.0,255.0,198.88,168.0,,,,,,,
525.0948212146759,0.0,255.0,198.88,170.0,,,,,,,
525.2657332420349,0.0,255.0,198.88,173.0,,,,,,,
525.4677851200104,0.0,255.0,198.88,176.0,,,,,,,
525.5602307319641,0.0,255.0,198.88,177.0,,,,,,,
525.6701383590698,0.0,255.0,198.88,179.0,,,,,,,
525.76438164711,0.0,255.0,198.88,180.0,,,,,,,
525.9651613235474,0.0,255.0,198.41,213.0,,,,,,,
526.0867755413055,0.0,255.0,198.88,185.0,,,,,,,
526.1948873996735,0.0,255.0,198.88,187.0,,,,,,,
526.3783464431763,0.0,255.0,198.88,190.0,,,,,,,
526.5789885520935,0.0,255.0,198.88,193.0,,,,,,,
526.7798957824707,0.0,255.0,198.88,196.0,,,,,,,
526.8742213249207,0.0,255.0,198.41,227.0,,,,,,,
527.0752174854279,0.0,255.0,198.41,231.0,,,,,,,
527.1843810081482,0.0,255.0,198.41,233.0,,,,,,,
527.2926967144012,0.0,255.0,198.41,235.0,,,,,,,
527.4787681102753,0.0,255.0,198.41,239.0,,,,,,,
527.6792957782745,0.0,255.0,198.41,244.0,,,,,,,
527.8781702518463,0.0,255.0,198.41,248.0,,,,,,,
528.0815963745117,0.0,255.0,198.41,252.0,,,,,,,
528.1893064975739,0.0,255.0,198.41,254.0,,,,,,,
528.2811424732208,0.0,255.0,198.41,255.0,,,,,,,
528.4830346107483,0.0,255.0,198.41,255.0,,,,,,,
528.6058695316315,0.0,255.0,198.41,255.0,,,,,,,
528.7134463787079,0.0,255.0,198.41,255.0,,,,,,,
528.8213431835175,0.0,255.0,198.41,255.0,,,,,,,
529.0847496986389,0.0,255.0,198.41,255.0,,,,,,,
529.1930305957794,0.0,255.0,198.41,255.0,,,,,,,
529.2869708538055,0.0,255.0,198.41,255.0,,,,,,,
529.4885840415955,0.0,255.0,198.41,255.0,,,,,,,
529.5985674858093,0.0,255.0,198.41,255.0,,,,,,,
529.6922421455383,0.0,255.0,198.41,255.0,,,,,,,
529.8155152797699,0.0,255.0,198.41,255.0,,,,,,,
530.03102684021,0.0,255.0,198.41,255.0,,,,,,,
530.2028090953827,0.0,255.0,198.41,255.0,,,,,,,
530.4062232971191,0.0,255.0,198.41,255.0,,,,,,,
530.7009596824646,0.0,255.0,198.41,255.0,,,,,,,
530.7947716712952,0.0,255.0,198.41,255.0,,,,,,,
530.9932565689087,0.0,255.0,198.41,255.0,,,,,,,
531.1109380722046,0.0,255.0,198.41,255.0,,,,,,,
531.2192041873932,0.0,255.0,198.41,255.0,,,,,,,
531.3288779258728,0.0,255.0,198.41,255.0,,,,,,,
531.5958092212677,0.0,255.0,198.41,255.0,,,,,,,
531.6969470977783,0.0,255.0,198.41,255.0,,,,,,,
531.7995805740356,0.0,255.0,198.41,255.0,,,,,,,
532.0025496482849,0.0,255.0,198.41,255.0,,,,,,,
532.1015713214874,0.0,255.0,198.41,255.0,,,,,,,
532.2042663097382,0.0,0.0,198.41,0.0,,,,,,,
532.3134667873383,0.0,0.0,198.41,0.0,,,,,,,
532.5321018695831,0.0,0.0,198.88,0.0,,,,,,,
532.6433618068695,0.0,0.0,198.41,0.0,,,,,,,
532.8123211860657,0.0,0.0,198.88,0.0,,,,,,,
533.2147283554077,0.0,0.0,198.88,0.0,,,,,,,
533.5105164051056,0.0,0.0,198.88,0.0,,,,,,,
533.710889339447,0.0,0.0,198.88,0.0,,,,,,,
533.8178517818451,0.0,0.0,198.88,0.0,,,,,,,
533.9240810871124,0.0,0.0,198.88,0.0,,,,,,,
534.1134140491486,0.0,0.0,198.88,0.0,,,,,,,
534.221266746521,0.0,0.0,198.88,0.0,,,,,,,
534.3164138793945,0.0,0.0,198.88,0.0,,,,,,,
534.4239044189453,0.0,0.0,198.88,0.0,,,,,,,
534.6243269443512,0.0,0.0,198.88,0.0,,,,,,,
534.7170298099518,0.0,0.0,198.88,0.0,,,,,,,
534.8244636058807,0.0,0.0,198.88,0.0,,,,,,,
534.9181380271912,0.0,0.0,198.88,0.0,,,,,,,
535.0563733577728,0.0,0.0,198.88,0.0,,,,,,,
535.2257809638977,0.0,0.0,198.88,0.0,,,,,,,
535.3183345794678,0.0,0.0,198.88,0.0,,,,,,,
535.4592492580414,0.0,0.0,198.88,0.0,,,,,,,
535.5221555233002,0.0,0.0,198.88,0.0,,,,,,,
535.6286869049072,0.0,0.0,198.88,0.0,,,,,,,
535.7207622528076,0.0,0.0,198.88,0.0,,,,,,,
535.8282351493835,0.0,0.0,198.88,0.0,,,,,,,
536.0311930179596,0.0,0.0,198.88,0.0,,,,,,,
536.1389653682709,0.0,0.0,198.88,0.0,,,,,,,
536.2311344146729,0.0,0.0,198.88,0.0,,,,,,,
536.3238742351532,0.0,0.0,198.88,0.0,,,,,,,
536.5253708362579,0.0,0.0,198.88,0.0,,,,,,,
536.6339938640594,0.0,0.0,198.88,0.0,,,,,,,
536.7260844707489,0.0,0.0,198.88,0.0,,,,,,,
536.8340210914612,0.0,0.0,198.88,0.0,,,,,,,
537.0353970527649,0.0,0.0,198.41,0.0,,,,,,,
537.1281816959381,0.0,0.0,198.88,0.0,,,,,,,
537.2352497577667,0.0,0.0,198.41,0.0,,,,,,,
537.3429641723633,0.0,0.0,198.41,0.0,,,,,,,
537.4361734390259,0.0,0.0,198.41,0.0,,,,,,,
537.6359593868256,0.0,0.0,198.41,0.0,,,,,,,
537.7441630363464,0.0,0.0,198.41,0.0,,,,,,,
537.8365318775177,0.0,0.0,198.41,0.0,,,,,,,
537.9736831188202,0.0,0.0,198.41,0.0,,,,,,,
538.034961938858,0.0,0.0,198.41,0.0,,,,,,,
538.1436822414398,0.0,0.0,197.95,0.0,,,,,,,
538.2363641262054,0.0,0.0,198.41,0.0,,,,,,,
538.3452355861664,0.0,0.0,198.41,0.0,,,,,,,
538.5457701683044,0.0,0.0,198.41,0.0,,,,,,,
538.6394789218903,0.0,0.0,197.95,0.0,,,,,,,
538.7470505237579,0.0,0.0,197.95,0.0,,,,,,,
538.8405900001526,0.0,0.0,197.95,0.0,,,,,,,
539.0400693416595,0.0,0.0,197.95,0.0,,,,,,,
539.1492199897766,-0.26,0.0,197.95,0.0,,,,,,,
539.2425558567047,0.0,0.0,197.48,0.0,,,,,,,
539.3492641448975,-0.26,0.0,197.95,0.0,,,,,,,
539.5505106449127,-0.38,0.0,197.95,0.0,,,,,,,
539.6437683105469,-0.13,0.0,197.48,0.0,,,,,,,
539.7530519962311,-0.51,0.0,197.48,0.0,,,,,,,
539.8453407287598,-1.02,0.0,197.48,0.0,,,,,,,
539.9853131771088,-0.26,0.0,197.48,0.0,,,,,,,
540.1535387039185,-0.51,0.0,197.48,0.0,,,,,,,
