Time_s,RPM_Motor,PWM_Motor,Temp_Hotend,PWM_Hotend,t_pid,Kp_Motor,Ki_Motor,Kd_Motor,Kp_Hotend,Ki_Hotend,Kd_Hotend
1.5861420631408691,0.0,0.0,47.72,0.0,,,,,,,
1.6794872283935547,0.0,0.0,47.72,0.0,,,,,,,
1.7874822616577148,0.0,0.0,47.77,0.0,,,,,,,
1.8804478645324707,0.0,0.0,47.81,0.0,,,,,,,
2.080592393875122,0.0,0.0,47.93,0.0,,,,,,,
2.2038986682891846,0.0,0.0,48.0,0.0,,,,,,,
2.314276695251465,0.0,0.0,48.1,0.0,,,,,,,
2.4801559448242188,0.0,0.0,48.21,0.0,,,,,,,
2.680128812789917,0.0,0.0,48.47,0.0,,,,,,,
2.7814717292785645,0.0,0.0,48.53,0.0,,,,,,,
2.884617328643799,0.0,0.0,48.58,0.0,,,,,,,
3.026639223098755,0.0,0.0,48.68,0.0,,,,,,,
3.1867618560791016,0.0,0.0,48.9,0.0,,,,,,,
3.297793388366699,0.0,0.0,48.99,0.0,,,,,,,
3.40470027923584,0.0,0.0,49.05,0.0,,,,,,,
3.623948097229004,0.0,0.0,49.14,0.0,,,,,,,
3.73169207572937,0.0,0.0,49.23,0.0,,,,,,,
3.8905184268951416,0.0,0.0,49.35,0.0,,,,,,,
4.029183864593506,0.0,0.0,49.4,0.0,,,,,,,
4.189913988113403,0.0,146.0,49.55,255.0,,,,,,,
4.290801286697388,0.0,59.0,49.61,255.0,,,,,,,
4.402017116546631,0.0,62.0,49.6,255.0,,,,,,,
4.617845058441162,0.0,67.0,49.73,255.0,,,,,,,
4.727442741394043,0.0,70.0,49.75,255.0,,,,,,,
4.83617639541626,0.0,72.0,49.77,255.0,,,,,,,
5.007611513137817,0.0,78.0,49.84,255.0,,,,,,,
5.2097556591033936,0.0,83.0,49.98,255.0,,,,,,,
5.304461717605591,0.0,86.0,50.05,255.0,,,,,,,
5.412498712539673,0.0,89.0,50.06,255.0,,,,,,,
5.60033655166626,0.0,94.0,50.21,255.0,,,,,,,
5.71063756942749,0.0,97.0,50.29,255.0,,,,,,,
5.818843603134155,0.0,99.0,50.4,255.0,,,,,,,
5.927821397781372,0.0,102.0,50.44,255.0,,,,,,,
6.145171403884888,0.0,108.0,50.62,255.0,,,,,,,
6.316525936126709,0.0,113.0,50.7,255.0,,,,,,,
6.535311222076416,0.0,118.0,50.8,255.0,,,,,,,
6.70635199546814,0.0,124.0,50.91,255.0,,,,,,,
6.814558982849121,0.0,126.0,50.95,255.0,,,,,,,
6.922361135482788,0.0,129.0,50.97,255.0,,,,,,,
7.140794515609741,0.0,135.0,51.11,255.0,,,,,,,
7.248812437057495,0.0,137.0,51.15,255.0,,,,,,,
7.418650150299072,0.0,143.0,51.27,255.0,,,,,,,
7.622083902359009,0.0,148.0,51.39,255.0,,,,,,,
7.8239545822143555,0.0,153.0,51.51,255.0,,,,,,,
7.917385578155518,0.0,156.0,51.57,255.0,,,,,,,
8.12095308303833,0.0,162.0,51.67,255.0,,,,,,,
8.230308771133423,0.0,164.0,51.75,255.0,,,,,,,
8.337038040161133,0.0,167.0,51.82,255.0,,,,,,,
8.444591760635376,0.0,170.0,51.87,255.0,,,,,,,
8.660882234573364,0.0,175.0,52.03,255.0,,,,,,,
8.817484378814697,0.0,180.0,52.19,255.0,,,,,,,
8.925612688064575,0.0,183.0,52.26,255.0,,,,,,,
9.127837657928467,0.0,189.0,52.46,255.0,,,,,,,
9.221532821655273,0.0,191.0,52.53,255.0,,,,,,,
9.331226348876953,0.0,194.0,52.63,255.0,,,,,,,
9.42414665222168,0.0,197.0,52.71,255.0,,,,,,,
9.640133619308472,0.0,202.0,52.83,255.0,,,,,,,
9.765321731567383,0.0,205.0,52.92,255.0,,,,,,,
9.936680555343628,0.0,210.0,53.05,255.0,,,,,,,
10.13996434211731,0.0,216.0,53.27,255.0,,,,,,,
10.341926574707031,0.0,221.0,53.41,255.0,,,,,,,
10.434351205825806,0.0,224.0,53.48,255.0,,,,,,,
10.636858463287354,0.0,229.0,53.62,255.0,,,,,,,
10.747018575668335,0.0,232.0,53.7,255.0,,,,,,,
10.857132911682129,0.0,234.0,53.75,255.0,,,,,,,
11.043647050857544,0.0,240.0,53.92,255.0,,,,,,,
11.246575117111206,0.0,245.0,54.08,255.0,,,,,,,
11.448546171188354,0.0,251.0,54.21,255.0,,,,,,,
11.63567042350769,0.0,255.0,54.43,255.0,,,,,,,
11.74522352218628,0.0,255.0,54.53,255.0,,,,,,,
11.8377685546875,0.0,255.0,54.6,255.0,,,,,,,
11.94602632522583,0.0,255.0,54.71,255.0,,,,,,,
12.161765336990356,0.0,255.0,54.91,255.0,,,,,,,
12.27186107635498,0.0,255.0,54.96,255.0,,,,,,,
12.379282236099243,0.0,255.0,55.08,255.0,,,,,,,
12.549221754074097,0.0,255.0,55.27,255.0,,,,,,,
12.749591827392578,0.0,255.0,55.43,255.0,,,,,,,
12.842286825180054,0.0,255.0,55.55,255.0,,,,,,,
12.951234340667725,0.0,255.0,55.65,255.0,,,,,,,
13.151130437850952,0.0,255.0,55.84,255.0,,,,,,,
13.259745597839355,0.0,255.0,55.92,255.0,,,,,,,
13.367922306060791,0.0,255.0,55.99,255.0,,,,,,,
13.554434061050415,0.0,255.0,56.17,255.0,,,,,,,
13.75627088546753,0.0,255.0,56.36,255.0,,,,,,,
13.954235792160034,0.0,255.0,56.57,255.0,,,,,,,
14.155249834060669,0.0,255.0,56.7,255.0,,,,,,,
14.248351573944092,0.0,255.0,56.79,255.0,,,,,,,
14.35714864730835,0.0,255.0,56.9,255.0,,,,,,,
14.55848217010498,0.0,255.0,57.07,255.0,,,,,,,
14.681503057479858,0.0,255.0,57.17,255.0,,,,,,,
14.79059100151062,0.0,255.0,57.3,255.0,,,,,,,
14.962019681930542,0.0,255.0,57.52,255.0,,,,,,,
15.1646249294281,0.0,255.0,57.74,255.0,,,,,,,
15.365599632263184,0.0,255.0,57.99,255.0,,,,,,,
15.459242820739746,0.0,255.0,58.08,255.0,,,,,,,
15.661434412002563,0.0,255.0,58.25,255.0,,,,,,,
15.771273851394653,0.0,255.0,58.33,255.0,,,,,,,
15.880024671554565,0.0,255.0,58.44,255.0,,,,,,,
16.067847728729248,0.0,255.0,58.59,255.0,,,,,,,
16.269617795944214,0.0,255.0,58.81,255.0,,,,,,,
16.47302770614624,0.0,255.0,59.02,255.0,,,,,,,
16.672133922576904,0.0,255.0,59.23,255.0,,,,,,,
16.76398801803589,0.0,255.0,59.28,255.0,,,,,,,
16.87399196624756,0.0,255.0,59.37,255.0,,,,,,,
17.074240922927856,0.0,255.0,59.56,255.0,,,,,,,
17.198997497558594,0.0,255.0,59.67,255.0,,,,,,,
17.308857202529907,0.0,255.0,59.76,255.0,,,,,,,
17.480371475219727,0.0,255.0,59.96,255.0,,,,,,,
17.681870222091675,0.0,255.0,60.16,255.0,,,,,,,
17.881879091262817,0.0,255.0,60.36,255.0,,,,,,,
18.081603050231934,0.0,255.0,60.57,255.0,,,,,,,
18.174389839172363,0.0,255.0,60.72,255.0,,,,,,,
18.29633116722107,0.0,255.0,60.8,255.0,,,,,,,
18.388669729232788,0.0,255.0,60.87,255.0,,,,,,,
18.589702606201172,0.0,255.0,61.11,255.0,,,,,,,
18.77677083015442,0.0,255.0,61.33,255.0,,,,,,,
18.99322533607483,0.0,255.0,61.55,255.0,,,,,,,
19.178943634033203,0.0,255.0,61.76,255.0,,,,,,,
19.28645348548889,0.0,255.0,61.83,255.0,,,,,,,
19.379698991775513,0.0,255.0,61.93,255.0,,,,,,,
19.580540418624878,0.0,255.0,62.14,255.0,,,,,,,
19.704457998275757,0.0,255.0,62.22,255.0,,,,,,,
19.81142807006836,0.0,255.0,62.32,255.0,,,,,,,
19.99677324295044,0.0,255.0,62.53,255.0,,,,,,,
20.184340476989746,0.0,255.0,62.71,255.0,,,,,,,
20.291738510131836,0.0,255.0,62.83,255.0,,,,,,,
20.398985862731934,0.0,255.0,62.92,255.0,,,,,,,
20.59953498840332,0.0,255.0,63.13,255.0,,,,,,,
20.691370964050293,0.0,255.0,63.24,255.0,,,,,,,
20.80064082145691,0.0,255.0,63.37,255.0,,,,,,,
20.909111261367798,0.0,255.0,63.47,255.0,,,,,,,
21.126911878585815,0.0,255.0,63.72,255.0,,,,,,,
21.299866914749146,0.0,255.0,63.92,255.0,,,,,,,
21.59541082382202,0.0,255.0,64.25,255.0,,,,,,,
21.70553493499756,0.0,255.0,64.36,255.0,,,,,,,
21.797080755233765,0.0,255.0,64.46,255.0,,,,,,,
21.90430450439453,0.0,255.0,64.57,255.0,,,,,,,
22.120264530181885,0.0,255.0,64.77,255.0,,,,,,,
22.22930383682251,0.0,255.0,64.86,255.0,,,,,,,
22.33781385421753,0.0,255.0,64.96,255.0,,,,,,,
22.5083224773407,0.0,255.0,65.16,255.0,,,,,,,
22.71099281311035,0.0,255.0,65.35,255.0,,,,,,,
22.912789821624756,0.0,255.0,65.53,255.0,,,,,,,
23.114416122436523,0.0,255.0,65.75,255.0,,,,,,,
23.209413766860962,0.0,255.0,65.86,255.0,,,,,,,
23.318824768066406,0.0,255.0,65.96,255.0,,,,,,,
23.426416873931885,0.0,255.0,66.07,255.0,,,,,,,
23.71953535079956,0.0,255.0,66.32,255.0,,,,,,,
23.92094898223877,0.0,255.0,66.51,255.0,,,,,,,
24.12188696861267,0.0,255.0,66.74,255.0,,,,,,,
24.21560025215149,0.0,255.0,66.84,255.0,,,,,,,
24.308287143707275,0.0,255.0,66.96,255.0,,,,,,,
24.416353702545166,0.0,255.0,67.05,255.0,,,,,,,
24.63685655593872,0.0,255.0,67.24,255.0,,,,,,,
24.745300769805908,0.0,255.0,67.35,255.0,,,,,,,
24.85279369354248,0.0,255.0,67.47,255.0,,,,,,,
25.036918878555298,0.0,255.0,67.64,255.0,,,,,,,
25.2208092212677,0.0,255.0,67.88,255.0,,,,,,,
25.32898759841919,0.0,255.0,68.0,255.0,,,,,,,
25.42101550102234,0.0,255.0,68.1,255.0,,,,,,,
25.62378692626953,0.0,255.0,68.31,255.0,,,,,,,
25.730778217315674,0.0,255.0,68.42,255.0,,,,,,,
25.83921766281128,0.0,255.0,68.5,255.0,,,,,,,
25.94704246520996,0.0,255.0,68.61,255.0,,,,,,,
26.164077520370483,0.0,255.0,68.82,255.0,,,,,,,
26.334139108657837,0.0,255.0,68.99,255.0,,,,,,,
26.533842086791992,0.0,255.0,69.16,255.0,,,,,,,
26.629297494888306,0.0,255.0,69.28,255.0,,,,,,,
26.73693346977234,0.0,255.0,69.4,255.0,,,,,,,
26.829413414001465,0.0,255.0,69.5,255.0,,,,,,,
26.936923027038574,0.0,255.0,69.58,255.0,,,,,,,
27.15373969078064,0.0,255.0,69.75,255.0,,,,,,,
27.262449026107788,0.0,255.0,69.89,255.0,,,,,,,
27.37092423439026,0.0,255.0,69.99,255.0,,,,,,,
27.54210877418518,0.0,255.0,70.24,255.0,,,,,,,
27.728102445602417,0.0,255.0,70.46,255.0,,,,,,,
27.83729076385498,0.0,255.0,70.55,255.0,,,,,,,
27.945462226867676,0.0,255.0,70.66,255.0,,,,,,,
28.145532846450806,0.0,255.0,70.82,255.0,,,,,,,
28.238977193832397,0.0,255.0,70.95,255.0,,,,,,,
28.346930742263794,0.0,255.0,71.04,255.0,,,,,,,
28.547544717788696,0.0,255.0,71.22,255.0,,,,,,,
28.749423503875732,0.0,255.0,71.42,255.0,,,,,,,
28.937556505203247,0.0,255.0,71.61,255.0,,,,,,,
29.139827251434326,0.0,255.0,71.79,255.0,,,,,,,
29.24811863899231,0.0,255.0,71.89,255.0,,,,,,,
29.340071439743042,0.0,255.0,71.97,255.0,,,,,,,
29.448919534683228,0.0,255.0,72.07,255.0,,,,,,,
29.668147325515747,0.0,255.0,72.27,255.0,,,,,,,
29.776288270950317,0.0,255.0,72.37,255.0,,,,,,,
29.88422417640686,0.0,255.0,72.49,255.0,,,,,,,
30.0555636882782,0.0,255.0,72.72,255.0,,,,,,,
30.25818657875061,0.0,255.0,72.92,255.0,,,,,,,
30.351645946502686,0.0,255.0,73.03,255.0,,,,,,,
30.45929527282715,0.0,255.0,73.15,255.0,,,,,,,
30.648391723632812,0.0,255.0,73.35,255.0,,,,,,,
30.75453805923462,0.0,255.0,73.44,255.0,,,,,,,
30.862284421920776,0.0,255.0,73.54,255.0,,,,,,,
31.065499305725098,0.0,255.0,73.72,255.0,,,,,,,
31.189109802246094,0.0,255.0,73.83,255.0,,,,,,,
31.359672784805298,0.0,255.0,74.02,255.0,,,,,,,
31.56284737586975,0.0,255.0,74.21,255.0,,,,,,,
31.657737493515015,0.0,255.0,74.29,255.0,,,,,,,
31.766550302505493,0.0,255.0,74.38,255.0,,,,,,,
31.859251499176025,0.0,255.0,74.46,255.0,,,,,,,
32.061437129974365,0.0,255.0,74.63,255.0,,,,,,,
32.1715247631073,0.0,255.0,74.72,255.0,,,,,,,
32.29333782196045,0.0,255.0,74.83,255.0,,,,,,,
32.46189737319946,0.0,255.0,75.04,255.0,,,,,,,
32.66235375404358,0.0,255.0,75.23,255.0,,,,,,,
32.77089190483093,0.0,255.0,75.33,255.0,,,,,,,
32.8631808757782,0.0,255.0,75.41,255.0,,,,,,,
32.97241830825806,0.0,255.0,75.54,255.0,,,,,,,
33.173779249191284,0.0,255.0,75.79,255.0,,,,,,,
33.280667781829834,0.0,255.0,75.9,255.0,,,,,,,
33.37368822097778,0.0,255.0,76.0,255.0,,,,,,,
33.57454228401184,0.0,255.0,76.19,255.0,,,,,,,
33.77659630775452,0.0,255.0,76.37,255.0,,,,,,,
33.96553444862366,0.0,255.0,76.58,255.0,,,,,,,
34.16846179962158,0.0,255.0,76.79,255.0,,,,,,,
34.277451276779175,0.0,255.0,76.87,255.0,,,,,,,
34.37095403671265,0.0,255.0,76.99,255.0,,,,,,,
34.58686137199402,0.0,255.0,77.17,255.0,,,,,,,
34.69530773162842,0.0,255.0,77.27,255.0,,,,,,,
34.80513668060303,0.0,255.0,77.37,255.0,,,,,,,
34.91335439682007,0.0,255.0,77.46,255.0,,,,,,,
35.17535996437073,0.0,255.0,77.73,255.0,,,,,,,
35.283522844314575,0.0,255.0,77.84,255.0,,,,,,,
35.376662492752075,0.0,255.0,77.96,255.0,,,,,,,
35.58093070983887,0.0,255.0,78.16,255.0,,,,,,,
35.689664363861084,0.0,255.0,78.28,255.0,,,,,,,
35.782164573669434,0.0,255.0,78.37,255.0,,,,,,,
35.905210971832275,0.0,255.0,78.47,255.0,,,,,,,
36.12231087684631,0.0,255.0,78.66,255.0,,,,,,,
36.29221534729004,0.0,255.0,78.85,255.0,,,,,,,
36.495304584503174,0.0,255.0,79.07,255.0,,,,,,,
36.69631862640381,0.0,255.0,79.26,255.0,,,,,,,
36.79101276397705,0.0,255.0,79.37,255.0,,,,,,,
36.885204792022705,0.0,255.0,79.46,255.0,,,,,,,
37.086713552474976,0.0,255.0,79.65,255.0,,,,,,,
37.21144247055054,0.0,255.0,79.75,255.0,,,,,,,
37.32036519050598,0.0,255.0,79.86,255.0,,,,,,,
37.42853307723999,0.0,255.0,79.94,255.0,,,,,,,
37.69279098510742,0.0,255.0,80.21,255.0,,,,,,,
37.80176138877869,0.0,255.0,80.29,255.0,,,,,,,
37.89372801780701,0.0,255.0,80.38,255.0,,,,,,,
38.107327461242676,0.0,255.0,80.56,255.0,,,,,,,
38.19953179359436,0.0,255.0,80.66,255.0,,,,,,,
38.30843472480774,0.0,255.0,80.77,255.0,,,,,,,
38.41746115684509,0.0,255.0,80.85,255.0,,,,,,,
38.63667058944702,0.0,255.0,81.03,255.0,,,,,,,
38.80915427207947,0.0,255.0,81.23,255.0,,,,,,,
39.105698347091675,0.0,255.0,81.54,255.0,,,,,,,
39.19903755187988,0.0,255.0,81.65,255.0,,,,,,,
39.306697607040405,0.0,255.0,81.74,255.0,,,,,,,
39.397847175598145,0.0,255.0,81.84,255.0,,,,,,,
39.61562252044678,0.0,255.0,82.02,255.0,,,,,,,
39.72398924827576,0.0,255.0,82.13,255.0,,,,,,,
39.833096981048584,0.0,255.0,82.24,255.0,,,,,,,
39.94374179840088,0.0,255.0,82.34,255.0,,,,,,,
40.20549821853638,0.0,255.0,82.57,255.0,,,,,,,
40.31409740447998,0.0,255.0,82.66,255.0,,,,,,,
40.406718492507935,0.0,255.0,82.76,255.0,,,,,,,
40.607956647872925,0.0,255.0,82.93,255.0,,,,,,,
40.71626949310303,0.0,255.0,83.0,255.0,,,,,,,
40.82590317726135,0.0,255.0,83.09,255.0,,,,,,,
40.93391227722168,0.0,255.0,83.19,255.0,,,,,,,
41.15182828903198,0.0,255.0,83.37,255.0,,,,,,,
41.31037998199463,0.0,255.0,83.59,255.0,,,,,,,
41.543051958084106,0.0,255.0,83.78,255.0,,,,,,,
41.714988708496094,0.0,255.0,83.99,255.0,,,,,,,
41.822033166885376,0.0,255.0,84.09,255.0,,,,,,,
41.91465449333191,0.0,255.0,84.2,255.0,,,,,,,
42.134188175201416,0.0,255.0,84.38,255.0,,,,,,,
42.24456524848938,0.0,255.0,84.46,255.0,,,,,,,
42.35307240486145,0.0,255.0,84.56,255.0,,,,,,,
42.537400245666504,0.0,255.0,84.74,255.0,,,,,,,
42.722670555114746,0.0,255.0,84.91,255.0,,,,,,,
42.83048105239868,0.0,255.0,85.01,255.0,,,,,,,
42.92405939102173,0.0,255.0,85.11,255.0,,,,,,,
43.12591195106506,0.0,255.0,85.28,255.0,,,,,,,
43.23428559303284,0.0,255.0,85.36,255.0,,,,,,,
43.32880926132202,0.0,255.0,85.45,255.0,,,,,,,
43.453001499176025,0.0,255.0,85.55,255.0,,,,,,,
43.656070709228516,0.0,255.0,85.75,255.0,,,,,,,
43.82776713371277,0.0,255.0,85.93,255.0,,,,,,,
44.030176401138306,0.0,255.0,86.09,255.0,,,,,,,
44.13856387138367,0.0,255.0,86.18,255.0,,,,,,,
44.23224496841431,0.0,255.0,86.28,255.0,,,,,,,
44.34147524833679,0.0,255.0,86.39,255.0,,,,,,,
44.43526315689087,0.0,255.0,86.48,255.0,,,,,,,
44.65180850028992,0.0,255.0,86.68,255.0,,,,,,,
44.75922179222107,0.0,255.0,86.77,255.0,,,,,,,
44.86790585517883,0.0,255.0,86.87,255.0,,,,,,,
45.03903102874756,0.0,255.0,87.09,255.0,,,,,,,
45.24212431907654,0.0,255.0,87.25,255.0,,,,,,,
45.33595156669617,0.0,255.0,87.34,255.0,,,,,,,
45.44458508491516,0.0,255.0,87.47,255.0,,,,,,,
45.645461559295654,0.0,255.0,87.63,255.0,,,,,,,
45.738412618637085,0.0,255.0,87.73,255.0,,,,,,,
45.84746789932251,0.0,255.0,87.84,255.0,,,,,,,
46.048431396484375,0.0,255.0,88.02,255.0,,,,,,,
46.174158573150635,0.0,255.0,88.13,255.0,,,,,,,
46.28323459625244,0.0,255.0,88.21,255.0,,,,,,,
46.45368456840515,0.0,255.0,88.37,255.0,,,,,,,
46.656840562820435,0.0,255.0,88.54,255.0,,,,,,,
46.75084185600281,0.0,255.0,88.63,255.0,,,,,,,
46.84307646751404,0.0,255.0,88.73,255.0,,,,,,,
46.952478647232056,0.0,255.0,88.81,255.0,,,,,,,
47.17154240608215,0.0,255.0,89.0,255.0,,,,,,,
47.280314922332764,0.0,255.0,89.09,255.0,,,,,,,
47.453052043914795,0.0,255.0,89.28,255.0,,,,,,,
47.65592670440674,0.0,255.0,89.46,255.0,,,,,,,
47.85689449310303,0.0,255.0,89.65,255.0,,,,,,,
47.94943284988403,0.0,255.0,89.74,255.0,,,,,,,
48.16795301437378,0.0,255.0,89.93,255.0,,,,,,,
48.26212024688721,0.0,255.0,90.03,255.0,,,,,,,
48.37019491195679,0.0,255.0,90.11,255.0,,,,,,,
48.55485415458679,0.0,255.0,90.27,255.0,,,,,,,
48.69211006164551,0.0,255.0,90.38,255.0,,,,,,,
48.86411738395691,0.0,255.0,90.57,255.0,,,,,,,
49.066489934921265,0.0,255.0,90.75,255.0,,,,,,,
49.1603102684021,0.0,255.0,90.85,255.0,,,,,,,
49.267616271972656,0.0,255.0,90.93,255.0,,,,,,,
49.36112880706787,0.0,255.0,91.0,255.0,,,,,,,
49.560224533081055,0.0,255.0,91.17,255.0,,,,,,,
49.686774015426636,0.0,255.0,91.27,255.0,,,,,,,
49.77999663352966,0.0,255.0,91.36,255.0,,,,,,,
49.902857065200806,0.0,255.0,91.45,255.0,,,,,,,
50.16856551170349,0.0,255.0,91.71,255.0,,,,,,,
50.36977958679199,0.0,255.0,91.88,255.0,,,,,,,
50.47755670547485,0.0,255.0,91.98,255.0,,,,,,,
50.678677558898926,0.0,255.0,92.16,255.0,,,,,,,
50.771400928497314,0.0,255.0,92.26,255.0,,,,,,,
50.880085468292236,0.0,255.0,92.34,255.0,,,,,,,
51.067015647888184,0.0,255.0,92.54,255.0,,,,,,,
51.20540189743042,0.0,255.0,92.65,255.0,,,,,,,
51.3758602142334,0.0,255.0,92.81,255.0,,,,,,,
51.57913160324097,0.0,255.0,92.99,255.0,,,,,,,
51.6867413520813,0.0,255.0,93.07,255.0,,,,,,,
51.77837252616882,0.0,255.0,93.16,255.0,,,,,,,
51.8722083568573,0.0,255.0,93.23,255.0,,,,,,,
52.0770800113678,0.0,255.0,93.41,255.0,,,,,,,
52.20138144493103,0.0,255.0,93.48,255.0,,,,,,,
52.31045484542847,0.0,255.0,93.57,255.0,,,,,,,
52.41680407524109,0.0,255.0,93.67,255.0,,,,,,,
52.68477725982666,0.0,255.0,93.92,255.0,,,,,,,
52.885523557662964,0.0,255.0,94.1,255.0,,,,,,,
53.08644366264343,0.0,255.0,94.29,255.0,,,,,,,
53.195672273635864,0.0,255.0,94.36,255.0,,,,,,,
53.289886713027954,0.0,255.0,94.47,255.0,,,,,,,
53.39788341522217,0.0,255.0,94.56,255.0,,,,,,,
53.58351445198059,0.0,255.0,94.76,255.0,,,,,,,
53.723097801208496,0.0,255.0,94.88,255.0,,,,,,,
53.89318871498108,0.0,255.0,95.07,255.0,,,,,,,
54.093634605407715,0.0,255.0,95.24,255.0,,,,,,,
54.20298433303833,0.0,255.0,95.31,255.0,,,,,,,
54.297034740448,0.0,255.0,95.4,255.0,,,,,,,
54.39112997055054,0.0,255.0,95.5,255.0,,,,,,,
54.53147602081299,0.0,255.0,95.57,255.0,,,,,,,
54.59396529197693,0.0,255.0,95.66,255.0,,,,,,,
54.703102827072144,0.0,255.0,95.76,255.0,,,,,,,
54.825907945632935,0.0,255.0,95.84,255.0,,,,,,,
54.9959499835968,0.0,255.0,96.01,255.0,,,,,,,
55.197282552719116,0.0,255.0,96.19,255.0,,,,,,,
55.3991539478302,0.0,255.0,96.36,255.0,,,,,,,
55.60254669189453,0.0,255.0,96.52,255.0,,,,,,,
55.71044611930847,0.0,255.0,96.59,255.0,,,,,,,
55.802552223205566,0.0,255.0,96.67,255.0,,,,,,,
55.91161298751831,0.0,255.0,96.76,255.0,,,,,,,
56.13111710548401,0.0,255.0,96.95,255.0,,,,,,,
56.23959517478943,0.0,255.0,97.04,255.0,,,,,,,
56.40968871116638,0.0,255.0,97.25,255.0,,,,,,,
56.71550893783569,0.0,255.0,97.52,255.0,,,,,,,
56.80816912651062,0.0,255.0,97.61,255.0,,,,,,,
56.9020562171936,0.0,255.0,97.71,255.0,,,,,,,
57.11903142929077,0.0,255.0,97.88,255.0,,,,,,,
57.22870922088623,0.0,255.0,97.95,255.0,,,,,,,
57.33683943748474,0.0,255.0,98.04,255.0,,,,,,,
57.44523501396179,0.0,255.0,98.13,255.0,,,,,,,
57.70931887626648,0.0,255.0,98.42,255.0,,,,,,,
57.8157057762146,0.0,255.0,98.52,255.0,,,,,,,
57.90859603881836,0.0,255.0,98.63,255.0,,,,,,,
58.10946583747864,0.0,255.0,98.77,255.0,,,,,,,
58.2185800075531,0.0,255.0,98.83,255.0,,,,,,,
58.32594871520996,0.0,255.0,98.91,255.0,,,,,,,
58.43329334259033,0.0,255.0,98.97,255.0,,,,,,,
58.65065860748291,0.0,255.0,99.13,255.0,,,,,,,
58.81976842880249,0.0,255.0,99.31,255.0,,,,,,,
59.03655290603638,0.0,255.0,99.5,255.0,,,,,,,
59.22391605377197,0.0,255.0,99.67,255.0,,,,,,,
59.31583499908447,0.0,255.0,99.75,255.0,,,,,,,
59.422818422317505,0.0,255.0,99.83,255.0,,,,,,,
59.62504029273987,0.0,255.0,100.01,255.0,,,,,,,
59.75025129318237,0.0,255.0,100.1,255.0,,,,,,,
59.85966897010803,0.0,255.0,100.2,255.0,,,,,,,
60.04447841644287,0.0,255.0,100.37,255.0,,,,,,,
60.23211884498596,0.0,255.0,100.53,255.0,,,,,,,
60.43352174758911,0.0,255.0,100.7,255.0,,,,,,,
60.6370735168457,0.0,255.0,100.86,255.0,,,,,,,
60.729649782180786,0.0,255.0,100.95,255.0,,,,,,,
60.839086294174194,0.0,255.0,101.04,255.0,,,,,,,
60.94689416885376,0.0,255.0,101.12,255.0,,,,,,,
61.16383218765259,0.0,255.0,101.31,255.0,,,,,,,
61.33394742012024,0.0,255.0,101.48,255.0,,,,,,,
61.53509831428528,0.0,255.0,101.66,255.0,,,,,,,
61.643118381500244,0.0,255.0,101.75,255.0,,,,,,,
61.73782992362976,0.0,255.0,101.82,255.0,,,,,,,
61.83191990852356,0.0,255.0,101.91,255.0,,,,,,,
61.94103527069092,0.0,255.0,102.01,255.0,,,,,,,
62.143795013427734,0.0,255.0,102.17,255.0,,,,,,,
62.252031326293945,0.0,255.0,102.24,255.0,,,,,,,
62.36209487915039,0.0,255.0,102.33,255.0,,,,,,,
62.56286096572876,0.0,255.0,102.5,255.0,,,,,,,
62.748767137527466,0.0,255.0,102.69,255.0,,,,,,,
62.935006618499756,0.0,255.0,102.86,255.0,,,,,,,
63.136807918548584,0.0,255.0,103.01,255.0,,,,,,,
63.24586009979248,0.0,255.0,103.08,255.0,,,,,,,
63.3531219959259,0.0,255.0,103.17,255.0,,,,,,,
63.539809703826904,0.0,255.0,103.33,255.0,,,,,,,
63.680598735809326,0.0,255.0,103.42,255.0,,,,,,,
63.85115098953247,0.0,255.0,103.6,255.0,,,,,,,
64.05323362350464,0.0,255.0,103.76,255.0,,,,,,,
64.14765810966492,0.0,255.0,103.85,255.0,,,,,,,
64.25548791885376,0.0,255.0,103.91,255.0,,,,,,,
64.34720230102539,0.0,255.0,104.0,255.0,,,,,,,
64.4570677280426,0.0,255.0,104.06,255.0,,,,,,,
64.67499947547913,0.0,255.0,104.23,255.0,,,,,,,
64.76935076713562,0.0,255.0,104.31,255.0,,,,,,,
64.87881779670715,0.0,255.0,104.39,255.0,,,,,,,
65.04959774017334,0.0,255.0,104.57,255.0,,,,,,,
65.26615715026855,0.0,255.0,104.76,255.0,,,,,,,
65.45237874984741,0.0,255.0,104.95,255.0,,,,,,,
65.65559077262878,0.0,255.0,105.15,255.0,,,,,,,
65.76399374008179,0.0,255.0,105.24,255.0,,,,,,,
65.87192797660828,0.0,255.0,105.33,255.0,,,,,,,
66.05923461914062,0.0,255.0,105.5,255.0,,,,,,,
66.19858455657959,0.0,255.0,105.57,255.0,,,,,,,
66.3698422908783,0.0,255.0,105.72,255.0,,,,,,,
66.57162261009216,0.0,255.0,105.89,255.0,,,,,,,
66.77305793762207,0.0,255.0,106.05,255.0,,,,,,,
66.86654806137085,0.0,255.0,106.12,255.0,,,,,,,
67.06946563720703,0.0,255.0,106.3,255.0,,,,,,,
67.17866969108582,0.0,255.0,106.38,255.0,,,,,,,
67.28722524642944,0.0,255.0,106.47,255.0,,,,,,,
67.3962824344635,0.0,255.0,106.56,255.0,,,,,,,
67.56836247444153,0.0,255.0,106.71,255.0,,,,,,,
67.7707622051239,0.0,255.0,106.88,255.0,,,,,,,
67.87912178039551,0.0,255.0,106.95,255.0,,,,,,,
67.97211265563965,0.0,255.0,107.03,255.0,,,,,,,
68.17391014099121,0.0,255.0,107.21,255.0,,,,,,,
68.28300094604492,0.0,255.0,107.3,255.0,,,,,,,
68.37553572654724,0.0,255.0,107.4,255.0,,,,,,,
68.57784652709961,0.0,255.0,107.57,255.0,,,,,,,
68.78061819076538,0.0,255.0,107.73,255.0,,,,,,,
68.98391914367676,0.0,255.0,107.9,255.0,,,,,,,
69.18629193305969,0.0,255.0,108.06,255.0,,,,,,,
69.27998399734497,0.0,255.0,108.15,255.0,,,,,,,
69.38852977752686,0.0,255.0,108.24,255.0,,,,,,,
69.58955931663513,0.0,255.0,108.41,255.0,,,,,,,
69.6999716758728,0.0,255.0,108.48,255.0,,,,,,,
69.80853533744812,0.0,255.0,108.57,255.0,,,,,,,
69.9167914390564,0.0,255.0,108.64,255.0,,,,,,,
70.18076133728027,0.0,255.0,108.87,255.0,,,,,,,
70.38208532333374,0.0,255.0,109.03,255.0,,,,,,,
70.58440780639648,0.0,255.0,109.19,255.0,,,,,,,
70.6933662891388,0.0,255.0,109.27,255.0,,,,,,,
70.78783893585205,0.0,255.0,109.37,255.0,,,,,,,
70.89650869369507,0.0,255.0,109.47,255.0,,,,,,,
71.08443832397461,0.0,255.0,109.62,255.0,,,,,,,
71.22302317619324,0.0,255.0,109.7,255.0,,,,,,,
71.39504384994507,0.0,255.0,109.87,255.0,,,,,,,
71.59828281402588,0.0,255.0,110.06,255.0,,,,,,,
71.69248032569885,0.0,255.0,110.13,255.0,,,,,,,
71.80161619186401,0.0,255.0,110.2,255.0,,,,,,,
71.89449334144592,0.0,255.0,110.28,255.0,,,,,,,
72.09782648086548,0.0,255.0,110.44,255.0,,,,,,,
72.207768201828,0.0,255.0,110.52,255.0,,,,,,,
72.31619238853455,0.0,255.0,110.59,255.0,,,,,,,
72.4241247177124,0.0,255.0,110.68,255.0,,,,,,,
72.70048928260803,0.0,255.0,110.91,255.0,,,,,,,
72.90502762794495,0.0,255.0,111.07,255.0,,,,,,,
73.1045343875885,0.0,255.0,111.23,255.0,,,,,,,
73.19755601882935,0.0,255.0,111.3,255.0,,,,,,,
73.30757474899292,0.0,255.0,111.38,255.0,,,,,,,
73.415531873703,0.0,255.0,111.48,255.0,,,,,,,
73.63100576400757,0.0,255.0,111.64,255.0,,,,,,,
73.73804044723511,0.0,255.0,111.74,255.0,,,,,,,
73.91012740135193,0.0,255.0,111.91,255.0,,,,,,,
74.11225485801697,0.0,255.0,112.07,255.0,,,,,,,
74.20642590522766,0.0,255.0,112.14,255.0,,,,,,,
74.31561374664307,0.0,255.0,112.23,255.0,,,,,,,
74.40791463851929,0.0,255.0,112.32,255.0,,,,,,,
74.6108911037445,0.0,255.0,112.49,255.0,,,,,,,
74.72174167633057,0.0,255.0,112.56,255.0,,,,,,,
74.84586381912231,0.0,255.0,112.64,255.0,,,,,,,
74.93866229057312,0.0,255.0,112.71,255.0,,,,,,,
75.21749949455261,0.0,255.0,112.94,255.0,,,,,,,
75.42149615287781,0.0,255.0,113.09,255.0,,,,,,,
75.62563371658325,0.0,255.0,113.26,255.0,,,,,,,
75.7186381816864,0.0,255.0,113.35,255.0,,,,,,,
75.828364610672,0.0,255.0,113.42,255.0,,,,,,,
75.92292094230652,0.0,255.0,113.5,255.0,,,,,,,
76.15825033187866,0.0,255.0,113.65,255.0,,,,,,,
76.2514910697937,0.0,255.0,113.75,255.0,,,,,,,
76.42416596412659,0.0,255.0,113.91,255.0,,,,,,,
76.6251208782196,0.0,255.0,114.09,255.0,,,,,,,
76.7196433544159,0.0,255.0,114.15,255.0,,,,,,,
76.8281135559082,0.0,255.0,114.23,255.0,,,,,,,
76.91946649551392,0.0,255.0,114.33,255.0,,,,,,,
77.13426327705383,0.0,255.0,114.49,255.0,,,,,,,
77.24287176132202,0.0,255.0,114.59,255.0,,,,,,,
77.34961223602295,0.0,255.0,114.67,255.0,,,,,,,
77.53694367408752,0.0,255.0,114.83,255.0,,,,,,,
77.73860120773315,0.0,255.0,114.99,255.0,,,,,,,
77.92498993873596,0.0,255.0,115.14,255.0,,,,,,,
78.12608456611633,0.0,255.0,115.29,255.0,,,,,,,
78.23581099510193,0.0,255.0,115.37,255.0,,,,,,,
78.34525680541992,0.0,255.0,115.44,255.0,,,,,,,
78.43928003311157,0.0,255.0,115.52,255.0,,,,,,,
78.67378354072571,0.0,255.0,115.69,255.0,,,,,,,
78.8461549282074,0.0,255.0,115.85,255.0,,,,,,,
79.03318548202515,0.0,255.0,115.98,255.0,,,,,,,
79.1406798362732,0.0,255.0,116.07,255.0,,,,,,,
79.23485112190247,0.0,255.0,116.14,255.0,,,,,,,
79.34405636787415,0.0,255.0,116.22,255.0,,,,,,,
79.43785881996155,0.0,255.0,116.29,255.0,,,,,,,
79.6533579826355,0.0,255.0,116.47,255.0,,,,,,,
79.76105189323425,0.0,255.0,116.55,255.0,,,,,,,
79.87017560005188,0.0,255.0,116.64,255.0,,,,,,,
80.03952622413635,0.0,255.0,116.82,255.0,,,,,,,
80.24323320388794,0.0,255.0,116.97,255.0,,,,,,,
80.44563412666321,0.0,255.0,117.11,255.0,,,,,,,
80.64649319648743,0.0,255.0,117.26,255.0,,,,,,,
80.75463771820068,0.0,255.0,117.32,255.0,,,,,,,
80.84639096260071,0.0,255.0,117.4,255.0,,,,,,,
81.04947686195374,0.0,255.0,117.57,255.0,,,,,,,
81.17391633987427,0.0,255.0,117.63,255.0,,,,,,,
81.28399109840393,0.0,255.0,117.71,255.0,,,,,,,
81.45568704605103,0.0,255.0,117.87,255.0,,,,,,,
81.65667796134949,0.0,255.0,118.03,255.0,,,,,,,
81.74874019622803,0.0,255.0,118.11,255.0,,,,,,,
81.85563659667969,0.0,255.0,118.18,255.0,,,,,,,
81.95011138916016,0.0,255.0,118.23,255.0,,,,,,,
82.16845989227295,0.0,255.0,118.4,255.0,,,,,,,
82.27507734298706,0.0,255.0,118.47,255.0,,,,,,,
82.38516807556152,0.0,255.0,118.55,255.0,,,,,,,
82.55438160896301,0.0,255.0,118.7,255.0,,,,,,,
82.75827288627625,0.0,255.0,118.85,255.0,,,,,,,
82.95922064781189,0.0,255.0,119.0,255.0,,,,,,,
83.16153860092163,0.0,255.0,119.15,255.0,,,,,,,
83.27062630653381,0.0,255.0,119.25,255.0,,,,,,,
83.36233806610107,0.0,255.0,119.32,255.0,,,,,,,
83.56393098831177,0.0,255.0,119.46,255.0,,,,,,,
83.76573753356934,0.0,255.0,119.6,255.0,,,,,,,
83.96497583389282,0.0,255.0,119.75,255.0,,,,,,,
84.16830086708069,0.0,255.0,119.92,255.0,,,,,,,
84.26240038871765,0.0,255.0,119.98,255.0,,,,,,,
84.37078404426575,0.0,255.0,120.05,255.0,,,,,,,
84.57472085952759,0.0,255.0,120.22,255.0,,,,,,,
84.68324613571167,0.0,255.0,120.28,255.0,,,,,,,
84.79141759872437,0.0,255.0,120.35,255.0,,,,,,,
84.8993558883667,0.0,255.0,120.42,255.0,,,,,,,
85.18114805221558,0.0,255.0,120.64,255.0,,,,,,,
85.38273286819458,0.0,255.0,120.81,255.0,,,,,,,
85.47479176521301,0.0,255.0,120.9,255.0,,,,,,,
85.67778468132019,0.0,255.0,121.06,255.0,,,,,,,
85.77030158042908,0.0,255.0,121.13,255.0,,,,,,,
85.87892031669617,0.0,255.0,121.21,255.0,,,,,,,
86.08135962486267,0.0,255.0,121.36,255.0,,,,,,,
86.20579814910889,0.0,255.0,121.43,255.0,,,,,,,
86.39023852348328,0.0,255.0,121.58,255.0,,,,,,,
86.5756905078888,0.0,255.0,121.74,255.0,,,,,,,
86.6845064163208,0.0,255.0,121.82,255.0,,,,,,,
86.7776312828064,0.0,255.0,121.89,255.0,,,,,,,
86.88596844673157,0.0,255.0,121.97,255.0,,,,,,,
87.08994340896606,0.0,255.0,122.12,255.0,,,,,,,
87.19948244094849,0.0,255.0,122.19,255.0,,,,,,,
87.3085265159607,0.0,255.0,122.27,255.0,,,,,,,
87.41824626922607,0.0,255.0,122.34,255.0,,,,,,,
87.6830518245697,0.0,255.0,122.57,255.0,,,,,,,
87.89960241317749,0.0,255.0,122.75,255.0,,,,,,,
88.08638215065002,0.0,255.0,122.89,255.0,,,,,,,
88.19576835632324,0.0,255.0,122.95,255.0,,,,,,,
88.289479970932,0.0,255.0,123.03,255.0,,,,,,,
88.39985275268555,0.0,255.0,123.1,255.0,,,,,,,
88.61575174331665,0.0,255.0,123.28,255.0,,,,,,,
88.7241051197052,0.0,255.0,123.35,255.0,,,,,,,
88.89489412307739,0.0,255.0,123.5,255.0,,,,,,,
89.09600615501404,0.0,255.0,123.67,255.0,,,,,,,
89.20446920394897,0.0,255.0,123.73,255.0,,,,,,,
89.2979576587677,0.0,255.0,123.8,255.0,,,,,,,
89.40823268890381,0.0,255.0,123.9,255.0,,,,,,,
89.59556126594543,0.0,255.0,124.06,255.0,,,,,,,
89.70405602455139,0.0,255.0,124.14,255.0,,,,,,,
89.82701706886292,0.0,255.0,124.22,255.0,,,,,,,
89.93671178817749,0.0,255.0,124.29,255.0,,,,,,,
90.20169615745544,0.0,255.0,124.51,255.0,,,,,,,
90.40344643592834,0.0,255.0,124.64,255.0,,,,,,,
90.60757565498352,0.0,255.0,124.78,255.0,,,,,,,
90.70019388198853,0.0,255.0,124.87,255.0,,,,,,,
90.8101646900177,0.0,255.0,124.93,255.0,,,,,,,
90.91921472549438,0.0,255.0,125.01,255.0,,,,,,,
91.13684415817261,0.0,255.0,125.16,255.0,,,,,,,
91.24745988845825,0.0,255.0,125.23,255.0,,,,,,,
91.41890454292297,0.0,255.0,125.38,255.0,,,,,,,
91.61967849731445,0.0,255.0,125.57,255.0,,,,,,,
91.82101511955261,0.0,255.0,125.71,255.0,,,,,,,
91.91483044624329,0.0,255.0,125.79,255.0,,,,,,,
92.11795568466187,0.0,255.0,125.94,255.0,,,,,,,
92.22739171981812,0.0,255.0,126.01,255.0,,,,,,,
92.33494925498962,0.0,255.0,126.09,255.0,,,,,,,
92.44414401054382,0.0,255.0,126.16,255.0,,,,,,,
92.72132301330566,0.0,255.0,126.38,255.0,,,,,,,
92.92185592651367,0.0,255.0,126.51,255.0,,,,,,,
93.12273025512695,0.0,255.0,126.68,255.0,,,,,,,
93.21594667434692,0.0,255.0,126.75,255.0,,,,,,,
93.32418036460876,0.0,255.0,126.81,255.0,,,,,,,
93.4336462020874,0.0,255.0,126.89,255.0,,,,,,,
93.649653673172,0.0,255.0,127.04,255.0,,,,,,,
93.75873732566833,0.0,255.0,127.1,255.0,,,,,,,
93.92911195755005,0.0,255.0,127.25,255.0,,,,,,,
94.13091254234314,0.0,255.0,127.41,255.0,,,,,,,
94.22310709953308,0.0,255.0,127.46,255.0,,,,,,,
94.33285903930664,0.0,255.0,127.54,255.0,,,,,,,
94.42580962181091,0.0,255.0,127.63,255.0,,,,,,,
94.64198565483093,0.0,255.0,127.79,255.0,,,,,,,
94.73398113250732,0.0,255.0,127.86,255.0,,,,,,,
94.85749125480652,0.0,255.0,127.95,255.0,,,,,,,
95.0285496711731,0.0,255.0,128.11,255.0,,,,,,,
95.23162317276001,0.0,255.0,128.27,255.0,,,,,,,
95.43360567092896,0.0,255.0,128.4,255.0,,,,,,,
95.63666439056396,0.0,255.0,128.54,255.0,,,,,,,
95.72962164878845,0.0,255.0,128.62,255.0,,,,,,,
95.83859467506409,0.0,255.0,128.69,255.0,,,,,,,
95.94620299339294,0.0,255.0,128.77,255.0,,,,,,,
96.16284847259521,0.0,255.0,128.89,255.0,,,,,,,
96.27421259880066,0.0,255.0,128.97,255.0,,,,,,,
96.4451630115509,0.0,255.0,129.13,255.0,,,,,,,
96.64736294746399,0.0,255.0,129.29,255.0,,,,,,,
96.74170088768005,0.0,255.0,129.35,255.0,,,,,,,
96.83544754981995,0.0,255.0,129.43,255.0,,,,,,,
96.94394016265869,0.0,255.0,129.53,255.0,,,,,,,
97.14244437217712,0.0,255.0,129.66,255.0,,,,,,,
97.26659297943115,0.0,255.0,129.74,255.0,,,,,,,
97.37584233283997,0.0,255.0,129.81,255.0,,,,,,,
97.54643273353577,0.0,255.0,129.96,255.0,,,,,,,
97.74939918518066,0.0,255.0,130.11,255.0,,,,,,,
97.95205998420715,0.0,255.0,130.27,255.0,,,,,,,
98.15370082855225,0.0,255.0,130.43,255.0,,,,,,,
98.24723434448242,0.0,255.0,130.52,255.0,,,,,,,
98.35494589805603,0.0,255.0,130.59,255.0,,,,,,,
98.57155632972717,0.0,255.0,130.75,255.0,,,,,,,
98.68069839477539,0.0,255.0,130.84,255.0,,,,,,,
98.78693270683289,0.0,255.0,130.91,255.0,,,,,,,
98.95718836784363,0.0,255.0,131.05,255.0,,,,,,,
99.15783357620239,0.0,255.0,131.16,255.0,,,,,,,
99.25058674812317,0.0,255.0,131.24,255.0,,,,,,,
99.35790634155273,0.0,255.0,131.33,255.0,,,,,,,
99.4660427570343,0.0,255.0,131.4,255.0,,,,,,,
99.66752624511719,0.0,255.0,131.54,255.0,,,,,,,
99.77662897109985,0.0,255.0,131.6,255.0,,,,,,,
99.88404130935669,0.0,255.0,131.68,255.0,,,,,,,
100.06979441642761,0.0,255.0,131.84,255.0,,,,,,,
100.25585007667542,0.0,255.0,131.99,255.0,,,,,,,
100.36442375183105,0.0,255.0,132.07,255.0,,,,,,,
100.47417211532593,0.0,255.0,132.12,255.0,,,,,,,
100.66209626197815,0.0,255.0,132.26,255.0,,,,,,,
100.77022409439087,0.0,255.0,132.35,255.0,,,,,,,
100.86296772956848,0.0,255.0,132.45,255.0,,,,,,,
101.06683373451233,0.0,255.0,132.59,255.0,,,,,,,
101.19080710411072,0.0,255.0,132.67,255.0,,,,,,,
101.3004105091095,0.0,255.0,132.74,255.0,,,,,,,
101.47072100639343,0.0,255.0,132.9,255.0,,,,,,,
101.66945695877075,0.0,255.0,133.03,255.0,,,,,,,
101.76442790031433,0.0,255.0,133.09,255.0,,,,,,,
101.8724148273468,0.0,255.0,133.18,255.0,,,,,,,
102.07472729682922,0.0,255.0,133.3,255.0,,,,,,,
102.18216347694397,0.0,255.0,133.37,255.0,,,,,,,
102.29154658317566,0.0,255.0,133.43,255.0,,,,,,,
102.39808535575867,0.0,255.0,133.52,255.0,,,,,,,
102.5787615776062,0.0,255.0,133.67,255.0,,,,,,,
102.777907371521,0.0,255.0,133.79,255.0,,,,,,,
102.97892737388611,0.0,255.0,133.93,255.0,,,,,,,
103.18077611923218,0.0,255.0,134.08,255.0,,,,,,,
103.28736305236816,0.0,255.0,134.13,255.0,,,,,,,
103.38032341003418,0.0,255.0,134.21,255.0,,,,,,,
103.58073687553406,0.0,255.0,134.35,255.0,,,,,,,
103.70485281944275,0.0,255.0,134.42,255.0,,,,,,,
103.81580328941345,0.0,255.0,134.51,255.0,,,,,,,
103.98402523994446,0.0,255.0,134.67,255.0,,,,,,,
104.18436574935913,0.0,255.0,134.8,255.0,,,,,,,
104.29206347465515,0.0,255.0,134.88,255.0,,,,,,,
104.38562345504761,0.0,255.0,134.94,255.0,,,,,,,
104.58733606338501,0.0,255.0,135.09,255.0,,,,,,,
104.69488143920898,0.0,255.0,135.18,255.0,,,,,,,
104.80294942855835,0.0,255.0,135.25,255.0,,,,,,,
104.90989685058594,0.0,255.0,135.31,255.0,,,,,,,
105.12610340118408,0.0,255.0,135.45,255.0,,,,,,,
105.29663491249084,0.0,255.0,135.58,255.0,,,,,,,
105.52949571609497,0.0,255.0,135.72,255.0,,,,,,,
105.69741678237915,0.0,255.0,135.84,255.0,,,,,,,
105.79025650024414,0.0,255.0,135.92,255.0,,,,,,,
105.89851188659668,0.0,255.0,135.98,255.0,,,,,,,
106.11309313774109,0.0,255.0,136.13,255.0,,,,,,,
106.22245073318481,0.0,255.0,136.18,255.0,,,,,,,
106.33121538162231,0.0,255.0,136.26,255.0,,,,,,,
106.50115752220154,0.0,255.0,136.4,255.0,,,,,,,
106.70438003540039,0.0,255.0,136.56,255.0,,,,,,,
106.79714465141296,0.0,255.0,136.63,255.0,,,,,,,
106.90638947486877,0.0,255.0,136.69,255.0,,,,,,,
107.10976982116699,0.0,255.0,136.83,255.0,,,,,,,
107.2023286819458,0.0,255.0,136.92,255.0,,,,,,,
107.32759642601013,0.0,255.0,136.99,255.0,,,,,,,
107.43645524978638,0.0,255.0,137.04,255.0,,,,,,,
107.70179653167725,0.0,255.0,137.23,255.0,,,,,,,
107.90304899215698,0.0,255.0,137.37,255.0,,,,,,,
108.10430693626404,0.0,255.0,137.52,255.0,,,,,,,
108.21399736404419,0.0,255.0,137.61,255.0,,,,,,,
108.30558562278748,0.0,255.0,137.68,255.0,,,,,,,
108.41353392601013,0.0,255.0,137.73,255.0,,,,,,,
108.63083481788635,0.0,255.0,137.88,255.0,,,,,,,
108.74045753479004,0.0,255.0,137.97,255.0,,,,,,,
108.8493378162384,0.0,255.0,138.04,255.0,,,,,,,
109.03528475761414,0.0,255.0,138.17,255.0,,,,,,,
109.22295951843262,0.0,255.0,138.32,255.0,,,,,,,
109.31635165214539,0.0,255.0,138.39,255.0,,,,,,,
109.41045951843262,0.0,255.0,138.48,255.0,,,,,,,
109.62593674659729,0.0,255.0,138.61,255.0,,,,,,,
109.73507595062256,0.0,255.0,138.69,255.0,,,,,,,
109.82885193824768,0.0,255.0,138.76,255.0,,,,,,,
109.9525682926178,0.0,255.0,138.85,255.0,,,,,,,
110.21555018424988,0.0,255.0,139.06,255.0,,,,,,,
110.41726899147034,0.0,255.0,139.17,255.0,,,,,,,
110.61894178390503,0.0,255.0,139.31,255.0,,,,,,,
110.72723984718323,0.0,255.0,139.4,255.0,,,,,,,
110.82055759429932,0.0,255.0,139.46,255.0,,,,,,,
110.92744588851929,0.0,255.0,139.52,255.0,,,,,,,
111.14652609825134,0.0,255.0,139.66,255.0,,,,,,,
111.25413489341736,0.0,255.0,139.71,255.0,,,,,,,
111.36323022842407,0.0,255.0,139.79,255.0,,,,,,,
111.53491353988647,0.0,255.0,139.97,255.0,,,,,,,
111.73798251152039,0.0,255.0,140.08,255.0,,,,,,,
111.83079266548157,0.0,255.0,140.15,255.0,,,,,,,
111.93980598449707,0.0,255.0,140.22,255.0,,,,,,,
112.14017534255981,0.0,255.0,140.37,255.0,,,,,,,
112.249338388443,0.0,255.0,140.42,255.0,,,,,,,
112.35817241668701,0.0,255.0,140.47,255.0,,,,,,,
112.54442811012268,0.0,255.0,140.59,255.0,,,,,,,
112.73039221763611,0.0,255.0,140.74,255.0,,,,,,,
112.93109965324402,0.0,255.0,140.9,255.0,,,,,,,
113.13217306137085,0.0,255.0,141.04,255.0,,,,,,,
113.24120259284973,0.0,255.0,141.11,255.0,,,,,,,
113.3343551158905,0.0,255.0,141.16,255.0,,,,,,,
113.443354845047,0.0,255.0,141.24,255.0,,,,,,,
113.66029238700867,0.0,255.0,141.35,255.0,,,,,,,
113.77019429206848,0.0,255.0,141.43,255.0,,,,,,,
113.87876486778259,0.0,255.0,141.49,255.0,,,,,,,
114.04914832115173,0.0,255.0,141.62,255.0,,,,,,,
114.25171709060669,0.0,255.0,141.73,255.0,,,,,,,
114.34276175498962,0.0,255.0,141.8,255.0,,,,,,,
114.45148992538452,0.0,255.0,141.86,255.0,,,,,,,
114.65410161018372,0.0,255.0,141.99,255.0,,,,,,,
114.76253938674927,0.0,255.0,142.05,255.0,,,,,,,
114.87116813659668,0.0,255.0,142.1,255.0,,,,,,,
115.05622148513794,0.0,255.0,142.24,255.0,,,,,,,
115.2446117401123,0.0,255.0,142.36,255.0,,,,,,,
115.44665217399597,0.0,255.0,142.51,255.0,,,,,,,
115.64680075645447,0.0,255.0,142.63,255.0,,,,,,,
115.75631141662598,0.0,255.0,142.71,255.0,,,,,,,
115.8487114906311,0.0,255.0,142.78,255.0,,,,,,,
116.06569218635559,0.0,255.0,142.91,255.0,,,,,,,
116.17306137084961,0.0,255.0,142.97,255.0,,,,,,,
116.36059975624084,0.0,255.0,143.1,255.0,,,,,,,
116.56429934501648,0.0,255.0,143.21,255.0,,,,,,,
116.76510810852051,0.0,255.0,143.35,255.0,,,,,,,
116.85840439796448,0.0,255.0,143.4,255.0,,,,,,,
116.96844267845154,0.0,255.0,143.48,255.0,,,,,,,
117.1722321510315,0.0,255.0,143.66,255.0,,,,,,,
117.28187942504883,0.0,255.0,143.73,255.0,,,,,,,
117.37460017204285,0.0,255.0,143.78,255.0,,,,,,,
117.5740385055542,0.0,255.0,143.92,255.0,,,,,,,
117.76010513305664,0.0,255.0,144.05,255.0,,,,,,,
117.96160817146301,0.0,255.0,144.16,255.0,,,,,,,
118.16271114349365,0.0,255.0,144.3,255.0,,,,,,,
118.27289152145386,0.0,255.0,144.39,255.0,,,,,,,
118.36612725257874,0.0,255.0,144.46,255.0,,,,,,,
118.56774592399597,0.0,255.0,144.6,255.0,,,,,,,
118.691410779953,0.0,255.0,144.67,255.0,,,,,,,
118.80073189735413,0.0,255.0,144.72,255.0,,,,,,,
118.90959978103638,0.0,255.0,144.8,255.0,,,,,,,
119.17433786392212,0.0,255.0,145.0,255.0,,,,,,,
119.28388977050781,0.0,255.0,145.07,255.0,,,,,,,
119.37848997116089,0.0,255.0,145.12,255.0,,,,,,,
119.57813239097595,0.0,255.0,145.26,255.0,,,,,,,
119.67291259765625,0.0,255.0,145.31,255.0,,,,,,,
119.79765796661377,0.0,255.0,145.39,255.0,,,,,,,
119.90714263916016,0.0,255.0,145.45,255.0,,,,,,,
120.18660998344421,0.0,255.0,145.65,255.0,,,,,,,
120.38736653327942,0.0,255.0,145.78,255.0,,,,,,,
120.58953380584717,0.0,255.0,145.89,255.0,,,,,,,
120.68520498275757,0.0,255.0,145.97,255.0,,,,,,,
120.776926279068,0.0,255.0,146.04,255.0,,,,,,,
120.88414525985718,0.0,255.0,146.09,255.0,,,,,,,
121.08320617675781,0.0,255.0,146.23,255.0,,,,,,,
121.20895719528198,0.0,255.0,146.32,255.0,,,,,,,
121.31817650794983,0.0,255.0,146.4,255.0,,,,,,,
121.49097490310669,0.0,255.0,146.5,255.0,,,,,,,
121.69367790222168,0.0,255.0,146.64,255.0,,,,,,,
121.78410792350769,0.0,255.0,146.69,255.0,,,,,,,
121.89398002624512,0.0,255.0,146.77,255.0,,,,,,,
122.09522867202759,0.0,255.0,146.88,255.0,,,,,,,
122.18889808654785,0.0,255.0,146.96,255.0,,,,,,,
122.29796433448792,0.0,255.0,147.02,255.0,,,,,,,
122.40925669670105,0.0,255.0,147.08,255.0,,,,,,,
122.62752985954285,0.0,255.0,147.22,255.0,,,,,,,
122.79705476760864,0.0,255.0,147.35,255.0,,,,,,,
123.1088457107544,0.0,255.0,147.55,255.0,,,,,,,
123.20249271392822,0.0,255.0,147.62,255.0,,,,,,,
123.29646801948547,0.0,255.0,147.67,255.0,,,,,,,
123.40583515167236,0.0,255.0,147.75,255.0,,,,,,,
123.62284016609192,0.0,255.0,147.87,255.0,,,,,,,
123.73184895515442,0.0,255.0,147.95,255.0,,,,,,,
123.90405106544495,0.0,255.0,148.07,255.0,,,,,,,
124.1073968410492,0.0,255.0,148.19,255.0,,,,,,,
124.30792593955994,0.0,255.0,148.32,255.0,,,,,,,
124.4016523361206,0.0,255.0,148.4,255.0,,,,,,,
124.60254311561584,0.0,255.0,148.5,255.0,,,,,,,
124.71214723587036,0.0,255.0,148.58,255.0,,,,,,,
124.8194990158081,0.0,255.0,148.64,255.0,,,,,,,
124.92929553985596,0.0,255.0,148.73,255.0,,,,,,,
125.20771813392639,0.0,255.0,148.9,255.0,,,,,,,
125.4106605052948,0.0,255.0,149.04,255.0,,,,,,,
125.61300373077393,0.0,255.0,149.21,255.0,,,,,,,
125.7066056728363,0.0,255.0,149.27,255.0,,,,,,,
125.81544470787048,0.0,255.0,149.31,255.0,,,,,,,
125.9224624633789,0.0,255.0,149.39,255.0,,,,,,,
126.12506294250488,0.0,255.0,149.5,255.0,,,,,,,
126.23486089706421,0.0,255.0,149.58,255.0,,,,,,,
126.34378337860107,0.0,255.0,149.65,255.0,,,,,,,
126.54658031463623,0.0,255.0,149.74,255.0,,,,,,,
126.71649241447449,0.0,255.0,149.88,255.0,,,,,,,
126.8259608745575,0.0,255.0,149.92,255.0,,,,,,,
126.92026853561401,0.0,255.0,150.0,255.0,,,,,,,
127.12270975112915,0.0,255.0,150.12,255.0,,,,,,,
127.23161268234253,0.0,255.0,150.2,255.0,,,,,,,
127.34028625488281,0.0,255.0,150.27,255.0,,,,,,,
127.44913101196289,0.0,255.0,150.32,255.0,,,,,,,
127.727463722229,0.0,255.0,150.52,255.0,,,,,,,
127.93185877799988,0.0,255.0,150.64,255.0,,,,,,,
128.2259714603424,0.0,255.0,150.83,255.0,,,,,,,
128.33515977859497,0.0,255.0,150.9,255.0,,,,,,,
128.42689204216003,0.0,255.0,150.95,255.0,,,,,,,
128.6446418762207,0.0,255.0,151.1,255.0,,,,,,,
128.7538149356842,0.0,255.0,151.15,255.0,,,,,,,
128.8613088130951,0.0,255.0,151.19,255.0,,,,,,,
129.03369522094727,0.0,255.0,151.3,255.0,,,,,,,
129.23332834243774,0.0,255.0,151.44,255.0,,,,,,,
129.34169220924377,0.0,255.0,151.51,255.0,,,,,,,
129.4340319633484,0.0,255.0,151.57,255.0,,,,,,,
129.63697624206543,0.0,255.0,151.72,255.0,,,,,,,
129.74600911140442,0.0,255.0,151.78,255.0,,,,,,,
129.85583400726318,0.0,255.0,151.86,255.0,,,,,,,
130.04338431358337,0.0,255.0,151.99,255.0,,,,,,,
130.24373388290405,0.0,255.0,152.11,255.0,,,,,,,
130.44464421272278,0.0,255.0,152.23,255.0,,,,,,,
130.6427400112152,0.0,255.0,152.34,255.0,,,,,,,
130.749089717865,0.0,255.0,152.4,255.0,,,,,,,
130.84109830856323,0.0,255.0,152.45,255.0,,,,,,,
130.94956040382385,0.0,255.0,152.53,255.0,,,,,,,
131.16636443138123,0.0,255.0,152.69,255.0,,,,,,,
131.27382063865662,0.0,255.0,152.77,255.0,,,,,,,
131.38042736053467,0.0,255.0,152.83,255.0,,,,,,,
131.54895853996277,0.0,255.0,152.95,255.0,,,,,,,
131.75020623207092,0.0,255.0,153.07,255.0,,,,,,,
131.84375381469727,0.0,255.0,153.11,255.0,,,,,,,
131.95210599899292,0.0,255.0,153.15,255.0,,,,,,,
132.15518403053284,0.0,255.0,153.28,255.0,,,,,,,
132.2632749080658,0.0,255.0,153.32,255.0,,,,,,,
132.37321066856384,0.0,255.0,153.4,255.0,,,,,,,
132.55866503715515,0.0,255.0,153.52,255.0,,,,,,,
132.76034259796143,0.0,255.0,153.67,255.0,,,,,,,
132.96129202842712,0.0,255.0,153.77,255.0,,,,,,,
133.16288828849792,0.0,255.0,153.91,255.0,,,,,,,
133.2566442489624,0.0,255.0,153.96,255.0,,,,,,,
133.36387515068054,0.0,255.0,154.04,255.0,,,,,,,
133.56389260292053,0.0,255.0,154.16,255.0,,,,,,,
133.67246222496033,0.0,255.0,154.25,255.0,,,,,,,
133.78070545196533,0.0,255.0,154.32,255.0,,,,,,,
133.9671971797943,0.0,255.0,154.42,255.0,,,,,,,
134.26087594032288,0.0,255.0,154.62,255.0,,,,,,,
134.37090754508972,0.0,255.0,154.7,255.0,,,,,,,
134.46599769592285,0.0,255.0,154.77,255.0,,,,,,,
134.66495180130005,0.0,255.0,154.87,255.0,,,,,,,
134.772780418396,0.0,255.0,154.95,255.0,,,,,,,
134.88220810890198,0.0,255.0,154.97,255.0,,,,,,,
135.06919193267822,0.0,255.0,155.12,255.0,,,,,,,
135.20540285110474,0.0,255.0,155.19,255.0,,,,,,,
135.3754858970642,0.0,255.0,155.3,255.0,,,,,,,
135.57572031021118,0.0,255.0,155.41,255.0,,,,,,,
135.66905093193054,0.0,255.0,155.47,255.0,,,,,,,
135.77986335754395,0.0,255.0,155.52,255.0,,,,,,,
135.8747947216034,0.0,255.0,155.56,255.0,,,,,,,
136.07743954658508,0.0,255.0,155.69,255.0,,,,,,,
136.20216155052185,0.0,255.0,155.74,255.0,,,,,,,
136.29541110992432,0.0,255.0,155.83,255.0,,,,,,,
136.48173809051514,0.0,255.0,155.95,255.0,,,,,,,
136.683673620224,0.0,255.0,156.11,255.0,,,,,,,
136.871643781662,0.0,255.0,156.21,255.0,,,,,,,
137.07349586486816,0.0,255.0,156.36,255.0,,,,,,,
137.18205404281616,0.0,255.0,156.41,255.0,,,,,,,
137.29133367538452,0.0,255.0,156.5,255.0,,,,,,,
137.40048027038574,0.0,255.0,156.57,255.0,,,,,,,
137.6206977367401,0.0,255.0,156.67,255.0,,,,,,,
137.7778913974762,0.0,255.0,156.81,255.0,,,,,,,
137.97975611686707,0.0,255.0,156.91,255.0,,,,,,,
138.19574308395386,0.0,255.0,157.01,255.0,,,,,,,
138.2887420654297,0.0,255.0,157.07,255.0,,,,,,,
138.38074493408203,0.0,255.0,157.12,255.0,,,,,,,
138.58394122123718,0.0,255.0,157.23,255.0,,,,,,,
138.70754027366638,0.0,255.0,157.29,255.0,,,,,,,
138.81539273262024,0.0,255.0,157.34,255.0,,,,,,,
138.92504715919495,0.0,255.0,157.43,255.0,,,,,,,
139.2037513256073,0.0,255.0,157.59,255.0,,,,,,,
139.39013290405273,0.0,255.0,157.7,255.0,,,,,,,
139.53128504753113,0.0,255.0,157.76,255.0,,,,,,,
139.7020125389099,0.0,255.0,157.93,255.0,,,,,,,
139.79575514793396,0.0,255.0,157.99,255.0,,,,,,,
139.91993808746338,0.0,255.0,158.04,255.0,,,,,,,
140.20020484924316,0.0,255.0,158.25,255.0,,,,,,,
140.4005537033081,0.0,255.0,158.37,255.0,,,,,,,
140.60108923912048,0.0,255.0,158.49,255.0,,,,,,,
140.71108198165894,0.0,255.0,158.53,255.0,,,,,,,
140.80434775352478,0.0,255.0,158.57,255.0,,,,,,,
140.89724493026733,0.0,255.0,158.64,255.0,,,,,,,
141.03719902038574,0.0,255.0,158.7,255.0,,,,,,,
141.11409640312195,0.0,255.0,158.75,255.0,,,,,,,
141.2240059375763,0.0,255.0,158.78,255.0,,,,,,,
141.33347415924072,0.0,255.0,158.86,255.0,,,,,,,
141.4422390460968,0.0,255.0,158.92,255.0,,,,,,,
141.70737886428833,0.0,255.0,159.09,255.0,,,,,,,
141.8149790763855,0.0,255.0,159.16,255.0,,,,,,,
141.90682077407837,0.0,255.0,159.21,255.0,,,,,,,
142.1110782623291,0.0,255.0,159.37,255.0,,,,,,,
142.2057752609253,0.0,255.0,159.42,255.0,,,,,,,
142.31625080108643,0.0,255.0,159.47,255.0,,,,,,,
142.44070482254028,0.0,255.0,159.5,255.0,,,,,,,
142.64215397834778,0.0,255.0,159.64,255.0,,,,,,,
142.81414103507996,0.0,255.0,159.73,255.0,,,,,,,
143.0331289768219,0.0,255.0,159.84,255.0,,,,,,,
143.21909260749817,0.0,255.0,159.94,255.0,,,,,,,
143.3120448589325,0.0,255.0,160.03,255.0,,,,,,,
143.42094898223877,0.0,255.0,160.09,255.0,,,,,,,
143.63764548301697,0.0,255.0,160.19,255.0,,,,,,,
143.7454833984375,0.0,255.0,160.23,255.0,,,,,,,
143.8542354106903,0.0,255.0,160.31,255.0,,,,,,,
144.04158902168274,0.0,255.0,160.42,255.0,,,,,,,
144.22708463668823,0.0,255.0,160.53,255.0,,,,,,,
144.4282627105713,0.0,255.0,160.7,255.0,,,,,,,
144.62967777252197,0.0,255.0,160.8,255.0,,,,,,,
144.72225737571716,0.0,255.0,160.86,255.0,,,,,,,
144.83111119270325,0.0,255.0,160.91,255.0,,,,,,,
144.94038558006287,0.0,255.0,160.95,255.0,,,,,,,
145.15895223617554,0.0,255.0,161.09,255.0,,,,,,,
145.33081483840942,0.0,255.0,161.23,255.0,,,,,,,
145.5329418182373,0.0,255.0,161.36,255.0,,,,,,,
145.62619829177856,0.0,255.0,161.4,255.0,,,,,,,
145.73467016220093,0.0,255.0,161.44,255.0,,,,,,,
145.8278660774231,0.0,255.0,161.52,255.0,,,,,,,
145.9369170665741,0.0,255.0,161.58,255.0,,,,,,,
146.15453457832336,0.0,255.0,161.67,255.0,,,,,,,
146.26351857185364,0.0,255.0,161.71,255.0,,,,,,,
146.3719675540924,0.0,255.0,161.78,255.0,,,,,,,
146.52790522575378,0.0,255.0,161.89,255.0,,,,,,,
146.74722933769226,0.0,255.0,162.05,255.0,,,,,,,
146.9331305027008,0.0,255.0,162.15,255.0,,,,,,,
147.13658380508423,0.0,255.0,162.31,255.0,,,,,,,
147.24535870552063,0.0,255.0,162.36,255.0,,,,,,,
147.3539752960205,0.0,255.0,162.41,255.0,,,,,,,
147.54068279266357,0.0,255.0,162.52,255.0,,,,,,,
147.6797502040863,0.0,255.0,162.58,255.0,,,,,,,
147.84849643707275,0.0,255.0,162.72,255.0,,,,,,,
148.0367991924286,0.0,255.0,162.85,255.0,,,,,,,
148.14507389068604,0.0,255.0,162.9,255.0,,,,,,,
148.2539143562317,0.0,255.0,162.94,255.0,,,,,,,
148.3464367389679,0.0,255.0,163.02,255.0,,,,,,,
148.43963241577148,0.0,255.0,163.08,255.0,,,,,,,
148.65820574760437,0.0,255.0,163.17,255.0,,,,,,,
148.7673408985138,0.0,255.0,163.26,255.0,,,,,,,
148.87645602226257,0.0,255.0,163.32,255.0,,,,,,,
149.0486421585083,0.0,255.0,163.42,255.0,,,,,,,
149.24979662895203,0.0,255.0,163.53,255.0,,,,,,,
149.35891842842102,0.0,255.0,163.6,255.0,,,,,,,
149.4534523487091,0.0,255.0,163.7,255.0,,,,,,,
149.65534090995789,0.0,255.0,163.84,255.0,,,,,,,
149.76549649238586,0.0,255.0,163.89,255.0,,,,,,,
149.87458896636963,0.0,255.0,163.94,255.0,,,,,,,
150.0609426498413,0.0,255.0,164.09,255.0,,,,,,,
150.26228284835815,0.0,255.0,164.19,255.0,,,,,,,
150.46301364898682,0.0,255.0,164.3,255.0,,,,,,,
150.6633403301239,0.0,255.0,164.41,255.0,,,,,,,
150.77044820785522,0.0,255.0,164.46,255.0,,,,,,,
150.86217832565308,0.0,255.0,164.54,255.0,,,,,,,
151.06486225128174,0.0,255.0,164.66,255.0,,,,,,,
151.1882927417755,0.0,255.0,164.7,255.0,,,,,,,
151.28139853477478,0.0,255.0,164.74,255.0,,,,,,,
151.38920545578003,0.0,255.0,164.77,255.0,,,,,,,
151.5589725971222,0.0,255.0,164.9,255.0,,,,,,,
151.7770528793335,0.0,255.0,164.99,255.0,,,,,,,
151.96267199516296,0.0,255.0,165.09,255.0,,,,,,,
152.16490173339844,0.0,255.0,165.2,255.0,,,,,,,
152.2737820148468,0.0,255.0,165.29,255.0,,,,,,,
152.38463950157166,0.0,255.0,165.37,255.0,,,,,,,
152.57308340072632,0.0,255.0,165.47,255.0,,,,,,,
152.77480387687683,0.0,255.0,165.59,255.0,,,,,,,
152.97963428497314,0.0,255.0,165.71,255.0,,,,,,,
153.1677050590515,0.0,255.0,165.84,255.0,,,,,,,
153.2753632068634,0.0,255.0,165.91,255.0,,,,,,,
153.3825445175171,0.0,255.0,165.97,255.0,,,,,,,
153.56984043121338,0.0,255.0,166.05,255.0,,,,,,,
153.69524598121643,0.0,255.0,166.13,255.0,,,,,,,
153.80402827262878,0.0,255.0,166.19,255.0,,,,,,,
153.9149570465088,0.0,255.0,166.25,255.0,,,,,,,
154.18029880523682,0.0,255.0,166.4,255.0,,,,,,,
154.38192296028137,0.0,255.0,166.52,255.0,,,,,,,
154.58456110954285,0.0,255.0,166.59,255.0,,,,,,,
154.67703676223755,0.0,255.0,166.67,255.0,,,,,,,
154.78728580474854,0.0,255.0,166.74,255.0,,,,,,,
154.89515686035156,0.0,255.0,166.79,255.0,,,,,,,
155.08116507530212,0.0,255.0,166.92,255.0,,,,,,,
155.29872035980225,0.0,255.0,167.04,255.0,,,,,,,
155.4869260787964,0.0,255.0,167.12,255.0,,,,,,,
155.68954277038574,0.0,255.0,167.17,255.0,,,,,,,
155.79806518554688,0.0,255.0,167.24,255.0,,,,,,,
155.89197325706482,0.0,255.0,167.3,255.0,,,,,,,
156.0934476852417,0.0,255.0,167.38,255.0,,,,,,,
156.20283555984497,0.0,255.0,167.47,255.0,,,,,,,
156.32709622383118,0.0,255.0,167.54,255.0,,,,,,,
156.49895882606506,0.0,255.0,167.63,255.0,,,,,,,
156.70057153701782,0.0,255.0,167.74,255.0,,,,,,,
156.90285563468933,0.0,255.0,167.86,255.0,,,,,,,
157.10377025604248,0.0,255.0,167.94,255.0,,,,,,,
157.19659662246704,0.0,255.0,167.97,255.0,,,,,,,
157.3055386543274,0.0,255.0,168.04,255.0,,,,,,,
157.41383171081543,0.0,255.0,168.11,255.0,,,,,,,
157.62952613830566,0.0,255.0,168.2,255.0,,,,,,,
157.7375521659851,0.0,255.0,168.28,255.0,,,,,,,
157.9079930782318,0.0,255.0,168.41,255.0,,,,,,,
158.20382523536682,0.0,255.0,168.52,255.0,,,,,,,
158.3122489452362,0.0,255.0,168.59,255.0,,,,,,,
158.4062464237213,0.0,255.0,168.66,255.0,,,,,,,
158.62373900413513,0.0,255.0,168.75,255.0,,,,,,,
158.73332500457764,0.0,255.0,168.78,255.0,,,,,,,
158.82621216773987,0.0,255.0,168.8,255.0,,,,,,,
159.01283931732178,0.0,255.0,168.94,255.0,,,,,,,
159.21597409248352,0.0,255.0,169.03,255.0,,,,,,,
159.4183497428894,0.0,255.0,169.19,255.0,,,,,,,
159.62097024917603,0.0,255.0,169.29,255.0,,,,,,,
159.71415400505066,0.0,255.0,169.32,255.0,,,,,,,
159.8218834400177,0.0,255.0,169.35,255.0,,,,,,,
159.92894768714905,0.0,255.0,169.43,255.0,,,,,,,
160.14689826965332,0.0,255.0,169.54,255.0,,,,,,,
160.31764221191406,0.0,255.0,169.67,255.0,,,,,,,
160.53415632247925,0.0,255.0,169.76,255.0,,,,,,,
160.72013759613037,0.0,255.0,169.85,255.0,,,,,,,
160.82954454421997,0.0,255.0,169.89,255.0,,,,,,,
160.92277479171753,0.0,255.0,169.97,255.0,,,,,,,
161.1250922679901,0.0,255.0,170.1,255.0,,,,,,,
161.25022530555725,0.0,255.0,170.14,255.0,,,,,,,
161.3584578037262,0.0,255.0,170.17,255.0,,,,,,,
161.528892993927,0.0,255.0,170.33,255.0,,,,,,,
161.73322939872742,0.0,255.0,170.42,255.0,,,,,,,
161.92064833641052,0.0,255.0,170.54,255.0,,,,,,,
162.12289881706238,0.0,255.0,170.67,255.0,,,,,,,
162.23084449768066,0.0,255.0,170.71,255.0,,,,,,,
162.32498240470886,0.0,255.0,170.74,255.0,,,,,,,
162.44900465011597,0.0,255.0,170.83,255.0,,,,,,,
162.66217947006226,0.0,255.0,170.95,255.0,,,,,,,
162.8339648246765,0.0,255.0,171.09,255.0,,,,,,,
163.03525233268738,0.0,255.0,171.18,255.0,,,,,,,
163.12913012504578,0.0,255.0,171.23,255.0,,,,,,,
163.2371346950531,0.0,255.0,171.28,255.0,,,,,,,
163.3306040763855,0.0,255.0,171.32,255.0,,,,,,,
163.43811535835266,0.0,255.0,171.4,255.0,,,,,,,
163.65777158737183,0.0,255.0,171.53,255.0,,,,,,,
163.75247621536255,0.0,255.0,171.57,255.0,,,,,,,
163.86098766326904,0.0,255.0,171.61,255.0,,,,,,,
164.14145421981812,0.0,255.0,171.78,255.0,,,,,,,
164.34254956245422,0.0,255.0,171.93,255.0,,,,,,,
164.43612694740295,0.0,255.0,172.01,255.0,,,,,,,
164.63527584075928,0.0,255.0,172.13,255.0,,,,,,,
164.74340152740479,0.0,255.0,172.17,255.0,,,,,,,
164.85071682929993,0.0,255.0,172.2,255.0,,,,,,,
165.03688526153564,0.0,255.0,172.25,255.0,,,,,,,
165.17652344703674,0.0,255.0,172.33,255.0,,,,,,,
165.34472751617432,0.0,255.0,172.44,255.0,,,,,,,
165.5461928844452,0.0,255.0,172.51,255.0,,,,,,,
165.65318822860718,0.0,255.0,172.59,255.0,,,,,,,
165.74506306648254,0.0,255.0,172.66,255.0,,,,,,,
165.85454630851746,0.0,255.0,172.71,255.0,,,,,,,
165.94793438911438,0.0,255.0,172.76,255.0,,,,,,,
166.1657111644745,0.0,255.0,172.93,255.0,,,,,,,
166.27378678321838,0.0,255.0,172.99,255.0,,,,,,,
166.38016891479492,0.0,255.0,173.04,255.0,,,,,,,
166.55092787742615,0.0,255.0,173.11,255.0,,,,,,,
166.7509229183197,0.0,255.0,173.21,255.0,,,,,,,
166.85802698135376,0.0,255.0,173.27,255.0,,,,,,,
166.9513123035431,0.0,255.0,173.32,255.0,,,,,,,
167.15412616729736,0.0,255.0,173.4,255.0,,,,,,,
167.26356863975525,0.0,255.0,173.42,255.0,,,,,,,
167.37399053573608,0.0,255.0,173.44,255.0,,,,,,,
167.55905055999756,0.0,255.0,173.58,255.0,,,,,,,
167.76095008850098,0.0,255.0,173.67,255.0,,,,,,,
167.96235179901123,0.0,255.0,173.79,255.0,,,,,,,
168.16596031188965,0.0,255.0,173.91,255.0,,,,,,,
168.26115036010742,0.0,255.0,173.96,255.0,,,,,,,
168.3698649406433,0.0,255.0,173.99,255.0,,,,,,,
168.57030534744263,0.0,255.0,174.15,255.0,,,,,,,
168.67684674263,0.0,255.0,174.21,255.0,,,,,,,
168.78482341766357,0.0,255.0,174.26,255.0,,,,,,,
168.97003507614136,0.0,255.0,174.32,255.0,,,,,,,
169.17345237731934,0.0,255.0,174.47,255.0,,,,,,,
169.3755235671997,0.0,255.0,174.57,255.0,,,,,,,
169.4703447818756,0.0,255.0,174.61,255.0,,,,,,,
169.67291808128357,0.0,255.0,174.65,255.0,,,,,,,
169.77992987632751,0.0,255.0,174.67,255.0,,,,,,,
169.8870952129364,0.0,255.0,174.75,255.0,,,,,,,
170.07444834709167,0.0,255.0,174.86,255.0,,,,,,,
170.27592086791992,0.0,255.0,174.93,255.0,,,,,,,
170.478036403656,0.0,255.0,175.03,255.0,,,,,,,
170.6805019378662,0.0,255.0,175.15,255.0,,,,,,,
170.77418446540833,0.0,255.0,175.19,255.0,,,,,,,
170.88364362716675,0.0,255.0,175.23,255.0,,,,,,,
171.08548212051392,0.0,255.0,175.39,255.0,,,,,,,
171.19397592544556,0.0,255.0,175.44,255.0,,,,,,,
171.30370211601257,0.0,255.0,175.49,255.0,,,,,,,
171.4133985042572,0.0,255.0,175.53,255.0,,,,,,,
171.67813444137573,0.0,255.0,175.71,255.0,,,,,,,
171.78805136680603,0.0,255.0,175.76,255.0,,,,,,,
171.88145971298218,0.0,255.0,175.81,255.0,,,,,,,
172.08259272575378,0.0,255.0,175.87,255.0,,,,,,,
172.19182467460632,0.0,255.0,175.96,255.0,,,,,,,
172.28520798683167,0.0,255.0,176.03,255.0,,,,,,,
172.39419174194336,0.0,255.0,176.08,255.0,,,,,,,
172.58255624771118,0.0,255.0,176.16,255.0,,,,,,,
172.7224678993225,0.0,255.0,176.19,255.0,,,,,,,
172.892560005188,0.0,255.0,176.34,255.0,,,,,,,
173.09473514556885,0.0,255.0,176.44,255.0,,,,,,,
173.18775916099548,0.0,255.0,176.54,255.0,,,,,,,
173.29645252227783,0.0,255.0,176.62,255.0,,,,,,,
173.40356945991516,0.0,255.0,176.62,255.0,,,,,,,
173.6043291091919,0.0,255.0,176.73,255.0,,,,,,,
173.71327900886536,0.0,255.0,176.77,255.0,,,,,,,
173.8218343257904,0.0,255.0,176.87,255.0,,,,,,,
173.93029594421387,0.0,255.0,176.88,255.0,,,,,,,
174.19607591629028,0.0,255.0,177.06,255.0,,,,,,,
174.39607214927673,0.0,255.0,177.13,255.0,,,,,,,
174.53585743904114,0.0,255.0,177.22,255.0,,,,,,,
174.70714735984802,0.0,255.0,177.35,255.0,,,,,,,
174.79960107803345,0.0,255.0,177.39,255.0,,,,,,,
174.90817713737488,0.0,255.0,177.43,255.0,,,,,,,
175.20636343955994,0.0,255.0,177.62,255.0,,,,,,,
175.41072297096252,0.0,255.0,177.72,255.0,,,,,,,
175.61162543296814,0.0,255.0,177.78,255.0,,,,,,,
175.7042796611786,0.0,255.0,177.87,255.0,,,,,,,
175.81407594680786,0.0,255.0,177.94,255.0,,,,,,,
175.90663886070251,0.0,255.0,178.0,255.0,,,,,,,
176.1231541633606,0.0,255.0,178.08,255.0,,,,,,,
176.23389554023743,0.0,255.0,178.11,255.0,,,,,,,
176.34220218658447,0.0,255.0,178.13,255.0,,,,,,,
176.43715238571167,0.0,255.0,178.21,255.0,,,,,,,
176.7181420326233,0.0,255.0,178.38,255.0,,,,,,,
176.92082977294922,0.0,255.0,178.44,255.0,,,,,,,
177.10902404785156,0.0,255.0,178.55,255.0,,,,,,,
177.21596431732178,0.0,255.0,178.61,255.0,,,,,,,
177.32337832450867,0.0,255.0,178.67,255.0,,,,,,,
177.4333324432373,0.0,255.0,178.71,255.0,,,,,,,
177.65119290351868,0.0,255.0,178.77,255.0,,,,,,,
177.82197070121765,0.0,255.0,178.93,255.0,,,,,,,
178.039466381073,0.0,255.0,179.03,255.0,,,,,,,
178.22675919532776,0.0,255.0,179.09,255.0,,,,,,,
178.3213529586792,0.0,255.0,179.18,255.0,,,,,,,
178.4307918548584,0.0,255.0,179.26,255.0,,,,,,,
178.63075804710388,0.0,255.0,179.36,255.0,,,,,,,
178.7391083240509,0.0,255.0,179.4,255.0,,,,,,,
178.84729170799255,0.0,255.0,179.43,255.0,,,,,,,
179.03426790237427,0.0,255.0,179.59,255.0,,,,,,,
179.22121834754944,0.0,255.0,179.64,255.0,,,,,,,
179.3309404850006,0.0,255.0,179.69,255.0,,,,,,,
179.42401957511902,0.0,255.0,179.72,255.0,,,,,,,
179.6270215511322,0.0,255.0,179.78,255.0,,,,,,,
179.7350878715515,0.0,255.0,179.87,255.0,,,,,,,
179.84438633918762,0.0,255.0,179.87,255.0,,,,,,,
179.9538152217865,0.0,255.0,179.94,255.0,,,,,,,
180.23397994041443,0.0,255.0,180.07,255.0,,,,,,,
180.43598103523254,0.0,255.0,180.19,255.0,,,,,,,
180.63818788528442,0.0,255.0,180.32,255.0,,,,,,,
180.745463848114,0.0,255.0,180.37,255.0,,,,,,,
180.8392858505249,0.0,255.0,180.4,255.0,,,,,,,
180.9482011795044,0.0,255.0,180.43,255.0,,,,,,,
181.15348410606384,0.0,255.0,180.55,255.0,,,,,,,
181.2611789703369,0.0,255.0,180.61,255.0,,,,,,,
181.3672387599945,0.0,255.0,180.67,255.0,,,,,,,
181.53931212425232,0.0,255.0,180.75,255.0,,,,,,,
181.7412428855896,0.0,255.0,180.87,255.0,,,,,,,
181.84992241859436,0.0,255.0,180.94,255.0,,,,,,,
181.94344854354858,0.0,255.0,181.0,255.0,,,,,,,
182.14419221878052,0.0,255.0,181.09,255.0,,,,,,,
182.25188088417053,0.0,255.0,181.12,255.0,,,,,,,
182.3455047607422,0.0,255.0,181.14,255.0,,,,,,,
182.54683780670166,0.0,255.0,181.18,255.0,,,,,,,
182.6710889339447,0.0,255.0,181.26,255.0,,,,,,,
182.84227681159973,0.0,255.0,181.37,255.0,,,,,,,
183.04519534111023,0.0,255.0,181.45,255.0,,,,,,,
183.15280771255493,0.0,255.0,181.47,255.0,,,,,,,
183.24661421775818,0.0,255.0,181.5,255.0,,,,,,,
183.35559010505676,0.0,255.0,181.58,255.0,,,,,,,
183.4643108844757,0.0,255.0,181.65,255.0,,,,,,,
183.666118144989,0.0,255.0,181.75,255.0,,,,,,,
183.7767367362976,0.0,255.0,181.79,255.0,,,,,,,
183.88450932502747,0.0,255.0,181.82,255.0,,,,,,,
184.05661511421204,0.0,255.0,181.98,255.0,,,,,,,
184.25879836082458,0.0,255.0,182.09,255.0,,,,,,,
184.46034693717957,0.0,255.0,182.16,255.0,,,,,,,
184.66402506828308,0.0,255.0,182.2,255.0,,,,,,,
184.75761008262634,0.0,255.0,182.29,255.0,,,,,,,
184.8661425113678,0.0,255.0,182.28,255.0,,,,,,,
185.06711101531982,0.0,255.0,182.41,255.0,,,,,,,
185.19241547584534,0.0,255.0,182.45,255.0,,,,,,,
185.3008894920349,0.0,255.0,182.49,255.0,,,,,,,
185.47218823432922,0.0,255.0,182.61,255.0,,,,,,,
185.6610426902771,0.0,255.0,182.69,255.0,,,,,,,
185.769118309021,0.0,255.0,182.75,255.0,,,,,,,
185.86232733726501,0.0,255.0,182.79,255.0,,,,,,,
186.06480240821838,0.0,255.0,182.86,255.0,,,,,,,
186.17256045341492,0.0,255.0,182.96,255.0,,,,,,,
186.28061270713806,0.0,255.0,183.03,255.0,,,,,,,
186.4058244228363,0.0,255.0,183.09,255.0,,,,,,,
186.66974258422852,0.0,255.0,183.21,255.0,,,,,,,
186.87405681610107,0.0,255.0,183.33,255.0,,,,,,,
186.98486638069153,0.0,255.0,183.4,255.0,,,,,,,
187.1697187423706,0.0,255.0,183.51,255.0,,,,,,,
187.27940154075623,0.0,255.0,183.55,255.0,,,,,,,
187.38759994506836,0.0,255.0,183.58,255.0,,,,,,,
187.57315802574158,0.0,255.0,183.69,255.0,,,,,,,
187.71184825897217,0.0,255.0,183.76,255.0,,,,,,,
187.88299822807312,0.0,255.0,183.87,255.0,,,,,,,
188.08613991737366,0.0,255.0,183.94,255.0,,,,,,,
188.28715658187866,0.0,255.0,183.98,255.0,,,,,,,
188.38025784492493,0.0,255.0,184.07,255.0,,,,,,,
188.5819709300995,0.0,255.0,184.19,255.0,,,,,,,
188.69047927856445,0.0,255.0,184.24,255.0,,,,,,,
188.8159680366516,0.0,255.0,184.28,255.0,,,,,,,
188.91050624847412,0.0,255.0,184.3,255.0,,,,,,,
189.18971943855286,0.0,255.0,184.49,255.0,,,,,,,
189.39184999465942,0.0,255.0,184.6,255.0,,,,,,,
189.5943992137909,0.0,255.0,184.72,255.0,,,,,,,
189.68664836883545,0.0,255.0,184.74,255.0,,,,,,,
189.79399251937866,0.0,255.0,184.82,255.0,,,,,,,
189.9004123210907,0.0,255.0,184.89,255.0,,,,,,,
190.11652994155884,0.0,255.0,184.98,255.0,,,,,,,
190.22543716430664,0.0,255.0,185.02,255.0,,,,,,,
190.39572262763977,0.0,255.0,185.06,255.0,,,,,,,
190.59486317634583,0.0,255.0,185.23,255.0,,,,,,,
190.70389246940613,0.0,255.0,185.29,255.0,,,,,,,
190.79664707183838,0.0,255.0,185.33,255.0,,,,,,,
190.89038491249084,0.0,255.0,185.37,255.0,,,,,,,
191.10645294189453,0.0,255.0,185.43,255.0,,,,,,,
191.21562838554382,0.0,255.0,185.45,255.0,,,,,,,
191.3227515220642,0.0,255.0,185.46,255.0,,,,,,,
191.43224573135376,0.0,255.0,185.47,255.0,,,,,,,
191.69949984550476,0.0,255.0,185.68,255.0,,,,,,,
191.90055513381958,0.0,255.0,185.76,255.0,,,,,,,
192.10250520706177,0.0,255.0,185.88,255.0,,,,,,,
192.21126174926758,0.0,255.0,185.96,255.0,,,,,,,
192.30549263954163,0.0,255.0,186.02,255.0,,,,,,,
192.41517162322998,0.0,255.0,186.07,255.0,,,,,,,
192.63002347946167,0.0,255.0,186.14,255.0,,,,,,,
192.81502389907837,0.0,255.0,186.19,255.0,,,,,,,
193.04647374153137,0.0,255.0,186.35,255.0,,,,,,,
193.21654629707336,0.0,255.0,186.46,255.0,,,,,,,
193.31077122688293,0.0,255.0,186.5,255.0,,,,,,,
193.40466332435608,0.0,255.0,186.53,255.0,,,,,,,
193.62138032913208,0.0,255.0,186.65,255.0,,,,,,,
193.7310276031494,0.0,255.0,186.72,255.0,,,,,,,
193.83963584899902,0.0,255.0,186.78,255.0,,,,,,,
193.94929361343384,0.0,255.0,186.83,255.0,,,,,,,
194.21490097045898,0.0,255.0,186.93,255.0,,,,,,,
194.41638565063477,0.0,255.0,186.96,255.0,,,,,,,
194.61990451812744,0.0,255.0,187.05,255.0,,,,,,,
194.71203470230103,0.0,255.0,187.12,255.0,,,,,,,
194.8198800086975,0.0,255.0,187.18,255.0,,,,,,,
194.92769956588745,0.0,255.0,187.22,255.0,,,,,,,
195.14348912239075,0.0,255.0,187.29,255.0,,,,,,,
195.25233125686646,0.0,255.0,187.31,255.0,,,,,,,
195.4240403175354,0.0,255.0,187.49,255.0,,,,,,,
195.6250958442688,0.0,255.0,187.6,255.0,,,,,,,
195.71806955337524,0.0,255.0,187.64,255.0,,,,,,,
195.8254725933075,0.0,255.0,187.67,255.0,,,,,,,
195.93293571472168,0.0,255.0,187.69,255.0,,,,,,,
196.13497853279114,0.0,255.0,187.79,255.0,,,,,,,
196.2438907623291,0.0,255.0,187.87,255.0,,,,,,,
196.35248255729675,0.0,255.0,187.93,255.0,,,,,,,
196.5360667705536,0.0,255.0,188.02,255.0,,,,,,,
196.73645782470703,0.0,255.0,188.16,255.0,,,,,,,
196.93880462646484,0.0,255.0,188.24,255.0,,,,,,,
197.14145517349243,0.0,255.0,188.36,255.0,,,,,,,
197.23520708084106,0.0,255.0,188.4,255.0,,,,,,,
197.32801818847656,0.0,255.0,188.44,255.0,,,,,,,
197.4394292831421,0.0,255.0,188.46,255.0,,,,,,,
197.6739661693573,0.0,255.0,188.5,255.0,,,,,,,
197.76577138900757,0.0,255.0,188.52,255.0,,,,,,,
197.9358639717102,0.0,255.0,188.68,255.0,,,,,,,
198.13957738876343,0.0,255.0,188.78,255.0,,,,,,,
198.2328643798828,0.0,255.0,188.82,255.0,,,,,,,
198.34110617637634,0.0,255.0,188.85,255.0,,,,,,,
198.43489050865173,0.0,255.0,188.87,255.0,,,,,,,
198.6528513431549,0.0,255.0,188.98,255.0,,,,,,,
198.75989437103271,0.0,255.0,189.06,255.0,,,,,,,
198.86757946014404,0.0,255.0,189.12,255.0,,,,,,,
199.05499696731567,0.0,255.0,189.21,255.0,,,,,,,
199.24224829673767,0.0,255.0,189.26,255.0,,,,,,,
199.44303250312805,0.0,255.0,189.38,255.0,,,,,,,
199.64542365074158,0.0,255.0,189.52,255.0,,,,,,,
199.75354075431824,0.0,255.0,189.56,255.0,,,,,,,
199.84656071662903,0.0,255.0,189.6,255.0,,,,,,,
200.07946467399597,0.0,255.0,189.66,255.0,,,,,,,
200.1878502368927,0.0,255.0,189.68,255.0,,,,,,,
200.28092288970947,0.0,255.0,189.7,255.0,,,,,,,
200.45050740242004,0.0,255.0,189.86,255.0,,,,,,,
200.65166521072388,0.0,255.0,189.97,255.0,,,,,,,
200.76075768470764,0.0,255.0,190.01,255.0,,,,,,,
200.8542833328247,0.0,255.0,190.04,255.0,,,,,,,
200.96095037460327,0.0,255.0,190.06,255.0,,,,,,,
201.16487288475037,0.0,255.0,190.1,255.0,,,,,,,
201.2738218307495,0.0,255.0,190.11,255.0,,,,,,,
201.3806459903717,0.0,255.0,190.2,255.0,,,,,,,
201.56674098968506,0.0,255.0,190.33,255.0,,,,,,,
201.7695174217224,0.0,255.0,190.42,255.0,,,,,,,
201.95547699928284,0.0,255.0,190.55,255.0,,,,,,,
202.15490698814392,0.0,255.0,190.71,255.0,,,,,,,
202.2620987892151,0.0,255.0,190.76,255.0,,,,,,,
202.37192296981812,0.0,255.0,190.8,255.0,,,,,,,
202.5739040374756,0.0,255.0,190.86,255.0,,,,,,,
202.69895935058594,0.0,255.0,190.89,255.0,,,,,,,
202.87074327468872,0.0,255.0,190.92,255.0,,,,,,,
203.07064509391785,0.0,255.0,191.09,255.0,,,,,,,
203.2737672328949,0.0,255.0,191.19,255.0,,,,,,,
203.36706018447876,0.0,255.0,191.23,255.0,,,,,,,
203.57076930999756,0.0,255.0,191.29,255.0,,,,,,,
203.68034625053406,0.0,255.0,191.31,255.0,,,,,,,
203.78842067718506,0.0,255.0,191.41,255.0,,,,,,,
203.89655017852783,0.0,255.0,191.4,255.0,,,,,,,
204.0803210735321,0.0,255.0,191.55,255.0,,,,,,,
204.2803876399994,0.0,255.0,191.64,255.0,,,,,,,
204.48228406906128,0.0,255.0,191.7,255.0,,,,,,,
204.68504357337952,0.0,255.0,191.73,255.0,,,,,,,
204.778222322464,0.0,255.0,191.75,255.0,,,,,,,
204.8866422176361,0.0,255.0,191.76,255.0,,,,,,,
205.08831691741943,0.0,255.0,191.86,255.0,,,,,,,
205.2134189605713,0.0,255.0,191.93,255.0,,,,,,,
205.38403701782227,0.0,255.0,192.03,255.0,,,,,,,
205.58467817306519,0.0,255.0,192.1,255.0,,,,,,,
205.6784610748291,0.0,255.0,192.12,255.0,,,,,,,
205.7873513698578,0.0,255.0,192.14,255.0,,,,,,,
205.8811159133911,0.0,255.0,192.16,255.0,,,,,,,
206.0825216770172,0.0,255.0,192.26,255.0,,,,,,,
206.19155597686768,0.0,255.0,192.34,255.0,,,,,,,
206.29980373382568,0.0,255.0,192.4,255.0,,,,,,,
206.41005277633667,0.0,255.0,192.44,255.0,,,,,,,
206.62603950500488,0.0,255.0,192.51,255.0,,,,,,,
206.7967553138733,0.0,255.0,192.56,255.0,,,,,,,
207.0301456451416,0.0,255.0,192.59,255.0,,,,,,,
207.20075178146362,0.0,255.0,192.76,254.0,,,,,,,
207.2942395210266,0.0,255.0,192.82,255.0,,,,,,,
207.40388822555542,0.0,255.0,192.87,253.0,,,,,,,
207.6213231086731,0.0,255.0,192.94,254.0,,,,,,,
207.72901248931885,0.0,255.0,192.96,255.0,,,,,,,
207.90000987052917,0.0,255.0,193.0,255.0,,,,,,,
208.10221934318542,0.0,255.0,193.1,249.0,,,,,,,
208.30576539039612,0.0,255.0,193.24,251.0,,,,,,,
208.39856004714966,0.0,255.0,193.29,252.0,,,,,,,
208.60071063041687,0.0,255.0,193.36,255.0,,,,,,,
208.71145820617676,0.0,255.0,193.39,255.0,,,,,,,
208.82086753845215,0.0,255.0,193.41,254.0,,,,,,,
208.93134117126465,0.0,255.0,193.42,255.0,,,,,,,
209.20944619178772,0.0,255.0,193.54,250.0,,,,,,,
209.41157603263855,0.0,255.0,193.61,251.0,,,,,,,
209.6138141155243,0.0,255.0,193.72,253.0,,,,,,,
209.7085633277893,0.0,255.0,193.76,254.0,,,,,,,
209.800555229187,0.0,255.0,193.79,255.0,,,,,,,
209.9102303981781,0.0,255.0,193.82,255.0,,,,,,,
210.12736535072327,0.0,255.0,193.85,254.0,,,,,,,
210.23594212532043,0.0,255.0,193.86,255.0,,,,,,,
210.40697836875916,0.0,255.0,193.97,250.0,,,,,,,
210.60993909835815,0.0,255.0,194.04,251.0,,,,,,,
210.7190215587616,0.0,255.0,194.1,251.0,,,,,,,
210.81222581863403,0.0,255.0,194.15,252.0,,,,,,,
210.9213047027588,0.0,255.0,194.19,253.0,,,,,,,
211.1250865459442,0.0,255.0,194.25,254.0,,,,,,,
211.23496556282043,0.0,255.0,194.27,255.0,,,,,,,
211.3293297290802,0.0,255.0,194.28,255.0,,,,,,,
211.4371955394745,0.0,255.0,194.3,255.0,,,,,,,
211.71272611618042,0.0,255.0,194.41,251.0,,,,,,,
211.91345405578613,0.0,255.0,194.48,251.0,,,,,,,
212.11823844909668,0.0,255.0,194.59,253.0,,,,,,,
212.2155044078827,0.0,255.0,194.63,254.0,,,,,,,
212.31575536727905,0.0,255.0,194.66,255.0,,,,,,,
212.43271279335022,0.0,255.0,194.69,254.0,,,,,,,
212.65067887306213,0.0,255.0,194.72,255.0,,,,,,,
212.75960564613342,0.0,255.0,194.73,255.0,,,,,,,
212.92930245399475,0.0,255.0,194.82,254.0,,,,,,,
213.1308147907257,0.0,255.0,194.97,251.0,,,,,,,
213.22515273094177,0.0,255.0,195.02,252.0,,,,,,,
213.3329358100891,0.0,255.0,195.06,253.0,,,,,,,
213.4271285533905,0.0,255.0,195.1,254.0,,,,,,,
213.62925577163696,0.0,255.0,195.14,254.0,,,,,,,
213.7364683151245,0.0,255.0,195.25,250.0,,,,,,,
213.8602545261383,0.0,255.0,195.24,255.0,,,,,,,
214.14071345329285,0.0,255.0,195.45,250.0,,,,,,,
214.341210603714,0.0,255.0,195.53,251.0,,,,,,,
214.57487559318542,0.0,255.0,195.58,253.0,,,,,,,
214.73004841804504,0.0,255.0,195.61,254.0,,,,,,,
214.83917617797852,0.0,255.0,195.63,255.0,,,,,,,
214.94798731803894,0.0,255.0,195.72,250.0,,,,,,,
215.16437697410583,0.0,255.0,195.87,249.0,,,,,,,
215.27283883094788,0.0,255.0,195.92,249.0,,,,,,,
215.442223072052,0.0,255.0,195.99,251.0,,,,,,,
215.73658204078674,0.0,255.0,196.21,246.0,,,,,,,
215.8438901901245,0.0,255.0,196.29,245.0,,,,,,,
215.95134449005127,0.0,255.0,196.34,245.0,,,,,,,
216.26055717468262,0.0,255.0,196.45,246.0,,,,,,,
216.36931562423706,0.0,255.0,196.57,241.0,,,,,,,
216.64685463905334,0.0,255.0,196.57,249.0,,,,,,,
216.8478102684021,0.0,255.0,196.64,249.0,,,,,,,
216.95472407341003,0.0,255.0,196.63,251.0,,,,,,,
217.15642833709717,0.0,255.0,196.77,246.0,,,,,,,
217.24888634681702,0.0,255.0,196.82,246.0,,,,,,,
217.3587510585785,0.0,255.0,196.86,246.0,,,,,,,
217.57514476776123,0.0,255.0,196.92,247.0,,,,,,,
217.68496370315552,0.0,255.0,196.94,248.0,,,,,,,
217.79077053070068,0.0,255.0,196.96,249.0,,,,,,,
217.9595286846161,0.0,255.0,197.15,242.0,,,,,,,
218.25167655944824,0.0,255.0,197.15,249.0,,,,,,,
218.35817694664001,0.0,255.0,197.21,245.0,,,,,,,
218.4651517868042,0.0,255.0,197.27,245.0,,,,,,,
218.78644347190857,0.0,255.0,197.37,245.0,,,,,,,
218.87903308868408,0.0,255.0,197.49,239.0,,,,,,,
219.173189163208,0.0,255.0,197.56,244.0,,,,,,,
219.3720784187317,0.0,255.0,197.7,238.0,,,,,,,
219.58761143684387,0.0,255.0,197.79,238.0,,,,,,,
219.77191472053528,0.0,255.0,197.84,238.0,,,,,,,
219.86390852928162,0.0,255.0,197.86,238.0,,,,,,,
220.0777144432068,0.0,255.0,197.99,233.0,,,,,,,
220.18525385856628,0.0,255.0,198.07,231.0,,,,,,,
220.37199878692627,0.0,255.0,198.1,235.0,,,,,,,
220.60242676734924,0.0,255.0,198.21,230.0,,,,,,,
220.77121376991272,0.0,255.0,198.28,230.0,,,,,,,
220.8787305355072,0.0,255.0,198.4,224.0,,,,,,,
221.10929894447327,0.0,255.0,198.41,228.0,,,,,,,
221.1854362487793,0.0,255.0,198.41,229.0,,,,,,,
221.2949059009552,0.0,255.0,198.5,223.0,,,,,,,
221.40243864059448,0.0,255.0,198.48,228.0,,,,,,,
221.6774070262909,0.0,255.0,198.58,227.0,,,,,,,
221.87764286994934,0.0,255.0,198.69,222.0,,,,,,,
221.98469710350037,0.0,255.0,198.73,221.0,,,,,,,
222.2783555984497,0.0,255.0,198.8,220.0,,,,,,,
222.38727951049805,0.0,255.0,198.82,220.0,,,,,,,
222.6031892299652,0.0,255.0,198.84,221.0,,,,,,,
222.71138286590576,0.0,255.0,198.85,221.0,,,,,,,
222.8197057247162,0.0,255.0,198.86,221.0,,,,,,,
222.98985147476196,0.0,255.0,198.96,216.0,,,,,,,
223.28371620178223,0.0,255.0,199.08,214.0,,,,,,,
223.39375162124634,0.0,255.0,199.13,212.0,,,,,,,
223.59528589248657,0.0,255.0,199.21,211.0,,,,,,,
223.70383715629578,0.0,255.0,199.24,210.0,,,,,,,
223.81192803382874,0.0,255.0,199.27,210.0,,,,,,,
223.92118501663208,0.0,255.0,199.38,204.0,,,,,,,
224.29368925094604,0.0,255.0,199.6,198.0,,,,,,,
224.60552048683167,0.0,255.0,199.71,196.0,,,,,,,
224.69957876205444,0.0,255.0,199.74,195.0,,,,,,,
224.79245829582214,0.0,255.0,199.76,195.0,,,,,,,
224.9015829563141,0.0,255.0,199.77,194.0,,,,,,,
225.11905431747437,0.0,255.0,199.8,194.0,,,,,,,
225.22919607162476,0.0,255.0,199.8,194.0,,,,,,,
225.33710265159607,0.0,255.0,199.91,187.0,,,,,,,
225.50776171684265,0.0,255.0,200.05,183.0,,,,,,,
225.80327606201172,0.0,255.0,200.11,182.0,,,,,,,
225.89520263671875,0.0,255.0,200.15,180.0,,,,,,,
226.11231875419617,0.0,255.0,200.21,179.0,,,,,,,
226.20579886436462,0.0,255.0,200.23,178.0,,,,,,,
226.3313889503479,0.0,255.0,200.25,177.0,,,,,,,
226.42601323127747,0.0,255.0,200.26,177.0,,,,,,,
226.6434679031372,0.0,255.0,200.28,176.0,,,,,,,
226.81364679336548,0.0,255.0,200.3,175.0,,,,,,,
227.10443592071533,0.0,255.0,200.37,173.0,,,,,,,
227.2118537425995,0.0,255.0,200.46,167.0,,,,,,,
227.3036139011383,0.0,255.0,200.53,165.0,,,,,,,
227.41067624092102,0.0,255.0,200.58,163.0,,,,,,,
227.6434986591339,0.0,255.0,200.66,160.0,,,,,,,
227.73572087287903,0.0,255.0,200.69,159.0,,,,,,,
227.92024755477905,0.0,255.0,200.73,157.0,,,,,,,
228.22622966766357,0.0,255.0,200.77,155.0,,,,,,,
228.32019448280334,0.0,255.0,200.78,155.0,,,,,,,
228.41248679161072,0.0,255.0,200.78,154.0,,,,,,,
228.61345767974854,0.0,255.0,200.87,151.0,,,,,,,
228.72085976600647,0.0,255.0,200.86,151.0,,,,,,,
228.8275444507599,0.0,255.0,200.85,151.0,,,,,,,
228.94875168800354,0.0,255.0,200.84,151.0,,,,,,,
229.22754526138306,0.0,255.0,200.82,151.0,,,,,,,
229.42806148529053,0.0,255.0,200.91,144.0,,,,,,,
229.7216031551361,0.0,255.0,201.04,139.0,,,,,,,
229.82948398590088,0.0,255.0,201.09,137.0,,,,,,,
229.92285346984863,0.0,255.0,201.13,136.0,,,,,,,
230.26559615135193,0.0,255.0,201.21,132.0,,,,,,,
230.3585388660431,0.0,255.0,201.23,131.0,,,,,,,
230.62420988082886,0.0,255.0,201.26,129.0,,,,,,,
230.73314499855042,0.0,255.0,201.27,128.0,,,,,,,
230.82593059539795,0.0,255.0,201.27,127.0,,,,,,,
230.9348168373108,0.0,255.0,201.28,127.0,,,,,,,
231.13709449768066,0.0,255.0,201.29,125.0,,,,,,,
231.24349308013916,0.0,255.0,201.29,125.0,,,,,,,
231.35143446922302,0.0,255.0,201.29,124.0,,,,,,,
231.57236075401306,0.0,255.0,201.29,123.0,,,,,,,
231.74328804016113,0.0,255.0,201.29,122.0,,,,,,,
231.94354033470154,0.0,255.0,201.3,121.0,,,,,,,
232.14535427093506,0.0,255.0,201.3,120.0,,,,,,,
232.239360332489,0.0,255.0,201.3,120.0,,,,,,,
232.34769082069397,0.0,255.0,201.3,119.0,,,,,,,
232.44089889526367,0.0,255.0,201.3,118.0,,,,,,,
232.65868878364563,0.0,255.0,201.3,117.0,,,,,,,
232.76711583137512,0.0,255.0,201.3,117.0,,,,,,,
232.8761854171753,0.0,255.0,201.3,116.0,,,,,,,
233.04753613471985,0.0,255.0,201.3,115.0,,,,,,,
233.2492413520813,0.0,255.0,201.22,117.0,,,,,,,
233.34211206436157,0.0,255.0,201.23,116.0,,,,,,,
233.45193934440613,0.0,255.0,201.15,121.0,,,,,,,
233.6546449661255,0.0,255.0,201.12,117.0,,,,,,,
233.76369881629944,0.0,255.0,201.16,116.0,,,,,,,
233.8731029033661,0.0,255.0,201.19,115.0,,,,,,,
234.0445635318756,0.0,255.0,201.23,113.0,,,,,,,
234.26102089881897,0.0,255.0,201.25,111.0,,,,,,,
234.4484884738922,0.0,255.0,201.27,109.0,,,,,,,
234.64904379844666,0.0,255.0,201.28,108.0,,,,,,,
234.75814199447632,0.0,255.0,201.28,107.0,,,,,,,
234.85091137886047,0.0,255.0,201.29,107.0,,,,,,,
235.05208325386047,0.0,255.0,201.29,106.0,,,,,,,
235.1736330986023,0.0,255.0,201.19,112.0,,,,,,,
235.2826280593872,0.0,255.0,201.21,107.0,,,,,,,
235.4668447971344,0.0,255.0,201.07,114.0,,,,,,,
235.76182866096497,0.0,255.0,201.08,112.0,,,,,,,
235.85586190223694,0.0,255.0,201.03,113.0,,,,,,,
235.96646428108215,0.0,255.0,201.08,107.0,,,,,,,
236.27271938323975,0.0,255.0,200.95,114.0,,,,,,,
236.3820378780365,0.0,255.0,200.92,114.0,,,,,,,
236.58396649360657,0.0,255.0,200.96,112.0,,,,,,,
236.7670567035675,0.0,255.0,200.9,113.0,,,,,,,
236.9702935218811,0.0,255.0,200.87,113.0,,,,,,,
237.17350363731384,0.0,255.0,200.84,113.0,,,,,,,
237.2666711807251,0.0,255.0,200.84,113.0,,,,,,,
237.3757266998291,0.0,255.0,200.83,113.0,,,,,,,
237.59399032592773,0.0,255.0,200.82,113.0,,,,,,,
237.7023410797119,0.0,255.0,200.82,112.0,,,,,,,
237.87395191192627,0.0,255.0,200.81,112.0,,,,,,,
238.09137797355652,0.0,255.0,200.81,111.0,,,,,,,
238.27825665473938,0.0,255.0,200.81,111.0,,,,,,,
238.37104868888855,0.0,255.0,200.81,110.0,,,,,,,
238.5895974636078,0.0,255.0,200.81,110.0,,,,,,,
238.68272376060486,0.0,255.0,200.81,109.0,,,,,,,
238.79192090034485,0.0,255.0,200.81,109.0,,,,,,,
238.89948797225952,0.0,255.0,200.81,109.0,,,,,,,
239.1165487766266,0.0,255.0,200.81,108.0,,,,,,,
239.28685927391052,0.0,255.0,200.81,107.0,,,,,,,
239.48726224899292,0.0,255.0,200.81,107.0,,,,,,,
239.79545259475708,0.0,255.0,200.63,114.0,,,,,,,
239.88853549957275,0.0,255.0,200.67,110.0,,,,,,,
240.09093284606934,0.0,255.0,200.62,114.0,,,,,,,
240.214364528656,0.0,255.0,200.56,115.0,,,,,,,
240.3240134716034,0.0,255.0,200.51,116.0,,,,,,,
240.4937391281128,0.0,255.0,200.44,118.0,,,,,,,
240.7898063659668,0.0,255.0,200.38,119.0,,,,,,,
240.89900159835815,0.0,255.0,200.37,119.0,,,,,,,
241.19334197044373,0.0,255.0,200.34,120.0,,,,,,,
241.30183839797974,0.0,255.0,200.34,120.0,,,,,,,
241.41089844703674,0.0,255.0,200.33,120.0,,,,,,,
241.6292200088501,0.0,255.0,200.33,120.0,,,,,,,
241.80019879341125,0.0,255.0,200.33,119.0,,,,,,,
242.11008143424988,0.0,255.0,200.23,125.0,,,,,,,
242.20333242416382,0.0,255.0,200.24,121.0,,,,,,,
242.29704356193542,0.0,255.0,200.26,121.0,,,,,,,
242.40561294555664,0.0,255.0,200.27,120.0,,,,,,,
242.62243056297302,0.0,255.0,200.29,120.0,,,,,,,
242.73043608665466,0.0,255.0,200.2,126.0,,,,,,,
242.8389024734497,0.0,255.0,200.12,127.0,,,,,,,
243.00899958610535,0.0,255.0,200.02,130.0,,,,,,,
243.30485725402832,0.0,255.0,199.93,133.0,,,,,,,
243.4134030342102,0.0,255.0,199.91,133.0,,,,,,,
243.61433148384094,0.0,255.0,199.88,134.0,,,,,,,
243.7085211277008,0.0,255.0,199.87,135.0,,,,,,,
243.81803631782532,0.0,255.0,199.87,135.0,,,,,,,
243.92679023742676,0.0,255.0,199.86,135.0,,,,,,,
244.1448860168457,0.0,255.0,199.85,135.0,,,,,,,
244.3176064491272,0.0,255.0,199.85,136.0,,,,,,,
244.6095175743103,0.0,255.0,199.84,136.0,,,,,,,
244.71877789497375,0.0,255.0,199.74,142.0,,,,,,,
244.81119990348816,0.0,255.0,199.76,138.0,,,,,,,
244.91866827011108,0.0,255.0,199.68,144.0,,,,,,,
245.13838076591492,0.0,255.0,199.74,139.0,,,,,,,
245.24735713005066,0.0,255.0,199.76,139.0,,,,,,,
245.35588335990906,0.0,255.0,199.68,145.0,,,,,,,
245.62072157859802,0.0,255.0,199.58,148.0,,,,,,,
245.82151126861572,0.0,255.0,199.5,151.0,,,,,,,
245.91554379463196,0.0,255.0,199.47,152.0,,,,,,,
246.11744093894958,0.0,255.0,199.43,153.0,,,,,,,
246.22523665428162,0.0,255.0,199.32,160.0,,,,,,,
246.3342046737671,0.0,255.0,199.33,157.0,,,,,,,
246.44276070594788,0.0,255.0,199.33,157.0,,,,,,,
246.72190308570862,0.0,255.0,199.11,167.0,,,,,,,
246.92377853393555,0.0,255.0,199.03,170.0,,,,,,,
247.2326147556305,0.0,255.0,198.96,173.0,,,,,,,
247.32546281814575,0.0,255.0,198.94,174.0,,,,,,,
247.43197178840637,0.0,255.0,198.93,175.0,,,,,,,
247.65105533599854,0.0,255.0,198.91,176.0,,,,,,,
247.75923991203308,0.0,255.0,198.91,177.0,,,,,,,
247.86822247505188,0.0,255.0,198.9,178.0,,,,,,,
248.13203692436218,0.0,255.0,198.89,179.0,,,,,,,
248.24049615859985,0.0,255.0,198.89,180.0,,,,,,,
248.33390927314758,0.0,255.0,198.89,180.0,,,,,,,
248.44157719612122,0.0,255.0,198.89,181.0,,,,,,,
248.6438810825348,0.0,255.0,198.89,182.0,,,,,,,
248.73752212524414,0.0,255.0,198.89,182.0,,,,,,,
248.8474624156952,0.0,255.0,198.88,183.0,,,,,,,
249.14217615127563,0.0,255.0,198.88,184.0,,,,,,,
249.3418483734131,0.0,255.0,198.88,185.0,,,,,,,
249.63717913627625,0.0,255.0,198.88,186.0,,,,,,,
249.74396753311157,0.0,255.0,198.88,187.0,,,,,,,
249.85342383384705,0.0,255.0,198.88,187.0,,,,,,,
249.9465229511261,0.0,255.0,198.88,188.0,,,,,,,
250.16389751434326,0.0,255.0,198.88,188.0,,,,,,,
250.27385997772217,0.0,255.0,198.88,189.0,,,,,,,
250.38228845596313,0.0,255.0,198.88,189.0,,,,,,,
250.5858929157257,0.0,255.0,198.88,190.0,,,,,,,
250.7565004825592,0.0,255.0,198.88,191.0,,,,,,,
250.85016131401062,0.0,255.0,198.88,192.0,,,,,,,
250.95891499519348,0.0,255.0,198.88,192.0,,,,,,,
251.1590015888214,0.0,255.0,198.88,193.0,,,,,,,
251.2525019645691,0.0,255.0,198.88,193.0,,,,,,,
251.37577486038208,0.0,255.0,198.88,194.0,,,,,,,
251.6530110836029,0.0,255.0,198.88,195.0,,,,,,,
251.85431838035583,0.0,255.0,198.88,196.0,,,,,,,
252.16218376159668,0.0,255.0,198.88,197.0,,,,,,,
252.25393867492676,0.0,255.0,198.88,198.0,,,,,,,
252.3626093864441,0.0,255.0,198.88,198.0,,,,,,,
252.56132435798645,0.0,255.0,198.88,199.0,,,,,,,
252.68451070785522,0.0,255.0,198.88,200.0,,,,,,,
252.79010462760925,0.0,255.0,198.88,200.0,,,,,,,
252.89846992492676,0.0,255.0,198.88,200.0,,,,,,,
253.16052317619324,0.0,255.0,198.88,202.0,,,,,,,
253.27188563346863,0.0,255.0,198.88,202.0,,,,,,,
253.36489605903625,0.0,255.0,198.88,203.0,,,,,,,
253.45867729187012,0.0,255.0,198.88,203.0,,,,,,,
253.67678427696228,0.0,255.0,198.88,204.0,,,,,,,
253.78442811965942,0.0,255.0,198.88,205.0,,,,,,,
253.87741255760193,0.0,255.0,198.88,205.0,,,,,,,
254.17409253120422,0.0,255.0,198.88,206.0,,,,,,,
254.3778567314148,0.0,255.0,198.88,207.0,,,,,,,
254.5929880142212,0.0,255.0,198.88,208.0,,,,,,,
254.77816891670227,0.0,255.0,198.88,209.0,,,,,,,
254.87138438224792,0.0,255.0,198.88,209.0,,,,,,,
255.08636093139648,0.0,255.0,198.88,210.0,,,,,,,
255.19336557388306,0.0,255.0,198.88,211.0,,,,,,,
255.3015546798706,0.0,255.0,198.88,211.0,,,,,,,
255.41189622879028,0.0,255.0,198.88,212.0,,,,,,,
255.67620515823364,0.0,255.0,198.88,213.0,,,,,,,
255.78605031967163,0.0,255.0,198.88,213.0,,,,,,,
255.87853622436523,0.0,255.0,198.88,214.0,,,,,,,
256.08163952827454,0.0,255.0,198.88,215.0,,,,,,,
256.175092458725,0.0,255.0,198.88,215.0,,,,,,,
256.299617767334,0.0,255.0,198.88,216.0,,,,,,,
256.391357421875,0.0,255.0,198.88,216.0,,,,,,,
256.59116411209106,0.0,255.0,198.88,217.0,,,,,,,
256.79332971572876,0.0,255.0,198.88,218.0,,,,,,,
256.9800057411194,0.0,255.0,198.88,219.0,,,,,,,
257.2895076274872,0.0,255.0,198.88,220.0,,,,,,,
257.3999423980713,0.0,255.0,198.88,221.0,,,,,,,
257.59785294532776,0.0,255.0,198.98,215.0,,,,,,,
257.7064001560211,0.0,255.0,198.96,220.0,,,,,,,
257.81480264663696,0.0,255.0,198.94,221.0,,,,,,,
257.9237585067749,0.0,255.0,198.93,221.0,,,,,,,
258.1895251274109,0.0,255.0,199.06,215.0,,,,,,,
258.29899621009827,0.0,255.0,199.12,214.0,,,,,,,
258.39122462272644,0.0,255.0,199.17,213.0,,,,,,,
258.609534740448,0.0,255.0,199.24,212.0,,,,,,,
258.70307517051697,0.0,255.0,199.26,212.0,,,,,,,
258.8110749721527,0.0,255.0,199.38,205.0,,,,,,,
258.9204807281494,0.0,255.0,199.37,209.0,,,,,,,
259.19990944862366,0.0,255.0,199.36,210.0,,,,,,,
259.39986085891724,0.0,255.0,199.36,211.0,,,,,,,
259.69684863090515,0.0,255.0,199.44,209.0,,,,,,,
259.80491876602173,0.0,255.0,199.52,204.0,,,,,,,
259.9142463207245,0.0,255.0,199.58,202.0,,,,,,,
260.2257421016693,0.0,255.0,199.7,199.0,,,,,,,
260.33447337150574,0.0,255.0,199.73,198.0,,,,,,,
260.44303131103516,0.0,255.0,199.75,198.0,,,,,,,
260.7055163383484,0.0,255.0,199.79,197.0,,,,,,,
260.8128197193146,0.0,255.0,199.8,197.0,,,,,,,
260.90751099586487,0.0,255.0,199.81,197.0,,,,,,,
261.21757531166077,0.0,255.0,199.82,197.0,,,,,,,
261.32657647132874,0.0,255.0,199.82,197.0,,,,,,,
261.43629121780396,0.0,255.0,199.83,197.0,,,,,,,
261.6517472267151,0.0,255.0,199.83,197.0,,,,,,,
261.8224997520447,0.0,255.0,199.83,197.0,,,,,,,
262.1165385246277,0.0,255.0,199.83,197.0,,,,,,,
262.22472739219666,0.0,255.0,199.93,191.0,,,,,,,
262.31918263435364,0.0,255.0,200.01,188.0,,,,,,,
262.42588663101196,0.0,255.0,200.07,187.0,,,,,,,
262.6298713684082,0.0,255.0,200.06,190.0,,,,,,,
262.73756289482117,0.0,255.0,200.11,185.0,,,,,,,
262.9235248565674,0.0,255.0,200.11,185.0,,,,,,,
263.23135900497437,0.0,255.0,200.21,182.0,,,,,,,
263.432265996933,0.0,255.0,200.25,181.0,,,,,,,
263.72636795043945,0.0,255.0,200.28,180.0,,,,,,,
263.8352105617523,0.0,255.0,200.29,180.0,,,,,,,
263.9424657821655,0.0,255.0,200.3,179.0,,,,,,,
264.16050362586975,0.0,255.0,200.3,179.0,,,,,,,
264.32845520973206,0.0,255.0,200.31,179.0,,,,,,,
264.6373121738434,0.0,255.0,200.31,178.0,,,,,,,
264.72977209091187,0.0,255.0,200.31,178.0,,,,,,,
264.8368809223175,0.0,255.0,200.32,178.0,,,,,,,
264.92958903312683,0.0,255.0,200.32,178.0,,,,,,,
265.1488425731659,0.0,255.0,200.32,177.0,,,,,,,
265.25659370422363,0.0,255.0,200.41,171.0,,,,,,,
265.3647630214691,0.0,255.0,200.4,175.0,,,,,,,
265.6296944618225,0.0,255.0,200.46,169.0,,,,,,,
265.7375168800354,0.0,255.0,200.43,173.0,,,,,,,
265.84612584114075,0.0,255.0,200.5,167.0,,,,,,,
265.9376046657562,0.0,255.0,200.56,165.0,,,,,,,
266.24566078186035,0.0,255.0,200.6,164.0,,,,,,,
266.35454750061035,0.0,255.0,200.55,169.0,,,,,,,
266.57106471061707,0.0,255.0,200.64,162.0,,,,,,,
266.68029046058655,0.0,255.0,200.67,161.0,,,,,,,
266.85076117515564,0.0,255.0,200.72,159.0,,,,,,,
267.1477618217468,0.0,255.0,200.76,157.0,,,,,,,
267.2547149658203,0.0,255.0,200.77,156.0,,,,,,,
267.34756445884705,0.0,255.0,200.78,156.0,,,,,,,
267.45561027526855,0.0,255.0,200.78,155.0,,,,,,,
267.67248702049255,0.0,255.0,200.79,154.0,,,,,,,
267.7810597419739,0.0,255.0,200.79,154.0,,,,,,,
267.8875608444214,0.0,255.0,200.8,154.0,,,,,,,
268.0727617740631,0.0,255.0,200.8,153.0,,,,,,,
268.26005601882935,0.0,255.0,200.8,152.0,,,,,,,
268.3517253398895,0.0,255.0,200.8,152.0,,,,,,,
268.46025347709656,0.0,255.0,200.8,152.0,,,,,,,
268.75470757484436,0.0,255.0,200.8,151.0,,,,,,,
268.8616394996643,0.0,255.0,200.8,150.0,,,,,,,
269.0934827327728,0.0,255.0,200.8,150.0,,,,,,,
269.26526832580566,0.0,255.0,200.81,149.0,,,,,,,
269.4658885002136,0.0,255.0,200.81,148.0,,,,,,,
269.76260113716125,0.0,255.0,200.81,147.0,,,,,,,
269.85568165779114,0.0,255.0,200.81,147.0,,,,,,,
270.09088230133057,0.0,255.0,200.88,144.0,,,,,,,
270.18457674980164,0.0,255.0,200.87,144.0,,,,,,,
270.2921917438507,0.0,255.0,200.86,144.0,,,,,,,
270.39948654174805,0.0,255.0,200.85,144.0,,,,,,,
270.6620855331421,0.0,255.0,200.89,142.0,,,,,,,
270.7717297077179,0.0,255.0,200.87,142.0,,,,,,,
270.86508226394653,0.0,255.0,200.86,142.0,,,,,,,
270.9712772369385,0.0,255.0,200.95,136.0,,,,,,,
271.2789707183838,0.0,255.0,200.88,140.0,,,,,,,
271.3867371082306,0.0,255.0,200.96,134.0,,,,,,,
271.6039798259735,0.0,255.0,200.91,138.0,,,,,,,
271.7727575302124,0.0,255.0,200.97,132.0,,,,,,,
271.97513699531555,0.0,255.0,201.09,128.0,,,,,,,
272.2726514339447,0.0,255.0,200.95,134.0,,,,,,,
272.3813714981079,0.0,255.0,200.92,135.0,,,,,,,
272.59614300727844,0.0,255.0,200.88,135.0,,,,,,,
272.7043581008911,0.0,255.0,200.86,135.0,,,,,,,
272.7970817089081,0.0,255.0,200.95,129.0,,,,,,,
272.9825530052185,0.0,255.0,200.9,133.0,,,,,,,
273.27743434906006,0.0,255.0,200.92,131.0,,,,,,,
273.38643288612366,0.0,255.0,200.89,132.0,,,,,,,
273.5893032550812,0.0,255.0,200.86,132.0,,,,,,,
273.6835732460022,0.0,255.0,200.95,125.0,,,,,,,
273.7922685146332,0.0,255.0,200.92,130.0,,,,,,,
273.9006099700928,0.0,255.0,200.9,130.0,,,,,,,
274.11583042144775,0.0,255.0,200.86,130.0,,,,,,,
274.22514390945435,0.0,255.0,200.85,130.0,,,,,,,
274.39496970176697,0.0,255.0,200.84,130.0,,,,,,,
274.61139011383057,0.0,255.0,200.82,129.0,,,,,,,
274.79721426963806,0.0,255.0,200.82,129.0,,,,,,,
274.8890554904938,0.0,255.0,200.82,129.0,,,,,,,
275.0915536880493,0.0,255.0,200.81,128.0,,,,,,,
275.2151255607605,0.0,255.0,200.71,134.0,,,,,,,
275.3231828212738,0.0,255.0,200.73,130.0,,,,,,,
275.4314126968384,0.0,255.0,200.75,129.0,,,,,,,
275.69400572776794,0.0,255.0,200.78,127.0,,,,,,,
275.8033001422882,0.0,255.0,200.78,127.0,,,,,,,
275.89695954322815,0.0,255.0,200.79,126.0,,,,,,,
276.0971474647522,0.0,255.0,200.79,126.0,,,,,,,
276.2052767276764,0.0,255.0,200.8,125.0,,,,,,,
276.2953248023987,0.0,255.0,200.8,125.0,,,,,,,
276.4196557998657,0.0,255.0,200.8,124.0,,,,,,,
276.63627767562866,0.0,255.0,200.8,124.0,,,,,,,
276.80716156959534,0.0,255.0,200.63,132.0,,,,,,,
277.1198093891144,0.0,255.0,200.71,125.0,,,,,,,
277.30770564079285,0.0,255.0,200.75,123.0,,,,,,,
277.40095829963684,0.0,255.0,200.76,123.0,,,,,,,
277.61868500709534,0.0,255.0,200.78,122.0,,,,,,,
277.72872138023376,0.0,255.0,200.68,128.0,,,,,,,
277.83631777763367,0.0,255.0,200.71,123.0,,,,,,,
277.94535398483276,0.0,255.0,200.73,122.0,,,,,,,
278.31659388542175,0.0,255.0,200.77,120.0,,,,,,,
278.4098904132843,0.0,255.0,200.68,125.0,,,,,,,
278.61262130737305,0.0,255.0,200.65,122.0,,,,,,,
278.72141098976135,0.0,255.0,200.68,121.0,,,,,,,
278.82962942123413,0.0,255.0,200.61,127.0,,,,,,,
278.93735694885254,0.0,255.0,200.55,128.0,,,,,,,
279.21781373023987,0.0,255.0,200.44,130.0,,,,,,,
279.4187948703766,0.0,255.0,200.39,131.0,,,,,,,
279.71544790267944,0.0,255.0,200.36,132.0,,,,,,,
279.82469487190247,0.0,255.0,200.35,132.0,,,,,,,
279.9174265861511,0.0,255.0,200.34,132.0,,,,,,,
280.13397002220154,0.0,255.0,200.33,132.0,,,,,,,
280.24147391319275,0.0,255.0,200.33,132.0,,,,,,,
280.3516387939453,0.0,255.0,200.33,132.0,,,,,,,
280.628710269928,0.0,255.0,200.32,132.0,,,,,,,
280.8311131000519,0.0,255.0,200.32,131.0,,,,,,,
280.92411375045776,0.0,255.0,200.32,131.0,,,,,,,
281.12551403045654,0.0,255.0,200.32,131.0,,,,,,,
281.2335774898529,0.0,255.0,200.22,137.0,,,,,,,
281.34143900871277,0.0,255.0,200.24,133.0,,,,,,,
281.4500250816345,0.0,255.0,200.26,132.0,,,,,,,
281.66642785072327,0.0,255.0,200.28,132.0,,,,,,,
281.83735942840576,0.0,255.0,200.22,133.0,,,,,,,
282.128844499588,0.0,255.0,200.11,140.0,,,,,,,
282.23757672309875,0.0,255.0,200.05,141.0,,,,,,,
282.32953906059265,0.0,255.0,200.01,142.0,,,,,,,
282.43912959098816,0.0,255.0,200.07,137.0,,,,,,,
282.6555082798004,0.0,255.0,199.99,143.0,,,,,,,
282.76219058036804,0.0,255.0,199.96,144.0,,,,,,,
282.8687653541565,0.0,255.0,199.93,144.0,,,,,,,
283.1466567516327,0.0,255.0,199.88,146.0,,,,,,,
283.3500814437866,0.0,255.0,199.87,146.0,,,,,,,
283.44231963157654,0.0,255.0,199.86,147.0,,,,,,,
283.6462059020996,0.0,255.0,199.85,147.0,,,,,,,
283.7541582584381,0.0,255.0,199.85,147.0,,,,,,,
283.84737753868103,0.0,255.0,199.85,147.0,,,,,,,
284.14264583587646,0.0,255.0,199.75,154.0,,,,,,,
284.28437542915344,0.0,255.0,199.76,150.0,,,,,,,
284.45455527305603,0.0,255.0,199.79,149.0,,,,,,,
284.74684619903564,0.0,255.0,199.81,149.0,,,,,,,
284.8551983833313,0.0,255.0,199.82,149.0,,,,,,,
284.9488787651062,0.0,255.0,199.82,149.0,,,,,,,
285.16945147514343,0.0,255.0,199.83,149.0,,,,,,,
285.27949833869934,0.0,255.0,199.83,149.0,,,,,,,
285.38928508758545,0.0,255.0,199.83,149.0,,,,,,,
285.5907926559448,0.0,255.0,199.83,149.0,,,,,,,
285.7610111236572,0.0,255.0,199.83,149.0,,,,,,,
285.96221256256104,0.0,255.0,199.83,149.0,,,,,,,
286.2589647769928,0.0,255.0,199.83,149.0,,,,,,,
286.36532616615295,0.0,255.0,199.74,156.0,,,,,,,
286.5686285495758,0.0,255.0,199.7,154.0,,,,,,,
286.69252943992615,0.0,255.0,199.72,153.0,,,,,,,
286.86117601394653,0.0,255.0,199.69,154.0,,,,,,,
287.06271624565125,0.0,255.0,199.74,153.0,,,,,,,
287.17198729515076,0.0,255.0,199.66,159.0,,,,,,,
287.2658007144928,0.0,255.0,199.7,154.0,,,,,,,
287.35964155197144,0.0,255.0,199.73,154.0,,,,,,,
287.5944468975067,0.0,255.0,199.59,161.0,,,,,,,
287.688533782959,0.0,255.0,199.55,163.0,,,,,,,
287.780739068985,0.0,255.0,199.51,164.0,,,,,,,
287.90350556373596,0.0,255.0,199.48,165.0,,,,,,,
288.1652281284332,0.0,255.0,199.42,167.0,,,,,,,
288.3640639781952,0.0,255.0,199.4,168.0,,,,,,,
288.47382712364197,0.0,255.0,199.39,169.0,,,,,,,
288.77031993865967,0.0,255.0,199.37,170.0,,,,,,,
288.8789656162262,0.0,255.0,199.37,170.0,,,,,,,
289.11155796051025,0.0,255.0,199.37,171.0,,,,,,,
289.20549297332764,0.0,255.0,199.36,171.0,,,,,,,
289.3777883052826,0.0,255.0,199.36,172.0,,,,,,,
289.5958020687103,0.0,255.0,199.36,172.0,,,,,,,
289.7803237438202,0.0,255.0,199.36,173.0,,,,,,,
289.8748667240143,0.0,255.0,199.36,173.0,,,,,,,
290.18635725975037,0.0,255.0,199.43,172.0,,,,,,,
290.31250381469727,0.0,255.0,199.42,173.0,,,,,,,
290.4071168899536,0.0,255.0,199.41,173.0,,,,,,,
290.68564200401306,0.0,255.0,199.32,176.0,,,,,,,
290.88807344436646,0.0,255.0,199.33,176.0,,,,,,,
291.10511803627014,0.0,255.0,199.27,179.0,,,,,,,
291.18337750434875,0.0,255.0,199.19,185.0,,,,,,,
291.2936809062958,0.0,255.0,199.22,181.0,,,,,,,
291.40369844436646,0.0,255.0,199.25,180.0,,,,,,,
291.62153792381287,0.0,255.0,199.21,182.0,,,,,,,
291.7922077178955,0.0,255.0,199.19,183.0,,,,,,,
291.9957118034363,0.0,255.0,199.25,182.0,,,,,,,
292.1985902786255,0.0,255.0,199.19,188.0,,,,,,,
292.2920472621918,0.0,255.0,199.23,184.0,,,,,,,
292.39878129959106,0.0,255.0,199.16,190.0,,,,,,,
292.7102873325348,0.0,255.0,199.02,194.0,,,,,,,
292.8185455799103,0.0,255.0,198.99,196.0,,,,,,,
292.92821884155273,0.0,255.0,198.97,197.0,,,,,,,
293.1922743320465,0.0,255.0,198.93,199.0,,,,,,,
293.30208683013916,0.0,255.0,198.92,200.0,,,,,,,
293.3947660923004,0.0,255.0,198.91,200.0,,,,,,,
293.6136155128479,0.0,255.0,198.9,202.0,,,,,,,
293.7069101333618,0.0,255.0,198.9,202.0,,,,,,,
293.8156912326813,0.0,255.0,198.89,203.0,,,,,,,
293.90828466415405,0.0,255.0,198.89,203.0,,,,,,,
294.14307713508606,0.0,255.0,198.89,204.0,,,,,,,
294.23671889305115,0.0,255.0,198.89,205.0,,,,,,,
294.40814423561096,0.0,255.0,198.89,206.0,,,,,,,
294.7022216320038,0.0,255.0,198.88,207.0,,,,,,,
294.8105368614197,0.0,255.0,198.88,207.0,,,,,,,
294.9036211967468,0.0,255.0,198.88,208.0,,,,,,,
295.1215271949768,0.0,255.0,198.88,209.0,,,,,,,
295.23031210899353,0.0,255.0,198.88,209.0,,,,,,,
295.33916568756104,0.0,255.0,198.88,210.0,,,,,,,
295.44753408432007,0.0,255.0,198.88,210.0,,,,,,,
295.7130558490753,0.0,255.0,198.88,211.0,,,,,,,
295.9169418811798,0.0,255.0,198.88,212.0,,,,,,,
296.2107722759247,0.0,255.0,198.96,212.0,,,,,,,
296.3190062046051,0.0,255.0,198.94,212.0,,,,,,,
296.42685770988464,0.0,255.0,198.93,213.0,,,,,,,
296.64120054244995,0.0,255.0,198.99,212.0,,,,,,,
296.8276536464691,0.0,255.0,198.95,214.0,,,,,,,
297.04527378082275,0.0,255.0,199.02,210.0,,,,,,,
297.2295172214508,0.0,255.0,199.07,209.0,,,,,,,
297.322158575058,0.0,255.0,199.12,208.0,,,,,,,
297.4305920600891,0.0,255.0,199.08,213.0,,,,,,,
297.6345303058624,0.0,255.0,199.18,207.0,,,,,,,
297.7442524433136,0.0,255.0,199.21,207.0,,,,,,,
297.8527042865753,0.0,255.0,199.24,206.0,,,,,,,
298.04037618637085,0.0,255.0,199.28,206.0,,,,,,,
298.22779655456543,0.0,255.0,199.31,206.0,,,,,,,
298.4303660392761,0.0,255.0,199.33,206.0,,,,,,,
298.6326766014099,0.0,255.0,199.34,206.0,,,,,,,
298.7247486114502,0.0,255.0,199.34,206.0,,,,,,,
298.8336617946625,0.0,255.0,199.34,206.0,,,,,,,
298.9416534900665,0.0,255.0,199.35,206.0,,,,,,,
299.1619174480438,0.0,255.0,199.35,207.0,,,,,,,
299.2706594467163,0.0,255.0,199.45,201.0,,,,,,,
299.441463470459,0.0,255.0,199.51,199.0,,,,,,,
299.64369678497314,0.0,255.0,199.55,199.0,,,,,,,
299.7375977039337,0.0,255.0,199.61,197.0,,,,,,,
299.8469672203064,0.0,255.0,199.65,196.0,,,,,,,
299.9398424625397,0.0,255.0,199.69,195.0,,,,,,,
300.1421341896057,0.0,255.0,199.67,196.0,,,,,,,
300.2534284591675,0.0,255.0,199.7,195.0,,,,,,,
300.36366510391235,0.0,255.0,199.73,195.0,,,,,,,
300.5487642288208,0.0,255.0,199.67,200.0,,,,,,,
300.75044798851013,0.0,255.0,199.63,201.0,,,,,,,
300.93919110298157,0.0,255.0,199.61,202.0,,,,,,,
301.1565091609955,0.0,255.0,199.69,197.0,,,,,,,
301.2497868537903,0.0,255.0,199.72,196.0,,,,,,,
301.35752177238464,0.0,255.0,199.65,202.0,,,,,,,
301.5459191799164,0.0,255.0,199.72,197.0,,,,,,,
301.6850914955139,0.0,255.0,199.74,196.0,,,,,,,
301.85474467277527,0.0,255.0,199.77,195.0,,,,,,,
302.07222175598145,0.0,255.0,199.8,195.0,,,,,,,
302.2573211193085,0.0,255.0,199.81,195.0,,,,,,,
302.35034823417664,0.0,255.0,199.82,195.0,,,,,,,
302.4577736854553,0.0,255.0,199.82,195.0,,,,,,,
302.675728559494,0.0,255.0,199.83,195.0,,,,,,,
302.769335269928,0.0,255.0,199.83,195.0,,,,,,,
302.87785959243774,0.0,255.0,199.83,195.0,,,,,,,
303.0506184101105,0.0,255.0,199.83,195.0,,,,,,,
303.25273156166077,0.0,255.0,199.83,195.0,,,,,,,
303.36036133766174,0.0,255.0,199.83,195.0,,,,,,,
303.4541280269623,0.0,255.0,199.83,195.0,,,,,,,
303.6704695224762,0.0,255.0,199.83,195.0,,,,,,,
303.76236605644226,0.0,255.0,199.93,189.0,,,,,,,
303.8726873397827,0.0,255.0,199.91,193.0,,,,,,,
304.05961561203003,0.0,255.0,199.96,192.0,,,,,,,
304.19967794418335,0.0,255.0,200.03,186.0,,,,,,,
304.3712224960327,0.0,255.0,200.14,183.0,,,,,,,
304.5706536769867,0.0,255.0,200.2,181.0,,,,,,,
304.77378010749817,0.0,255.0,200.24,180.0,,,,,,,
304.8668255805969,0.0,255.0,200.26,179.0,,,,,,,
305.0671775341034,0.0,255.0,200.28,178.0,,,,,,,
305.1747450828552,0.0,255.0,200.29,178.0,,,,,,,
305.29809761047363,0.0,255.0,200.29,178.0,,,,,,,
305.40436816215515,0.0,255.0,200.3,178.0,,,,,,,
305.6834719181061,0.0,255.0,200.31,177.0,,,,,,,
305.8822600841522,0.0,255.0,200.31,177.0,,,,,,,
305.97603702545166,0.0,255.0,200.41,170.0,,,,,,,
306.17739510536194,0.0,255.0,200.47,168.0,,,,,,,
306.27060866355896,0.0,255.0,200.54,166.0,,,,,,,
306.3804876804352,0.0,255.0,200.59,164.0,,,,,,,
306.5821838378906,0.0,255.0,200.67,162.0,,,,,,,
306.7852318286896,0.0,255.0,200.64,162.0,,,,,,,
306.98619651794434,0.0,255.0,200.7,160.0,,,,,,,
307.19116497039795,0.0,255.0,200.74,158.0,,,,,,,
307.28242468833923,0.0,255.0,200.75,157.0,,,,,,,
307.39168310165405,0.0,255.0,200.76,157.0,,,,,,,
307.59201216697693,0.0,255.0,200.78,156.0,,,,,,,
307.7000541687012,0.0,255.0,200.78,155.0,,,,,,,
307.80832624435425,0.0,255.0,200.79,155.0,,,,,,,
307.91738510131836,0.0,255.0,200.79,154.0,,,,,,,
308.19718766212463,0.0,255.0,200.8,153.0,,,,,,,
308.38297057151794,0.0,255.0,200.8,153.0,,,,,,,
308.58615946769714,0.0,255.0,200.8,152.0,,,,,,,
308.6930968761444,0.0,255.0,200.8,152.0,,,,,,,
308.78565764427185,0.0,255.0,200.8,151.0,,,,,,,
308.89529728889465,0.0,255.0,200.8,151.0,,,,,,,
309.09562063217163,0.0,255.0,200.8,150.0,,,,,,,
309.2970943450928,0.0,255.0,200.8,150.0,,,,,,,
309.4995939731598,0.0,255.0,200.81,149.0,,,,,,,
309.69864892959595,0.0,255.0,200.81,148.0,,,,,,,
309.7920870780945,0.0,255.0,200.81,148.0,,,,,,,
309.9000415802002,0.0,255.0,200.81,148.0,,,,,,,
310.1012442111969,0.0,255.0,200.98,138.0,,,,,,,
310.20791697502136,0.0,255.0,200.95,143.0,,,,,,,
310.31669902801514,0.0,255.0,200.92,143.0,,,,,,,
310.42471408843994,0.0,255.0,200.9,143.0,,,,,,,
310.70361375808716,0.0,255.0,200.85,143.0,,,,,,,
310.90544724464417,0.0,255.0,200.84,143.0,,,,,,,
311.11050176620483,0.0,255.0,200.82,143.0,,,,,,,
311.20429396629333,0.0,255.0,200.82,143.0,,,,,,,
311.31375765800476,0.0,255.0,200.82,142.0,,,,,,,
311.4076852798462,0.0,255.0,200.82,142.0,,,,,,,
311.6255712509155,0.0,255.0,200.89,139.0,,,,,,,
311.7345817089081,0.0,255.0,200.87,140.0,,,,,,,
311.903523683548,0.0,255.0,200.85,140.0,,,,,,,
312.1049427986145,0.0,255.0,200.83,139.0,,,,,,,
312.2119677066803,0.0,255.0,200.93,133.0,,,,,,,
312.3181598186493,0.0,255.0,200.9,137.0,,,,,,,
312.41086506843567,0.0,255.0,200.88,137.0,,,,,,,
312.6100163459778,0.0,255.0,201.03,128.0,,,,,,,
312.73292994499207,0.0,255.0,200.99,133.0,,,,,,,
312.83963227272034,0.0,255.0,200.95,133.0,,,,,,,
312.9471106529236,0.0,255.0,200.92,134.0,,,,,,,
313.22410559654236,0.0,255.0,200.94,132.0,,,,,,,
313.42298889160156,0.0,255.0,200.89,133.0,,,,,,,
313.6225175857544,0.0,255.0,200.94,131.0,,,,,,,
313.71688532829285,0.0,255.0,200.91,131.0,,,,,,,
313.8255105018616,0.0,255.0,200.89,131.0,,,,,,,
313.9339234828949,0.0,255.0,200.97,125.0,,,,,,,
314.15186405181885,0.0,255.0,201.01,123.0,,,,,,,
314.26023745536804,0.0,255.0,200.97,128.0,,,,,,,
314.4310631752014,0.0,255.0,201.01,122.0,,,,,,,
314.6323275566101,0.0,255.0,200.94,127.0,,,,,,,
314.7258117198944,0.0,255.0,200.91,127.0,,,,,,,
314.81990933418274,0.0,255.0,200.89,128.0,,,,,,,
314.9288909435272,0.0,255.0,200.87,128.0,,,,,,,
315.129469871521,0.0,255.0,200.85,128.0,,,,,,,
315.23940229415894,0.0,255.0,200.84,128.0,,,,,,,
315.34844064712524,0.0,255.0,200.83,127.0,,,,,,,
315.532155752182,0.0,255.0,200.92,121.0,,,,,,,
315.73421692848206,0.0,255.0,200.88,125.0,,,,,,,
315.9346125125885,0.0,255.0,200.85,125.0,,,,,,,
316.13411259651184,0.0,255.0,200.84,125.0,,,,,,,
316.2425799369812,0.0,255.0,200.83,124.0,,,,,,,
316.33699107170105,0.0,255.0,200.82,124.0,,,,,,,
316.4459273815155,0.0,255.0,200.82,124.0,,,,,,,
316.66210651397705,0.0,255.0,200.82,123.0,,,,,,,
316.7690670490265,0.0,255.0,200.81,123.0,,,,,,,
316.93836212158203,0.0,255.0,200.81,123.0,,,,,,,
317.13350534439087,0.0,255.0,200.81,122.0,,,,,,,
317.2382085323334,0.0,255.0,200.81,122.0,,,,,,,
317.3347189426422,0.0,255.0,200.81,121.0,,,,,,,
317.43720746040344,0.0,255.0,200.81,121.0,,,,,,,
317.65259742736816,0.0,255.0,200.81,120.0,,,,,,,
317.7615849971771,0.0,255.0,200.81,120.0,,,,,,,
317.8718087673187,0.0,255.0,200.81,120.0,,,,,,,
318.0440242290497,0.0,255.0,200.81,119.0,,,,,,,
318.2479054927826,0.0,255.0,200.73,121.0,,,,,,,
318.45099663734436,0.0,255.0,200.66,126.0,,,,,,,
318.6541197299957,0.0,255.0,200.54,129.0,,,,,,,
318.74641942977905,0.0,255.0,200.59,123.0,,,,,,,
318.8543725013733,0.0,255.0,200.54,128.0,,,,,,,
319.054918050766,0.0,255.0,200.46,130.0,,,,,,,
319.17939257621765,0.0,255.0,200.43,131.0,,,,,,,
319.28864312171936,0.0,255.0,200.41,131.0,,,,,,,
319.39184045791626,0.0,255.0,200.39,131.0,,,,,,,
319.54752373695374,0.0,255.0,200.36,132.0,,,,,,,
319.66017961502075,0.0,255.0,200.35,132.0,,,,,,,
319.75502610206604,0.0,255.0,200.35,132.0,,,,,,,
319.86424946784973,0.0,255.0,200.34,132.0,,,,,,,
319.9584608078003,0.0,255.0,200.34,132.0,,,,,,,
320.16059708595276,0.0,255.0,200.33,132.0,,,,,,,
320.26866126060486,0.0,255.0,200.33,132.0,,,,,,,
320.39396476745605,0.0,255.0,200.33,132.0,,,,,,,
320.56393361091614,0.0,255.0,200.32,132.0,,,,,,,
320.76343035697937,0.0,255.0,200.32,131.0,,,,,,,
320.96705055236816,0.0,255.0,200.32,131.0,,,,,,,
321.16911220550537,0.0,255.0,200.32,131.0,,,,,,,
321.262832403183,0.0,255.0,200.32,131.0,,,,,,,
321.3718214035034,0.0,255.0,200.22,137.0,,,,,,,
321.5599915981293,0.0,255.0,200.16,139.0,,,,,,,
321.7000985145569,0.0,255.0,200.19,134.0,,,,,,,
321.87147784233093,0.0,255.0,200.06,141.0,,,,,,,
322.0740535259247,0.0,255.0,199.98,143.0,,,,,,,
322.276654958725,0.0,255.0,199.93,145.0,,,,,,,
322.3694336414337,0.0,255.0,199.91,145.0,,,,,,,
322.57137537002563,0.0,255.0,199.88,146.0,,,,,,,
322.6784429550171,0.0,255.0,199.87,146.0,,,,,,,
322.7878761291504,0.0,255.0,199.87,147.0,,,,,,,
322.8975155353546,0.0,255.0,199.86,147.0,,,,,,,
323.06953835487366,0.0,255.0,199.85,147.0,,,,,,,
323.2868993282318,0.0,255.0,199.85,148.0,,,,,,,
323.47407364845276,0.0,255.0,199.84,148.0,,,,,,,
323.67846512794495,0.0,255.0,199.84,148.0,,,,,,,
323.78763580322266,0.0,255.0,199.84,148.0,,,,,,,
323.87962889671326,0.0,255.0,199.84,148.0,,,,,,,
324.082560300827,0.0,255.0,199.84,148.0,,,,,,,
324.20777893066406,0.0,255.0,199.84,148.0,,,,,,,
324.31711530685425,0.0,255.0,199.84,149.0,,,,,,,
324.4874587059021,0.0,255.0,199.66,157.0,,,,,,,
324.6894676685333,0.0,255.0,199.73,152.0,,,,,,,
324.78328704833984,0.0,255.0,199.75,152.0,,,,,,,
324.89166498184204,0.0,255.0,199.77,151.0,,,,,,,
325.0944528579712,0.0,255.0,199.79,151.0,,,,,,,
325.20306038856506,0.0,255.0,199.7,157.0,,,,,,,
325.2967936992645,0.0,255.0,199.73,152.0,,,,,,,
325.4197723865509,0.0,255.0,199.75,152.0,,,,,,,
325.68574690818787,0.0,255.0,199.79,151.0,,,,,,,
325.8881928920746,0.0,255.0,199.64,159.0,,,,,,,
326.0898597240448,0.0,255.0,199.54,162.0,,,,,,,
326.19771003723145,0.0,255.0,199.5,164.0,,,,,,,
326.2921094894409,0.0,255.0,199.47,165.0,,,,,,,
326.40059661865234,0.0,255.0,199.45,165.0,,,,,,,
326.6185357570648,0.0,255.0,199.42,167.0,,,,,,,
326.728750705719,0.0,255.0,199.4,167.0,,,,,,,
326.90081787109375,0.0,255.0,199.29,175.0,,,,,,,
327.10323572158813,0.0,255.0,199.32,171.0,,,,,,,
327.3076238632202,0.0,255.0,199.33,171.0,,,,,,,
327.40106320381165,0.0,255.0,199.34,171.0,,,,,,,
327.60202193260193,0.0,255.0,199.25,178.0,,,,,,,
327.7107365131378,0.0,255.0,199.18,180.0,,,,,,,
327.8203794956207,0.0,255.0,199.12,182.0,,,,,,,
327.92990374565125,0.0,255.0,199.07,184.0,,,,,,,
328.2098379135132,0.0,255.0,199.13,179.0,,,,,,,
328.412802696228,0.0,255.0,199.04,186.0,,,,,,,
328.6132957935333,0.0,255.0,198.99,189.0,,,,,,,
328.70720314979553,0.0,255.0,198.96,190.0,,,,,,,
328.8159918785095,0.0,255.0,198.95,190.0,,,,,,,
328.90768003463745,0.0,255.0,198.94,191.0,,,,,,,
329.1422049999237,0.0,255.0,198.92,193.0,,,,,,,
329.23562383651733,0.0,255.0,198.91,193.0,,,,,,,
329.4069113731384,0.0,255.0,198.9,194.0,,,,,,,
329.6090507507324,0.0,255.0,198.89,195.0,,,,,,,
329.717702627182,0.0,255.0,198.89,196.0,,,,,,,
329.8119659423828,0.0,255.0,198.89,196.0,,,,,,,
329.92168641090393,0.0,255.0,198.89,197.0,,,,,,,
330.1224355697632,0.0,255.0,198.89,198.0,,,,,,,
330.2319161891937,0.0,255.0,198.89,198.0,,,,,,,
330.3405952453613,0.0,255.0,198.88,199.0,,,,,,,
330.44973373413086,0.0,255.0,198.88,199.0,,,,,,,
330.7143666744232,0.0,255.0,198.88,201.0,,,,,,,
330.91734075546265,0.0,255.0,198.88,201.0,,,,,,,
331.1218433380127,0.0,255.0,198.88,202.0,,,,,,,
331.2307870388031,0.0,255.0,198.88,203.0,,,,,,,
331.32555866241455,0.0,255.0,198.88,203.0,,,,,,,
331.43425989151,0.0,255.0,198.88,204.0,,,,,,,
331.65112352371216,0.0,255.0,198.88,205.0,,,,,,,
331.75820112228394,0.0,255.0,198.88,205.0,,,,,,,
331.86514115333557,0.0,255.0,198.88,206.0,,,,,,,
332.125944852829,0.0,255.0,198.88,207.0,,,,,,,
332.233850479126,0.0,255.0,198.88,207.0,,,,,,,
332.34198904037476,0.0,255.0,198.88,208.0,,,,,,,
332.43491196632385,0.0,255.0,198.88,208.0,,,,,,,
332.6338360309601,0.0,255.0,198.96,207.0,,,,,,,
332.7422742843628,0.0,255.0,198.94,208.0,,,,,,,
332.85220193862915,0.0,255.0,198.93,209.0,,,,,,,
333.0395486354828,0.0,255.0,198.91,210.0,,,,,,,
333.24021434783936,0.0,255.0,198.9,211.0,,,,,,,
333.4425389766693,0.0,255.0,198.9,212.0,,,,,,,
333.6456735134125,0.0,255.0,198.99,207.0,,,,,,,
333.7391128540039,0.0,255.0,198.96,212.0,,,,,,,
333.84524297714233,0.0,255.0,199.04,206.0,,,,,,,
333.95289039611816,0.0,255.0,199.11,205.0,,,,,,,
334.15586256980896,0.0,255.0,199.2,203.0,,,,,,,
334.343510389328,0.0,255.0,199.25,202.0,,,,,,,
334.54444098472595,0.0,255.0,199.22,204.0,,,,,,,
334.74865198135376,0.0,255.0,199.27,203.0,,,,,,,
334.8423659801483,0.0,255.0,199.28,203.0,,,,,,,
334.9516930580139,0.0,255.0,199.3,203.0,,,,,,,
335.15597462654114,0.0,255.0,199.32,203.0,,,,,,,
335.26600217819214,0.0,255.0,199.42,196.0,,,,,,,
335.37494826316833,0.0,255.0,199.41,201.0,,,,,,,
335.548855304718,0.0,255.0,199.47,199.0,,,,,,,
335.7517020702362,0.0,255.0,199.6,192.0,,,,,,,
335.9536466598511,0.0,255.0,199.68,190.0,,,,,,,
336.15804147720337,0.0,255.0,199.74,189.0,,,,,,,
336.2512128353119,0.0,255.0,199.76,189.0,,,,,,,
336.3596706390381,0.0,255.0,199.77,188.0,,,,,,,
336.5608456134796,0.0,255.0,199.72,190.0,,,,,,,
336.6855456829071,0.0,255.0,199.74,190.0,,,,,,,
336.77981328964233,0.0,255.0,199.76,189.0,,,,,,,
336.96615290641785,0.0,255.0,199.79,189.0,,,,,,,
337.1524746417999,0.0,255.0,199.81,188.0,,,,,,,
337.2602925300598,0.0,255.0,199.81,188.0,,,,,,,
337.3554928302765,0.0,255.0,199.82,188.0,,,,,,,
337.4643540382385,0.0,255.0,199.82,188.0,,,,,,,
337.66633582115173,0.0,255.0,199.83,188.0,,,,,,,
337.77576661109924,0.0,255.0,199.83,188.0,,,,,,,
337.88523507118225,0.0,255.0,199.93,182.0,,,,,,,
338.0861918926239,0.0,255.0,200.07,178.0,,,,,,,
338.2581796646118,0.0,255.0,200.16,175.0,,,,,,,
338.46166253089905,0.0,255.0,200.22,174.0,,,,,,,
338.66596817970276,0.0,255.0,200.25,172.0,,,,,,,
338.77367782592773,0.0,255.0,200.27,172.0,,,,,,,
338.86635398864746,0.0,255.0,200.28,171.0,,,,,,,
339.0676598548889,0.0,255.0,200.29,171.0,,,,,,,
339.19083070755005,0.0,255.0,200.3,171.0,,,,,,,
339.37630319595337,0.0,255.0,200.3,170.0,,,,,,,
339.5773687362671,0.0,255.0,200.31,170.0,,,,,,,
339.7781376838684,0.0,255.0,200.31,169.0,,,,,,,
339.87284326553345,0.0,255.0,200.31,169.0,,,,,,,
340.0741684436798,0.0,255.0,200.32,169.0,,,,,,,
340.1831772327423,0.0,255.0,200.32,169.0,,,,,,,
340.2924065589905,0.0,255.0,200.32,169.0,,,,,,,
340.4031295776367,0.0,255.0,200.32,168.0,,,,,,,
340.682701587677,0.0,255.0,200.32,168.0,,,,,,,
340.88462257385254,0.0,255.0,200.32,168.0,,,,,,,
341.08547163009644,0.0,255.0,200.32,168.0,,,,,,,
341.1791377067566,0.0,255.0,200.32,167.0,,,,,,,
341.2886254787445,0.0,255.0,200.32,167.0,,,,,,,
341.38021755218506,0.0,255.0,200.32,167.0,,,,,,,
341.581134557724,0.0,255.0,200.42,161.0,,,,,,,
341.7059659957886,0.0,255.0,200.4,165.0,,,,,,,
341.8894770145416,0.0,255.0,200.37,165.0,,,,,,,
342.08977127075195,0.0,255.0,200.43,163.0,,,,,,,
342.29103326797485,0.0,255.0,200.39,164.0,,,,,,,
342.40050625801086,0.0,255.0,200.47,158.0,,,,,,,
342.5876395702362,0.0,255.0,200.51,156.0,,,,,,,
342.69493198394775,0.0,255.0,200.57,154.0,,,,,,,
342.80397725105286,0.0,255.0,200.62,153.0,,,,,,,
342.9121654033661,0.0,255.0,200.66,151.0,,,,,,,
343.1296558380127,0.0,255.0,200.63,152.0,,,,,,,
343.3025996685028,0.0,255.0,200.69,149.0,,,,,,,
343.5985207557678,0.0,255.0,200.61,151.0,,,,,,,
343.69206142425537,0.0,255.0,200.55,156.0,,,,,,,
343.80082726478577,0.0,255.0,200.6,151.0,,,,,,,
343.90978598594666,0.0,255.0,200.64,149.0,,,,,,,
344.11308002471924,0.0,255.0,200.6,154.0,,,,,,,
344.23498249053955,0.0,255.0,200.64,149.0,,,,,,,
344.3280508518219,0.0,255.0,200.68,147.0,,,,,,,
344.4986426830292,0.0,255.0,200.72,146.0,,,,,,,
344.6996560096741,0.0,255.0,200.75,144.0,,,,,,,
344.8064558506012,0.0,255.0,200.76,144.0,,,,,,,
344.91479563713074,0.0,255.0,200.77,143.0,,,,,,,
345.1011629104614,0.0,255.0,200.78,142.0,,,,,,,
345.20942068099976,0.0,255.0,200.79,142.0,,,,,,,
345.3166935443878,0.0,255.0,200.79,141.0,,,,,,,
345.43930673599243,0.0,255.0,200.79,141.0,,,,,,,
345.64114594459534,0.0,255.0,200.8,140.0,,,,,,,
345.8127748966217,0.0,255.0,200.8,139.0,,,,,,,
346.0300061702728,0.0,255.0,200.8,139.0,,,,,,,
346.21715927124023,0.0,255.0,200.8,138.0,,,,,,,
346.31171584129333,0.0,255.0,200.8,138.0,,,,,,,
346.4223806858063,0.0,255.0,200.8,137.0,,,,,,,
346.6262090206146,0.0,255.0,200.8,137.0,,,,,,,
346.736829996109,0.0,255.0,200.8,136.0,,,,,,,
346.9249963760376,0.0,255.0,200.81,136.0,,,,,,,
347.12458539009094,0.0,255.0,200.81,135.0,,,,,,,
347.32487630844116,0.0,255.0,200.81,134.0,,,,,,,
347.41906666755676,0.0,255.0,200.81,134.0,,,,,,,
347.62130212783813,0.0,255.0,200.81,133.0,,,,,,,
347.7291262149811,0.0,255.0,200.81,133.0,,,,,,,
347.83755016326904,0.0,255.0,200.81,133.0,,,,,,,
347.9469437599182,0.0,255.0,200.81,132.0,,,,,,,
348.2248046398163,0.0,255.0,200.81,132.0,,,,,,,
348.4250023365021,0.0,255.0,200.81,131.0,,,,,,,
348.62595796585083,0.0,255.0,200.81,130.0,,,,,,,
348.7322635650635,0.0,255.0,200.81,130.0,,,,,,,
348.82479453086853,0.0,255.0,200.81,130.0,,,,,,,
348.9333083629608,0.0,255.0,200.81,129.0,,,,,,,
349.1501727104187,0.0,255.0,200.81,129.0,,,,,,,
349.2596700191498,0.0,255.0,200.81,128.0,,,,,,,
349.3671305179596,0.0,255.0,200.81,128.0,,,,,,,
349.5369484424591,0.0,255.0,200.81,127.0,,,,,,,
349.74063658714294,0.0,255.0,200.73,129.0,,,,,,,
349.83358502388,0.0,255.0,200.74,128.0,,,,,,,
349.9414601325989,0.0,255.0,200.76,128.0,,,,,,,
350.1288938522339,0.0,255.0,200.77,126.0,,,,,,,
350.2377676963806,0.0,255.0,200.78,126.0,,,,,,,
350.3619110584259,0.0,255.0,200.79,125.0,,,,,,,
350.5341167449951,0.0,255.0,200.79,125.0,,,,,,,
350.6731915473938,0.0,255.0,200.79,124.0,,,,,,,
350.8407895565033,0.0,255.0,200.7,130.0,,,,,,,
351.04284024238586,0.0,255.0,200.64,131.0,,,,,,,
351.1355285644531,0.0,255.0,200.67,126.0,,,,,,,
351.24555802345276,0.0,255.0,200.6,132.0,,,,,,,
351.3397033214569,0.0,255.0,200.64,127.0,,,,,,,
351.44734358787537,0.0,255.0,200.68,125.0,,,,,,,
351.66390228271484,0.0,255.0,200.72,123.0,,,,,,,
351.77025413513184,0.0,255.0,200.74,123.0,,,,,,,
351.8780195713043,0.0,255.0,200.65,128.0,,,,,,,
352.0488872528076,0.0,255.0,200.53,131.0,,,,,,,
352.25005173683167,0.0,255.0,200.63,125.0,,,,,,,
352.3433063030243,0.0,255.0,200.57,130.0,,,,,,,
352.4511640071869,0.0,255.0,200.52,131.0,,,,,,,
352.651300907135,0.0,255.0,200.45,132.0,,,,,,,
352.75941729545593,0.0,255.0,200.42,133.0,,,,,,,
352.86763548851013,0.0,255.0,200.4,133.0,,,,,,,
353.05426120758057,0.0,255.0,200.37,134.0,,,,,,,
353.25347995758057,0.0,255.0,200.35,134.0,,,,,,,
353.4559876918793,0.0,255.0,200.34,134.0,,,,,,,
353.6560323238373,0.0,255.0,200.33,134.0,,,,,,,
353.74976229667664,0.0,255.0,200.33,134.0,,,,,,,
353.8576943874359,0.0,255.0,200.33,134.0,,,,,,,
354.06237840652466,0.0,255.0,200.32,134.0,,,,,,,
354.1866600513458,0.0,255.0,200.32,134.0,,,,,,,
354.29655146598816,0.0,255.0,200.23,140.0,,,,,,,
354.4680931568146,0.0,255.0,200.26,135.0,,,,,,,
354.6701190471649,0.0,255.0,200.28,134.0,,,,,,,
354.86994218826294,0.0,255.0,200.29,134.0,,,,,,,
354.96260261535645,0.0,255.0,200.3,134.0,,,,,,,
355.16447854042053,0.0,255.0,200.31,133.0,,,,,,,
355.274210691452,0.0,255.0,200.31,133.0,,,,,,,
355.3828158378601,0.0,255.0,200.31,133.0,,,,,,,
355.56989789009094,0.0,255.0,200.31,132.0,,,,,,,
355.7712264060974,0.0,255.0,200.22,138.0,,,,,,,
355.9740114212036,0.0,255.0,200.25,134.0,,,,,,,
356.2705867290497,0.0,255.0,200.13,141.0,,,,,,,
356.3791642189026,0.0,255.0,200.07,142.0,,,,,,,
356.56618905067444,0.0,255.0,199.98,144.0,,,,,,,
356.69216537475586,0.0,255.0,199.96,145.0,,,,,,,
356.79973793029785,0.0,255.0,199.93,146.0,,,,,,,
356.98532700538635,0.0,255.0,199.9,147.0,,,,,,,
357.171231508255,0.0,255.0,199.87,148.0,,,,,,,
357.27750754356384,0.0,255.0,199.87,148.0,,,,,,,
357.3721282482147,0.0,255.0,199.86,148.0,,,,,,,
357.57480692863464,0.0,255.0,199.85,149.0,,,,,,,
357.6832113265991,0.0,255.0,199.85,149.0,,,,,,,
357.79256081581116,0.0,255.0,199.94,142.0,,,,,,,
357.90058994293213,0.0,255.0,199.92,147.0,,,,,,,
358.11786246299744,0.0,255.0,199.89,148.0,,,,,,,
358.28940415382385,0.0,255.0,199.87,148.0,,,,,,,
358.48991680145264,0.0,255.0,199.86,149.0,,,,,,,
358.6915051937103,0.0,255.0,199.85,149.0,,,,,,,
358.7843906879425,0.0,255.0,199.85,149.0,,,,,,,
358.892373085022,0.0,255.0,199.84,149.0,,,,,,,
359.0956289768219,0.0,255.0,199.84,150.0,,,,,,,
359.21867847442627,0.0,255.0,199.84,150.0,,,,,,,
359.31332445144653,0.0,255.0,199.84,150.0,,,,,,,
359.42307209968567,0.0,255.0,199.84,150.0,,,,,,,
359.6850526332855,0.0,255.0,199.74,156.0,,,,,,,
359.79476618766785,0.0,255.0,199.76,152.0,,,,,,,
359.88959646224976,0.0,255.0,199.78,152.0,,,,,,,
360.09155225753784,0.0,255.0,199.8,152.0,,,,,,,
360.2018778324127,0.0,255.0,199.8,151.0,,,,,,,
360.31029772758484,0.0,255.0,199.81,151.0,,,,,,,
360.42161774635315,0.0,255.0,199.82,151.0,,,,,,,
360.6237778663635,0.0,255.0,199.82,151.0,,,,,,,
360.79631757736206,0.0,255.0,199.73,158.0,,,,,,,
361.0920627117157,0.0,255.0,199.78,153.0,,,,,,,
361.20083379745483,0.0,255.0,199.7,159.0,,,,,,,
361.3088569641113,0.0,255.0,199.63,161.0,,,,,,,
361.40261721611023,0.0,255.0,199.57,163.0,,,,,,,
361.6224875450134,0.0,255.0,199.5,165.0,,,,,,,
361.7309787273407,0.0,255.0,199.47,166.0,,,,,,,
361.8390872478485,0.0,255.0,199.45,167.0,,,,,,,
362.00831055641174,0.0,255.0,199.41,168.0,,,,,,,
362.30679869651794,0.0,255.0,199.39,170.0,,,,,,,
362.4148545265198,0.0,255.0,199.38,170.0,,,,,,,
362.602965593338,0.0,255.0,199.37,171.0,,,,,,,
362.71175479888916,0.0,255.0,199.37,171.0,,,,,,,
362.8206260204315,0.0,255.0,199.37,172.0,,,,,,,
362.92974042892456,0.0,255.0,199.36,172.0,,,,,,,
363.14833784103394,0.0,255.0,199.36,172.0,,,,,,,
363.3182113170624,0.0,255.0,199.36,173.0,,,,,,,
363.5359275341034,0.0,255.0,199.36,174.0,,,,,,,
363.7076382637024,0.0,255.0,199.36,174.0,,,,,,,
363.81499123573303,0.0,255.0,199.26,181.0,,,,,,,
363.92489099502563,0.0,255.0,199.19,183.0,,,,,,,
364.129271030426,0.0,255.0,199.08,187.0,,,,,,,
364.238596200943,0.0,255.0,199.13,182.0,,,,,,,
364.34676337242126,0.0,255.0,199.08,187.0,,,,,,,
364.5467104911804,0.0,255.0,199.01,190.0,,,,,,,
364.71815299987793,0.0,255.0,199.04,190.0,,,,,,,
364.82716846466064,0.0,255.0,199.01,191.0,,,,,,,
364.92016410827637,0.0,255.0,198.98,192.0,,,,,,,
365.1231882572174,0.0,255.0,198.95,194.0,,,,,,,
365.2318687438965,0.0,255.0,198.93,195.0,,,,,,,
365.3403823375702,0.0,255.0,198.92,196.0,,,,,,,
365.44903445243835,0.0,255.0,198.92,196.0,,,,,,,
365.7297294139862,0.0,255.0,198.96,196.0,,,,,,,
365.9317753314972,0.0,255.0,198.93,198.0,,,,,,,
366.1342921257019,0.0,255.0,198.91,199.0,,,,,,,
366.2276954650879,0.0,255.0,198.91,200.0,,,,,,,
366.336918592453,0.0,255.0,199.0,194.0,,,,,,,
366.4280903339386,0.0,255.0,198.97,199.0,,,,,,,
366.64668369293213,0.0,255.0,198.94,201.0,,,,,,,
366.7547883987427,0.0,255.0,198.93,201.0,,,,,,,
366.86237025260925,0.0,255.0,198.92,202.0,,,,,,,
367.04840993881226,0.0,255.0,198.91,203.0,,,,,,,
367.23697113990784,0.0,255.0,198.9,204.0,,,,,,,
367.3311791419983,0.0,255.0,198.89,205.0,,,,,,,
367.4393711090088,0.0,255.0,198.99,199.0,,,,,,,
367.6410253047943,0.0,255.0,199.04,198.0,,,,,,,
367.7331118583679,0.0,255.0,199.01,203.0,,,,,,,
367.8559365272522,0.0,255.0,199.08,198.0,,,,,,,
368.07511377334595,0.0,255.0,199.18,196.0,,,,,,,
368.2453787326813,0.0,255.0,199.24,195.0,,,,,,,
368.4466633796692,0.0,255.0,199.28,195.0,,,,,,,
368.649290561676,0.0,255.0,199.31,194.0,,,,,,,
368.74231362342834,0.0,255.0,199.32,194.0,,,,,,,
368.8523952960968,0.0,255.0,199.33,194.0,,,,,,,
368.94457626342773,0.0,255.0,199.33,195.0,,,,,,,
369.16040992736816,0.0,255.0,199.34,195.0,,,,,,,
369.2683689594269,0.0,255.0,199.34,195.0,,,,,,,
369.4551501274109,0.0,255.0,199.35,195.0,,,,,,,
369.6569378376007,0.0,255.0,199.35,196.0,,,,,,,
369.85679602622986,0.0,255.0,199.35,196.0,,,,,,,
369.95050597190857,0.0,255.0,199.45,190.0,,,,,,,
370.1538164615631,0.0,255.0,199.51,189.0,,,,,,,
370.26377725601196,0.0,255.0,199.58,187.0,,,,,,,
370.37171840667725,0.0,255.0,199.63,186.0,,,,,,,
370.5589141845703,0.0,255.0,199.63,187.0,,,,,,,
370.76089549064636,0.0,255.0,199.7,185.0,,,,,,,
370.96549892425537,0.0,255.0,199.75,184.0,,,,,,,
371.1640899181366,0.0,255.0,199.78,183.0,,,,,,,
371.2575521469116,0.0,255.0,199.79,183.0,,,,,,,
371.3665475845337,0.0,255.0,199.8,183.0,,,,,,,
371.5658178329468,0.0,255.0,199.81,182.0,,,,,,,
371.67411971092224,0.0,255.0,199.82,182.0,,,,,,,
371.78378891944885,0.0,255.0,199.82,182.0,,,,,,,
371.8929009437561,0.0,255.0,199.82,182.0,,,,,,,
372.0642418861389,0.0,255.0,199.83,182.0,,,,,,,
372.26633763313293,0.0,255.0,199.83,182.0,,,,,,,
372.373957157135,0.0,255.0,199.83,182.0,,,,,,,
372.46793031692505,0.0,255.0,199.83,182.0,,,,,,,
372.67180943489075,0.0,255.0,199.91,180.0,,,,,,,
372.779990196228,0.0,255.0,199.99,174.0,,,,,,,
372.8730323314667,0.0,255.0,199.96,179.0,,,,,,,
373.074294090271,0.0,255.0,199.92,180.0,,,,,,,
373.2766304016113,0.0,255.0,199.89,181.0,,,,,,,
373.4802391529083,0.0,255.0,199.87,182.0,,,,,,,
373.68106150627136,0.0,255.0,199.86,182.0,,,,,,,
373.77515864372253,0.0,255.0,199.85,182.0,,,,,,,
373.8680181503296,0.0,255.0,199.95,176.0,,,,,,,
374.08433961868286,0.0,255.0,200.0,175.0,,,,,,,
374.19394755363464,0.0,255.0,200.07,173.0,,,,,,,
374.30238103866577,0.0,255.0,200.12,171.0,,,,,,,
374.4106135368347,0.0,255.0,200.16,170.0,,,,,,,
374.67368507385254,0.0,255.0,200.14,174.0,,,,,,,
374.7816095352173,0.0,255.0,200.17,170.0,,,,,,,
374.8750650882721,0.0,255.0,200.2,169.0,,,,,,,
375.0933380126953,0.0,255.0,200.24,167.0,,,,,,,
375.1861786842346,0.0,255.0,200.26,167.0,,,,,,,
375.2802360057831,0.0,255.0,200.27,166.0,,,,,,,
375.4049963951111,0.0,255.0,200.28,166.0,,,,,,,
375.622376203537,0.0,255.0,200.29,165.0,,,,,,,
375.7911653518677,0.0,255.0,200.3,165.0,,,,,,,
375.99215722084045,0.0,255.0,200.31,165.0,,,,,,,
376.19499111175537,0.0,255.0,200.31,164.0,,,,,,,
376.28824734687805,0.0,255.0,200.31,164.0,,,,,,,
376.39720916748047,0.0,255.0,200.31,164.0,,,,,,,
376.60002970695496,0.0,255.0,200.32,164.0,,,,,,,
376.70951080322266,0.0,255.0,200.32,163.0,,,,,,,
376.81742238998413,0.0,255.0,200.32,163.0,,,,,,,
376.9266493320465,0.0,255.0,200.32,163.0,,,,,,,
377.19053840637207,0.0,255.0,200.32,163.0,,,,,,,
377.2994735240936,0.0,255.0,200.32,163.0,,,,,,,
377.39219784736633,0.0,255.0,200.32,163.0,,,,,,,
377.5934410095215,0.0,255.0,200.4,160.0,,,,,,,
377.70175790786743,0.0,255.0,200.38,160.0,,,,,,,
377.7954668998718,0.0,255.0,200.37,161.0,,,,,,,
377.9216630458832,0.0,255.0,200.36,161.0,,,,,,,
378.2025489807129,0.0,255.0,200.34,161.0,,,,,,,
378.4036810398102,0.0,255.0,200.43,154.0,,,,,,,
378.6040241718292,0.0,255.0,200.39,159.0,,,,,,,
378.69677448272705,0.0,255.0,200.37,159.0,,,,,,,
378.80593395233154,0.0,255.0,200.36,159.0,,,,,,,
378.8975281715393,0.0,255.0,200.35,159.0,,,,,,,
379.0398778915405,0.0,255.0,200.35,159.0,,,,,,,
379.118289232254,0.0,255.0,200.34,159.0,,,,,,,
379.22766518592834,0.0,255.0,200.34,159.0,,,,,,,
379.3356456756592,0.0,255.0,200.43,153.0,,,,,,,
379.4449129104614,0.0,255.0,200.41,157.0,,,,,,,
379.70874667167664,0.0,255.0,200.6,147.0,,,,,,,
379.81728649139404,0.0,255.0,200.55,152.0,,,,,,,
379.91062784194946,0.0,255.0,200.6,147.0,,,,,,,
380.1121389865875,0.0,255.0,200.5,153.0,,,,,,,
380.2206892967224,0.0,255.0,200.56,147.0,,,,,,,
380.3148982524872,0.0,255.0,200.51,152.0,,,,,,,
380.4379765987396,0.0,255.0,200.47,153.0,,,,,,,
380.7188198566437,0.0,255.0,200.57,146.0,,,,,,,
380.9226016998291,0.0,255.0,200.66,143.0,,,,,,,
381.12606954574585,0.0,255.0,200.71,141.0,,,,,,,
381.21947979927063,0.0,255.0,200.73,140.0,,,,,,,
381.3127911090851,0.0,255.0,200.74,140.0,,,,,,,
381.42209100723267,0.0,255.0,200.76,139.0,,,,,,,
381.63960456848145,0.0,255.0,200.77,138.0,,,,,,,
381.74870204925537,0.0,255.0,200.78,138.0,,,,,,,
381.85580801963806,0.0,255.0,200.79,137.0,,,,,,,
382.0411503314972,0.0,255.0,200.79,136.0,,,,,,,
382.22795009613037,0.0,255.0,200.8,135.0,,,,,,,
382.43192744255066,0.0,255.0,200.8,135.0,,,,,,,
382.63338971138,0.0,255.0,200.8,134.0,,,,,,,
382.72689628601074,0.0,255.0,200.8,134.0,,,,,,,
382.8360438346863,0.0,255.0,200.8,133.0,,,,,,,
382.9449870586395,0.0,255.0,200.8,133.0,,,,,,,
383.1636528968811,0.0,255.0,200.8,132.0,,,,,,,
383.33612632751465,0.0,255.0,200.8,132.0,,,,,,,
383.5374791622162,0.0,255.0,200.8,131.0,,,,,,,
383.63274025917053,0.0,255.0,200.81,131.0,,,,,,,
383.73988103866577,0.0,255.0,200.81,130.0,,,,,,,
383.8338074684143,0.0,255.0,200.81,130.0,,,,,,,
383.9424612522125,0.0,255.0,200.81,130.0,,,,,,,
384.14567732810974,0.0,255.0,200.81,129.0,,,,,,,
384.2539713382721,0.0,255.0,200.81,129.0,,,,,,,
384.36334347724915,0.0,255.0,200.81,128.0,,,,,,,
384.5348491668701,0.0,255.0,200.81,128.0,,,,,,,
384.7359757423401,0.0,255.0,200.81,127.0,,,,,,,
384.84632563591003,0.0,255.0,200.81,127.0,,,,,,,
384.9377906322479,0.0,255.0,200.81,127.0,,,,,,,
385.1411578655243,0.0,255.0,200.81,126.0,,,,,,,
385.2496004104614,0.0,255.0,200.71,132.0,,,,,,,
385.35776472091675,0.0,255.0,200.63,134.0,,,,,,,
385.5455918312073,0.0,255.0,200.69,128.0,,,,,,,
385.74848461151123,0.0,255.0,200.73,126.0,,,,,,,
385.94947934150696,0.0,255.0,200.76,125.0,,,,,,,
386.2408275604248,0.0,255.0,200.54,134.0,,,,,,,
386.34808588027954,0.0,255.0,200.5,135.0,,,,,,,
386.4573001861572,0.0,255.0,200.56,129.0,,,,,,,
386.65771102905273,0.0,255.0,200.57,129.0,,,,,,,
386.7667398452759,0.0,255.0,200.62,127.0,,,,,,,
386.8893506526947,0.0,255.0,200.56,132.0,,,,,,,
387.06035327911377,0.0,255.0,200.47,134.0,,,,,,,
387.2474277019501,0.0,255.0,200.42,135.0,,,,,,,
387.3573708534241,0.0,255.0,200.4,136.0,,,,,,,
387.4512023925781,0.0,255.0,200.38,136.0,,,,,,,
387.6542019844055,0.0,255.0,200.36,136.0,,,,,,,
387.76363468170166,0.0,255.0,200.35,136.0,,,,,,,
387.8731174468994,0.0,255.0,200.34,136.0,,,,,,,
388.0583200454712,0.0,255.0,200.33,136.0,,,,,,,
388.1967668533325,0.0,255.0,200.33,136.0,,,,,,,
388.3529772758484,0.0,255.0,200.33,136.0,,,,,,,
388.55743956565857,0.0,255.0,200.32,136.0,,,,,,,
388.66800928115845,0.0,255.0,200.32,136.0,,,,,,,
388.76064896583557,0.0,255.0,200.32,136.0,,,,,,,
388.86873841285706,0.0,255.0,200.32,136.0,,,,,,,
389.0717074871063,0.0,255.0,200.32,135.0,,,,,,,
389.1795287132263,0.0,255.0,200.32,135.0,,,,,,,
389.2878804206848,0.0,255.0,200.32,135.0,,,,,,,
389.39606380462646,0.0,255.0,200.32,135.0,,,,,,,
389.5649485588074,0.0,255.0,200.32,135.0,,,,,,,
389.7650103569031,0.0,255.0,200.32,135.0,,,,,,,
389.87382769584656,0.0,255.0,200.32,134.0,,,,,,,
389.96724104881287,0.0,255.0,200.32,134.0,,,,,,,
390.16999864578247,0.0,255.0,200.32,134.0,,,,,,,
390.2799880504608,0.0,255.0,200.32,134.0,,,,,,,
390.38821721076965,0.0,255.0,200.32,134.0,,,,,,,
390.574964761734,0.0,255.0,200.32,134.0,,,,,,,
390.7751383781433,0.0,255.0,200.32,133.0,,,,,,,
390.976521730423,0.0,255.0,200.32,133.0,,,,,,,
391.18019461631775,0.0,255.0,200.32,133.0,,,,,,,
391.27262568473816,0.0,255.0,200.32,133.0,,,,,,,
391.38141417503357,0.0,255.0,200.32,133.0,,,,,,,
391.58410477638245,0.0,255.0,200.32,132.0,,,,,,,
391.6929569244385,0.0,255.0,200.32,132.0,,,,,,,
391.80148696899414,0.0,255.0,200.32,132.0,,,,,,,
391.91107869148254,0.0,255.0,200.32,132.0,,,,,,,
392.19264793395996,0.0,255.0,200.22,138.0,,,,,,,
392.37758350372314,0.0,255.0,200.16,139.0,,,,,,,
392.5934262275696,0.0,255.0,200.12,140.0,,,,,,,
392.6858732700348,0.0,255.0,200.06,142.0,,,,,,,
392.7937023639679,0.0,255.0,200.02,143.0,,,,,,,
392.90168380737305,0.0,255.0,200.08,138.0,,,,,,,
393.1207995414734,0.0,255.0,199.99,144.0,,,,,,,
393.2905251979828,0.0,255.0,199.93,145.0,,,,,,,
393.49229288101196,0.0,255.0,199.9,146.0,,,,,,,
393.692125082016,0.0,255.0,199.88,147.0,,,,,,,
393.7992994785309,0.0,255.0,199.87,147.0,,,,,,,
393.8932058811188,0.0,255.0,199.86,148.0,,,,,,,
394.0967824459076,0.0,255.0,199.85,148.0,,,,,,,
394.203453540802,0.0,255.0,199.85,148.0,,,,,,,
394.3276779651642,0.0,255.0,199.85,148.0,,,,,,,
394.4984276294708,0.0,255.0,199.84,149.0,,,,,,,
394.699964761734,0.0,255.0,199.84,149.0,,,,,,,
394.8990502357483,0.0,255.0,199.84,149.0,,,,,,,
395.0992066860199,0.0,255.0,199.84,149.0,,,,,,,
395.2094919681549,0.0,255.0,199.84,149.0,,,,,,,
395.30446553230286,0.0,255.0,199.84,149.0,,,,,,,
395.41344141960144,0.0,255.0,199.84,149.0,,,,,,,
395.631294965744,0.0,255.0,199.84,149.0,,,,,,,
395.73758244514465,0.0,255.0,199.84,150.0,,,,,,,
395.90707874298096,0.0,255.0,199.84,150.0,,,,,,,
396.1090462207794,0.0,255.0,199.84,150.0,,,,,,,
396.20270466804504,0.0,255.0,199.84,150.0,,,,,,,
396.309579372406,0.0,255.0,199.84,150.0,,,,,,,
396.4032368659973,0.0,255.0,199.84,150.0,,,,,,,
396.62297677993774,0.0,255.0,199.84,150.0,,,,,,,
396.7318284511566,0.0,255.0,199.84,150.0,,,,,,,
396.84008026123047,0.0,255.0,199.84,150.0,,,,,,,
396.9491300582886,0.0,255.0,199.84,150.0,,,,,,,
397.21288418769836,0.0,255.0,199.84,151.0,,,,,,,
397.4158148765564,0.0,255.0,199.84,151.0,,,,,,,
397.61684131622314,0.0,255.0,199.66,159.0,,,,,,,
397.7254431247711,0.0,255.0,199.7,155.0,,,,,,,
397.818199634552,0.0,255.0,199.73,154.0,,,,,,,
397.9264361858368,0.0,255.0,199.75,154.0,,,,,,,
398.14545702934265,0.0,255.0,199.61,161.0,,,,,,,
398.2528443336487,0.0,255.0,199.56,163.0,,,,,,,
398.42156887054443,0.0,255.0,199.56,163.0,,,,,,,
398.62553238868713,0.0,255.0,199.49,166.0,,,,,,,
398.7196686267853,0.0,255.0,199.46,167.0,,,,,,,
398.82896637916565,0.0,255.0,199.44,167.0,,,,,,,
398.921667098999,0.0,255.0,199.42,168.0,,,,,,,
399.1400799751282,0.0,255.0,199.4,169.0,,,,,,,
399.24918699264526,0.0,255.0,199.39,170.0,,,,,,,
399.3577129840851,0.0,255.0,199.38,170.0,,,,,,,
399.54268407821655,0.0,255.0,199.37,171.0,,,,,,,
399.7298307418823,0.0,255.0,199.37,172.0,,,,,,,
399.9317042827606,0.0,255.0,199.36,172.0,,,,,,,
400.13229179382324,0.0,255.0,199.36,173.0,,,,,,,
400.2407383918762,0.0,255.0,199.27,179.0,,,,,,,
400.3334445953369,0.0,255.0,199.28,175.0,,,,,,,
400.44239044189453,0.0,255.0,199.3,175.0,,,,,,,
400.66146636009216,0.0,255.0,199.24,177.0,,,,,,,
400.76838302612305,0.0,255.0,199.27,177.0,,,,,,,
400.9408173561096,0.0,255.0,199.2,183.0,,,,,,,
401.12926864624023,0.0,255.0,199.18,181.0,,,,,,,
401.2369375228882,0.0,255.0,199.12,186.0,,,,,,,
401.3308081626892,0.0,255.0,199.07,188.0,,,,,,,
401.43948316574097,0.0,255.0,199.04,189.0,,,,,,,
401.64122772216797,0.0,255.0,198.98,192.0,,,,,,,
401.76442551612854,0.0,255.0,198.96,193.0,,,,,,,
401.87378883361816,0.0,255.0,198.95,194.0,,,,,,,
402.04409885406494,0.0,255.0,198.92,195.0,,,,,,,
402.24504137039185,0.0,255.0,198.98,194.0,,,,,,,
402.4489154815674,0.0,255.0,199.12,188.0,,,,,,,
402.63802313804626,0.0,255.0,199.2,186.0,,,,,,,
402.74610924720764,0.0,255.0,199.14,192.0,,,,,,,
402.85346508026123,0.0,255.0,199.09,193.0,,,,,,,
403.0417914390564,0.0,255.0,199.01,196.0,,,,,,,
403.1812741756439,0.0,255.0,198.99,197.0,,,,,,,
403.35333585739136,0.0,255.0,198.95,199.0,,,,,,,
403.5546293258667,0.0,255.0,199.0,199.0,,,,,,,
403.64704036712646,0.0,255.0,198.98,200.0,,,,,,,
403.7537100315094,0.0,255.0,198.96,201.0,,,,,,,
403.84731554985046,0.0,255.0,198.94,201.0,,,,,,,
403.9569957256317,0.0,255.0,198.93,202.0,,,,,,,
404.1598439216614,0.0,255.0,198.91,203.0,,,,,,,
404.2696235179901,0.0,255.0,198.91,204.0,,,,,,,
404.3789942264557,0.0,255.0,199.0,198.0,,,,,,,
404.5527238845825,0.0,255.0,198.96,204.0,,,,,,,
404.75481724739075,0.0,255.0,198.93,206.0,,,,,,,
404.8644449710846,0.0,255.0,198.92,206.0,,,,,,,
404.9584729671478,0.0,255.0,199.01,201.0,,,,,,,
405.1601126194,0.0,255.0,198.96,206.0,,,,,,,
405.2688434123993,0.0,255.0,198.95,207.0,,,,,,,
405.363347530365,0.0,255.0,198.93,208.0,,,,,,,
405.56429862976074,0.0,255.0,199.01,203.0,,,,,,,
405.6867551803589,0.0,255.0,199.08,202.0,,,,,,,
405.8566837310791,0.0,255.0,199.1,202.0,,,,,,,
406.0731244087219,0.0,255.0,199.19,200.0,,,,,,,
406.2767791748047,0.0,255.0,199.16,205.0,,,,,,,
406.37164425849915,0.0,255.0,199.2,201.0,,,,,,,
406.573942899704,0.0,255.0,199.26,200.0,,,,,,,
406.6828598976135,0.0,255.0,199.28,199.0,,,,,,,
406.79196405410767,0.0,255.0,199.29,199.0,,,,,,,
406.9023172855377,0.0,255.0,199.3,199.0,,,,,,,
407.16759872436523,0.0,255.0,199.33,199.0,,,,,,,
407.3700120449066,0.0,255.0,199.34,200.0,,,,,,,
407.4787611961365,0.0,255.0,199.44,193.0,,,,,,,
407.68152141571045,0.0,255.0,199.49,196.0,,,,,,,
407.7757649421692,0.0,255.0,199.46,197.0,,,,,,,
407.8838679790497,0.0,255.0,199.44,198.0,,,,,,,
408.08466482162476,0.0,255.0,199.58,191.0,,,,,,,
408.2071602344513,0.0,255.0,199.54,196.0,,,,,,,
408.3158190250397,0.0,255.0,199.5,197.0,,,,,,,
408.4716885089874,0.0,255.0,199.62,190.0,,,,,,,
408.686888217926,0.0,255.0,199.7,189.0,,,,,,,
408.77983832359314,0.0,255.0,199.73,188.0,,,,,,,
408.8892424106598,0.0,255.0,199.75,187.0,,,,,,,
409.07673931121826,0.0,255.0,199.78,187.0,,,,,,,
409.20316529273987,0.0,255.0,199.79,186.0,,,,,,,
409.31099009513855,0.0,255.0,199.8,186.0,,,,,,,
409.4212589263916,0.0,255.0,199.81,186.0,,,,,,,
409.68619561195374,0.0,255.0,199.82,186.0,,,,,,,
409.88755989074707,0.0,255.0,199.83,186.0,,,,,,,
410.08923053741455,0.0,255.0,199.83,186.0,,,,,,,
410.1968095302582,0.0,255.0,199.83,186.0,,,,,,,
410.2899684906006,0.0,255.0,199.83,186.0,,,,,,,
410.3972444534302,0.0,255.0,199.83,186.0,,,,,,,
410.59770250320435,0.0,255.0,199.83,186.0,,,,,,,
410.72092747688293,0.0,255.0,199.83,186.0,,,,,,,
410.89181995391846,0.0,255.0,199.83,186.0,,,,,,,
411.09432792663574,0.0,255.0,199.83,187.0,,,,,,,
411.19004917144775,0.0,255.0,199.84,187.0,,,,,,,
411.29784512519836,0.0,255.0,199.84,187.0,,,,,,,
411.39123368263245,0.0,255.0,199.93,180.0,,,,,,,
411.59201407432556,0.0,255.0,199.97,183.0,,,,,,,
411.7164583206177,0.0,255.0,200.04,177.0,,,,,,,
411.82516598701477,0.0,255.0,200.1,176.0,,,,,,,
411.9354958534241,0.0,255.0,200.14,175.0,,,,,,,
412.2003917694092,0.0,255.0,200.23,172.0,,,,,,,
412.4008138179779,0.0,255.0,200.26,171.0,,,,,,,
412.60210061073303,0.0,255.0,200.28,170.0,,,,,,,
412.71249198913574,0.0,255.0,200.29,170.0,,,,,,,
412.80687713623047,0.0,255.0,200.29,169.0,,,,,,,
412.9165360927582,0.0,255.0,200.3,169.0,,,,,,,
413.1338677406311,0.0,255.0,200.31,169.0,,,,,,,
413.24228596687317,0.0,255.0,200.31,169.0,,,,,,,
413.4127576351166,0.0,255.0,200.31,168.0,,,,,,,
413.6148564815521,0.0,255.0,200.31,168.0,,,,,,,
413.7086932659149,0.0,255.0,200.32,168.0,,,,,,,
413.81675815582275,0.0,255.0,200.32,168.0,,,,,,,
413.9108486175537,0.0,255.0,200.32,167.0,,,,,,,
414.11177015304565,0.0,255.0,200.32,167.0,,,,,,,
414.23538851737976,0.0,255.0,200.32,167.0,,,,,,,
414.3454267978668,0.0,255.0,200.41,161.0,,,,,,,
414.43908977508545,0.0,255.0,200.4,165.0,,,,,,,
414.72152757644653,0.0,255.0,200.44,163.0,,,,,,,
414.9239580631256,0.0,255.0,200.39,164.0,,,,,,,
415.1113154888153,0.0,255.0,200.46,158.0,,,,,,,
415.21905541419983,0.0,255.0,200.43,162.0,,,,,,,
415.3287651538849,0.0,255.0,200.51,156.0,,,,,,,
415.42285776138306,0.0,255.0,200.47,161.0,,,,,,,
415.6570830345154,0.0,255.0,200.59,153.0,,,,,,,
415.75153064727783,0.0,255.0,200.63,152.0,,,,,,,
415.859810590744,0.0,255.0,200.67,151.0,,,,,,,
416.12362909317017,0.0,255.0,200.74,148.0,,,,,,,
416.21757912635803,0.0,255.0,200.75,147.0,,,,,,,
416.3278284072876,0.0,255.0,200.76,147.0,,,,,,,
416.42272663116455,0.0,255.0,200.77,146.0,,,,,,,
416.6239318847656,0.0,255.0,200.7,147.0,,,,,,,
416.7467656135559,0.0,255.0,200.72,147.0,,,,,,,
416.8559682369232,0.0,255.0,200.74,146.0,,,,,,,
417.04266262054443,0.0,255.0,200.76,145.0,,,,,,,
417.2292318344116,0.0,255.0,200.78,144.0,,,,,,,
417.42955708503723,0.0,255.0,200.79,143.0,,,,,,,
417.631609916687,0.0,255.0,200.79,142.0,,,,,,,
417.73989367485046,0.0,255.0,200.8,141.0,,,,,,,
417.83075046539307,0.0,255.0,200.8,141.0,,,,,,,
417.95560479164124,0.0,255.0,200.8,141.0,,,,,,,
418.1567964553833,0.0,255.0,200.8,140.0,,,,,,,
418.34416675567627,0.0,255.0,200.8,139.0,,,,,,,
418.5465111732483,0.0,255.0,200.8,139.0,,,,,,,
418.73214530944824,0.0,255.0,200.8,138.0,,,,,,,
418.8423855304718,0.0,255.0,200.8,138.0,,,,,,,
418.9351296424866,0.0,255.0,200.8,137.0,,,,,,,
419.15204548835754,0.0,255.0,200.81,137.0,,,,,,,
419.261581659317,0.0,255.0,200.81,136.0,,,,,,,
419.37185287475586,0.0,255.0,200.81,136.0,,,,,,,
419.54262113571167,0.0,255.0,200.81,135.0,,,,,,,
419.7454869747162,0.0,255.0,200.81,135.0,,,,,,,
419.94792199134827,0.0,255.0,200.81,134.0,,,,,,,
420.1486232280731,0.0,255.0,200.81,134.0,,,,,,,
420.2434766292572,0.0,255.0,200.81,133.0,,,,,,,
420.35363030433655,0.0,255.0,200.81,133.0,,,,,,,
420.55361247062683,0.0,255.0,200.81,132.0,,,,,,,
420.6788640022278,0.0,255.0,200.81,132.0,,,,,,,
420.7896318435669,0.0,255.0,200.81,132.0,,,,,,,
420.9459111690521,0.0,255.0,200.81,131.0,,,,,,,
421.1493167877197,0.0,255.0,200.81,130.0,,,,,,,
421.25678277015686,0.0,255.0,200.81,130.0,,,,,,,
421.3651587963104,0.0,255.0,200.81,130.0,,,,,,,
421.45917797088623,0.0,255.0,200.81,129.0,,,,,,,
421.6640930175781,0.0,255.0,200.81,129.0,,,,,,,
421.7717933654785,0.0,255.0,200.81,128.0,,,,,,,
421.88073682785034,0.0,255.0,200.81,128.0,,,,,,,
422.06602239608765,0.0,255.0,200.81,127.0,,,,,,,
422.2544152736664,0.0,255.0,200.81,127.0,,,,,,,
422.3622441291809,0.0,255.0,200.81,126.0,,,,,,,
422.4545621871948,0.0,255.0,200.81,126.0,,,,,,,
422.6574902534485,0.0,255.0,200.81,125.0,,,,,,,
422.76474618911743,0.0,255.0,200.81,125.0,,,,,,,
422.8723564147949,0.0,255.0,200.81,125.0,,,,,,,
423.058935880661,0.0,255.0,200.81,124.0,,,,,,,
423.1852219104767,0.0,255.0,200.81,124.0,,,,,,,
423.2942008972168,0.0,255.0,200.81,124.0,,,,,,,
423.4643564224243,0.0,255.0,200.81,123.0,,,,,,,
423.6627893447876,0.0,255.0,200.81,122.0,,,,,,,
423.77207469940186,0.0,255.0,200.81,122.0,,,,,,,
423.8801875114441,0.0,255.0,200.81,122.0,,,,,,,
424.06538820266724,0.0,255.0,200.81,121.0,,,,,,,
424.17296075820923,0.0,255.0,200.71,127.0,,,,,,,
424.4666521549225,0.0,255.0,200.76,121.0,,,,,,,
424.9751844406128,0.0,255.0,200.69,125.0,,,,,,,
425.17796421051025,0.0,255.0,200.56,128.0,,,,,,,
425.28586649894714,0.0,255.0,200.51,129.0,,,,,,,
425.37933111190796,0.0,255.0,200.47,130.0,,,,,,,
425.47396445274353,0.0,255.0,200.54,125.0,,,,,,,
425.6142477989197,0.0,255.0,200.49,129.0,,,,,,,
425.70687890052795,0.0,255.0,200.46,130.0,,,,,,,
425.89198565483093,0.0,255.0,200.41,131.0,,,,,,,
425.98492336273193,0.0,255.0,200.39,131.0,,,,,,,
426.18358182907104,0.0,255.0,200.36,132.0,,,,,,,
426.2775480747223,0.0,255.0,200.36,132.0,,,,,,,
426.38657999038696,0.0,255.0,200.35,132.0,,,,,,,
426.4798183441162,0.0,255.0,200.34,132.0,,,,,,,
426.6185610294342,0.0,255.0,200.34,132.0,,,,,,,
426.69485569000244,0.0,255.0,200.33,132.0,,,,,,,
426.8047308921814,0.0,255.0,200.33,132.0,,,,,,,
426.9151782989502,0.0,255.0,200.33,132.0,,,,,,,
427.08550786972046,0.0,255.0,200.32,132.0,,,,,,,
427.1950697898865,0.0,255.0,200.32,132.0,,,,,,,
427.28808999061584,0.0,255.0,200.32,131.0,,,,,,,
427.3954887390137,0.0,255.0,200.32,131.0,,,,,,,
427.5956709384918,0.0,255.0,200.32,131.0,,,,,,,
427.6894459724426,0.0,255.0,200.32,131.0,,,,,,,
427.79705476760864,0.0,255.0,200.32,131.0,,,,,,,
427.90575981140137,0.0,255.0,200.32,131.0,,,,,,,
428.0933904647827,0.0,255.0,200.32,131.0,,,,,,,
428.2022831439972,0.0,255.0,200.32,130.0,,,,,,,
428.29551672935486,0.0,255.0,200.32,130.0,,,,,,,
428.4040448665619,0.0,255.0,200.32,130.0,,,,,,,
428.4968490600586,0.0,255.0,200.32,130.0,,,,,,,
428.701251745224,0.0,255.0,200.22,136.0,,,,,,,
428.7957327365875,0.0,255.0,200.14,138.0,,,,,,,
428.90369296073914,0.0,255.0,200.18,134.0,,,,,,,
429.10746669769287,0.0,255.0,200.06,140.0,,,,,,,
429.20074343681335,0.0,255.0,200.01,142.0,,,,,,,
429.30932331085205,0.0,255.0,199.98,143.0,,,,,,,
429.4032049179077,0.0,255.0,199.95,143.0,,,,,,,
429.4971525669098,0.0,255.0,199.93,144.0,,,,,,,
429.6983301639557,0.0,255.0,199.89,145.0,,,,,,,
429.8069689273834,0.0,255.0,199.88,145.0,,,,,,,
429.9144449234009,0.0,255.0,199.87,146.0,,,,,,,
430.11350655555725,0.0,255.0,199.86,146.0,,,,,,,
430.2070758342743,0.0,255.0,199.85,146.0,,,,,,,
430.31573700904846,0.0,255.0,199.85,147.0,,,,,,,
430.4082534313202,0.0,255.0,199.85,147.0,,,,,,,
430.50147914886475,0.0,255.0,199.85,147.0,,,,,,,
430.6400957107544,0.0,255.0,199.84,147.0,,,,,,,
430.74856305122375,0.0,255.0,199.84,147.0,,,,,,,
430.8416302204132,0.0,255.0,199.84,147.0,,,,,,,
431.0434789657593,0.0,255.0,199.84,147.0,,,,,,,
431.1062183380127,0.0,255.0,199.84,147.0,,,,,,,
431.2150933742523,0.0,255.0,199.84,148.0,,,,,,,
431.3085687160492,0.0,255.0,199.84,148.0,,,,,,,
431.41582894325256,0.0,255.0,199.84,148.0,,,,,,,
431.5528361797333,0.0,255.0,199.84,148.0,,,,,,,
431.6157190799713,0.0,255.0,199.84,148.0,,,,,,,
