t_ms,pwm,rpm
100,60,4.0
200,60,9.1
300,60,12.2
400,60,14.7
500,60,15.4
600,60,15.9
700,60,15.6
800,60,15.9
900,60,16.5
1000,60,17.5
1100,60,18.2
1200,60,18.5
1300,60,19.0
1400,60,19.4
1500,90,19.0
1600,90,22.6
1700,90,27.7
1800,90,29.8
1900,90,31.2
2000,90,31.9
2100,90,31.9
2200,90,31.8
2300,90,32.9
2400,90,33.8
2500,90,34.9
2600,90,35.1
2700,90,34.4
2800,90,34.4
2900,90,33.9
3000,150,33.2
3100,150,40.1
3200,150,46.2
3300,150,48.0
3400,150,48.3
3500,150,48.2
3600,150,48.6
3700,150,48.6
3800,150,48.2
3900,150,49.0
4000,150,48.9
4100,150,47.8
4200,150,48.0
4300,150,48.3
4400,150,47.8
4500,120,48.0
4600,120,46.3
4700,120,44.5
4800,120,43.9
4900,120,43.5
5000,120,43.2
5100,120,43.9
5200,120,44.0
5300,120,42.9
5400,120,42.6
5500,120,42.3
5600,120,42.6
5700,120,43.5
5800,120,43.5
5900,120,43.1
6000,30,44.0
6100,30,37.6
6200,30,26.3
6300,30,18.0
6400,30,11.6
6500,30,6.9
6600,30,3.3
6700,30,1.3
6800,30,0.1
6900,30,0.0
7000,30,0.0
7100,30,0.0
7200,30,0.0
7300,30,0.0
7400,30,0.0
7500,90,0.0
7600,90,10.2
7700,90,23.5
7800,90,29.7
7900,90,32.1
8000,90,33.7
8100,90,33.4
8200,90,32.9
8300,90,32.9
8400,90,33.0
8500,90,33.4
8600,90,33.8
8700,90,33.5
8800,90,32.0
8900,90,32.3
9000,150,32.8
9100,150,39.2
9200,150,45.5
9300,150,47.3
9400,150,47.7
9500,150,48.6
9600,150,48.0
9700,150,48.1
9800,150,47.6
9900,150,47.4
10000,150,48.6
10100,150,48.6
10200,150,48.1
10300,150,48.9
10400,150,48.7
10500,120,48.2
10600,120,46.8
10700,120,45.0
10800,120,43.9
10900,120,43.5
11000,120,43.0
11100,120,42.5
11200,120,42.9
11300,120,42.3
11400,120,41.7
11500,120,42.7
11600,120,43.2
11700,120,42.7
11800,120,43.2
11900,120,43.4
12000,150,43.4
12100,150,45.4
12200,150,46.2
12300,150,46.3
12400,150,47.3
12500,150,48.0
12600,150,47.8
12700,150,48.2
12800,150,48.0
12900,150,48.5
13000,150,48.3
13100,150,47.8
13200,150,48.6
13300,150,48.7
13400,150,47.4
13500,30,47.4
13600,30,40.1
13700,30,27.4
13800,30,18.0
13900,30,9.8
14000,30,4.6
14100,30,0.8
14200,30,0.0
14300,30,0.0
14400,30,0.0
14500,30,0.0
14600,30,0.0
14700,30,0.0
14800,30,0.0
14900,30,0.0
15000,90,0.0
15100,90,9.8
15200,90,22.2
15300,90,27.2
15400,90,29.7
15500,90,31.5
15600,90,33.0
15700,90,33.7
15800,90,34.1
15900,90,34.8
16000,90,34.7
16100,90,35.1
16200,90,35.3
16300,90,34.7
16400,90,34.4
16500,120,34.1
16600,120,36.1
16700,120,40.6
16800,120,42.3
16900,120,42.5
17000,120,43.1
17100,120,43.4
17200,120,43.2
17300,120,43.6
17400,120,43.6
17500,120,43.4
17600,120,44.0
17700,120,44.1
17800,120,43.2
17900,120,43.0
18000,90,42.5
18100,90,39.2
18200,90,36.1
18300,90,34.9
18400,90,34.4
18500,90,34.8
18600,90,35.1
18700,90,34.7
18800,90,35.1
18900,90,34.9
19000,90,34.9
19100,90,35.5
19200,90,35.1
19300,90,34.7
19400,90,33.8
19500,150,32.9
19600,150,39.5
19700,150,45.7
19800,150,46.7
19900,150,47.7
20000,150,48.1
20100,150,47.8
20200,150,48.3
20300,150,48.2
20400,150,48.0
20500,150,48.7
20600,150,48.3
20700,150,47.3
20800,150,47.3
20900,150,46.8
21000,30,46.0
21100,30,38.9
21200,30,26.5
21300,30,17.9
21400,30,12.0
21500,30,7.7
21600,30,4.5
21700,30,1.8
21800,30,0.0
21900,30,0.0
22000,30,0.0
22100,30,0.0
22200,30,0.0
22300,30,0.0
22400,30,0.0
22500,90,0.0
22600,90,10.3
22700,90,23.2
22800,90,29.6
22900,90,32.5
23000,90,33.2
23100,90,34.3
23200,90,34.9
23300,90,34.7
23400,90,34.8
23500,90,34.4
23600,90,33.5
23700,90,33.4
23800,90,33.5
23900,90,33.9
24000,120,34.8
24100,120,37.9
24200,120,40.8
24300,120,42.7
24400,120,43.2
24500,120,43.1
24600,120,43.5
24700,120,43.6
24800,120,43.4
24900,120,43.6
25000,120,43.0
25100,120,42.0
25200,120,41.5
25300,120,41.2
25400,120,41.6
25500,150,42.5
25600,150,44.8
25700,150,47.4
25800,150,48.1
25900,150,48.0
26000,150,48.5
26100,150,48.6
26200,150,47.7
26300,150,47.6
26400,150,47.1
26500,150,47.1
26600,150,48.0
26700,150,47.8
26800,150,47.6
26900,150,48.3
27000,90,48.3
27100,90,44.4
27200,90,40.2
27300,90,38.0
27400,90,36.4
27500,90,35.6
27600,90,34.6
27700,90,33.2
27800,90,31.9
27900,90,31.5
28000,90,31.4
28100,90,32.5
28200,90,33.3
28300,90,33.3
28400,90,34.4
28500,30,35.1
28600,30,29.8
28700,30,21.4
28800,30,14.4
28900,30,9.4
29000,30,6.0
29100,30,3.2
29200,30,1.4
29300,30,0.3
29400,30,0.0
29500,30,0.0
29600,30,0.0
29700,30,0.0
29800,30,0.0
29900,30,0.0
30000,120,0.0
30100,120,16.7
30200,120,34.3
30300,120,39.9
30400,120,42.2
30500,120,42.6
30600,120,42.0
30700,120,42.1
30800,120,42.3
30900,120,42.3
31000,120,43.2
31100,120,43.1
31200,120,43.0
31300,120,43.6
31400,120,43.6
31500,150,43.2
31600,150,46.2
31700,150,48.2
31800,150,47.8
31900,150,47.7
32000,150,45.5
32100,150,45.7
32200,150,46.7
32300,150,46.9
32400,150,47.8
32500,150,48.3
32600,150,48.1
32700,150,48.6
32800,150,48.7
32900,150,48.2
33000,120,48.2
33100,120,46.0
33200,120,43.2
33300,120,43.1
33400,120,43.1
33500,120,42.7
33600,120,43.2
33700,120,43.6
33800,120,43.2
33900,120,43.5
34000,120,43.6
34100,120,43.4
34200,120,44.0
34300,120,43.7
34400,120,42.5
34500,60,41.5
34600,60,34.4
34700,60,26.3
34800,60,22.7
34900,60,20.9
35000,60,20.2
35100,60,19.5
35200,60,18.4
35300,60,18.6
35400,60,19.1
35500,60,19.5
35600,60,20.3
35700,60,20.7
35800,60,20.7
35900,60,21.0
36000,30,20.7
36100,30,16.2
36200,30,10.6
36300,30,6.5
36400,30,3.6
36500,30,1.5
36600,30,0.0
36700,30,0.0
36800,30,0.0
36900,30,0.0
37000,30,0.0
37100,30,0.0
37200,30,0.0
37300,30,0.0
37400,30,0.0
37500,90,0.0
37600,90,10.2
37700,90,23.6
37800,90,29.7
37900,90,32.1
38000,90,33.7
38100,90,33.7
38200,90,33.2
38300,90,33.2
38400,90,33.0
38500,90,33.8
38600,90,34.3
38700,90,34.2
38800,90,34.3
38900,90,34.6
39000,60,34.6
39100,60,32.3
39200,60,27.8
39300,60,24.7
39400,60,23.2
39500,60,22.2
39600,60,21.4
39700,60,21.4
39800,60,21.3
39900,60,21.0
40000,60,20.9
40100,60,20.3
40200,60,18.7
40300,60,17.6
40400,60,16.2
40500,90,14.3
40600,90,18.2
40700,90,25.0
40800,90,28.7
40900,90,31.2
41000,90,32.8
41100,90,32.9
41200,90,33.8
41300,90,34.6
41400,90,34.6
41500,90,35.1
41600,90,34.8
41700,90,35.2
41800,90,35.2
41900,90,34.9
42000,30,35.1
42100,30,28.7
42200,30,18.4
42300,30,11.2
42400,30,5.2
42500,30,0.6
42600,30,0.0
42700,30,0.0
42800,30,0.0
42900,30,0.0
43000,30,0.0
43100,30,0.0
43200,30,0.0
43300,30,0.0
43400,30,0.0
43500,120,0.0
43600,120,15.8
43700,120,32.0
43800,120,38.6
43900,120,41.3
44000,120,42.0
44100,120,42.5
44200,120,43.0
44300,120,42.7
44400,120,43.2
44500,120,43.1
44600,120,43.0
44700,120,43.5
44800,120,43.1
44900,120,42.6
45000,150,40.9
45100,150,41.5
45200,150,45.2
45300,150,46.6
45400,150,46.6
45500,150,47.6
45600,150,48.3
45700,150,48.2
45800,150,48.5
45900,150,48.6
46000,150,48.2
46100,150,48.6
46200,150,48.1
46300,150,47.3
46400,150,47.8
46500,60,48.5
46600,60,42.7
46700,60,34.7
46800,60,29.6
46900,60,26.4
47000,60,24.6
47100,60,23.2
47200,60,22.1
47300,60,21.7
47400,60,21.3
47500,60,20.9
47600,60,21.3
47700,60,21.3
47800,60,21.3
47900,60,21.3
48000,90,20.8
48100,90,23.9
48200,90,27.4
48300,90,28.6
48400,90,29.6
48500,90,30.7
48600,90,31.6
48700,90,33.0
48800,90,33.7
48900,90,33.4
49000,90,34.8
49100,90,35.3
49200,90,35.1
49300,90,35.3
49400,90,35.3
49500,120,34.9
49600,120,38.4
49700,120,41.6
49800,120,41.7
49900,120,42.1
50000,120,41.7
50100,120,41.7
50200,120,42.7
50300,120,43.1
50400,120,42.6
50500,120,43.5
50600,120,43.7
50700,120,43.1
50800,120,43.5
50900,120,43.9
51000,60,43.6
51100,60,38.8
51200,60,29.2
51300,60,22.3
51400,60,17.6
51500,60,13.6
51600,60,12.2
51700,60,12.4
51800,60,12.8
51900,60,13.4
52000,60,14.2
52100,60,14.8
52200,60,15.6
52300,60,16.5
52400,60,17.1
52500,30,17.5
52600,30,13.4
52700,30,7.9
52800,30,4.5
52900,30,2.2
53000,30,0.3
53100,30,0.0
53200,30,0.0
53300,30,0.0
53400,30,0.0
53500,30,0.0
53600,30,0.0
53700,30,0.0
53800,30,0.0
53900,30,0.0
54000,120,0.0
54100,120,16.8
54200,120,34.3
54300,120,40.4
54400,120,42.1
54500,120,43.2
54600,120,43.4
54700,120,43.4
54800,120,43.9
54900,120,43.5
55000,120,42.5
55100,120,42.6
55200,120,42.9
55300,120,42.9
55400,120,43.6
55500,60,43.5
55600,60,38.9
55700,60,32.7
55800,60,28.3
55900,60,25.4
56000,60,23.9
56100,60,22.7
56200,60,21.9
56300,60,21.7
56400,60,21.8
56500,60,21.4
56600,60,20.9
56700,60,19.1
56800,60,16.3
56900,60,15.2
57000,150,14.5
57100,150,28.4
57200,150,41.6
57300,150,45.8
57400,150,46.7
57500,150,47.8
57600,150,48.0
57700,150,48.9
57800,150,48.7
57900,150,48.1
58000,150,48.7
58100,150,48.9
58200,150,47.8
58300,150,47.6
58400,150,47.4
58500,90,47.6
58600,90,45.0
58700,90,40.1
58800,90,37.5
58900,90,37.0
59000,90,36.5
59100,90,35.6
59200,90,35.8
59300,90,35.8
59400,90,35.7
59500,90,36.1
59600,90,34.7
59700,90,31.4
59800,90,30.1
59900,90,29.5
60000,60,29.5
60100,60,26.9
60200,60,22.7
60300,60,20.2
60400,60,19.9
60500,60,19.5
60600,60,19.5
60700,60,20.3
60800,60,20.5
60900,60,20.9
61000,60,21.2
61100,60,20.8
61200,60,20.8
61300,60,20.7
61400,60,20.3
61500,120,20.3
61600,120,29.1
61700,120,38.1
61800,120,42.1
61900,120,43.1
62000,120,42.5
62100,120,42.7
62200,120,42.6
62300,120,42.9
62400,120,43.6
62500,120,43.6
62600,120,43.5
62700,120,44.1
62800,120,44.3
62900,120,43.6
63000,150,44.3
63100,150,45.9
63200,150,46.9
63300,150,46.0
63400,150,45.8
63500,150,45.8
63600,150,46.3
63700,150,47.7
63800,150,47.7
63900,150,48.9
64000,150,48.3
64100,150,48.6
64200,150,48.6
64300,150,48.5
64400,150,48.9
64500,120,48.1
64600,120,44.8
64700,120,43.4
64800,120,43.4
64900,120,43.2
65000,120,43.5
65100,120,43.7
65200,120,43.7
65300,120,44.0
65400,120,43.9
65500,120,43.6
65600,120,44.3
65700,120,43.4
65800,120,39.9
65900,120,39.5
66000,30,39.4
66100,30,32.1
66200,30,20.7
66300,30,12.4
66400,30,6.5
66500,30,3.4
66600,30,1.5
66700,30,0.3
66800,30,0.0
66900,30,0.0
67000,30,0.0
67100,30,0.0
67200,30,0.0
67300,30,0.0
67400,30,0.0
67500,150,0.0
67600,150,22.8
67700,150,42.3
67800,150,46.9
67900,150,48.5
68000,150,48.9
68100,150,48.0
68200,150,48.6
68300,150,49.0
68400,150,48.3
68500,150,48.2
68600,150,48.0
68700,150,47.7
68800,150,48.7
68900,150,48.9
69000,60,48.5
69100,60,44.0
69200,60,36.0
69300,60,30.2
69400,60,26.7
69500,60,24.5
69600,60,23.0
69700,60,22.4
69800,60,21.7
69900,60,20.4
70000,60,19.0
70100,60,17.0
70200,60,15.3
70300,60,15.1
70400,60,14.5
70500,30,14.4
70600,30,9.6
70700,30,1.7
70800,30,0.0
70900,30,0.0
71000,30,0.0
71100,30,0.0
71200,30,0.0
71300,30,0.0
71400,30,0.0
71500,30,0.0
71600,30,0.0
71700,30,0.0
71800,30,0.0
71900,30,0.0
72000,120,0.0
72100,120,15.3
72200,120,31.6
72300,120,38.1
72400,120,41.1
72500,120,42.0
72600,120,43.2
72700,120,43.7
72800,120,43.4
72900,120,43.6
73000,120,43.6
73100,120,43.4
73200,120,44.1
73300,120,43.4
73400,120,42.2
73500,90,42.3
73600,90,39.9
73700,90,37.8
73800,90,36.6
73900,90,35.5
74000,90,35.6
74100,90,35.8
74200,90,35.6
74300,90,35.7
74400,90,35.6
74500,90,35.2
74600,90,35.5
74700,90,34.9
74800,90,33.0
74900,90,30.6
75000,60,30.0
75100,60,25.8
75200,60,19.6
75300,60,16.3
75400,60,15.1
75500,60,15.1
75600,60,15.6
75700,60,17.0
75800,60,18.6
75900,60,19.8
76000,60,19.8
76100,60,20.2
76200,60,20.3
76300,60,20.5
76400,60,20.8
76500,150,21.2
76600,150,33.0
76700,150,44.6
76800,150,46.8
76900,150,48.3
77000,150,49.0
77100,150,48.1
77200,150,48.1
77300,150,48.0
77400,150,48.0
77500,150,49.0
77600,150,48.9
77700,150,48.6
77800,150,49.2
77900,150,49.1
78000,60,48.6
78100,60,43.4
78200,60,34.7
78300,60,28.2
78400,60,23.5
78500,60,20.0
78600,60,17.9
78700,60,16.5
78800,60,14.9
78900,60,13.8
79000,60,14.3
79100,60,15.1
79200,60,15.6
79300,60,17.0
79400,60,17.7
79500,120,18.7
79600,120,28.4
79700,120,38.3
79800,120,41.6
79900,120,43.4
80000,120,43.2
80100,120,43.6
80200,120,43.6
80300,120,43.6
80400,120,44.0
80500,120,43.1
80600,120,42.1
80700,120,42.5
80800,120,43.1
80900,120,43.1
81000,90,43.7
81100,90,41.6
81200,90,38.6
81300,90,37.6
81400,90,36.7
81500,90,35.8
81600,90,35.8
81700,90,35.1
81800,90,33.8
81900,90,32.5
82000,90,30.6
82100,90,29.7
82200,90,29.5
82300,90,29.3
82400,90,30.7
82500,120,33.4
82600,120,37.6
82700,120,41.3
82800,120,43.1
82900,120,44.0
83000,120,43.7
83100,120,43.9
83200,120,43.4
83300,120,44.1
83400,120,44.3
83500,120,43.4
83600,120,43.5
83700,120,43.0
83800,120,43.0
83900,120,43.7
84000,60,44.3
84100,60,38.9
84200,60,33.0
84300,60,29.0
84400,60,25.9
84500,60,24.2
84600,60,22.8
84700,60,21.7
84800,60,21.0
84900,60,20.3
85000,60,19.6
85100,60,19.6
85200,60,19.5
85300,60,19.1
85400,60,18.5
85500,30,16.8
85600,30,12.0
85700,30,4.7
85800,30,0.3
85900,30,0.0
86000,30,0.0
86100,30,0.0
86200,30,0.0
86300,30,0.0
86400,30,0.0
86500,30,0.0
86600,30,0.0
86700,30,0.0
86800,30,0.0
86900,30,0.0
87000,120,0.0
87100,120,15.3
87200,120,31.5
87300,120,36.9
87400,120,40.4
87500,120,42.3
87600,120,42.7
87700,120,43.5
87800,120,44.0
87900,120,43.5
88000,120,43.7
88100,120,43.7
88200,120,43.5
88300,120,44.1
88400,120,43.5
88500,30,42.5
88600,30,35.7
88700,30,24.4
88800,30,16.1
88900,30,10.3
89000,30,6.1
89100,30,2.9
89200,30,0.6
89300,30,0.0
89400,30,0.0
89500,30,0.0
89600,30,0.0
89700,30,0.0
89800,30,0.0
89900,30,0.0
90000,150,0.0
90100,150,22.3
90200,150,41.7
90300,150,46.2
90400,150,48.0
90500,150,48.2
90600,150,48.9
90700,150,48.5
90800,150,47.3
90900,150,47.3
91000,150,46.6
91100,150,45.4
91200,150,46.2
91300,150,47.6
91400,150,48.1
91500,120,48.9
91600,120,47.3
91700,120,45.2
91800,120,45.4
91900,120,44.5
92000,120,44.0
92100,120,44.5
92200,120,44.4
92300,120,43.4
92400,120,43.5
92500,120,43.4
92600,120,43.4
92700,120,44.3
92800,120,43.7
92900,120,44.4
93000,60,44.8
93100,60,39.9
93200,60,33.4
93300,60,28.3
93400,60,24.4
93500,60,22.3
93600,60,21.3
93700,60,20.8
93800,60,20.7
93900,60,19.5
94000,60,17.2
94100,60,16.2
94200,60,15.6
94300,60,14.7
94400,60,14.0
94500,30,13.5
94600,30,10.2
94700,30,4.5
94800,30,1.0
94900,30,0.0
95000,30,0.0
95100,30,0.0
95200,30,0.0
95300,30,0.0
95400,30,0.0
95500,30,0.0
95600,30,0.0
95700,30,0.0
95800,30,0.0
95900,30,0.0
96000,150,0.0
96100,150,21.9
96200,150,41.8
96300,150,45.8
96400,150,47.8
96500,150,48.5
96600,150,48.3
96700,150,48.6
96800,150,48.6
96900,150,48.3
97000,150,48.9
97100,150,48.3
97200,150,47.3
97300,150,47.7
97400,150,48.3
97500,30,48.3
97600,30,42.1
97700,30,30.6
97800,30,21.9
97900,30,15.7
98000,30,10.5
98100,30,6.6
98200,30,4.0
98300,30,2.0
98400,30,0.4
98500,30,0.0
98600,30,0.0
98700,30,0.0
98800,30,0.0
98900,30,0.0
99000,150,0.0
99100,150,22.4
99200,150,41.7
99300,150,45.9
99400,150,45.8
99500,150,45.7
99600,150,45.4
99700,150,46.2
99800,150,46.2
99900,150,47.8
100000,150,48.5
100100,150,48.2
100200,150,48.9
100300,150,49.1
100400,150,48.7
100500,60,48.9
100600,60,43.7
100700,60,35.7
100800,60,30.6
100900,60,26.9
101000,60,23.6
101100,60,21.9
101200,60,20.7
101300,60,19.5
101400,60,19.3
101500,60,19.5
101600,60,19.6
101700,60,20.2
101800,60,20.5
101900,60,20.7
102000,90,20.8
102100,90,24.9
102200,90,30.2
102300,90,33.4
102400,90,34.7
102500,90,35.3
102600,90,34.9
102700,90,33.9
102800,90,34.3
102900,90,34.8
103000,90,34.6
103100,90,32.9
103200,90,31.9
103300,90,31.4
103400,90,32.3
103500,30,33.7
103600,30,28.7
103700,30,20.4
103800,30,13.5
103900,30,8.0
104000,30,4.1
104100,30,1.3
104200,30,0.0
104300,30,0.0
104400,30,0.0
104500,30,0.0
104600,30,0.0
104700,30,0.0
104800,30,0.0
104900,30,0.0
105000,150,0.0
105100,150,22.3
105200,150,42.1
105300,150,47.3
105400,150,47.8
105500,150,48.6
105600,150,48.2
105700,150,49.0
105800,150,48.6
105900,150,47.6
106000,150,47.6
106100,150,48.1
106200,150,48.2
106300,150,48.9
106400,150,49.0
106500,60,48.7
106600,60,44.1
106700,60,35.2
106800,60,27.9
106900,60,23.0
107000,60,20.2
107100,60,19.0
107200,60,19.4
107300,60,19.1
107400,60,17.5
107500,60,15.3
107600,60,13.8
107700,60,13.5
107800,60,14.9
107900,60,16.2
108000,120,16.7
108100,120,26.7
108200,120,37.6
108300,120,41.2
108400,120,43.2
108500,120,43.6
108600,120,43.6
108700,120,44.5
108800,120,44.0
108900,120,44.4
109000,120,44.4
109100,120,43.9
109200,120,44.3
109300,120,43.9
109400,120,43.0
109500,30,43.5
109600,30,37.6
109700,30,27.0
109800,30,19.5
109900,30,13.3
110000,30,8.2
110100,30,4.7
110200,30,1.9
110300,30,0.0
110400,30,0.0
110500,30,0.0
110600,30,0.0
110700,30,0.0
110800,30,0.0
110900,30,0.0
111000,90,0.0
111100,90,10.7
111200,90,23.7
111300,90,30.1
111400,90,33.3
111500,90,34.1
111600,90,34.4
111700,90,34.1
111800,90,33.7
111900,90,34.7
112000,90,34.7
112100,90,34.1
112200,90,32.7
112300,90,32.1
112400,90,32.3
112500,60,33.3
112600,60,30.7
112700,60,27.2
112800,60,24.7
112900,60,22.4
113000,60,21.6
113100,60,21.3
113200,60,20.9
113300,60,21.2
113400,60,21.3
113500,60,20.9
113600,60,21.2
113700,60,20.9
113800,60,20.4
113900,60,20.5
114000,90,20.5
114100,90,24.5
114200,90,30.5
114300,90,32.8
114400,90,32.9
114500,90,33.4
114600,90,33.2
114700,90,33.0
114800,90,34.1
114900,90,34.6
115000,90,34.6
115100,90,34.9
115200,90,34.9
115300,90,35.8
115400,90,36.0
115500,120,35.2
115600,120,37.1
115700,120,39.4
115800,120,40.7
115900,120,42.2
116000,120,41.8
116100,120,41.8
116200,120,42.5
116300,120,42.9
116400,120,42.9
116500,120,43.7
116600,120,43.7
116700,120,43.7
116800,120,44.4
116900,120,44.5
117000,150,43.6
117100,150,46.6
117200,150,48.6
117300,150,48.2
117400,150,48.3
117500,150,48.1
117600,150,48.1
117700,150,48.9
117800,150,49.0
117900,150,48.6
118000,150,49.2
118100,150,48.7
118200,150,47.8
118300,150,48.5
118400,150,48.2
118500,60,48.0
118600,60,41.6
118700,60,32.0
118800,60,27.2
118900,60,24.5
119000,60,22.7
119100,60,22.1
119200,60,21.7
119300,60,20.7
119400,60,20.4
119500,60,20.7
119600,60,20.8
119700,60,21.3
119800,60,21.4
119900,60,21.3
120000,90,21.3
120100,90,25.3
120200,90,30.4
120300,90,33.0
120400,90,34.4
120500,90,34.9
120600,90,35.2
120700,90,34.4
120800,90,33.7
120900,90,33.4
121000,90,33.9
121100,90,34.3
121200,90,35.1
121300,90,35.3
121400,90,35.1
121500,60,36.0
121600,60,32.9
121700,60,28.4
121800,60,24.5
121900,60,20.8
122000,60,18.0
122100,60,16.3
122200,60,15.8
122300,60,16.3
122400,60,17.0
122500,60,17.6
122600,60,18.2
122700,60,18.7
122800,60,18.9
122900,60,19.3
123000,120,19.0
123100,120,27.6
123200,120,37.4
123300,120,40.8
123400,120,42.3
123500,120,43.6
123600,120,43.9
123700,120,43.7
123800,120,44.5
123900,120,44.6
124000,120,44.1
124100,120,44.5
124200,120,44.5
124300,120,44.1
124400,120,44.0
124500,90,43.7
124600,90,40.6
124700,90,38.3
124800,90,36.9
124900,90,36.9
125000,90,36.4
125100,90,36.0
125200,90,36.1
125300,90,35.6
125400,90,34.7
125500,90,34.9
125600,90,34.8
125700,90,34.8
125800,90,35.2
125900,90,34.3
126000,120,33.4
126100,120,36.6
126200,120,40.4
126300,120,42.1
126400,120,43.2
126500,120,43.5
126600,120,43.2
126700,120,44.1
126800,120,44.4
126900,120,43.7
127000,120,44.3
127100,120,44.3
127200,120,43.9
127300,120,43.6
127400,120,43.1
127500,90,42.3
127600,90,40.8
127700,90,38.3
127800,90,36.7
127900,90,36.4
128000,90,36.1
128100,90,36.2
128200,90,35.2
128300,90,33.4
128400,90,32.8
128500,90,32.8
128600,90,33.2
128700,90,34.4
128800,90,35.5
128900,90,34.9
129000,150,34.9
129100,150,40.4
129200,150,45.9
129300,150,48.1
129400,150,48.7
129500,150,48.3
129600,150,49.2
129700,150,49.4
129800,150,48.6
129900,150,49.1
130000,150,49.5
130100,150,48.7
130200,150,48.6
130300,150,48.3
130400,150,48.1
130500,60,49.1
130600,60,44.0
130700,60,35.5
130800,60,30.4
130900,60,26.8
131000,60,23.9
131100,60,22.6
131200,60,21.4
131300,60,20.9
131400,60,20.0
131500,60,19.6
131600,60,19.6
131700,60,19.9
131800,60,20.0
131900,60,20.3
132000,30,20.0
132100,30,15.2
132200,30,8.7
132300,30,4.0
132400,30,0.6
132500,30,0.0
132600,30,0.0
132700,30,0.0
132800,30,0.0
132900,30,0.0
133000,30,0.0
133100,30,0.0
133200,30,0.0
133300,30,0.0
133400,30,0.0
133500,120,0.0
133600,120,15.8
133700,120,33.0
133800,120,38.8
133900,120,41.1
134000,120,42.7
134100,120,43.4
134200,120,43.2
134300,120,44.1
134400,120,43.9
134500,120,44.3
134600,120,44.1
134700,120,43.9
134800,120,44.3
134900,120,43.7
135000,90,42.7
135100,90,40.1
135200,90,37.1
135300,90,35.8
135400,90,35.8
135500,90,35.7
135600,90,35.3
135700,90,35.6
135800,90,34.8
135900,90,33.4
136000,90,33.2
136100,90,33.0
136200,90,32.9
136300,90,34.3
136400,90,35.2
136500,150,35.2
136600,150,41.2
136700,150,45.9
136800,150,46.7
136900,150,48.2
137000,150,48.6
137100,150,48.2
137200,150,49.0
137300,150,49.2
137400,150,48.6
137500,150,49.2
137600,150,48.9
137700,150,49.4
137800,150,48.9
137900,150,48.1
138000,120,48.5
138100,120,47.2
138200,120,45.0
138300,120,44.8
138400,120,44.1
138500,120,43.5
138600,120,43.7
138700,120,43.6
138800,120,43.2
138900,120,43.9
139000,120,43.7
139100,120,42.7
139200,120,42.7
139300,120,43.0
139400,120,43.0
139500,90,43.9
139600,90,41.5
139700,90,38.5
139800,90,37.8
139900,90,36.9
140000,90,36.0
140100,90,36.1
140200,90,36.0
140300,90,35.8
140400,90,36.1
140500,90,35.6
140600,90,34.4
140700,90,34.1
140800,90,33.5
140900,90,34.7
141000,30,35.1
141100,30,30.1
141200,30,21.3
141300,30,13.9
141400,30,8.2
141500,30,4.3
141600,30,1.7
141700,30,0.0
141800,30,0.0
141900,30,0.0
142000,30,0.0
142100,30,0.0
142200,30,0.0
142300,30,0.0
142400,30,0.0
142500,90,0.0
142600,90,9.8
142700,90,23.0
142800,90,28.6
142900,90,30.4
143000,90,31.8
143100,90,32.3
143200,90,32.5
143300,90,34.1
143400,90,35.2
143500,90,35.2
143600,90,35.5
143700,90,34.8
143800,90,34.1
143900,90,34.1
144000,150,34.4
144100,150,41.3
144200,150,46.3
144300,150,47.6
144400,150,49.0
144500,150,49.2
144600,150,48.6
144700,150,49.1
144800,150,49.2
144900,150,48.9
145000,150,48.9
145100,150,48.5
145200,150,48.1
145300,150,48.9
145400,150,48.7
145500,120,48.0
145600,120,46.8
145700,120,44.9
145800,120,43.6
145900,120,43.7
146000,120,44.1
146100,120,43.7
146200,120,43.6
146300,120,43.1
146400,120,42.2
146500,120,43.2
146600,120,43.7
146700,120,43.4
146800,120,43.9
146900,120,44.1
147000,30,43.7
147100,30,37.9
147200,30,26.9
147300,30,19.0
147400,30,12.9
147500,30,8.4
147600,30,5.4
147700,30,3.3
147800,30,0.9
147900,30,0.0
148000,30,0.0
148100,30,0.0
148200,30,0.0
148300,30,0.0
148400,30,0.0
148500,120,0.0
148600,120,17.1
148700,120,34.3
148800,120,40.3
148900,120,41.8
149000,120,41.7
149100,120,42.6
149200,120,43.2
149300,120,43.2
149400,120,42.9
149500,120,42.6
149600,120,42.1
149700,120,42.6
149800,120,42.6
149900,120,42.9
150000,30,44.0
150100,30,38.0
150200,30,27.0
150300,30,18.4
150400,30,11.4
150500,30,6.1
150600,30,2.3
150700,30,0.1
150800,30,0.0
150900,30,0.0
151000,30,0.0
151100,30,0.0
151200,30,0.0
151300,30,0.0
151400,30,0.0
151500,60,0.0
151600,60,3.7
151700,60,9.2
151800,60,12.9
151900,60,14.8
152000,60,15.8
152100,60,16.6
152200,60,17.6
152300,60,18.6
152400,60,19.5
152500,60,19.8
152600,60,20.3
152700,60,20.8
152800,60,20.5
152900,60,20.7
153000,90,20.9
153100,90,25.1
153200,90,30.9
153300,90,33.5
153400,90,34.4
153500,90,35.2
153600,90,35.1
153700,90,35.8
153800,90,36.1
153900,90,35.5
154000,90,35.2
154100,90,34.8
154200,90,34.2
154300,90,35.1
154400,90,35.1
154500,30,34.6
154600,30,28.3
154700,30,18.7
154800,30,12.0
154900,30,7.5
155000,30,4.5
155100,30,1.8
155200,30,0.1
155300,30,0.0
155400,30,0.0
155500,30,0.0
155600,30,0.0
155700,30,0.0
155800,30,0.0
155900,30,0.0
156000,90,0.0
156100,90,10.3
156200,90,24.1
156300,90,29.6
156400,90,32.5
156500,90,33.8
156600,90,34.1
156700,90,34.9
156800,90,35.1
156900,90,35.5
157000,90,34.9
157100,90,34.1
157200,90,33.8
157300,90,34.1
157400,90,34.2
157500,60,35.2
157600,60,32.1
157700,60,27.4
157800,60,25.1
157900,60,23.7
158000,60,22.8
158100,60,22.3
158200,60,21.6
158300,60,21.0
158400,60,21.0
158500,60,20.8
158600,60,20.4
158700,60,20.8
158800,60,20.9
158900,60,21.0
159000,30,21.2
159100,30,17.7
159200,30,11.1
159300,30,6.1
159400,30,1.5
159500,30,-0.1
159600,30,0.0
159700,30,0.0
159800,30,0.0
159900,30,0.0
160000,30,0.0
160100,30,0.0
160200,30,0.0
160300,30,0.0
160400,30,0.0
160500,90,0.0
160600,90,9.6
160700,90,22.1
160800,90,28.2
160900,90,30.4
161000,90,32.3
161100,90,33.5
161200,90,33.8
161300,90,34.2
161400,90,33.0
161500,90,32.5
161600,90,33.5
161700,90,33.9
161800,90,33.4
161900,90,34.6
162000,60,35.3
162100,60,32.4
162200,60,28.6
162300,60,25.8
162400,60,23.7
162500,60,22.6
162600,60,21.2
162700,60,20.0
162800,60,19.6
162900,60,19.0
163000,60,18.4
163100,60,18.9
163200,60,19.3
163300,60,19.9
163400,60,20.3
163500,30,20.5
163600,30,17.3
163700,30,11.4
163800,30,6.8
163900,30,3.8
164000,30,1.4
164100,30,0.0
164200,30,0.0
164300,30,0.0
164400,30,0.0
164500,30,0.0
164600,30,0.0
164700,30,0.0
164800,30,0.0
164900,30,0.0
165000,60,0.0
165100,60,4.3
165200,60,10.8
165300,60,14.7
165400,60,17.5
165500,60,18.9
165600,60,19.9
165700,60,20.7
165800,60,20.8
165900,60,20.7
166000,60,20.5
166100,60,20.2
166200,60,20.0
166300,60,20.7
166400,60,20.7
166500,120,21.3
166600,120,30.0
166700,120,38.5
166800,120,41.7
166900,120,42.3
167000,120,42.2
167100,120,42.7
167200,120,42.7
167300,120,42.2
167400,120,43.4
167500,120,44.0
167600,120,43.5
167700,120,43.9
167800,120,44.0
167900,120,44.0
168000,90,44.3
168100,90,41.1
168200,90,37.0
168300,90,35.5
168400,90,35.3
168500,90,35.1
168600,90,35.8
168700,90,35.6
168800,90,35.2
168900,90,35.8
169000,90,36.1
169100,90,35.5
169200,90,35.8
169300,90,35.7
169400,90,35.6
169500,60,36.2
169600,60,32.8
169700,60,27.7
169800,60,24.1
169900,60,21.6
170000,60,19.9
170100,60,19.1
170200,60,19.0
170300,60,18.9
170400,60,18.5
170500,60,17.7
170600,60,17.6
170700,60,17.7
170800,60,17.2
170900,60,16.7
171000,30,17.1
171100,30,14.0
171200,30,8.7
171300,30,4.7
171400,30,1.8
171500,30,0.6
171600,30,0.0
171700,30,0.0
171800,30,0.0
171900,30,0.0
172000,30,0.0
172100,30,0.0
172200,30,0.0
172300,30,0.0
172400,30,0.0
172500,150,0.0
172600,150,22.4
172700,150,42.1
172800,150,46.0
172900,150,48.2
173000,150,48.9
173100,150,48.7
173200,150,49.0
173300,150,48.5
173400,150,47.7
173500,150,48.6
173600,150,49.1
173700,150,48.6
173800,150,49.2
173900,150,49.5
174000,30,49.0
174100,30,42.9
174200,30,31.5
174300,30,22.6
174400,30,16.3
174500,30,11.4
174600,30,7.4
174700,30,4.6
174800,30,2.7
174900,30,0.9
175000,30,0.0
175100,30,0.0
175200,30,0.0
175300,30,0.0
175400,30,0.0
175500,60,0.0
175600,60,4.1
175700,60,10.8
175800,60,14.4
175900,60,16.7
176000,60,17.3
176100,60,18.1
176200,60,18.6
176300,60,18.2
176400,60,18.2
176500,60,18.1
176600,60,17.6
176700,60,17.3
176800,60,17.2
176900,60,17.2
177000,90,18.2
177100,90,23.0
177200,90,28.8
177300,90,32.5
177400,90,34.4
177500,90,34.7
177600,90,35.5
177700,90,35.6
177800,90,35.5
177900,90,36.1
178000,90,36.4
178100,90,35.3
178200,90,34.9
178300,90,34.4
178400,90,33.7
178500,120,34.6
178600,120,38.1
178700,120,41.7
178800,120,43.2
178900,120,44.0
179000,120,44.0
179100,120,44.4
179200,120,43.7
179300,120,44.5
179400,120,44.8
179500,120,44.1
179600,120,43.7
179700,120,43.1
179800,120,42.2
179900,120,42.2
180000,30,42.2
180100,30,35.6
180200,30,24.6
180300,30,16.8
180400,30,11.1
180500,30,7.3
180600,30,4.2
180700,30,1.8
180800,30,0.3
180900,30,0.0
181000,30,0.0
181100,30,0.0
181200,30,0.0
181300,30,0.0
181400,30,0.0
181500,150,0.0
181600,150,22.3
181700,150,42.3
181800,150,47.7
181900,150,48.2
182000,150,49.1
182100,150,49.2
182200,150,48.3
182300,150,48.5
182400,150,47.8
182500,150,49.0
182600,150,49.2
182700,150,48.7
182800,150,49.5
182900,150,49.5
183000,120,49.0
183100,120,47.4
183200,120,45.8
183300,120,44.6
183400,120,44.6
183500,120,43.9
183600,120,42.5
183700,120,42.2
183800,120,42.7
183900,120,43.1
184000,120,43.7
184100,120,44.1
184200,120,43.9
184300,120,44.4
184400,120,44.4
184500,150,44.3
184600,150,46.6
184700,150,47.7
184800,150,47.3
184900,150,48.0
185000,150,48.7
185100,150,48.3
185200,150,48.9
185300,150,49.2
185400,150,48.9
185500,150,49.2
185600,150,48.7
185700,150,49.4
185800,150,49.4
185900,150,48.1
186000,30,48.0
186100,30,39.5
186200,30,25.9
186300,30,16.3
186400,30,8.8
186500,30,3.7
186600,30,0.6
186700,30,0.0
186800,30,0.0
186900,30,0.0
187000,30,0.0
187100,30,0.0
187200,30,0.0
187300,30,0.0
187400,30,0.0
187500,60,0.0
187600,60,3.8
187700,60,9.8
187800,60,14.0
187900,60,16.3
188000,60,16.8
188100,60,17.9
188200,60,18.7
188300,60,19.3
188400,60,20.3
188500,60,20.7
188600,60,20.8
188700,60,21.4
188800,60,21.3
188900,60,21.4
189000,120,21.6
189100,120,29.7
189200,120,39.4
189300,120,42.5
189400,120,43.0
189500,120,43.2
189600,120,43.0
189700,120,42.9
189800,120,44.0
189900,120,44.3
190000,120,43.7
190100,120,44.4
190200,120,44.8
190300,120,44.4
190400,120,44.6
190500,60,44.9
190600,60,40.3
190700,60,33.9
190800,60,29.0
190900,60,25.1
191000,60,22.3
191100,60,19.0
191200,60,16.8
191300,60,16.5
191400,60,16.5
191500,60,17.1
191600,60,18.0
191700,60,18.9
191800,60,19.5
191900,60,19.4
192000,120,19.3
192100,120,28.6
192200,120,39.0
192300,120,42.1
192400,120,43.7
192500,120,44.1
192600,120,43.9
192700,120,44.6
192800,120,44.1
192900,120,43.0
193000,120,42.9
193100,120,43.1
193200,120,43.2
193300,120,44.0
193400,120,44.0
193500,30,43.9
193600,30,38.3
193700,30,27.7
193800,30,19.3
193900,30,13.4
194000,30,8.7
194100,30,5.1
194200,30,2.6
194300,30,0.4
194400,30,0.0
194500,30,0.0
194600,30,0.0
194700,30,0.0
194800,30,0.0
194900,30,0.0
195000,120,0.0
195100,120,17.0
195200,120,34.6
195300,120,41.1
195400,120,43.1
195500,120,42.6
195600,120,42.3
195700,120,40.8
195800,120,40.6
195900,120,42.0
196000,120,42.9
196100,120,42.5
196200,120,43.7
196300,120,44.5
196400,120,44.1
196500,150,44.5
196600,150,46.9
196700,150,48.3
196800,150,49.0
196900,150,48.5
197000,150,47.8
197100,150,48.6
197200,150,49.1
197300,150,48.7
197400,150,49.2
197500,150,49.5
197600,150,49.1
197700,150,49.2
197800,150,49.5
197900,150,49.1
198000,30,49.1
198100,30,40.7
198200,30,26.0
198300,30,15.9
198400,30,8.8
198500,30,3.6
198600,30,0.1
198700,30,0.0
198800,30,0.0
198900,30,0.0
199000,30,0.0
199100,30,0.0
199200,30,0.0
199300,30,0.0
199400,30,0.0
199500,150,0.0
199600,150,21.4
199700,150,41.6
199800,150,46.7
199900,150,47.4
200000,150,49.0
200100,150,49.2
200200,150,48.9
200300,150,49.4
200400,150,49.5
200500,150,48.6
200600,150,48.5
200700,150,48.0
200800,150,47.8
200900,150,48.9
201000,60,49.1
201100,60,43.5
201200,60,36.1
201300,60,31.1
201400,60,27.3
201500,60,25.4
201600,60,23.7
201700,60,23.1
201800,60,22.6
201900,60,22.3
202000,60,22.4
202100,60,22.3
202200,60,21.7
202300,60,20.8
202400,60,19.3
202500,150,17.1
202600,150,29.5
202700,150,41.5
202800,150,44.9
202900,150,46.9
203000,150,47.7
203100,150,48.0
203200,150,49.4
203300,150,49.5
203400,150,49.0
203500,150,49.6
203600,150,49.7
203700,150,48.9
203800,150,48.9
203900,150,48.6
204000,60,48.5
204100,60,44.4
204200,60,36.4
204300,60,30.6
204400,60,27.8
204500,60,26.0
204600,60,24.5
204700,60,24.0
204800,60,23.0
204900,60,22.7
205000,60,22.4
205100,60,21.9
205200,60,22.2
205300,60,22.3
205400,60,22.1
205500,150,22.4
205600,150,33.9
205700,150,43.4
205800,150,46.2
205900,150,47.1
206000,150,47.4
206100,150,48.6
206200,150,48.9
206300,150,48.9
206400,150,49.6
206500,150,49.4
206600,150,49.0
206700,150,49.7
206800,150,49.1
206900,150,48.1
207000,120,48.1
207100,120,46.6
207200,120,44.5
207300,120,44.5
207400,120,44.5
207500,120,44.3
207600,120,44.9
207700,120,44.6
207800,120,44.1
207900,120,45.0
208000,120,44.5
208100,120,43.5
208200,120,41.5
208300,120,39.8
208400,120,40.8
208500,150,42.0
208600,150,44.8
208700,150,47.7
208800,150,49.2
208900,150,49.1
209000,150,49.5
209100,150,49.5
209200,150,49.2
209300,150,49.7
209400,150,49.2
209500,150,48.2
209600,150,48.6
209700,150,49.2
209800,150,49.0
209900,150,49.5
210000,30,49.9
210100,30,43.5
210200,30,32.8
210300,30,23.3
210400,30,16.3
210500,30,11.5
210600,30,7.4
210700,30,4.7
210800,30,2.6
210900,30,1.1
211000,30,0.1
211100,30,0.0
211200,30,0.0
211300,30,0.0
211400,30,0.0
211500,150,0.0
211600,150,22.6
211700,150,42.7
211800,150,45.4
211900,150,45.8
212000,150,46.0
212100,150,45.9
212200,150,47.4
212300,150,48.3
212400,150,48.3
212500,150,49.4
212600,150,49.4
212700,150,48.7
212800,150,49.4
212900,150,49.5
213000,120,48.6
213100,120,46.2
213200,120,43.6
213300,120,43.2
213400,120,43.9
213500,120,44.1
213600,120,43.6
213700,120,44.5
213800,120,44.8
213900,120,44.1
214000,120,44.6
214100,120,44.9
214200,120,44.4
214300,120,43.2
214400,120,40.1
214500,90,40.1
214600,90,37.8
214700,90,34.8
214800,90,34.6
214900,90,34.9
215000,90,35.2
215100,90,36.1
215200,90,36.6
215300,90,36.4
215400,90,36.9
215500,90,36.7
215600,90,36.2
215700,90,36.7
215800,90,36.9
215900,90,36.0
216000,30,35.6
216100,30,29.7
216200,30,19.8
216300,30,12.9
216400,30,7.9
216500,30,4.5
216600,30,1.7
216700,30,0.0
216800,30,0.0
216900,30,0.0
217000,30,0.0
217100,30,0.0
217200,30,0.0
217300,30,0.0
217400,30,0.0
217500,90,0.0
217600,90,10.1
217700,90,23.7
217800,90,30.2
217900,90,32.9
218000,90,34.7
218100,90,35.5
218200,90,35.8
218300,90,36.5
218400,90,36.6
218500,90,36.1
218600,90,36.4
218700,90,36.6
218800,90,36.1
218900,90,34.9
219000,150,33.2
219100,150,38.5
219200,150,44.9
219300,150,47.3
219400,150,47.6
219500,150,48.6
219600,150,49.2
219700,150,48.9
219800,150,49.2
219900,150,49.1
220000,150,48.9
220100,150,49.4
220200,150,48.6
220300,150,47.6
220400,150,48.1
220500,90,48.7
220600,90,44.9
220700,90,40.6
220800,90,38.3
220900,90,37.9
221000,90,37.2
221100,90,36.5
221200,90,36.6
221300,90,36.7
221400,90,36.4
221500,90,35.8
221600,90,32.9
221700,90,30.5
221800,90,30.5
221900,90,30.0
222000,30,30.2
222100,30,25.4
222200,30,16.3
222300,30,10.1
222400,30,7.0
222500,30,4.3
222600,30,2.7
222700,30,1.5
222800,30,0.0
222900,30,0.0
223000,30,0.0
223100,30,0.0
223200,30,0.0
223300,30,0.0
223400,30,0.0
223500,60,0.0
223600,60,4.5
223700,60,11.1
223800,60,14.5
223900,60,17.1
224000,60,18.4
224100,60,19.8
224200,60,20.5
224300,60,20.8
224400,60,21.4
224500,60,21.6
224600,60,21.3
224700,60,21.6
224800,60,21.6
224900,60,21.2
225000,30,21.6
225100,30,18.2
225200,30,12.5
225300,30,8.7
225400,30,5.6
225500,30,3.4
225600,30,1.8
225700,30,0.5
225800,30,0.0
225900,30,0.0
226000,30,0.0
226100,30,0.0
226200,30,0.0
226300,30,0.0
226400,30,0.0
226500,120,0.0
226600,120,16.8
226700,120,34.3
226800,120,40.3
226900,120,42.0
227000,120,42.2
227100,120,43.6
227200,120,43.7
227300,120,44.4
227400,120,44.5
227500,120,44.4
227600,120,45.2
227700,120,44.9
227800,120,44.4
227900,120,44.8
228000,30,44.0
228100,30,35.3
228200,30,23.2
228300,30,13.4
228400,30,5.1
228500,30,0.0
228600,30,0.0
228700,30,0.0
228800,30,0.0
228900,30,0.0
229000,30,0.0
229100,30,0.0
229200,30,0.0
229300,30,0.0
229400,30,0.0
229500,150,0.0
229600,150,20.3
229700,150,40.3
229800,150,45.9
229900,150,47.4
230000,150,48.6
230100,150,49.2
230200,150,48.9
230300,150,49.2
230400,150,48.9
230500,150,49.6
230600,150,49.5
230700,150,48.1
230800,150,48.0
230900,150,48.2
231000,120,48.2
231100,120,47.2
231200,120,45.3
231300,120,44.6
231400,120,45.0
231500,120,45.0
231600,120,44.4
231700,120,44.8
231800,120,44.3
231900,120,41.8
232000,120,40.7
232100,120,40.2
232200,120,39.7
232300,120,41.3
232400,120,43.2
232500,30,43.7
232600,30,38.3
232700,30,28.2
232800,30,20.2
232900,30,14.4
233000,30,9.7
233100,30,6.1
233200,30,3.8
233300,30,1.8
233400,30,0.1
233500,30,0.0
233600,30,0.0
233700,30,0.0
233800,30,0.0
233900,30,0.0
234000,150,0.0
234100,150,22.8
234200,150,42.3
234300,150,47.4
234400,150,49.1
234500,150,48.6
234600,150,48.7
234700,150,48.3
234800,150,48.2
234900,150,49.2
235000,150,49.4
235100,150,49.0
235200,150,49.9
235300,150,49.9
235400,150,49.2
235500,90,49.6
235600,90,45.3
235700,90,39.4
235800,90,36.1
235900,90,33.9
236000,90,32.1
236100,90,32.9
236200,90,34.1
236300,90,34.7
236400,90,35.6
236500,90,36.0
236600,90,36.2
236700,90,36.6
236800,90,36.4
236900,90,36.6
237000,60,36.6
237100,60,33.5
237200,60,29.6
237300,60,26.4
237400,60,23.6
237500,60,21.6
237600,60,20.4
237700,60,19.0
237800,60,18.4
237900,60,18.2
238000,60,18.6
238100,60,19.1
238200,60,19.6
238300,60,19.8
238400,60,20.7
238500,150,20.9
238600,150,33.2
238700,150,45.5
238800,150,48.7
238900,150,48.9
239000,150,49.6
239100,150,49.2
239200,150,48.1
239300,150,47.4
239400,150,45.7
239500,150,45.7
239600,150,46.6
239700,150,48.5
239800,150,48.7
239900,150,49.4
240000,90,49.2
240100,90,46.3
240200,90,41.8
240300,90,39.2
240400,90,38.6
240500,90,38.0
240600,90,37.0
240700,90,36.5
240800,90,35.8
240900,90,34.9
241000,90,35.7
241100,90,36.1
241200,90,36.1
241300,90,36.5
241400,90,36.6
241500,150,36.7
241600,150,42.7
241700,150,47.4
241800,150,48.2
241900,150,48.7
242000,150,48.7
242100,150,47.4
242200,150,46.9
242300,150,46.3
242400,150,47.4
242500,150,48.9
242600,150,49.2
242700,150,49.0
242800,150,49.7
242900,150,49.6
243000,30,49.2
243100,30,43.6
243200,30,32.1
243300,30,22.8
243400,30,14.5
243500,30,8.3
243600,30,3.4
243700,30,0.4
243800,30,0.0
243900,30,0.0
244000,30,0.0
244100,30,0.0
244200,30,0.0
244300,30,0.0
244400,30,0.0
244500,120,0.0
244600,120,15.9
244700,120,32.9
244800,120,39.2
244900,120,42.1
245000,120,43.0
245100,120,44.0
245200,120,44.1
245300,120,44.3
245400,120,44.9
245500,120,45.2
245600,120,44.1
245700,120,43.6
245800,120,42.7
245900,120,41.6
246000,60,40.9
246100,60,34.9
246200,60,27.0
246300,60,24.9
246400,60,23.5
246500,60,23.1
246600,60,22.6
246700,60,22.2
246800,60,21.9
246900,60,21.9
247000,60,21.7
247100,60,21.9
247200,60,22.3
247300,60,22.1
247400,60,22.4
247500,90,22.3
247600,90,26.1
247700,90,31.6
247800,90,34.4
247900,90,35.3
248000,90,36.2
248100,90,36.1
248200,90,35.1
248300,90,35.1
248400,90,35.2
248500,90,35.3
248600,90,36.2
248700,90,36.4
248800,90,36.0
248900,90,36.6
249000,30,37.0
249100,30,31.6
249200,30,23.3
249300,30,16.2
249400,30,10.6
249500,30,5.9
249600,30,2.4
249700,30,0.0
249800,30,0.0
249900,30,0.0
250000,30,0.0
250100,30,0.0
250200,30,0.1
250300,30,0.1
250400,30,0.0
250500,60,0.0
250600,60,3.7
250700,60,9.9
250800,60,13.3
250900,60,15.7
251000,60,17.1
251100,60,18.1
251200,60,19.3
251300,60,19.6
251400,60,18.5
251500,60,16.8
251600,60,15.8
251700,60,15.2
251800,60,14.8
251900,60,14.2
252000,120,13.8
252100,120,24.5
252200,120,36.7
252300,120,41.1
252400,120,43.4
252500,120,43.9
252600,120,44.1
252700,120,45.0
252800,120,44.5
252900,120,45.0
253000,120,45.2
253100,120,44.5
253200,120,44.5
253300,120,43.7
253400,120,42.9
253500,150,43.6
253600,150,46.7
253700,150,48.3
253800,150,49.4
253900,150,49.7
254000,150,49.5
254100,150,49.5
254200,150,48.5
254300,150,47.4
254400,150,48.0
254500,150,46.7
254600,150,45.7
254700,150,47.7
254800,150,49.0
254900,150,48.9
255000,90,49.4
255100,90,46.3
255200,90,41.6
255300,90,39.9
255400,90,38.6
255500,90,37.8
255600,90,37.6
255700,90,37.4
255800,90,36.2
255900,90,36.0
256000,90,35.2
256100,90,35.5
256200,90,35.8
256300,90,36.0
256400,90,36.6
256500,120,36.6
256600,120,39.3
256700,120,43.2
256800,120,44.3
256900,120,43.4
257000,120,43.6
257100,120,44.1
257200,120,43.4
257300,120,42.2
257400,120,41.8
257500,120,41.7
257600,120,43.4
257700,120,44.3
257800,120,43.9
257900,120,44.5
258000,90,44.9
258100,90,42.2
258200,90,39.8
258300,90,38.3
258400,90,37.2
258500,90,37.2
258600,90,36.5
258700,90,35.1
258800,90,34.8
258900,90,34.3
259000,90,34.4
259100,90,35.5
259200,90,35.7
259300,90,36.1
259400,90,36.4
259500,30,36.5
259600,30,32.0
259700,30,23.3
259800,30,16.1
259900,30,10.6
260000,30,5.9
260100,30,2.0
260200,30,0.0
260300,30,0.0
260400,30,0.0
260500,30,0.0
260600,30,0.0
260700,30,0.0
260800,30,0.0
260900,30,0.0
261000,90,0.0
261100,90,9.6
261200,90,21.9
261300,90,26.5
261400,90,29.6
261500,90,32.3
261600,90,33.2
261700,90,32.3
261800,90,31.8
261900,90,32.7
262000,90,33.8
262100,90,35.1
262200,90,35.2
262300,90,36.1
262400,90,36.0
262500,60,36.4
262600,60,33.9
262700,60,29.5
262800,60,27.2
262900,60,25.4
263000,60,24.1
263100,60,23.6
263200,60,23.2
263300,60,22.7
263400,60,23.0
263500,60,22.8
263600,60,22.1
263700,60,21.6
263800,60,20.5
263900,60,20.0
264000,120,19.6
264100,120,28.4
264200,120,38.0
264300,120,42.5
264400,120,44.0
264500,120,43.9
264600,120,44.8
264700,120,45.0
264800,120,44.3
264900,120,44.1
265000,120,44.0
265100,120,43.9
265200,120,43.7
265300,120,42.5
265400,120,41.8
265500,90,42.9
265600,90,40.9
265700,90,39.2
265800,90,37.6
265900,90,36.7
266000,90,37.1
266100,90,37.0
266200,90,36.6
266300,90,36.9
266400,90,36.9
266500,90,36.5
266600,90,36.9
266700,90,36.2
266800,90,35.1
266900,90,34.7
267000,60,34.6
267100,60,32.0
267200,60,28.3
267300,60,25.9
267400,60,24.2
267500,60,23.2
267600,60,22.4
267700,60,22.2
267800,60,22.6
267900,60,22.7
268000,60,22.3
268100,60,22.2
268200,60,21.4
268300,60,19.4
268400,60,17.7
268500,30,16.1
268600,30,11.4
268700,30,5.0
268800,30,0.5
268900,30,0.0
269000,30,0.0
269100,30,0.0
269200,30,0.0
269300,30,0.0
269400,30,0.0
269500,30,0.0
269600,30,0.0
269700,30,0.0
269800,30,0.0
269900,30,0.0
270000,120,0.0
270100,120,16.2
270200,120,33.9
270300,120,39.7
270400,120,41.2
270500,120,42.1
270600,120,42.3
270700,120,43.4
270800,120,44.1
270900,120,44.1
271000,120,44.5
271100,120,45.0
271200,120,44.8
271300,120,45.7
271400,120,45.2
271500,30,44.6
271600,30,39.5
271700,30,29.2
271800,30,20.3
271900,30,13.4
272000,30,7.7
272100,30,3.6
272200,30,0.8
272300,30,0.0
272400,30,0.0
272500,30,0.0
272600,30,0.0
272700,30,0.0
272800,30,0.0
272900,30,0.0
273000,60,0.0
273100,60,3.1
273200,60,8.8
273300,60,12.8
273400,60,15.2
273500,60,16.2
273600,60,17.6
273700,60,18.7
273800,60,19.4
273900,60,20.2
274000,60,20.9
274100,60,21.2
274200,60,21.6
274300,60,21.4
274400,60,21.3
274500,90,21.8
274600,90,26.4
274700,90,31.2
274800,90,33.5
274900,90,33.9
275000,90,34.1
275100,90,35.1
275200,90,35.2
275300,90,35.5
275400,90,34.3
275500,90,33.4
275600,90,33.5
275700,90,34.2
275800,90,34.9
275900,90,35.7
276000,150,36.2
276100,150,41.3
276200,150,47.2
276300,150,49.1
276400,150,49.0
276500,150,49.5
276600,150,49.7
276700,150,49.2
276800,150,49.0
276900,150,48.5
277000,150,48.1
277100,150,49.1
277200,150,49.5
277300,150,49.1
277400,150,49.9
277500,60,49.7
277600,60,42.1
277700,60,32.4
277800,60,26.8
277900,60,23.7
278000,60,23.0
278100,60,22.1
278200,60,21.3
278300,60,20.9
278400,60,20.3
278500,60,19.9
278600,60,19.8
278700,60,19.4
278800,60,19.1
278900,60,19.6
279000,90,20.3
279100,90,25.1
279200,90,31.1
279300,90,33.7
279400,90,35.3
279500,90,36.1
279600,90,36.4
279700,90,37.0
279800,90,37.1
279900,90,36.6
280000,90,37.0
280100,90,37.1
280200,90,36.6
280300,90,36.5
280400,90,36.0
280500,30,35.1
280600,30,30.2
280700,30,21.6
280800,30,15.1
280900,30,10.3
281000,30,6.8
281100,30,4.1
281200,30,2.6
281300,30,0.8
281400,30,0.0
281500,30,0.0
281600,30,0.0
281700,30,0.0
281800,30,0.0
281900,30,0.0
282000,150,0.0
282100,150,22.8
282200,150,42.3
282300,150,48.0
282400,150,49.0
282500,150,48.3
282600,150,48.6
282700,150,48.7
282800,150,48.5
282900,150,48.5
283000,150,48.1
283100,150,47.4
283200,150,48.7
283300,150,49.4
283400,150,48.9
283500,30,49.6
283600,30,43.5
283700,30,32.0
283800,30,23.3
283900,30,16.2
284000,30,10.5
284100,30,6.6
284200,30,4.2
284300,30,1.9
284400,30,0.3
284500,30,0.0
284600,30,0.0
284700,30,0.0
284800,30,0.0
284900,30,0.0
285000,150,0.0
285100,150,22.7
285200,150,42.9
285300,150,47.3
285400,150,47.7
285500,150,48.1
285600,150,48.3
285700,150,48.3
285800,150,49.4
285900,150,49.4
286000,150,49.1
286100,150,49.0
286200,150,47.7
286300,150,47.1
286400,150,48.3
286500,90,49.1
286600,90,45.0
286700,90,40.2
286800,90,37.4
286900,90,36.4
287000,90,36.7
287100,90,36.9
287200,90,36.5
287300,90,36.9
287400,90,37.2
287500,90,37.0
287600,90,37.2
287700,90,37.0
287800,90,36.6
287900,90,37.1
288000,30,36.7
288100,30,31.9
288200,30,22.2
288300,30,14.4
288400,30,8.9
288500,30,4.5
288600,30,1.3
288700,30,0.0
288800,30,0.0
288900,30,0.0
289000,30,0.0
289100,30,0.0
289200,30,0.0
289300,30,0.0
289400,30,0.0
289500,120,0.0
289600,120,16.2
289700,120,33.9
289800,120,40.1
289900,120,43.1
290000,120,44.3
290100,120,44.0
290200,120,44.4
290300,120,44.3
290400,120,43.6
290500,120,43.6
290600,120,43.9
290700,120,43.9
290800,120,44.0
290900,120,43.4
291000,150,42.7
291100,150,45.7
291200,150,48.0
291300,150,49.1
291400,150,49.2
291500,150,49.2
291600,150,49.7
291700,150,49.6
291800,150,49.2
291900,150,49.7
292000,150,49.5
292100,150,48.3
292200,150,48.5
292300,150,49.0
292400,150,48.9
292500,30,49.7
292600,30,43.2
292700,30,31.4
292800,30,21.4
292900,30,13.0
293000,30,5.6
293100,30,0.5
293200,30,0.0
293300,30,0.0
293400,30,0.0
293500,30,0.0
293600,30,0.0
293700,30,0.0
293800,30,0.0
293900,30,0.0
294000,60,0.0
294100,60,2.3
294200,60,7.3
294300,60,11.4
294400,60,13.3
294500,60,14.9
294600,60,16.1
294700,60,16.3
294800,60,17.5
294900,60,18.4
295000,60,19.1
295100,60,20.5
295200,60,21.3
295300,60,21.2
295400,60,21.2
295500,120,20.5
295600,120,28.4
295700,120,38.1
295800,120,41.8
295900,120,43.1
296000,120,44.5
296100,120,44.5
296200,120,44.5
296300,120,45.5
296400,120,45.4
296500,120,44.8
296600,120,45.3
296700,120,45.7
296800,120,44.9
296900,120,44.6
297000,90,44.3
297100,90,41.5
297200,90,39.5
297300,90,38.5
297400,90,37.2
297500,90,36.9
297600,90,36.1
297700,90,36.2
297800,90,36.1
297900,90,35.3
298000,90,35.6
298100,90,35.8
298200,90,35.8
298300,90,36.1
298400,90,35.3
298500,60,34.6
298600,60,31.1
298700,60,27.0
298800,60,24.5
298900,60,23.6
299000,60,23.2
299100,60,22.4
299200,60,22.1
299300,60,21.8
299400,60,21.6
299500,60,22.1
299600,60,22.2
299700,60,21.8
299800,60,21.9
299900,60,21.7
300000,120,21.6
300100,120,30.2
300200,120,39.7
300300,120,42.6
300400,120,44.0
300500,120,43.5
300600,120,42.7
300700,120,43.4
300800,120,43.6
300900,120,44.6
301000,120,44.6
301100,120,43.7
301200,120,43.6
301300,120,43.1
301400,120,42.6
301500,150,43.4
301600,150,46.2
301700,150,48.1
301800,150,49.0
301900,150,48.7
302000,150,48.2
302100,150,49.4
302200,150,49.7
302300,150,49.2
302400,150,50.0
302500,150,50.0
302600,150,49.5
302700,150,49.9
302800,150,50.0
302900,150,49.5
303000,60,49.5
303100,60,43.7
303200,60,35.2
303300,60,30.7
303400,60,27.7
303500,60,25.5
303600,60,23.7
303700,60,21.9
303800,60,20.9
303900,60,21.0
304000,60,20.9
304100,60,21.2
304200,60,21.2
304300,60,20.8
304400,60,20.5
304500,150,19.6
304600,150,32.5
304700,150,45.3
304800,150,48.5
304900,150,48.2
305000,150,48.3
305100,150,48.5
305200,150,48.5
305300,150,49.5
305400,150,49.4
305500,150,49.1
305600,150,49.7
305700,150,49.6
305800,150,49.0
305900,150,49.6
306000,120,49.7
306100,120,46.7
306200,120,44.4
306300,120,43.7
306400,120,43.7
306500,120,44.6
306600,120,44.0
306700,120,42.9
306800,120,43.4
306900,120,43.4
307000,120,43.0
307100,120,44.1
307200,120,44.4
307300,120,45.0
307400,120,44.5
307500,90,43.6
307600,90,41.5
307700,90,38.8
307800,90,37.5
307900,90,37.6
308000,90,37.2
308100,90,36.7
308200,90,37.4
308300,90,37.4
308400,90,36.9
308500,90,37.1
308600,90,37.2
308700,90,36.9
308800,90,37.5
308900,90,37.0
309000,60,35.8
309100,60,32.8
309200,60,27.9
309300,60,25.3
309400,60,24.1
309500,60,23.0
309600,60,22.1
309700,60,21.0
309800,60,19.8
309900,60,19.3
310000,60,20.2
310100,60,20.8
310200,60,21.2
310300,60,21.3
310400,60,20.8
310500,150,20.8
310600,150,33.5
310700,150,45.2
310800,150,48.6
310900,150,49.2
311000,150,48.2
311100,150,48.3
311200,150,48.6
311300,150,48.7
311400,150,49.6
311500,150,49.5
311600,150,49.2
311700,150,49.7
311800,150,49.5
311900,150,49.1
312000,120,49.9
312100,120,47.7
312200,120,44.4
312300,120,43.7
312400,120,43.9
312500,120,43.7
312600,120,44.0
312700,120,43.0
312800,120,42.9
312900,120,43.7
313000,120,43.7
313100,120,43.9
313200,120,44.8
313300,120,45.0
313400,120,44.5
313500,60,44.5
313600,60,39.2
313700,60,32.3
313800,60,28.2
313900,60,25.6
314000,60,24.7
314100,60,24.0
314200,60,23.1
314300,60,22.4
314400,60,22.2
314500,60,21.9
314600,60,22.4
314700,60,22.6
314800,60,22.2
314900,60,22.4
315000,150,22.3
315100,150,34.3
315200,150,45.8
315300,150,48.7
315400,150,48.9
315500,150,49.1
315600,150,48.9
315700,150,48.6
315800,150,48.9
315900,150,48.6
316000,150,48.7
316100,150,49.6
316200,150,49.6
316300,150,48.9
316400,150,49.7
316500,30,50.0
316600,30,42.5
316700,30,30.7
316800,30,20.4
316900,30,12.5
317000,30,6.9
317100,30,2.3
317200,30,0.0
317300,30,0.0
317400,30,0.0
317500,30,0.0
317600,30,0.0
317700,30,0.0
317800,30,0.0
317900,30,0.0
318000,150,0.0
318100,150,22.4
318200,150,42.5
318300,150,46.7
318400,150,48.9
318500,150,49.4
318600,150,49.2
318700,150,49.7
318800,150,49.6
318900,150,49.4
319000,150,50.0
319100,150,49.4
319200,150,48.3
319300,150,48.7
319400,150,48.7
319500,30,48.0
319600,30,40.9
319700,30,29.0
319800,30,19.9
319900,30,13.6
320000,30,8.3
320100,30,4.3
320200,30,1.7
320300,30,-0.1
320400,30,0.0
320500,30,0.0
320600,30,0.0
320700,30,0.0
320800,30,0.0
320900,30,0.0
321000,150,0.0
321100,150,22.6
321200,150,42.3
321300,150,47.8
321400,150,49.2
321500,150,49.1
321600,150,49.5
321700,150,49.1
321800,150,48.3
321900,150,49.4
322000,150,49.6
322100,150,49.2
322200,150,49.7
322300,150,50.0
322400,150,49.4
322500,120,50.0
322600,120,48.2
322700,120,45.9
322800,120,45.0
322900,120,44.4
323000,120,43.5
323100,120,43.6
323200,120,42.9
323300,120,43.7
323400,120,44.0
323500,120,44.3
323600,120,44.8
323700,120,44.8
323800,120,44.4
323900,120,45.0
324000,150,45.2
324100,150,45.9
324200,150,48.0
324300,150,48.2
324400,150,48.5
324500,150,49.4
324600,150,49.2
324700,150,49.1
324800,150,49.7
324900,150,49.6
325000,150,49.1
325100,150,49.6
325200,150,49.7
325300,150,48.6
325400,150,48.6
325500,30,48.2
325600,30,40.1
325700,30,27.9
325800,30,19.1
325900,30,11.1
326000,30,5.4
326100,30,1.1
326200,30,0.0
326300,30,0.0
326400,30,0.0
326500,30,0.0
326600,30,0.0
326700,30,0.0
326800,30,0.0
326900,30,0.0
327000,90,0.0
327100,90,9.8
327200,90,23.1
327300,90,29.7
327400,90,33.5
327500,90,35.2
327600,90,35.8
327700,90,36.9
327800,90,37.0
327900,90,36.7
328000,90,37.1
328100,90,36.9
328200,90,35.7
328300,90,35.7
328400,90,35.3
328500,30,35.5
328600,30,31.4
328700,30,22.7
328800,30,16.1
328900,30,10.7
329000,30,6.1
329100,30,2.9
329200,30,0.8
329300,30,0.0
329400,30,0.0
329500,30,0.0
329600,30,0.0
329700,30,0.0
329800,30,0.0
329900,30,0.0
330000,90,0.0
330100,90,10.1
330200,90,23.6
330300,90,30.5
330400,90,33.9
330500,90,35.2
330600,90,36.4
330700,90,36.7
330800,90,36.5
330900,90,37.2
331000,90,37.4
331100,90,36.6
331200,90,36.2
331300,90,35.7
331400,90,34.1
331500,30,33.7
331600,30,28.2
331700,30,19.5
331800,30,13.6
331900,30,8.2
332000,30,3.8
332100,30,0.6
332200,30,0.0
332300,30,0.0
332400,30,0.0
332500,30,0.0
332600,30,0.0
332700,30,0.0
332800,30,0.0
332900,30,0.0
333000,60,0.0
333100,60,3.4
333200,60,9.6
333300,60,13.9
333400,60,16.5
333500,60,18.5
333600,60,19.9
333700,60,20.5
333800,60,21.3
333900,60,21.4
334000,60,21.3
334100,60,21.3
334200,60,20.9
334300,60,21.0
334400,60,21.6
334500,150,22.1
334600,150,34.3
334700,150,45.8
334800,150,47.7
334900,150,47.6
335000,150,48.6
335100,150,49.2
335200,150,48.7
335300,150,49.4
335400,150,49.6
335500,150,49.2
335600,150,49.6
335700,150,49.9
335800,150,49.5
335900,150,49.5
336000,90,48.5
336100,90,44.0
336200,90,38.4
336300,90,35.5
336400,90,35.7
336500,90,35.6
336600,90,35.5
336700,90,36.5
336800,90,37.0
336900,90,37.0
337000,90,37.5
337100,90,37.4
337200,90,37.0
337300,90,37.5
337400,90,37.2
337500,120,36.1
337600,120,39.0
337700,120,42.1
337800,120,43.2
337900,120,44.5
338000,120,44.6
338100,120,44.4
338200,120,45.3
338300,120,45.7
338400,120,45.2
338500,120,45.7
338600,120,46.3
338700,120,45.3
338800,120,46.0
338900,120,45.3
339000,150,42.9
339100,150,45.2
339200,150,47.3
339300,150,48.7
339400,150,49.4
339500,150,49.2
339600,150,50.0
339700,150,49.9
339800,150,49.6
339900,150,49.9
340000,150,49.2
340100,150,48.1
340200,150,48.7
340300,150,49.2
340400,150,48.9
340500,30,49.5
340600,30,43.4
340700,30,32.0
340800,30,23.6
340900,30,16.8
341000,30,11.7
341100,30,7.9
341200,30,4.8
341300,30,2.4
341400,30,0.3
341500,30,0.0
341600,30,0.0
341700,30,0.0
341800,30,0.0
341900,30,0.0
342000,60,0.0
342100,60,4.5
342200,60,11.1
342300,60,15.6
342400,60,18.1
342500,60,20.2
342600,60,21.2
342700,60,21.4
342800,60,21.6
342900,60,21.2
343000,60,20.0
343100,60,19.4
343200,60,17.7
343300,60,15.1
343400,60,13.5
343500,90,12.6
343600,90,17.7
343700,90,25.4
343800,90,29.7
343900,90,32.4
344000,90,33.9
344100,90,34.3
344200,90,35.1
344300,90,36.6
344400,90,37.2
344500,90,37.0
344600,90,37.4
344700,90,37.4
344800,90,37.1
344900,90,37.4
345000,150,36.9
345100,150,41.5
345200,150,47.2
345300,150,48.6
345400,150,49.0
345500,150,49.6
345600,150,49.4
345700,150,50.3
345800,150,50.3
345900,150,49.7
346000,150,50.4
346100,150,50.3
346200,150,49.2
346300,150,48.1
346400,150,47.4
346500,90,47.7
346600,90,45.2
346700,90,40.4
346800,90,38.4
346900,90,38.0
347000,90,37.9
347100,90,37.0
347200,90,37.1
347300,90,37.2
347400,90,37.0
347500,90,37.1
347600,90,36.2
347700,90,35.1
347800,90,34.8
347900,90,35.2
348000,150,35.3
348100,150,42.0
348200,150,47.1
348300,150,48.2
348400,150,49.5
348500,150,49.6
348600,150,49.2
348700,150,49.9
348800,150,49.5
348900,150,49.4
349000,150,47.8
349100,150,45.7
349200,150,46.3
349300,150,47.7
349400,150,48.0
349500,60,49.2
349600,60,45.0
349700,60,37.0
349800,60,32.1
349900,60,28.7
350000,60,26.1
350100,60,25.0
350200,60,24.4
350300,60,23.7
350400,60,23.2
350500,60,22.6
350600,60,21.2
350700,60,20.8
350800,60,20.4
350900,60,19.4
351000,120,19.6
351100,120,29.1
351200,120,38.9
351300,120,43.0
351400,120,44.3
351500,120,44.4
351600,120,45.4
351700,120,46.3
351800,120,45.2
351900,120,46.2
352000,120,45.4
352100,120,45.8
352200,120,44.0
352300,120,42.0
352400,120,42.3
352500,30,43.0
352600,30,37.4
352700,30,26.8
352800,30,18.5
352900,30,12.8
353000,30,8.8
353100,30,5.6
353200,30,3.6
353300,30,1.9
353400,30,0.8
353500,30,0.0
353600,30,0.0
353700,30,0.0
353800,30,0.0
353900,30,0.0
354000,120,0.0
354100,120,16.6
354200,120,35.1
354300,120,41.6
354400,120,43.4
354500,120,44.6
354600,120,45.0
354700,120,44.5
354800,120,44.1
354900,120,43.6
355000,120,43.0
355100,120,44.0
355200,120,44.1
355300,120,44.6
355400,120,44.8
355500,150,44.8
355600,150,47.4
355700,150,49.2
355800,150,49.4
355900,150,50.1
356000,150,49.4
356100,150,46.7
356200,150,45.7
356300,150,46.6
356400,150,47.2
356500,150,48.3
356600,150,49.2
356700,150,49.5
356800,150,50.3
356900,150,50.3
357000,120,49.7
357100,120,48.5
357200,120,46.3
357300,120,44.5
357400,120,44.4
357500,120,44.4
357600,120,44.5
357700,120,45.3
357800,120,45.2
357900,120,45.5
358000,120,46.4
358100,120,45.7
358200,120,45.8
358300,120,45.9
358400,120,45.4
358500,90,45.0
358600,90,40.4
358700,90,36.0
358800,90,34.6
358900,90,34.6
359000,90,34.8
359100,90,35.6
359200,90,36.0
359300,90,36.4
359400,90,37.1
359500,90,37.1
359600,90,36.6
359700,90,36.9
359800,90,37.1
359900,90,36.9
360000,120,37.0
360100,120,39.0
360200,120,41.2
360300,120,42.7
360400,120,43.7
360500,120,44.0
360600,120,44.5
360700,120,44.8
360800,120,44.8
360900,120,45.2
361000,120,45.3
361100,120,44.8
361200,120,46.2
361300,120,45.7
361400,120,42.3
361500,90,40.9
361600,90,37.1
361700,90,34.7
361800,90,33.9
361900,90,34.2
362000,90,35.3
362100,90,36.2
362200,90,36.5
362300,90,37.2
362400,90,37.5
362500,90,37.0
362600,90,37.4
362700,90,37.4
362800,90,37.1
362900,90,37.4
363000,30,36.6
363100,30,30.5
363200,30,20.9
363300,30,13.0
363400,30,7.8
363500,30,3.7
363600,30,0.1
363700,30,-0.1
363800,30,0.0
363900,30,0.0
364000,30,0.0
364100,30,0.0
364200,30,0.0
364300,30,0.0
364400,30,0.0
364500,60,0.0
364600,60,3.8
364700,60,10.1
364800,60,14.2
364900,60,17.1
365000,60,18.7
365100,60,19.8
365200,60,20.8
365300,60,21.3
365400,60,21.2
365500,60,21.7
365600,60,21.8
365700,60,21.9
365800,60,22.4
365900,60,22.7
366000,120,22.3
366100,120,30.9
366200,120,40.1
366300,120,42.9
366400,120,44.5
366500,120,43.4
366600,120,41.8
366700,120,41.7
366800,120,42.0
366900,120,42.3
367000,120,43.7
367100,120,44.4
367200,120,44.6
367300,120,45.9
367400,120,46.0
367500,150,45.7
367600,150,47.7
367700,150,49.4
367800,150,48.7
367900,150,48.5
368000,150,48.0
368100,150,49.0
368200,150,49.5
368300,150,49.0
368400,150,49.9
368500,150,50.1
368600,150,49.5
368700,150,50.1
368800,150,50.3
368900,150,49.0
369000,30,46.4
369100,30,37.8
369200,30,22.8
369300,30,12.2
369400,30,4.3
369500,30,0.0
369600,30,0.0
369700,30,0.0
369800,30,0.0
369900,30,0.0
370000,30,0.0
370100,30,0.0
370200,30,0.0
370300,30,0.0
370400,30,0.0
370500,60,0.0
370600,60,2.0
370700,60,6.0
370800,60,9.1
370900,60,11.2
371000,60,12.8
371100,60,14.3
371200,60,15.4
371300,60,17.7
371400,60,19.4
371500,60,19.8
371600,60,20.5
371700,60,21.2
371800,60,21.6
371900,60,22.1
372000,30,22.4
372100,30,18.9
372200,30,13.3
372300,30,8.9
372400,30,5.5
372500,30,3.2
372600,30,1.1
372700,30,0.0
372800,30,0.0
372900,30,0.0
373000,30,0.0
373100,30,0.0
373200,30,0.0
373300,30,0.0
373400,30,0.0
373500,150,0.0
373600,150,21.9
373700,150,42.7
373800,150,47.6
373900,150,48.9
374000,150,49.5
374100,150,49.0
374200,150,48.5
374300,150,49.4
374400,150,49.2
374500,150,49.9
374600,150,50.1
374700,150,49.9
374800,150,50.3
374900,150,50.3
375000,30,49.7
375100,30,43.1
375200,30,29.3
375300,30,17.9
375400,30,9.4
375500,30,1.9
375600,30,0.0
375700,30,0.0
375800,30,0.0
375900,30,0.0
376000,30,0.0
376100,30,0.0
376200,30,0.0
376300,30,0.0
376400,30,0.0
376500,60,0.0
376600,60,2.2
376700,60,6.3
376800,60,9.1
376900,60,10.2
377000,60,10.5
377100,60,11.5
377200,60,12.9
377300,60,13.9
377400,60,14.7
377500,60,15.9
377600,60,16.8
377700,60,18.2
377800,60,19.8
377900,60,19.8
378000,120,20.4
378100,120,29.7
378200,120,39.3
378300,120,43.2
378400,120,44.4
378500,120,44.0
378600,120,44.9
378700,120,45.5
378800,120,44.6
378900,120,44.0
379000,120,43.4
379100,120,43.4
379200,120,44.4
379300,120,44.8
379400,120,44.4
379500,30,45.5
379600,30,40.1
379700,30,29.5
379800,30,21.8
379900,30,15.4
380000,30,10.5
380100,30,7.1
380200,30,4.8
380300,30,2.9
380400,30,1.5
380500,30,0.1
380600,30,0.0
380700,30,0.0
380800,30,0.0
380900,30,0.0
381000,120,0.0
381100,120,16.7
381200,120,35.1
381300,120,40.8
381400,120,40.6
381500,120,40.1
381600,120,39.9
381700,120,39.7
381800,120,41.6
381900,120,43.6
382000,120,44.1
382100,120,44.9
382200,120,45.5
382300,120,44.8
382400,120,46.3
382500,90,45.9
382600,90,43.6
382700,90,41.1
382800,90,38.5
382900,90,36.6
383000,90,36.1
383100,90,36.1
383200,90,36.1
383300,90,37.0
383400,90,37.0
383500,90,36.7
383600,90,37.5
383700,90,37.8
383800,90,37.4
383900,90,37.8
384000,60,37.4
384100,60,34.4
384200,60,29.5
384300,60,25.5
384400,60,22.6
384500,60,19.5
384600,60,17.7
384700,60,16.5
384800,60,15.3
384900,60,13.9
385000,60,13.5
385100,60,14.0
385200,60,14.8
385300,60,15.8
385400,60,17.2
385500,120,18.2
385600,120,28.8
385700,120,38.9
385800,120,42.2
385900,120,44.4
386000,120,45.0
386100,120,44.6
386200,120,45.3
386300,120,45.7
386400,120,45.5
386500,120,44.8
386600,120,44.0
386700,120,43.2
386800,120,44.3
386900,120,44.6
387000,60,44.4
387100,60,40.9
387200,60,34.4
387300,60,30.6
387400,60,27.9
387500,60,25.6
387600,60,24.9
387700,60,23.9
387800,60,22.7
387900,60,21.8
388000,60,20.4
388100,60,18.7
388200,60,17.6
388300,60,15.6
388400,60,13.4
388500,90,12.6
388600,90,17.2
388700,90,23.3
388800,90,26.1
388900,90,28.3
389000,90,31.0
389100,90,34.1
389200,90,35.7
389300,90,36.0
389400,90,36.7
389500,90,37.2
389600,90,37.1
389700,90,37.6
389800,90,37.5
389900,90,37.2
390000,60,37.8
390100,60,35.1
390200,60,30.1
390300,60,26.5
390400,60,23.6
390500,60,22.3
390600,60,21.2
390700,60,20.4
390800,60,20.9
390900,60,21.2
391000,60,21.3
391100,60,21.8
391200,60,22.2
391300,60,21.7
391400,60,22.1
391500,120,22.2
391600,120,30.5
391700,120,40.3
391800,120,43.5
391900,120,44.3
392000,120,44.8
392100,120,44.6
392200,120,43.6
392300,120,42.6
392400,120,42.0
392500,120,41.3
392600,120,43.1
392700,120,44.3
392800,120,44.3
392900,120,45.0
393000,150,46.2
393100,150,47.4
393200,150,49.2
393300,150,49.9
393400,150,49.5
393500,150,49.4
393600,150,48.2
393700,150,48.5
393800,150,49.1
393900,150,49.1
394000,150,49.6
394100,150,50.1
394200,150,49.9
394300,150,50.3
394400,150,50.0
394500,90,48.7
394600,90,45.0
394700,90,38.5
394800,90,33.8
394900,90,31.8
395000,90,32.1
395100,90,34.1
395200,90,35.7
395300,90,36.6
395400,90,36.4
395500,90,37.0
395600,90,37.2
395700,90,37.1
395800,90,37.6
395900,90,37.6
396000,120,37.4
396100,120,40.7
396200,120,43.6
396300,120,43.7
396400,120,44.1
396500,120,44.0
396600,120,44.1
396700,120,45.0
396800,120,44.8
396900,120,45.3
397000,120,46.3
397100,120,45.5
397200,120,45.9
397300,120,45.9
397400,120,45.7
397500,60,45.8
397600,60,39.0
397700,60,29.8
397800,60,24.1
397900,60,21.3
398000,60,20.4
398100,60,20.8
398200,60,21.0
398300,60,21.2
398400,60,21.6
398500,60,21.2
398600,60,20.9
398700,60,21.6
398800,60,21.9
398900,60,22.1
399000,30,22.3
399100,30,18.9
399200,30,13.0
399300,30,8.7
399400,30,5.1
399500,30,2.2
399600,30,0.4
399700,30,0.0
399800,30,0.0
399900,30,0.0
400000,30,0.0
400100,30,0.0
400200,30,0.0
400300,30,0.0
400400,30,0.0
400500,90,0.0
400600,90,10.3
400700,90,24.2
400800,90,31.0
400900,90,33.8
401000,90,35.7
401100,90,36.0
401200,90,34.9
401300,90,34.9
401400,90,34.6
401500,90,34.6
401600,90,35.7
401700,90,36.2
401800,90,36.1
401900,90,36.7
402000,120,37.1
402100,120,40.1
402200,120,43.6
402300,120,44.4
402400,120,43.2
402500,120,43.0
402600,120,43.2
402700,120,41.3
402800,120,40.9
402900,120,42.1
403000,120,43.4
403100,120,44.6
403200,120,44.6
403300,120,45.2
403400,120,45.7
403500,90,45.2
403600,90,44.4
403700,90,41.2
403800,90,39.3
403900,90,38.9
404000,90,38.0
404100,90,36.5
404200,90,36.1
404300,90,35.8
404400,90,35.7
404500,90,36.6
404600,90,37.1
404700,90,36.6
404800,90,37.2
404900,90,37.5
405000,60,37.4
405100,60,34.8
405200,60,30.0
405300,60,25.9
405400,60,23.9
405500,60,23.1
405600,60,22.6
405700,60,22.2
405800,60,20.3
405900,60,17.5
406000,60,16.2
406100,60,15.7
406200,60,15.1
406300,60,14.9
406400,60,14.8
406500,120,15.9
406600,120,27.0
406700,120,37.8
406800,120,42.5
406900,120,44.0
407000,120,44.3
407100,120,45.7
407200,120,45.3
407300,120,45.2
407400,120,45.5
407500,120,46.3
407600,120,45.2
407700,120,44.6
407800,120,43.7
407900,120,43.5
408000,150,44.5
408100,150,46.8
408200,150,48.3
408300,150,49.7
408400,150,50.3
408500,150,49.5
408600,150,48.7
408700,150,48.3
408800,150,48.3
408900,150,47.3
409000,150,47.8
409100,150,48.3
409200,150,49.4
409300,150,49.9
409400,150,49.4
409500,120,50.3
409600,120,48.3
409700,120,47.1
409800,120,45.8
409900,120,45.3
410000,120,46.0
410100,120,45.7
410200,120,45.5
410300,120,46.0
410400,120,46.0
410500,120,45.7
410600,120,45.9
410700,120,46.0
410800,120,45.5
410900,120,45.9
411000,90,46.0
411100,90,43.2
411200,90,40.6
411300,90,38.5
411400,90,35.5
411500,90,34.4
411600,90,33.8
411700,90,34.1
411800,90,35.3
411900,90,36.1
412000,90,36.2
412100,90,36.6
412200,90,37.0
412300,90,37.1
412400,90,37.6
412500,150,37.6
412600,150,42.6
412700,150,48.5
412800,150,49.0
412900,150,49.2
413000,150,48.7
413100,150,48.2
413200,150,49.4
413300,150,49.7
413400,150,49.2
413500,150,50.3
413600,150,50.4
413700,150,49.0
413800,150,48.0
413900,150,48.3
414000,120,48.3
414100,120,46.2
414200,120,44.9
414300,120,43.9
414400,120,44.6
414500,120,45.2
414600,120,44.8
414700,120,45.2
414800,120,46.3
414900,120,45.4
415000,120,46.0
415100,120,45.9
415200,120,45.7
415300,120,45.9
415400,120,45.9
415500,30,45.5
415600,30,39.9
415700,30,29.6
415800,30,21.4
415900,30,15.4
416000,30,10.6
416100,30,7.3
416200,30,4.1
416300,30,1.8
416400,30,-0.1
416500,30,0.0
416600,30,0.0
416700,30,0.0
416800,30,0.0
416900,30,0.0
417000,150,0.0
417100,150,22.6
417200,150,42.5
417300,150,47.8
417400,150,49.4
417500,150,48.7
417600,150,49.2
417700,150,49.5
417800,150,48.7
417900,150,48.3
418000,150,48.2
418100,150,48.2
418200,150,49.5
418300,150,49.6
418400,150,49.4
418500,30,50.3
418600,30,44.3
418700,30,32.7
418800,30,23.9
418900,30,17.1
419000,30,11.9
419100,30,8.0
419200,30,5.2
419300,30,3.2
419400,30,1.0
419500,30,0.0
419600,30,0.0
419700,30,0.0
419800,30,0.0
419900,30,0.0
420000,90,0.0
420100,90,10.3
420200,90,24.4
420300,90,30.6
420400,90,32.8
420500,90,33.7
420600,90,34.1
420700,90,34.1
420800,90,35.2
420900,90,35.8
421000,90,36.1
421100,90,36.5
421200,90,37.0
421300,90,37.1
421400,90,37.2
421500,30,36.1
421600,30,28.1
421700,30,17.3
421800,30,9.6
421900,30,3.6
422000,30,0.3
422100,30,0.0
422200,30,0.0
422300,30,0.0
422400,30,0.0
422500,30,0.0
422600,30,0.0
422700,30,0.0
422800,30,0.0
422900,30,0.0
423000,60,0.0
423100,60,3.4
423200,60,9.4
423300,60,13.1
423400,60,15.9
423500,60,17.6
423600,60,18.4
423700,60,19.4
423800,60,19.6
423900,60,19.5
424000,60,19.6
424100,60,19.5
424200,60,19.1
424300,60,19.0
424400,60,18.9
424500,90,19.4
424600,90,24.6
424700,90,31.0
424800,90,33.7
424900,90,35.5
425000,90,36.4
425100,90,36.7
425200,90,37.6
425300,90,37.9
425400,90,37.4
425500,90,37.5
425600,90,37.4
425700,90,37.8
425800,90,37.4
425900,90,36.1
426000,120,36.0
426100,120,38.8
426200,120,42.3
426300,120,44.6
426400,120,45.0
426500,120,44.8
426600,120,45.9
426700,120,46.2
426800,120,45.5
426900,120,46.0
427000,120,45.9
427100,120,45.3
427200,120,44.5
427300,120,43.7
427400,120,43.5
427500,30,44.6
427600,30,38.8
427700,30,28.1
427800,30,20.2
427900,30,14.4
428000,30,10.1
428100,30,7.0
428200,30,4.6
428300,30,2.7
428400,30,1.3
428500,30,0.5
428600,30,0.0
428700,30,0.0
428800,30,0.0
428900,30,0.0
429000,60,0.0
429100,60,4.0
429200,60,11.2
429300,60,15.8
429400,60,18.2
429500,60,20.0
429600,60,21.0
429700,60,21.2
429800,60,21.6
429900,60,21.8
430000,60,21.8
430100,60,22.2
430200,60,22.3
430300,60,21.9
430400,60,21.6
430500,30,20.5
430600,30,16.1
430700,30,9.7
430800,30,4.5
430900,30,0.4
431000,30,0.0
431100,30,0.0
431200,30,0.0
431300,30,0.0
431400,30,0.0
431500,30,0.0
431600,30,0.0
431700,30,0.0
431800,30,0.0
431900,30,0.0
432000,90,0.0
432100,90,9.3
432200,90,22.1
432300,90,28.2
432400,90,32.1
432500,90,34.4
432600,90,35.5
432700,90,36.4
432800,90,36.7
432900,90,36.9
433000,90,37.0
433100,90,35.7
433200,90,33.8
433300,90,33.9
433400,90,34.2
433500,120,34.8
433600,120,39.3
433700,120,42.9
433800,120,43.1
433900,120,43.7
434000,120,44.5
434100,120,44.6
434200,120,45.9
434300,120,46.3
434400,120,45.4
434500,120,46.0
434600,120,45.9
434700,120,45.5
434800,120,45.9
434900,120,45.9
435000,150,45.5
435100,150,47.4
435200,150,48.3
435300,150,49.7
435400,150,50.1
435500,150,49.5
435600,150,49.9
435700,150,49.7
435800,150,49.2
435900,150,49.5
436000,150,49.7
436100,150,49.1
436200,150,49.0
436300,150,48.6
436400,150,48.6
436500,120,49.7
436600,120,48.1
436700,120,45.7
436800,120,45.4
436900,120,46.2
437000,120,45.2
437100,120,46.2
437200,120,45.8
437300,120,45.4
437400,120,45.7
437500,120,44.6
437600,120,43.9
437700,120,44.5
437800,120,45.0
437900,120,44.6
438000,30,45.3
438100,30,38.4
438200,30,26.4
438300,30,17.1
438400,30,9.7
438500,30,4.0
438600,30,0.1
438700,30,0.0
438800,30,0.0
438900,30,0.0
439000,30,0.0
439100,30,0.0
439200,30,0.0
439300,30,0.0
439400,30,0.0
439500,150,0.0
439600,150,21.2
439700,150,41.6
439800,150,46.9
439900,150,48.6
440000,150,49.5
440100,150,49.0
440200,150,48.3
440300,150,49.5
440400,150,49.9
440500,150,49.4
440600,150,50.3
440700,150,50.4
440800,150,49.9
440900,150,50.4
441000,120,50.4
441100,120,48.2
441200,120,46.2
441300,120,45.0
441400,120,44.1
441500,120,45.0
441600,120,44.8
441700,120,45.5
441800,120,44.9
441900,120,44.4
442000,120,44.9
442100,120,44.8
442200,120,44.1
442300,120,44.9
442400,120,44.8
442500,90,43.6
442600,90,41.2
442700,90,38.4
442800,90,37.1
442900,90,37.4
443000,90,37.2
443100,90,36.7
443200,90,37.4
443300,90,37.6
443400,90,37.2
443500,90,37.5
443600,90,37.4
443700,90,37.1
443800,90,37.6
443900,90,37.4
444000,30,36.0
444100,30,30.4
444200,30,20.0
444300,30,12.6
444400,30,7.1
444500,30,3.7
444600,30,1.3
444700,30,0.0
444800,30,0.0
444900,30,0.0
445000,30,0.0
445100,30,0.0
445200,30,0.0
445300,30,0.0
445400,30,0.0
445500,150,0.0
445600,150,22.2
445700,150,42.2
445800,150,48.1
445900,150,49.0
446000,150,48.5
446100,150,48.2
446200,150,48.3
446300,150,48.0
446400,150,49.4
446500,150,49.7
446600,150,49.0
446700,150,49.1
446800,150,49.0
446900,150,49.0
447000,30,49.9
447100,30,43.6
447200,30,32.7
447300,30,24.5
447400,30,18.0
447500,30,12.6
447600,30,8.8
447700,30,5.7
447800,30,3.8
447900,30,1.9
448000,30,0.9
448100,30,0.0
448200,30,0.0
448300,30,0.0
448400,30,0.0
448500,120,0.0
448600,120,16.8
448700,120,35.2
448800,120,41.7
448900,120,43.6
449000,120,45.0
449100,120,44.9
449200,120,44.0
449300,120,44.1
449400,120,44.5
449500,120,44.4
449600,120,44.5
449700,120,44.3
449800,120,44.1
449900,120,44.8
450000,90,44.6
450100,90,42.1
450200,90,39.8
450300,90,38.5
450400,90,37.0
450500,90,36.2
450600,90,35.3
450700,90,34.8
450800,90,35.7
450900,90,36.2
451000,90,36.5
451100,90,36.7
451200,90,36.7
451300,90,37.4
451400,90,37.5
451500,120,37.2
451600,120,39.8
451700,120,43.2
451800,120,44.1
451900,120,44.8
452000,120,44.1
452100,120,43.2
452200,120,43.9
452300,120,44.5
452400,120,44.3
452500,120,43.9
452600,120,43.6
452700,120,43.2
452800,120,43.7
452900,120,44.0
453000,150,44.5
453100,150,47.7
453200,150,49.2
453300,150,48.7
453400,150,48.9
453500,150,49.2
453600,150,49.2
453700,150,49.9
453800,150,50.0
453900,150,49.6
454000,150,50.3
454100,150,50.1
454200,150,49.6
454300,150,50.3
454400,150,49.5
454500,90,49.5
454600,90,45.4
454700,90,40.8
454800,90,39.0
454900,90,37.4
455000,90,35.8
455100,90,36.4
455200,90,37.0
455300,90,36.6
455400,90,36.7
455500,90,36.7
455600,90,36.4
455700,90,37.1
455800,90,37.2
455900,90,36.1
456000,150,35.8
456100,150,41.1
456200,150,46.0
456300,150,48.7
456400,150,49.4
456500,150,49.2
456600,150,50.0
456700,150,49.9
456800,150,49.2
456900,150,49.9
457000,150,50.1
457100,150,49.1
457200,150,49.0
457300,150,48.6
457400,150,48.9
457500,30,49.2
457600,30,41.1
457700,30,29.0
457800,30,19.9
457900,30,12.9
458000,30,7.9
458100,30,3.8
458200,30,1.0
458300,30,0.0
458400,30,0.0
458500,30,0.0
458600,30,0.0
458700,30,0.0
458800,30,0.0
458900,30,0.0
459000,120,0.0
459100,120,16.3
459200,120,34.2
459300,120,40.9
459400,120,43.2
459500,120,45.0
459600,120,45.2
459700,120,44.5
459800,120,44.5
459900,120,44.1
460000,120,43.9
460100,120,44.9
460200,120,45.3
460300,120,44.6
460400,120,45.5
460500,30,46.6
460600,30,39.9
460700,30,30.2
460800,30,21.9
460900,30,16.1
461000,30,11.5
461100,30,7.9
461200,30,5.5
461300,30,3.6
461400,30,2.3
461500,30,1.0
461600,30,0.0
461700,30,0.0
461800,30,0.0
461900,30,0.0
462000,120,0.0
462100,120,16.8
462200,120,35.5
462300,120,40.8
462400,120,43.0
462500,120,43.5
462600,120,43.5
462700,120,43.9
462800,120,43.6
462900,120,43.6
463000,120,44.8
463100,120,44.9
463200,120,44.5
463300,120,45.2
463400,120,45.2
463500,150,45.5
463600,150,47.3
463700,150,48.2
463800,150,48.1
463900,150,49.1
464000,150,49.0
464100,150,49.5
464200,150,49.9
464300,150,49.4
464400,150,49.7
464500,150,49.7
464600,150,49.6
464700,150,49.9
464800,150,49.2
464900,150,48.2
465000,60,48.9
465100,60,42.7
465200,60,33.8
465300,60,27.9
465400,60,24.2
465500,60,22.6
465600,60,22.2
465700,60,21.8
465800,60,21.4
465900,60,21.8
466000,60,22.1
466100,60,22.2
466200,60,22.8
466300,60,23.2
466400,60,22.8
466500,30,23.0
466600,30,19.6
466700,30,13.5
466800,30,9.1
466900,30,5.4
467000,30,2.6
467100,30,0.3
467200,30,0.0
467300,30,0.0
467400,30,0.0
467500,30,0.0
467600,30,0.0
467700,30,0.0
467800,30,0.0
467900,30,0.0
468000,150,0.0
468100,150,22.3
468200,150,42.3
468300,150,47.4
468400,150,48.2
468500,150,49.4
468600,150,49.7
468700,150,49.2
468800,150,50.0
468900,150,50.1
469000,150,49.6
469100,150,50.1
469200,150,50.4
469300,150,49.5
469400,150,49.4
469500,90,49.2
469600,90,44.6
469700,90,39.9
469800,90,37.9
469900,90,36.7
470000,90,37.1
470100,90,37.2
470200,90,37.0
470300,90,37.2
470400,90,36.9
470500,90,37.6
470600,90,37.6
470700,90,37.0
470800,90,36.2
470900,90,35.6
471000,120,34.7
471100,120,38.8
471200,120,42.7
471300,120,43.7
471400,120,44.5
471500,120,45.0
471600,120,45.0
471700,120,45.3
471800,120,45.2
471900,120,45.4
472000,120,46.0
472100,120,45.5
472200,120,44.3
472300,120,43.9
472400,120,43.5
472500,90,42.5
472600,90,40.8
472700,90,38.0
472800,90,36.9
472900,90,37.2
473000,90,37.4
473100,90,37.4
473200,90,37.8
473300,90,37.8
473400,90,37.4
473500,90,37.8
473600,90,36.9
473700,90,36.4
473800,90,36.0
473900,90,35.5
474000,30,36.5
474100,30,31.6
474200,30,23.2
474300,30,16.2
474400,30,10.6
474500,30,6.5
474600,30,3.6
474700,30,1.4
474800,30,0.1
474900,30,0.0
475000,30,0.0
475100,30,0.0
475200,30,0.0
475300,30,0.0
475400,30,0.0
475500,60,0.0
475600,60,4.1
475700,60,10.6
475800,60,15.3
475900,60,18.2
476000,60,19.9
476100,60,21.0
476200,60,21.8
476300,60,21.9
476400,60,22.4
476500,60,22.7
476600,60,22.4
476700,60,23.0
476800,60,23.1
476900,60,23.5
477000,30,23.3
477100,30,19.5
477200,30,13.1
477300,30,7.8
477400,30,3.4
477500,30,0.6
477600,30,0.0
477700,30,0.0
477800,30,0.0
477900,30,0.0
478000,30,0.0
478100,30,0.0
478200,30,0.0
478300,30,0.0
478400,30,0.0
478500,120,0.0
478600,120,16.2
478700,120,34.2
478800,120,39.8
478900,120,40.9
479000,120,42.5
479100,120,43.7
479200,120,43.7
479300,120,44.8
479400,120,45.2
479500,120,44.8
479600,120,45.9
479700,120,46.4
479800,120,45.2
479900,120,45.9
480000,30,45.5
480100,30,39.0
480200,30,28.3
480300,30,19.9
480400,30,13.6
480500,30,8.9
480600,30,5.6
480700,30,3.3
480800,30,1.4
480900,30,0.0
481000,30,0.0
481100,30,0.0
481200,30,0.0
481300,30,0.0
481400,30,0.0
481500,120,0.0
481600,120,16.7
481700,120,34.7
481800,120,40.7
481900,120,43.7
482000,120,44.8
482100,120,44.5
482200,120,44.9
482300,120,45.3
482400,120,45.9
482500,120,45.4
482600,120,44.5
482700,120,42.7
482800,120,42.3
482900,120,42.3
483000,60,43.2
483100,60,39.2
483200,60,32.5
483300,60,29.1
483400,60,27.0
483500,60,25.4
483600,60,24.9
483700,60,24.2
483800,60,23.5
483900,60,23.5
484000,60,23.2
484100,60,22.8
484200,60,23.1
484300,60,23.0
484400,60,21.8
484500,30,21.2
484600,30,17.2
484700,30,10.8
484800,30,6.0
484900,30,1.5
485000,30,0.0
485100,30,0.0
485200,30,0.0
485300,30,0.0
485400,30,0.0
485500,30,0.0
485600,30,0.0
485700,30,0.0
485800,30,0.0
485900,30,0.0
486000,150,0.0
486100,150,22.1
486200,150,41.7
486300,150,47.8
486400,150,48.6
486500,150,49.5
486600,150,49.7
486700,150,49.5
486800,150,50.0
486900,150,50.0
487000,150,49.7
487100,150,50.1
487200,150,49.5
487300,150,47.8
487400,150,47.6
487500,30,48.5
487600,30,42.1
487700,30,31.0
487800,30,22.2
487900,30,15.8
488000,30,11.1
488100,30,7.5
488200,30,4.5
488300,30,2.3
488400,30,0.5
488500,30,0.0
488600,30,0.0
488700,30,0.0
488800,30,0.0
488900,30,0.0
489000,150,0.0
489100,150,22.8
489200,150,43.1
489300,150,48.0
489400,150,48.9
489500,150,49.9
489600,150,48.9
489700,150,48.7
489800,150,48.5
489900,150,48.5
490000,150,49.5
490100,150,49.4
490200,150,49.1
490300,150,49.9
490400,150,49.9
490500,90,49.4
490600,90,46.6
490700,90,42.1
490800,90,38.8
490900,90,37.2
491000,90,34.8
491100,90,32.3
491200,90,32.3
491300,90,33.0
491400,90,34.2
491500,90,34.9
491600,90,35.3
491700,90,36.1
491800,90,37.2
491900,90,37.6
492000,150,37.4
492100,150,43.0
492200,150,48.0
492300,150,48.9
492400,150,49.2
492500,150,49.1
492600,150,48.5
492700,150,49.5
492800,150,49.2
492900,150,49.9
493000,150,50.0
493100,150,49.6
493200,150,50.1
493300,150,50.1
493400,150,49.7
493500,90,50.0
493600,90,45.2
493700,90,38.5
493800,90,35.6
493900,90,35.2
494000,90,35.2
494100,90,36.0
494200,90,36.0
494300,90,36.2
494400,90,37.2
494500,90,37.4
494600,90,37.0
494700,90,37.5
494800,90,37.5
494900,90,37.2
495000,150,37.4
495100,150,42.1
495200,150,46.0
495300,150,48.0
495400,150,48.9
495500,150,49.0
495600,150,49.4
495700,150,49.7
495800,150,49.4
495900,150,49.7
496000,150,49.2
496100,150,50.0
496200,150,50.0
496300,150,48.3
496400,150,47.1
496500,60,46.3
496600,60,40.7
496700,60,33.4
496800,60,28.3
496900,60,24.6
497000,60,23.9
497100,60,23.6
497200,60,23.3
497300,60,23.6
497400,60,23.6
497500,60,23.1
497600,60,23.2
497700,60,23.0
497800,60,22.6
497900,60,22.7
498000,30,22.8
498100,30,19.4
498200,30,13.9
498300,30,9.4
498400,30,5.6
498500,30,2.7
498600,30,0.1
498700,30,0.0
498800,30,0.0
498900,30,0.0
499000,30,0.0
499100,30,0.0
499200,30,0.0
499300,30,0.0
499400,30,0.0
499500,150,0.0
499600,150,22.4
499700,150,42.5
499800,150,46.6
499900,150,48.6
500000,150,49.5
500100,150,49.2
500200,150,50.0
500300,150,50.1
500400,150,49.7
500500,150,50.4
500600,150,50.4
500700,150,50.0
500800,150,50.0
500900,150,48.1
501000,120,46.8
501100,120,46.0
501200,120,44.9
501300,120,44.3
501400,120,44.9
501500,120,45.4
501600,120,45.4
501700,120,46.0
501800,120,46.0
501900,120,45.4
502000,120,45.9
502100,120,45.5
502200,120,43.7
502300,120,43.9
502400,120,44.0
502500,30,44.9
502600,30,38.9
502700,30,28.3
502800,30,21.0
502900,30,15.3
503000,30,10.5
503100,30,7.0
503200,30,4.5
503300,30,2.4
503400,30,0.6
503500,30,0.0
503600,30,0.0
503700,30,0.0
503800,30,0.0
503900,30,0.0
504000,120,0.0
504100,120,17.0
504200,120,34.8
504300,120,41.6
504400,120,44.1
504500,120,44.8
504600,120,45.2
504700,120,43.1
504800,120,40.7
504900,120,40.6
505000,120,41.6
505100,120,42.2
505200,120,43.5
505300,120,44.4
505400,120,45.0
505500,30,45.7
505600,30,40.3
505700,30,30.6
505800,30,22.6
505900,30,16.2
506000,30,11.6
506100,30,8.2
506200,30,5.4
506300,30,3.3
506400,30,1.8
506500,30,0.4
506600,30,0.0
506700,30,0.0
506800,30,0.0
506900,30,0.0
507000,60,0.0
507100,60,4.2
507200,60,11.4
507300,60,15.7
507400,60,17.7
507500,60,19.1
507600,60,19.4
507700,60,19.3
507800,60,19.5
507900,60,19.1
508000,60,18.6
508100,60,19.4
508200,60,20.2
508300,60,20.7
508400,60,21.4
508500,150,21.7
508600,150,34.1
508700,150,45.4
508800,150,48.1
508900,150,49.9
509000,150,50.3
509100,150,49.6
509200,150,50.4
509300,150,49.7
509400,150,47.4
509500,150,47.3
509600,150,47.6
509700,150,48.0
509800,150,49.2
509900,150,49.6
510000,120,49.7
510100,120,48.6
510200,120,46.8
510300,120,45.2
510400,120,46.2
510500,120,45.7
510600,120,44.9
510700,120,44.0
510800,120,43.9
510900,120,44.0
511000,120,44.8
511100,120,44.8
511200,120,44.6
511300,120,45.9
511400,120,46.4
511500,60,45.3
511600,60,42.1
511700,60,35.6
511800,60,30.2
511900,60,24.7
512000,60,18.6
512100,60,15.4
512200,60,13.4
512300,60,12.4
512400,60,11.4
512500,60,10.7
512600,60,10.8
512700,60,11.6
512800,60,12.8
512900,60,13.3
513000,150,14.2
513100,150,29.6
513200,150,43.5
513300,150,48.2
513400,150,49.7
513500,150,49.6
513600,150,50.1
513700,150,50.3
513800,150,49.9
513900,150,50.5
514000,150,49.9
514100,150,48.9
514200,150,49.4
514300,150,49.9
514400,150,49.6
514500,30,50.3
514600,30,44.3
514700,30,33.7
514800,30,25.5
514900,30,18.5
515000,30,13.3
515100,30,9.1
515200,30,5.5
515300,30,2.8
515400,30,1.0
515500,30,0.1
515600,30,0.0
515700,30,0.0
515800,30,0.0
515900,30,0.0
516000,60,0.0
516100,60,4.1
516200,60,11.2
516300,60,15.8
516400,60,18.4
516500,60,20.3
516600,60,21.4
516700,60,20.7
516800,60,19.4
516900,60,17.0
517000,60,15.3
517100,60,15.2
517200,60,14.5
517300,60,14.0
517400,60,13.1
517500,150,13.1
517600,150,28.4
517700,150,43.1
517800,150,47.2
517900,150,48.2
518000,150,49.7
518100,150,50.3
518200,150,49.7
518300,150,50.1
518400,150,49.7
518500,150,50.3
518600,150,49.2
518700,150,48.2
518800,150,48.9
518900,150,49.4
519000,120,49.2
519100,120,48.0
519200,120,46.4
519300,120,45.4
519400,120,45.5
519500,120,46.0
519600,120,45.5
519700,120,45.7
519800,120,43.0
519900,120,40.7
520000,120,40.4
520100,120,40.9
520200,120,41.7
520300,120,43.9
520400,120,44.6
520500,60,45.0
520600,60,41.2
520700,60,34.9
520800,60,30.4
520900,60,27.9
521000,60,26.3
521100,60,24.9
521200,60,24.6
521300,60,24.1
521400,60,23.2
521500,60,22.3
521600,60,21.2
521700,60,20.7
521800,60,20.3
521900,60,19.5
522000,150,20.0
522100,150,33.3
522200,150,45.4
522300,150,48.9
522400,150,49.6
522500,150,49.7
522600,150,50.4
522700,150,50.4
522800,150,49.9
522900,150,50.0
523000,150,48.7
523100,150,47.2
523200,150,47.1
523300,150,47.6
523400,150,48.2
523500,30,49.4
523600,30,43.4
523700,30,32.7
523800,30,24.4
523900,30,17.5
524000,30,12.0
524100,30,7.8
524200,30,4.8
524300,30,2.6
524400,30,0.8
524500,30,0.0
524600,30,0.0
524700,30,0.0
524800,30,0.0
524900,30,0.0
525000,120,0.0
525100,120,16.8
525200,120,35.2
525300,120,41.8
525400,120,43.7
525500,120,44.4
525600,120,43.7
525700,120,42.9
525800,120,43.9
525900,120,44.3
526000,120,44.4
526100,120,44.9
526200,120,45.4
526300,120,45.3
526400,120,45.3
526500,60,45.7
526600,60,40.7
526700,60,34.2
526800,60,27.9
526900,60,21.8
527000,60,17.2
527100,60,15.2
527200,60,13.6
527300,60,12.6
527400,60,11.4
527500,60,9.4
527600,60,8.8
527700,60,9.1
527800,60,9.8
527900,60,10.8
528000,30,12.0
528100,30,9.1
528200,30,3.2
528300,30,0.1
528400,30,0.0
528500,30,0.0
528600,30,0.0
528700,30,0.0
528800,30,0.0
528900,30,0.0
529000,30,0.0
529100,30,0.0
529200,30,0.0
529300,30,0.0
529400,30,0.0
529500,120,0.0
529600,120,16.5
529700,120,34.8
529800,120,40.9
529900,120,43.7
530000,120,44.9
530100,120,45.5
530200,120,46.3
530300,120,45.8
530400,120,45.7
530500,120,45.9
530600,120,45.9
530700,120,45.7
530800,120,45.9
530900,120,46.2
531000,60,45.5
531100,60,41.7
531200,60,34.6
531300,60,30.9
531400,60,28.3
531500,60,26.4
531600,60,25.5
531700,60,24.9
531800,60,24.2
531900,60,24.0
532000,60,23.5
532100,60,22.6
532200,60,22.1
532300,60,21.2
532400,60,19.9
532500,30,18.1
532600,30,13.0
532700,30,5.9
532800,30,0.6
532900,30,0.0
533000,30,0.0
533100,30,0.0
533200,30,0.0
533300,30,0.0
533400,30,0.0
533500,30,0.0
533600,30,0.0
533700,30,0.0
533800,30,0.0
533900,30,0.0
534000,120,0.0
534100,120,15.4
534200,120,31.8
534300,120,37.8
534400,120,40.4
534500,120,43.0
534600,120,44.1
534700,120,44.3
534800,120,45.5
534900,120,45.4
535000,120,45.8
535100,120,45.8
535200,120,46.0
535300,120,45.4
535400,120,45.9
535500,150,45.3
535600,150,46.3
535700,150,48.9
535800,150,49.5
535900,150,49.2
536000,150,50.0
536100,150,50.3
536200,150,49.7
536300,150,50.3
536400,150,49.6
536500,150,48.0
536600,150,47.1
536700,150,45.9
536800,150,46.0
536900,150,48.2
537000,120,49.6
537100,120,47.4
537200,120,46.3
537300,120,45.8
537400,120,45.7
537500,120,45.9
537600,120,45.7
537700,120,45.9
537800,120,45.9
537900,120,45.5
538000,120,45.8
538100,120,46.0
538200,120,45.5
538300,120,45.9
538400,120,46.2
538500,30,45.5
538600,30,40.6
538700,30,30.7
538800,30,22.7
538900,30,16.3
539000,30,11.1
539100,30,6.6
539200,30,3.4
539300,30,0.4
539400,30,0.0
539500,30,0.0
539600,30,0.0
539700,30,0.0
539800,30,0.0
539900,30,0.0
540000,90,0.0
540100,90,10.3
540200,90,23.7
540300,90,29.6
540400,90,33.0
540500,90,33.0
540600,90,32.3
540700,90,31.9
540800,90,31.1
540900,90,33.0
541000,90,34.4
541100,90,35.2
541200,90,36.0
541300,90,36.5
541400,90,36.7
541500,120,37.4
541600,120,40.3
541700,120,43.1
541800,120,44.9
541900,120,45.8
542000,120,45.5
542100,120,45.4
542200,120,43.9
542300,120,43.6
542400,120,44.5
542500,120,44.8
542600,120,44.5
542700,120,45.5
542800,120,45.4
542900,120,45.7
543000,90,45.7
543100,90,42.3
543200,90,37.9
543300,90,36.1
543400,90,33.5
543500,90,31.2
543600,90,30.5
543700,90,31.8
543800,90,33.8
543900,90,35.6
544000,90,36.2
544100,90,36.7
544200,90,37.1
544300,90,37.1
544400,90,37.8
544500,120,37.9
544600,120,40.3
544700,120,44.0
544800,120,45.3
544900,120,44.8
545000,120,44.8
545100,120,44.3
545200,120,44.0
545300,120,45.0
545400,120,45.5
545500,120,44.9
545600,120,46.6
545700,120,45.7
545800,120,45.7
545900,120,45.8
546000,30,46.2
546100,30,39.7
546200,30,28.7
546300,30,17.3
546400,30,8.7
546500,30,1.9
546600,30,0.0
546700,30,0.0
546800,30,0.0
546900,30,0.0
547000,30,0.0
547100,30,0.0
547200,30,0.0
547300,30,0.0
547400,30,0.0
547500,150,0.0
547600,150,21.6
547700,150,40.3
547800,150,45.0
547900,150,48.0
548000,150,49.1
548100,150,49.0
548200,150,50.0
548300,150,50.1
548400,150,49.6
548500,150,50.3
548600,150,50.3
548700,150,49.2
548800,150,49.1
548900,150,48.5
549000,30,48.5
549100,30,43.1
549200,30,32.1
549300,30,23.0
549400,30,16.3
549500,30,11.4
549600,30,7.7
549700,30,5.1
549800,30,3.1
549900,30,1.4
550000,30,0.3
550100,30,0.0
550200,30,0.0
550300,30,0.0
550400,30,0.0
550500,90,0.0
550600,90,10.7
550700,90,24.5
550800,90,31.5
550900,90,34.8
551000,90,35.6
551100,90,35.5
551200,90,34.4
551300,90,33.9
551400,90,34.7
551500,90,32.9
551600,90,31.1
551700,90,31.8
551800,90,33.4
551900,90,34.6
552000,60,36.1
552100,60,33.7
552200,60,29.2
552300,60,26.8
552400,60,25.4
552500,60,24.5
552600,60,24.4
552700,60,23.9
552800,60,23.5
552900,60,23.6
553000,60,23.6
553100,60,23.2
553200,60,23.3
553300,60,23.3
553400,60,23.0
553500,30,23.1
553600,30,19.0
553700,30,12.6
553800,30,7.0
553900,30,2.7
554000,30,0.1
554100,30,0.0
554200,30,0.0
554300,30,0.0
554400,30,0.0
554500,30,0.0
554600,30,0.0
554700,30,0.0
554800,30,0.0
554900,30,0.0
555000,60,0.0
555100,60,2.8
555200,60,8.4
555300,60,12.6
555400,60,14.8
555500,60,16.5
555600,60,17.0
555700,60,17.9
555800,60,19.0
555900,60,19.9
556000,60,20.7
556100,60,21.3
556200,60,22.1
556300,60,21.7
556400,60,21.9
556500,30,22.2
556600,30,19.0
556700,30,13.8
556800,30,9.6
556900,30,6.6
557000,30,4.1
557100,30,2.4
557200,30,0.9
557300,30,0.0
557400,30,0.0
557500,30,0.0
557600,30,0.0
557700,30,0.0
557800,30,0.0
557900,30,0.0
558000,120,0.0
558100,120,16.7
558200,120,35.2
558300,120,40.9
558400,120,43.1
558500,120,44.3
558600,120,44.1
558700,120,43.1
558800,120,42.1
558900,120,41.8
559000,120,43.5
559100,120,44.5
559200,120,44.3
559300,120,45.0
559400,120,45.7
559500,30,45.8
559600,30,40.1
559700,30,30.1
559800,30,22.1
559900,30,16.2
560000,30,11.1
560100,30,7.4
560200,30,4.6
560300,30,2.2
560400,30,0.3
560500,30,0.0
560600,30,0.0
560700,30,0.0
560800,30,0.0
560900,30,0.0
561000,90,0.0
561100,90,10.5
561200,90,23.6
561300,90,29.8
561400,90,32.4
561500,90,33.2
561600,90,33.7
561700,90,34.7
561800,90,35.2
561900,90,36.4
562000,90,36.5
562100,90,36.5
562200,90,37.5
562300,90,37.9
562400,90,37.4
562500,120,36.7
562600,120,37.8
562700,120,40.4
562800,120,43.0
562900,120,42.5
563000,120,41.6
563100,120,43.1
563200,120,43.5
563300,120,44.6
563400,120,45.0
563500,120,44.8
563600,120,46.0
563700,120,46.0
563800,120,45.4
563900,120,45.9
564000,90,46.0
564100,90,43.5
564200,90,40.7
564300,90,38.4
564400,90,36.7
564500,90,36.4
564600,90,36.6
564700,90,36.6
564800,90,37.2
564900,90,37.1
565000,90,37.0
565100,90,37.9
565200,90,37.8
565300,90,36.7
565400,90,36.4
565500,60,36.6
565600,60,33.5
565700,60,29.2
565800,60,24.9
565900,60,21.2
566000,60,19.3
566100,60,17.7
566200,60,16.5
566300,60,16.6
566400,60,17.2
566500,60,18.4
566600,60,19.3
566700,60,19.5
566800,60,20.5
566900,60,21.0
567000,30,20.8
567100,30,17.6
567200,30,12.0
567300,30,7.8
567400,30,4.8
567500,30,2.8
567600,30,1.4
567700,30,0.1
567800,30,0.0
567900,30,0.0
568000,30,0.0
568100,30,0.0
568200,30,0.0
568300,30,0.0
568400,30,0.0
568500,150,0.0
568600,150,22.7
568700,150,43.2
568800,150,48.0
568900,150,49.6
569000,150,50.0
569100,150,49.5
569200,150,49.5
569300,150,48.9
569400,150,48.1
569500,150,49.1
569600,150,49.1
569700,150,49.7
569800,150,50.0
569900,150,49.9
570000,90,50.0
570100,90,44.4
570200,90,38.5
570300,90,37.4
570400,90,36.2
570500,90,34.6
570600,90,35.1
570700,90,35.3
570800,90,35.1
570900,90,36.0
571000,90,36.6
571100,90,36.7
571200,90,37.1
571300,90,37.4
571400,90,37.4
571500,60,38.0
571600,60,35.3
571700,60,30.6
571800,60,28.1
571900,60,26.3
572000,60,25.0
572100,60,24.5
572200,60,23.5
572300,60,22.1
572400,60,21.4
572500,60,20.9
572600,60,19.9
572700,60,19.9
572800,60,19.9
572900,60,20.7
573000,90,21.3
573100,90,25.5
573200,90,31.8
573300,90,34.3
573400,90,35.5
573500,90,36.9
573600,90,37.0
573700,90,36.2
573800,90,36.2
573900,90,36.5
574000,90,36.2
574100,90,36.6
574200,90,35.5
574300,90,34.3
574400,90,34.2
574500,150,34.4
574600,150,40.9
574700,150,47.6
574800,150,49.1
574900,150,49.4
575000,150,50.4
575100,150,50.4
575200,150,49.7
575300,150,50.3
575400,150,50.3
575500,150,49.2
575600,150,49.0
575700,150,48.7
575800,150,48.7
575900,150,49.9
576000,30,49.5
576100,30,44.1
576200,30,33.8
576300,30,24.2
576400,30,16.2
576500,30,8.4
576600,30,1.5
576700,30,0.0
576800,30,0.0
576900,30,0.0
577000,30,0.0
577100,30,0.0
577200,30,0.0
577300,30,0.0
577400,30,0.0
577500,60,0.0
577600,60,1.4
577700,60,5.7
577800,60,7.4
577900,60,8.2
578000,60,9.7
578100,60,11.4
578200,60,13.0
578300,60,14.7
578400,60,15.9
578500,60,17.5
578600,60,18.6
578700,60,19.0
578800,60,19.6
578900,60,20.0
579000,90,19.8
579100,90,24.1
579200,90,29.5
579300,90,32.4
579400,90,34.1
579500,90,35.1
579600,90,36.4
579700,90,36.7
579800,90,36.6
579900,90,37.5
580000,90,37.9
580100,90,37.8
580200,90,38.0
580300,90,37.9
580400,90,37.5
580500,120,37.9
580600,120,40.4
580700,120,42.6
580800,120,43.7
580900,120,44.1
581000,120,44.3
581100,120,45.4
581200,120,45.5
581300,120,45.3
581400,120,45.3
581500,120,44.9
581600,120,44.4
581700,120,44.8
581800,120,45.0
581900,120,44.0
582000,90,43.6
582100,90,40.9
582200,90,38.0
582300,90,37.6
582400,90,37.2
582500,90,37.2
582600,90,37.2
582700,90,37.2
582800,90,37.9
582900,90,37.9
583000,90,37.4
583100,90,37.6
583200,90,37.8
583300,90,37.2
583400,90,36.9
583500,30,36.0
583600,30,29.8
583700,30,20.4
583800,30,13.1
583900,30,8.0
584000,30,4.0
584100,30,0.6
584200,30,0.0
584300,30,0.0
584400,30,0.0
584500,30,0.0
584600,30,0.0
584700,30,0.0
584800,30,0.0
584900,30,0.0
585000,150,0.0
585100,150,22.2
585200,150,42.5
585300,150,47.4
585400,150,48.9
585500,150,50.0
585600,150,48.9
585700,150,48.2
585800,150,48.1
585900,150,48.3
586000,150,49.6
586100,150,49.5
586200,150,48.6
586300,150,49.1
586400,150,49.6
586500,30,49.7
586600,30,43.7
586700,30,33.3
586800,30,24.9
586900,30,18.5
587000,30,13.1
587100,30,8.9
587200,30,5.7
587300,30,3.2
587400,30,0.8
587500,30,-0.1
587600,30,0.0
587700,30,0.0
587800,30,0.0
587900,30,0.0
588000,120,0.0
588100,120,17.2
588200,120,35.3
588300,120,41.5
588400,120,44.4
588500,120,45.2
588600,120,44.4
588700,120,44.5
588800,120,43.9
588900,120,44.9
589000,120,45.4
589100,120,44.6
589200,120,45.2
589300,120,45.2
589400,120,44.5
589500,30,44.8
589600,30,38.5
589700,30,27.9
589800,30,20.4
589900,30,13.8
590000,30,8.4
590100,30,3.8
590200,30,0.3
590300,30,0.0
590400,30,0.0
590500,30,0.0
590600,30,0.0
590700,30,0.0
590800,30,0.0
590900,30,0.0
591000,60,0.0
591100,60,3.2
591200,60,8.4
591300,60,11.9
591400,60,14.2
591500,60,15.8
591600,60,16.8
591700,60,17.0
591800,60,16.8
591900,60,17.5
592000,60,18.2
592100,60,19.0
592200,60,19.9
592300,60,20.2
592400,60,21.2
592500,150,21.3
592600,150,33.4
592700,150,45.5
592800,150,48.7
592900,150,49.2
593000,150,49.9
593100,150,50.1
593200,150,49.6
593300,150,49.5
593400,150,48.9
593500,150,48.2
593600,150,49.2
593700,150,49.7
593800,150,49.4
593900,150,50.0
594000,30,49.1
594100,30,40.9
594200,30,28.6
594300,30,18.7
594400,30,12.0
594500,30,7.1
594600,30,3.4
594700,30,0.9
594800,30,0.0
594900,30,0.0
595000,30,0.0
595100,30,0.0
595200,30,0.0
595300,30,0.0
595400,30,0.0
595500,150,0.0
595600,150,22.7
595700,150,43.2
595800,150,47.7
595900,150,48.9
596000,150,48.9
596100,150,48.7
596200,150,49.7
596300,150,49.9
596400,150,49.5
596500,150,50.4
596600,150,50.5
596700,150,49.7
596800,150,50.4
596900,150,50.4
597000,120,49.6
597100,120,47.7
597200,120,45.2
597300,120,44.6
597400,120,45.3
597500,120,45.5
597600,120,44.4
597700,120,44.8
597800,120,44.9
597900,120,44.3
598000,120,44.6
598100,120,44.9
598200,120,44.5
598300,120,44.3
598400,120,43.2
598500,150,43.7
598600,150,46.8
598700,150,48.6
598800,150,49.5
598900,150,50.0
599000,150,49.6
599100,150,50.1
599200,150,50.0
599300,150,49.5
599400,150,50.0
599500,150,49.2
599600,150,48.3
599700,150,49.0
599800,150,49.5
599900,150,49.2
600000,60,49.6
600100,60,43.7
600200,60,34.3
600300,60,29.0
600400,60,24.9
600500,60,22.3
600600,60,21.9
600700,60,21.9
600800,60,22.3
600900,60,22.7
601000,60,23.0
601100,60,22.3
601200,60,21.9
601300,60,21.0
601400,60,20.3
601500,150,19.9
601600,150,32.4
601700,150,45.0
601800,150,48.3
601900,150,49.1
602000,150,49.9
602100,150,50.3
602200,150,49.9
602300,150,50.3
602400,150,50.3
602500,150,49.9
602600,150,50.0
602700,150,49.5
602800,150,48.7
602900,150,49.6
603000,30,50.0
603100,30,42.5
603200,30,31.2
603300,30,22.6
603400,30,15.7
603500,30,10.6
603600,30,6.3
603700,30,2.8
603800,30,0.3
603900,30,0.0
604000,30,0.0
604100,30,0.0
604200,30,0.0
604300,30,0.0
604400,30,0.0
604500,120,0.0
604600,120,16.5
604700,120,34.6
604800,120,40.6
604900,120,43.5
605000,120,44.5
605100,120,44.3
605200,120,44.3
605300,120,43.7
605400,120,43.4
605500,120,44.5
605600,120,45.2
605700,120,44.6
605800,120,45.4
605900,120,46.4
606000,90,45.4
606100,90,44.0
606200,90,40.9
606300,90,39.2
606400,90,38.5
606500,90,37.1
606600,90,35.8
606700,90,35.5
606800,90,35.6
606900,90,35.8
607000,90,36.9
607100,90,36.5
607200,90,35.2
607300,90,35.3
607400,90,35.2
607500,30,35.2
607600,30,29.8
607700,30,20.4
607800,30,13.9
607900,30,9.6
608000,30,6.3
608100,30,3.7
608200,30,1.9
608300,30,0.6
608400,30,0.0
608500,30,-0.1
608600,30,0.0
608700,30,0.0
608800,30,0.0
608900,30,0.0
609000,60,0.0
609100,60,4.1
609200,60,11.0
609300,60,15.7
609400,60,18.4
609500,60,19.6
609600,60,20.7
609700,60,21.0
609800,60,20.4
609900,60,20.4
610000,60,20.2
610100,60,19.5
610200,60,19.3
610300,60,19.5
610400,60,19.8
610500,30,20.7
610600,30,17.7
610700,30,12.0
610800,30,8.2
610900,30,5.4
611000,30,3.2
611100,30,1.7
611200,30,0.6
611300,30,0.0
611400,30,0.0
611500,30,0.0
611600,30,0.0
611700,30,0.0
611800,30,0.0
611900,30,0.0
612000,90,0.0
612100,90,10.5
612200,90,24.0
612300,90,30.7
612400,90,33.9
612500,90,36.1
612600,90,37.0
612700,90,37.0
612800,90,37.4
612900,90,37.8
613000,90,37.6
613100,90,38.1
613200,90,37.5
613300,90,36.4
613400,90,36.2
613500,150,36.4
613600,150,41.8
613700,150,47.7
613800,150,48.5
613900,150,48.9
614000,150,49.7
614100,150,49.7
614200,150,49.4
614300,150,50.0
614400,150,49.4
614500,150,49.2
614600,150,48.9
614700,150,48.6
614800,150,49.6
614900,150,49.9
615000,120,49.5
615100,120,48.5
615200,120,46.7
615300,120,45.8
615400,120,45.9
615500,120,46.0
615600,120,45.4
615700,120,45.9
615800,120,45.9
615900,120,44.9
616000,120,44.9
616100,120,44.5
616200,120,43.2
616300,120,43.6
616400,120,44.1
616500,60,43.9
616600,60,40.4
616700,60,34.3
616800,60,30.2
616900,60,27.8
617000,60,26.0
617100,60,24.2
617200,60,23.1
617300,60,21.8
617400,60,20.9
617500,60,20.5
617600,60,19.8
617700,60,20.2
617800,60,20.7
617900,60,20.9
618000,120,21.8
618100,120,30.4
618200,120,39.4
618300,120,43.2
618400,120,44.8
618500,120,45.2
618600,120,46.2
618700,120,45.9
618800,120,45.5
618900,120,45.9
619000,120,45.9
619100,120,45.5
619200,120,46.0
619300,120,45.9
619400,120,45.2
619500,60,44.5
619600,60,40.8
619700,60,34.2
619800,60,30.0
619900,60,27.0
620000,60,25.0
620100,60,24.0
620200,60,23.2
620300,60,22.7
620400,60,23.0
620500,60,22.8
620600,60,22.2
620700,60,21.4
620800,60,20.4
620900,60,20.0
621000,30,19.4
621100,30,14.7
621200,30,8.2
621300,30,3.2
621400,30,0.1
621500,30,0.0
621600,30,0.0
621700,30,0.0
621800,30,0.0
621900,30,0.0
622000,30,0.0
622100,30,0.0
622200,30,0.0
622300,30,0.0
622400,30,0.0
622500,120,0.0
622600,120,15.6
622700,120,34.1
622800,120,40.9
622900,120,43.1
623000,120,44.4
623100,120,45.0
623200,120,45.3
623300,120,46.3
623400,120,45.8
623500,120,45.7
623600,120,45.9
623700,120,45.8
623800,120,45.5
623900,120,46.0
624000,90,45.5
624100,90,42.6
624200,90,38.8
624300,90,35.7
624400,90,35.8
624500,90,36.4
624600,90,36.2
624700,90,36.9
624800,90,37.1
624900,90,37.0
625000,90,37.6
625100,90,37.6
625200,90,37.0
625300,90,36.6
625400,90,36.1
625500,30,35.6
625600,30,31.2
625700,30,22.7
625800,30,16.1
625900,30,11.4
626000,30,7.5
626100,30,4.1
626200,30,1.4
626300,30,0.0
626400,30,0.0
626500,30,0.0
626600,30,0.0
626700,30,0.0
626800,30,0.0
626900,30,0.0
627000,60,0.0
627100,60,4.1
627200,60,10.3
627300,60,14.4
627400,60,17.0
627500,60,18.9
627600,60,20.4
627700,60,21.4
627800,60,21.8
627900,60,22.3
628000,60,22.4
628100,60,22.2
628200,60,22.4
628300,60,22.4
628400,60,22.3
628500,120,23.0
628600,120,31.2
628700,120,39.8
628800,120,43.0
628900,120,43.6
629000,120,43.2
629100,120,43.4
629200,120,43.6
629300,120,43.5
629400,120,44.6
629500,120,45.2
629600,120,45.0
629700,120,45.2
629800,120,45.2
629900,120,45.8
630000,150,45.7
630100,150,47.2
630200,150,47.8
630300,150,48.9
630400,150,49.0
630500,150,49.6
630600,150,49.7
630700,150,49.5
630800,150,50.1
630900,150,50.0
631000,150,49.6
631100,150,50.4
631200,150,49.9
631300,150,48.6
631400,150,48.6
631500,120,48.2
631600,120,45.5
631700,120,44.4
631800,120,44.4
631900,120,44.6
632000,120,45.3
632100,120,46.3
632200,120,45.3
632300,120,46.2
632400,120,45.9
632500,120,45.4
632600,120,46.0
632700,120,45.9
632800,120,45.5
632900,120,46.0
633000,90,45.9
633100,90,43.7
633200,90,41.3
633300,90,39.8
633400,90,38.5
633500,90,38.5
633600,90,38.0
633700,90,38.4
633800,90,38.3
633900,90,37.1
634000,90,36.9
634100,90,35.6
634200,90,33.9
634300,90,34.2
634400,90,35.2
634500,30,35.7
634600,30,31.1
634700,30,22.7
634800,30,16.2
634900,30,11.5
635000,30,7.4
635100,30,4.3
635200,30,1.9
635300,30,0.6
635400,30,0.0
635500,30,0.0
635600,30,0.0
635700,30,0.0
635800,30,0.0
635900,30,0.0
636000,60,0.0
636100,60,3.8
636200,60,10.7
636300,60,14.8
636400,60,17.6
636500,60,19.4
636600,60,20.3
636700,60,21.3
636800,60,21.7
636900,60,22.3
637000,60,22.7
637100,60,22.4
637200,60,22.2
637300,60,21.2
637400,60,20.3
637500,90,19.8
637600,90,23.5
637700,90,28.7
637800,90,32.5
637900,90,34.4
638000,90,35.3
638100,90,36.2
638200,90,36.5
638300,90,36.7
638400,90,37.4
638500,90,37.5
638600,90,37.1
638700,90,37.6
638800,90,37.9
638900,90,37.6
639000,60,37.8
639100,60,33.8
639200,60,28.4
639300,60,24.2
639400,60,20.7
639500,60,18.1
639600,60,16.7
639700,60,15.8
639800,60,15.9
639900,60,16.5
640000,60,17.7
640100,60,19.0
640200,60,19.1
640300,60,19.3
640400,60,20.3
640500,30,21.0
640600,30,18.0
640700,30,12.9
640800,30,8.8
640900,30,5.7
641000,30,3.7
641100,30,2.2
641200,30,0.6
641300,30,0.0
641400,30,0.0
641500,30,0.0
641600,30,0.0
641700,30,0.0
641800,30,0.0
641900,30,0.0
642000,150,0.0
642100,150,22.8
642200,150,43.2
642300,150,48.0
642400,150,49.1
642500,150,50.1
642600,150,49.7
642700,150,48.9
642800,150,49.4
642900,150,49.7
643000,150,49.6
643100,150,50.0
643200,150,49.9
643300,150,50.4
643400,150,50.5
643500,60,49.9
643600,60,45.8
643700,60,38.3
643800,60,32.1
643900,60,28.2
644000,60,24.4
644100,60,20.4
644200,60,18.4
644300,60,17.5
644400,60,17.3
644500,60,18.1
644600,60,18.9
644700,60,19.8
644800,60,20.5
644900,60,20.3
645000,90,20.2
645100,90,25.3
645200,90,31.5
645300,90,34.2
645400,90,36.1
645500,90,36.7
645600,90,36.7
645700,90,37.6
645800,90,37.6
645900,90,36.7
646000,90,36.2
646100,90,35.5
646200,90,34.8
646300,90,35.7
646400,90,35.7
646500,60,36.7
646600,60,33.8
646700,60,29.3
646800,60,27.2
646900,60,25.8
647000,60,24.5
647100,60,23.9
647200,60,23.3
647300,60,22.8
647400,60,23.0
647500,60,23.2
647600,60,23.0
647700,60,23.3
647800,60,23.3
647900,60,22.4
648000,120,21.6
648100,120,29.5
648200,120,37.2
648300,120,39.5
648400,120,41.1
648500,120,42.2
648600,120,43.6
648700,120,44.0
648800,120,44.8
648900,120,46.4
649000,120,45.8
649100,120,45.7
649200,120,45.9
649300,120,45.9
649400,120,45.4
649500,150,46.2
649600,150,46.8
649700,150,49.1
649800,150,49.9
649900,150,49.5
650000,150,50.3
650100,150,50.5
650200,150,50.0
650300,150,50.5
650400,150,50.6
650500,150,50.1
650600,150,49.9
650700,150,48.2
650800,150,47.2
650900,150,48.5
651000,120,49.4
651100,120,47.2
651200,120,46.0
651300,120,45.7
651400,120,45.7
651500,120,45.9
651600,120,45.9
651700,120,45.5
651800,120,45.8
651900,120,45.9
652000,120,45.4
652100,120,45.0
652200,120,45.3
652300,120,44.8
652400,120,45.3
652500,60,45.7
652600,60,41.8
652700,60,35.6
652800,60,30.9
652900,60,28.4
653000,60,26.8
653100,60,25.4
653200,60,24.7
653300,60,23.3
653400,60,21.4
653500,60,19.1
653600,60,16.3
653700,60,13.4
653800,60,11.0
653900,60,9.7
654000,30,9.9
654100,30,6.8
654200,30,0.8
654300,30,0.0
654400,30,0.0
654500,30,0.0
654600,30,0.0
654700,30,0.0
654800,30,0.0
654900,30,0.0
655000,30,0.0
655100,30,0.0
655200,30,0.0
655300,30,0.0
655400,30,0.0
655500,60,0.0
655600,60,2.6
655700,60,6.9
655800,60,9.3
655900,60,11.6
656000,60,13.3
656100,60,14.8
656200,60,16.1
656300,60,17.5
656400,60,18.5
656500,60,18.2
656600,60,18.2
656700,60,19.5
656800,60,20.9
656900,60,21.6
657000,30,22.4
657100,30,19.3
657200,30,13.6
657300,30,9.2
657400,30,5.9
657500,30,2.9
657600,30,0.6
657700,30,0.0
657800,30,0.0
657900,30,0.0
658000,30,0.0
658100,30,0.0
658200,30,0.0
658300,30,0.0
658400,30,0.0
658500,120,0.0
658600,120,17.1
658700,120,34.6
658800,120,41.7
658900,120,44.4
659000,120,44.9
659100,120,44.9
659200,120,44.1
659300,120,44.4
659400,120,45.0
659500,120,45.4
659600,120,46.3
659700,120,45.9
659800,120,45.7
659900,120,45.9
660000,60,46.0
660100,60,41.7
660200,60,36.0
660300,60,31.9
660400,60,27.8
660500,60,24.0
660600,60,20.7
660700,60,17.9
660800,60,16.2
660900,60,15.2
661000,60,15.3
661100,60,15.8
661200,60,16.5
661300,60,17.2
661400,60,18.1
661500,30,19.5
661600,30,16.3
661700,30,10.1
661800,30,5.4
661900,30,1.7
662000,30,0.0
662100,30,0.0
662200,30,0.0
662300,30,0.0
662400,30,0.0
662500,30,0.0
662600,30,0.0
662700,30,0.0
662800,30,0.0
662900,30,0.0
663000,60,0.0
663100,60,3.3
663200,60,9.4
663300,60,14.0
663400,60,17.2
663500,60,19.3
663600,60,20.5
663700,60,21.3
663800,60,21.7
663900,60,21.7
664000,60,21.9
664100,60,21.8
664200,60,21.8
664300,60,22.3
664400,60,22.6
664500,150,22.7
664600,150,35.2
664700,150,45.5
664800,150,47.2
664900,150,48.3
665000,150,49.2
665100,150,49.2
665200,150,49.7
665300,150,50.1
665400,150,49.9
665500,150,50.4
665600,150,49.9
665700,150,50.6
665800,150,50.5
665900,150,48.0
666000,30,46.8
666100,30,38.9
666200,30,26.1
666300,30,16.8
666400,30,9.4
666500,30,4.5
666600,30,1.0
666700,30,0.0
666800,30,0.0
666900,30,0.0
667000,30,0.0
667100,30,0.0
667200,30,0.0
667300,30,0.0
667400,30,0.0
667500,90,0.0
667600,90,9.7
667700,90,22.7
667800,90,29.1
667900,90,32.9
668000,90,35.1
668100,90,36.9
668200,90,37.4
668300,90,37.1
668400,90,37.5
668500,90,37.8
668600,90,37.5
668700,90,37.8
668800,90,36.9
668900,90,36.6
669000,60,35.8
669100,60,32.8
669200,60,29.3
669300,60,26.8
669400,60,25.1
669500,60,24.4
669600,60,23.5
669700,60,23.1
669800,60,23.1
669900,60,23.5
670000,60,23.2
670100,60,23.3
670200,60,23.5
670300,60,23.0
670400,60,23.2
670500,120,23.3
670600,120,31.2
670700,120,40.8
670800,120,43.0
670900,120,41.8
671000,120,41.8
671100,120,42.1
671200,120,42.6
671300,120,44.0
671400,120,44.5
671500,120,44.6
671600,120,46.3
671700,120,45.8
671800,120,45.7
671900,120,45.9
672000,30,45.5
672100,30,39.5
672200,30,28.3
672300,30,18.7
672400,30,11.2
672500,30,4.6
672600,30,0.1
672700,30,0.0
672800,30,0.0
672900,30,0.0
673000,30,0.0
673100,30,0.0
673200,30,0.0
673300,30,0.0
673400,30,0.0
673500,150,0.0
673600,150,21.9
673700,150,42.2
673800,150,47.2
673900,150,49.2
674000,150,49.5
674100,150,49.6
674200,150,50.1
674300,150,50.3
674400,150,49.7
674500,150,50.5
674600,150,49.6
674700,150,46.7
674800,150,45.7
674900,150,46.3
675000,90,46.8
675100,90,44.8
675200,90,40.7
675300,90,39.5
675400,90,38.9
675500,90,38.3
675600,90,38.1
675700,90,37.9
675800,90,37.6
675900,90,38.3
676000,90,38.0
676100,90,36.9
676200,90,36.6
676300,90,36.0
676400,90,36.0
676500,150,36.7
676600,150,42.6
676700,150,47.1
676800,150,49.5
676900,150,50.3
677000,150,49.9
677100,150,50.4
677200,150,50.5
677300,150,49.5
677400,150,48.3
677500,150,47.6
677600,150,46.9
677700,150,48.2
677800,150,49.2
677900,150,49.2
678000,60,50.4
678100,60,45.4
678200,60,37.4
678300,60,32.7
678400,60,29.1
678500,60,27.4
678600,60,26.1
678700,60,24.6
678800,60,23.2
678900,60,21.6
679000,60,20.3
679100,60,19.4
679200,60,18.5
679300,60,18.1
679400,60,19.0
679500,90,19.6
679600,90,24.4
679700,90,30.9
679800,90,34.2
679900,90,35.1
680000,90,36.7
680100,90,37.4
680200,90,37.2
680300,90,37.9
680400,90,38.0
680500,90,37.8
680600,90,38.3
680700,90,36.7
680800,90,33.2
680900,90,31.6
681000,30,30.9
681100,30,23.5
681200,30,12.9
681300,30,4.3
681400,30,0.0
681500,30,0.0
681600,30,0.0
681700,30,0.1
681800,30,0.0
681900,30,0.0
682000,30,0.0
682100,30,0.0
682200,30,0.0
682300,30,0.0
682400,30,0.0
682500,150,0.0
682600,150,21.4
682700,150,41.5
682800,150,47.3
682900,150,49.4
683000,150,50.0
683100,150,49.9
683200,150,50.4
683300,150,50.3
683400,150,49.9
683500,150,50.4
683600,150,49.6
683700,150,48.7
683800,150,49.5
683900,150,50.0
684000,60,49.6
684100,60,45.3
684200,60,38.0
684300,60,32.8
684400,60,29.7
684500,60,27.7
684600,60,25.8
684700,60,25.3
684800,60,24.5
684900,60,24.0
685000,60,22.7
685100,60,20.8
685200,60,18.7
685300,60,17.3
685400,60,16.5
685500,30,15.7
685600,30,11.0
685700,30,1.9
685800,30,0.0
685900,30,0.0
686000,30,0.0
686100,30,0.0
686200,30,0.0
686300,30,0.0
686400,30,0.0
686500,30,0.0
686600,30,0.0
686700,30,0.0
686800,30,0.0
686900,30,0.0
687000,120,0.0
687100,120,15.1
687200,120,31.6
687300,120,38.9
687400,120,42.0
687500,120,43.4
687600,120,44.6
687700,120,46.0
687800,120,45.5
687900,120,46.0
688000,120,45.4
688100,120,46.0
688200,120,45.8
688300,120,45.4
688400,120,45.0
688500,60,44.1
688600,60,39.5
688700,60,33.7
688800,60,29.7
688900,60,26.4
689000,60,25.3
689100,60,24.6
689200,60,24.1
689300,60,24.0
689400,60,23.6
689500,60,23.2
689600,60,23.3
689700,60,23.2
689800,60,23.1
689900,60,23.3
690000,150,23.2
690100,150,34.1
690200,150,43.9
690300,150,46.2
690400,150,45.3
690500,150,46.6
690600,150,48.1
690700,150,49.2
690800,150,50.0
690900,150,50.3
691000,150,50.0
691100,150,50.3
691200,150,49.9
691300,150,50.6
691400,150,50.4
691500,120,49.2
691600,120,47.7
691700,120,45.5
691800,120,45.7
691900,120,45.7
692000,120,46.3
692100,120,45.4
692200,120,46.0
692300,120,45.9
692400,120,45.4
692500,120,45.9
692600,120,45.9
692700,120,44.3
692800,120,42.9
692900,120,41.8
693000,150,42.5
693100,150,46.3
693200,150,49.0
693300,150,49.6
693400,150,50.3
693500,150,50.3
693600,150,49.9
693700,150,50.5
693800,150,50.4
693900,150,48.9
694000,150,48.9
694100,150,49.0
694200,150,49.0
694300,150,50.0
694400,150,49.6
694500,30,50.5
694600,30,44.6
694700,30,33.7
694800,30,25.5
694900,30,18.5
695000,30,12.6
695100,30,8.3
695200,30,4.3
695300,30,0.9
695400,30,0.0
695500,30,0.0
695600,30,0.0
695700,30,0.0
695800,30,0.0
695900,30,0.0
696000,90,0.0
696100,90,10.1
696200,90,22.8
696300,90,28.8
696400,90,30.9
696500,90,30.7
696600,90,30.6
696700,90,29.7
696800,90,29.2
696900,90,31.4
697000,90,34.2
697100,90,35.6
697200,90,36.7
697300,90,37.1
697400,90,37.1
697500,150,37.9
697600,150,42.9
697700,150,48.1
697800,150,49.9
697900,150,49.9
698000,150,50.0
698100,150,49.5
698200,150,48.7
698300,150,49.7
698400,150,50.1
698500,150,49.6
698600,150,50.4
698700,150,50.6
698800,150,50.0
698900,150,50.4
699000,120,49.9
699100,120,47.3
699200,120,44.5
699300,120,42.7
699400,120,41.5
699500,120,43.1
699600,120,44.5
699700,120,44.4
699800,120,45.5
699900,120,46.3
700000,120,45.4
700100,120,46.0
700200,120,46.0
700300,120,45.3
700400,120,45.9
700500,150,45.8
700600,150,45.9
700700,150,48.3
700800,150,48.9
700900,150,49.9
701000,150,50.1
701100,150,49.9
701200,150,50.4
701300,150,50.5
701400,150,49.2
701500,150,48.9
701600,150,48.3
701700,150,46.3
701800,150,45.7
701900,150,47.6
702000,30,49.0
702100,30,43.9
702200,30,32.8
702300,30,24.1
702400,30,17.7
702500,30,12.9
702600,30,8.8
702700,30,5.6
702800,30,3.2
702900,30,1.1
703000,30,0.0
703100,30,0.0
703200,30,0.0
703300,30,0.0
703400,30,0.0
703500,120,0.0
703600,120,17.0
703700,120,35.5
703800,120,41.3
703900,120,44.3
704000,120,45.3
704100,120,45.3
704200,120,45.3
704300,120,44.1
704400,120,44.5
704500,120,44.9
704600,120,45.2
704700,120,46.3
704800,120,45.9
704900,120,45.5
705000,150,45.9
705100,150,47.4
705200,150,48.3
705300,150,49.6
705400,150,49.0
705500,150,47.2
705600,150,47.2
705700,150,48.6
705800,150,49.1
705900,150,49.7
706000,150,50.3
706100,150,49.9
706200,150,50.4
706300,150,50.4
706400,150,50.0
706500,90,50.3
706600,90,45.7
706700,90,40.1
706800,90,37.8
706900,90,37.0
707000,90,36.6
707100,90,37.2
707200,90,36.9
707300,90,37.5
707400,90,37.9
707500,90,37.6
707600,90,38.0
707700,90,37.5
707800,90,35.5
707900,90,34.8
708000,30,35.2
708100,30,28.6
708200,30,15.9
708300,30,5.6
708400,30,0.0
708500,30,0.0
708600,30,0.0
708700,30,0.0
708800,30,0.0
708900,30,0.0
709000,30,0.0
709100,30,0.0
709200,30,0.0
709300,30,0.0
709400,30,0.0
709500,150,0.0
709600,150,19.8
709700,150,39.8
709800,150,46.2
709900,150,48.3
710000,150,49.7
710100,150,49.7
710200,150,49.6
710300,150,50.4
710400,150,49.9
710500,150,50.4
710600,150,50.4
710700,150,49.7
710800,150,49.7
710900,150,49.2
711000,30,48.9
711100,30,43.5
711200,30,32.8
711300,30,23.7
711400,30,17.0
711500,30,11.7
711600,30,7.9
711700,30,5.0
711800,30,3.1
711900,30,1.0
712000,30,0.1
712100,30,0.0
712200,30,0.0
712300,30,0.0
712400,30,0.0
712500,60,0.0
712600,60,4.2
712700,60,11.5
712800,60,15.7
712900,60,18.6
713000,60,20.4
713100,60,21.0
713200,60,21.8
713300,60,21.4
713400,60,20.4
713500,60,20.2
713600,60,19.9
713700,60,20.7
713800,60,21.3
713900,60,21.0
714000,30,20.3
714100,30,14.0
714200,30,5.0
714300,30,0.1
714400,30,0.0
714500,30,0.0
714600,30,0.0
714700,30,0.0
714800,30,0.0
714900,30,0.0
715000,30,0.0
715100,30,0.0
715200,30,0.0
715300,30,0.0
715400,30,0.0
715500,120,0.0
715600,120,15.1
715700,120,31.8
715800,120,38.0
715900,120,41.2
716000,120,42.9
716100,120,44.5
716200,120,44.6
716300,120,44.6
716400,120,45.8
716500,120,46.4
716600,120,45.3
716700,120,46.2
716800,120,45.4
716900,120,45.8
717000,30,44.9
717100,30,37.2
717200,30,26.8
717300,30,18.6
717400,30,12.5
717500,30,7.9
717600,30,4.2
717700,30,1.3
717800,30,0.0
717900,30,0.0
718000,30,0.0
718100,30,0.0
718200,30,0.0
718300,30,0.0
718400,30,0.0
718500,60,0.0
718600,60,4.1
718700,60,10.6
718800,60,15.1
718900,60,17.5
719000,60,19.1
719100,60,19.8
719200,60,20.4
719300,60,21.4
719400,60,21.9
719500,60,22.3
719600,60,22.8
719700,60,23.0
719800,60,22.4
719900,60,21.6
720000,90,19.5
720100,90,22.3
720200,90,27.7
720300,90,31.4
720400,90,33.4
720500,90,32.5
720600,90,31.8
720700,90,33.3
720800,90,34.2
720900,90,34.7
721000,90,35.8
721100,90,36.6
721200,90,36.5
721300,90,37.1
721400,90,37.5
721500,150,37.5
721600,150,43.2
721700,150,48.3
721800,150,49.1
721900,150,50.1
722000,150,49.6
722100,150,48.7
722200,150,49.2
722300,150,49.7
722400,150,49.5
722500,150,50.0
722600,150,50.3
722700,150,49.7
722800,150,49.9
722900,150,49.4
723000,60,49.2
723100,60,44.1
723200,60,33.7
723300,60,27.3
723400,60,23.1
723500,60,20.4
723600,60,19.9
723700,60,20.2
723800,60,20.3
723900,60,20.9
724000,60,21.6
724100,60,21.4
724200,60,21.4
724300,60,21.6
724400,60,21.7
724500,90,22.3
724600,90,26.9
724700,90,32.0
724800,90,34.8
724900,90,36.1
725000,90,36.5
725100,90,37.2
725200,90,37.4
725300,90,36.4
725400,90,36.0
725500,90,35.2
725600,90,34.8
725700,90,35.7
725800,90,36.4
725900,90,36.5
726000,30,37.1
726100,30,32.4
726200,30,24.1
726300,30,17.9
726400,30,12.5
726500,30,8.4
726600,30,4.8
726700,30,1.9
726800,30,0.0
726900,30,0.0
727000,30,0.0
727100,30,0.0
727200,30,0.0
727300,30,0.0
727400,30,0.0
727500,90,0.0
727600,90,10.5
727700,90,23.9
727800,90,29.1
727900,90,30.4
728000,90,31.9
728100,90,33.8
728200,90,34.6
728300,90,33.8
728400,90,34.1
728500,90,34.4
728600,90,34.9
728700,90,35.6
728800,90,36.1
728900,90,36.9
729000,30,37.0
729100,30,31.9
729200,30,24.0
729300,30,17.6
729400,30,12.4
729500,30,8.8
729600,30,5.7
729700,30,3.4
729800,30,1.7
729900,30,0.0
730000,30,0.0
730100,30,0.0
730200,30,0.0
730300,30,0.0
730400,30,0.0
730500,90,0.0
730600,90,10.5
730700,90,24.6
730800,90,31.1
730900,90,34.4
731000,90,36.0
731100,90,36.6
731200,90,37.2
731300,90,36.7
731400,90,35.8
731500,90,35.8
731600,90,36.1
731700,90,36.2
731800,90,37.1
731900,90,37.2
732000,150,37.1
732100,150,43.1
732200,150,48.1
732300,150,48.3
732400,150,49.2
732500,150,49.5
732600,150,48.7
732700,150,48.2
732800,150,47.6
732900,150,48.7
733000,150,49.5
733100,150,49.2
733200,150,49.7
733300,150,50.1
733400,150,49.6
733500,90,50.1
733600,90,46.8
733700,90,42.1
733800,90,39.8
733900,90,37.5
734000,90,35.8
734100,90,35.5
734200,90,35.8
734300,90,36.0
734400,90,36.9
734500,90,37.0
734600,90,36.9
734700,90,37.8
734800,90,37.8
734900,90,36.5
735000,30,34.7
735100,30,27.6
735200,30,18.0
735300,30,11.2
735400,30,6.5
735500,30,2.8
735600,30,0.3
735700,30,0.0
735800,30,0.0
735900,30,0.0
736000,30,0.0
736100,30,0.0
736200,30,0.0
736300,30,0.0
736400,30,0.0
736500,120,0.0
736600,120,16.1
736700,120,34.3
736800,120,40.7
736900,120,42.5
737000,120,43.5
737100,120,43.7
737200,120,44.1
737300,120,45.0
737400,120,45.3
737500,120,45.3
737600,120,46.3
737700,120,45.8
737800,120,45.5
737900,120,45.9
738000,150,46.0
738100,150,47.1
738200,150,48.7
738300,150,49.0
738400,150,49.0
738500,150,50.0
738600,150,50.1
738700,150,49.6
738800,150,50.0
738900,150,49.6
739000,150,48.9
739100,150,49.5
739200,150,49.0
739300,150,48.7
739400,150,48.5
739500,60,48.3
739600,60,44.1
739700,60,36.7
739800,60,31.1
739900,60,28.1
740000,60,26.4
740100,60,25.1
740200,60,24.9
740300,60,24.2
740400,60,23.6
740500,60,23.5
740600,60,23.0
740700,60,22.4
740800,60,23.0
740900,60,22.8
741000,30,22.7
741100,30,19.5
741200,30,12.9
741300,30,7.1
741400,30,2.2
741500,30,-0.1
741600,30,0.0
741700,30,0.0
741800,30,0.0
741900,30,0.0
742000,30,0.0
742100,30,0.0
742200,30,0.0
742300,30,0.0
742400,30,0.0
742500,150,0.0
742600,150,22.1
742700,150,41.6
742800,150,46.9
742900,150,48.6
743000,150,49.0
743100,150,49.7
743200,150,50.0
743300,150,49.4
743400,150,48.9
743500,150,48.0
743600,150,47.8
743700,150,49.4
743800,150,49.6
743900,150,48.9
744000,120,49.0
744100,120,47.6
744200,120,45.3
744300,120,45.9
744400,120,46.0
744500,120,45.5
744600,120,46.0
744700,120,46.0
744800,120,45.5
744900,120,45.9
745000,120,45.9
745100,120,45.4
745200,120,46.0
745300,120,46.0
745400,120,45.4
745500,30,46.3
745600,30,39.7
745700,30,29.8
745800,30,21.7
745900,30,15.1
746000,30,9.7
746100,30,5.5
746200,30,2.3
746300,30,0.1
746400,30,0.0
746500,30,0.0
746600,30,0.0
746700,30,0.0
746800,30,0.0
746900,30,0.0
747000,150,0.0
747100,150,22.2
747200,150,42.9
747300,150,48.0
747400,150,48.6
747500,150,49.6
747600,150,48.9
747700,150,48.1
747800,150,48.9
747900,150,49.4
748000,150,49.4
748100,150,49.7
748200,150,50.1
748300,150,49.7
748400,150,50.1
748500,30,50.1
748600,30,43.5
748700,30,33.2
748800,30,23.5
748900,30,15.4
749000,30,9.4
749100,30,4.2
749200,30,0.1
749300,30,0.0
749400,30,0.0
749500,30,0.0
749600,30,0.0
749700,30,0.0
749800,30,0.0
749900,30,0.0
750000,90,0.0
750100,90,9.4
750200,90,22.4
750300,90,28.1
750400,90,31.8
750500,90,34.2
750600,90,35.2
750700,90,36.6
750800,90,36.9
750900,90,36.9
751000,90,37.0
751100,90,35.7
751200,90,34.4
751300,90,34.2
751400,90,34.7
751500,60,35.5
751600,60,34.1
751700,60,30.0
751800,60,26.7
751900,60,24.2
752000,60,22.3
752100,60,21.0
752200,60,20.0
752300,60,20.0
752400,60,20.7
752500,60,21.0
752600,60,21.3
752700,60,22.2
752800,60,22.1
752900,60,21.8
753000,120,22.3
753100,120,30.9
753200,120,40.1
753300,120,43.7
753400,120,44.9
753500,120,44.8
753600,120,46.4
753700,120,45.7
753800,120,45.7
753900,120,45.9
754000,120,46.2
754100,120,45.4
754200,120,46.0
754300,120,45.9
754400,120,45.5
754500,60,46.2
754600,60,41.3
754700,60,33.8
754800,60,29.5
754900,60,26.7
755000,60,25.0
755100,60,24.0
755200,60,22.6
755300,60,21.4
755400,60,20.4
755500,60,19.5
755600,60,18.7
755700,60,18.2
755800,60,18.2
755900,60,19.1
756000,150,19.9
756100,150,32.8
756200,150,45.8
756300,150,48.9
756400,150,49.5
756500,150,50.3
756600,150,50.1
756700,150,49.6
756800,150,50.4
756900,150,50.1
757000,150,48.7
757100,150,48.7
757200,150,49.1
757300,150,49.2
757400,150,50.0
757500,60,49.7
757600,60,43.5
757700,60,34.9
757800,60,29.5
757900,60,24.9
758000,60,23.1
758100,60,22.7
758200,60,22.6
758300,60,23.2
758400,60,23.0
758500,60,23.1
758600,60,22.8
758700,60,21.8
758800,60,21.2
758900,60,20.5
759000,90,19.9
759100,90,24.0
759200,90,30.4
759300,90,33.4
759400,90,35.7
759500,90,36.6
759600,90,36.9
759700,90,37.6
759800,90,38.1
759900,90,37.8
760000,90,38.0
760100,90,38.0
760200,90,37.9
760300,90,38.3
760400,90,38.0
760500,120,37.0
760600,120,39.5
760700,120,42.6
760800,120,44.0
760900,120,45.0
761000,120,44.8
761100,120,44.4
761200,120,45.4
761300,120,45.4
761400,120,44.9
761500,120,45.4
761600,120,45.9
761700,120,45.7
761800,120,45.0
761900,120,43.7
762000,150,44.4
762100,150,47.2
762200,150,48.9
762300,150,50.0
762400,150,50.5
762500,150,50.0
762600,150,50.5
762700,150,50.4
762800,150,50.1
762900,150,50.1
763000,150,49.5
763100,150,48.3
763200,150,49.4
763300,150,49.9
763400,150,49.1
763500,90,49.1
763600,90,45.5
763700,90,40.4
763800,90,38.5
763900,90,38.0
764000,90,37.9
764100,90,38.4
764200,90,38.0
764300,90,37.0
764400,90,36.6
764500,90,36.1
764600,90,36.1
764700,90,37.0
764800,90,37.2
764900,90,37.6
765000,30,37.9
765100,30,32.8
765200,30,24.9
765300,30,18.4
765400,30,13.0
765500,30,9.3
765600,30,6.1
765700,30,3.3
765800,30,1.3
765900,30,0.0
766000,30,0.0
766100,30,0.0
766200,30,0.0
766300,30,0.0
766400,30,0.0
766500,90,0.0
766600,90,9.8
766700,90,23.5
766800,90,30.7
766900,90,34.2
767000,90,36.5
767100,90,37.2
767200,90,36.6
767300,90,36.7
767400,90,36.1
767500,90,36.0
767600,90,36.6
767700,90,36.5
767800,90,35.5
767900,90,36.0
768000,150,36.5
768100,150,42.9
768200,150,48.0
768300,150,48.9
768400,150,49.9
768500,150,50.1
768600,150,48.9
768700,150,49.0
768800,150,48.9
768900,150,49.1
769000,150,50.0
769100,150,49.9
769200,150,49.6
769300,150,50.4
769400,150,50.3
769500,90,49.9
769600,90,46.9
769700,90,42.7
769800,90,38.9
769900,90,37.5
770000,90,36.2
770100,90,36.0
770200,90,36.5
770300,90,36.2
770400,90,34.8
770500,90,34.8
770600,90,35.5
770700,90,35.7
770800,90,36.2
770900,90,36.9
771000,150,37.1
771100,150,43.4
771200,150,48.2
771300,150,49.4
771400,150,49.2
771500,150,48.7
771600,150,49.6
771700,150,50.1
771800,150,49.5
771900,150,50.3
772000,150,50.4
772100,150,50.0
772200,150,50.5
772300,150,50.5
772400,150,50.0
772500,30,49.9
772600,30,42.9
772700,30,31.1
772800,30,22.6
772900,30,15.2
773000,30,9.2
773100,30,4.3
773200,30,0.5
773300,30,0.0
773400,30,0.0
773500,30,0.0
773600,30,0.0
773700,30,0.0
773800,30,0.0
773900,30,0.0
774000,60,0.0
774100,60,3.4
774200,60,9.2
774300,60,13.1
774400,60,15.6
774500,60,16.6
774600,60,17.3
774700,60,18.2
774800,60,20.0
774900,60,21.0
775000,60,21.4
775100,60,21.9
775200,60,21.9
775300,60,21.9
775400,60,22.2
775500,30,22.2
775600,30,18.7
775700,30,13.1
775800,30,9.1
775900,30,5.9
776000,30,3.6
776100,30,1.7
776200,30,0.0
776300,30,0.0
776400,30,0.0
776500,30,0.0
776600,30,0.0
776700,30,0.0
776800,30,0.0
776900,30,0.0
777000,150,0.0
777100,150,22.2
777200,150,43.1
777300,150,47.8
777400,150,48.0
777500,150,48.7
777600,150,48.9
777700,150,49.7
777800,150,49.7
777900,150,49.6
778000,150,50.1
778100,150,50.1
778200,150,49.7
778300,150,50.4
778400,150,50.3
778500,60,49.0
778600,60,43.6
778700,60,35.2
778800,60,29.5
778900,60,25.5
779000,60,23.0
779100,60,21.2
779200,60,19.3
779300,60,18.4
779400,60,18.6
779500,60,19.5
779600,60,20.3
779700,60,20.7
779800,60,21.3
779900,60,21.8
780000,120,22.1
780100,120,31.1
780200,120,40.4
780300,120,43.2
780400,120,45.0
780500,120,44.9
780600,120,44.0
780700,120,44.4
780800,120,44.3
780900,120,45.5
781000,120,45.2
781100,120,45.3
781200,120,45.4
781300,120,46.0
781400,120,45.4
781500,150,46.3
781600,150,47.6
781700,150,49.1
781800,150,49.6
781900,150,49.2
782000,150,48.5
782100,150,48.6
782200,150,49.0
782300,150,49.0
782400,150,50.0
782500,150,50.1
782600,150,49.6
782700,150,50.3
782800,150,50.4
782900,150,49.2
783000,120,49.1
783100,120,46.9
783200,120,45.3
783300,120,46.3
783400,120,45.7
783500,120,45.7
783600,120,45.9
783700,120,46.0
783800,120,45.5
783900,120,46.0
784000,120,45.5
784100,120,45.9
784200,120,45.9
784300,120,45.4
784400,120,45.2
784500,150,43.6
784600,150,45.4
784700,150,48.1
784800,150,49.4
784900,150,49.5
785000,150,50.4
785100,150,50.5
785200,150,49.9
785300,150,50.4
785400,150,49.9
785500,150,48.9
785600,150,49.4
785700,150,49.9
785800,150,49.7
785900,150,50.1
786000,30,50.4
786100,30,44.1
786200,30,34.3
786300,30,25.8
786400,30,18.9
786500,30,14.0
786600,30,9.9
786700,30,6.8
786800,30,4.7
786900,30,3.1
787000,30,1.7
787100,30,0.6
787200,30,0.0
787300,30,0.0
787400,30,0.0
787500,60,0.0
787600,60,4.7
787700,60,11.6
787800,60,15.9
787900,60,18.9
788000,60,20.4
788100,60,20.4
788200,60,20.5
788300,60,20.5
788400,60,20.0
788500,60,19.1
788600,60,17.9
788700,60,17.0
788800,60,16.6
788900,60,16.7
789000,90,17.1
789100,90,23.0
789200,90,30.0
789300,90,32.9
789400,90,35.3
789500,90,36.6
789600,90,37.0
789700,90,37.5
789800,90,37.9
789900,90,37.6
790000,90,38.1
790100,90,37.9
790200,90,36.5
790300,90,36.1
790400,90,35.2
790500,150,35.7
790600,150,42.1
790700,150,47.1
790800,150,49.2
790900,150,50.0
791000,150,49.9
791100,150,50.4
791200,150,50.5
791300,150,50.3
791400,150,50.5
791500,150,49.6
791600,150,48.3
791700,150,48.0
791800,150,48.0
791900,150,48.5
792000,30,49.4
792100,30,43.6
792200,30,33.0
792300,30,25.1
792400,30,18.7
792500,30,13.4
792600,30,9.6
792700,30,6.3
792800,30,3.4
792900,30,1.4
793000,30,0.1
793100,30,0.0
793200,30,0.0
793300,30,0.0
793400,30,0.0
793500,60,0.0
793600,60,4.1
793700,60,11.1
793800,60,15.6
793900,60,18.2
794000,60,20.3
794100,60,21.3
794200,60,21.8
794300,60,22.2
794400,60,21.7
794500,60,20.9
794600,60,20.7
794700,60,20.3
794800,60,19.6
794900,60,19.9
795000,150,20.4
795100,150,33.5
795200,150,46.0
795300,150,49.1
795400,150,49.6
795500,150,50.6
795600,150,50.6
795700,150,50.0
795800,150,50.6
795900,150,50.8
796000,150,49.6
796100,150,49.1
796200,150,48.0
796300,150,48.1
796400,150,49.5
796500,60,49.7
796600,60,44.9
796700,60,37.8
796800,60,32.7
796900,60,29.8
797000,60,27.6
797100,60,26.0
797200,60,25.4
797300,60,24.6
797400,60,23.7
797500,60,22.7
797600,60,21.3
797700,60,20.3
797800,60,19.8
797900,60,19.0
798000,30,18.7
798100,30,15.7
798200,30,9.8
798300,30,5.5
798400,30,2.0
798500,30,0.0
798600,30,0.0
798700,30,0.0
798800,30,0.0
798900,30,0.0
799000,30,0.0
799100,30,0.0
799200,30,0.0
799300,30,0.0
799400,30,0.0
799500,120,0.0
799600,120,16.6
799700,120,34.9
799800,120,41.3
799900,120,43.7
800000,120,44.5
800100,120,46.3
800200,120,45.8
800300,120,45.7
800400,120,45.9
800500,120,45.9
800600,120,45.4
800700,120,45.8
800800,120,43.4
800900,120,41.6
801000,90,42.6
801100,90,41.5
801200,90,38.3
801300,90,38.0
801400,90,38.3
801500,90,38.0
801600,90,38.5
801700,90,38.5
801800,90,38.1
801900,90,38.5
802000,90,38.4
802100,90,37.2
802200,90,37.0
802300,90,36.4
802400,90,36.2
802500,60,37.1
802600,60,34.7
802700,60,30.2
802800,60,27.8
802900,60,26.0
803000,60,24.9
803100,60,24.6
803200,60,24.2
803300,60,24.2
803400,60,24.1
803500,60,23.9
803600,60,24.1
803700,60,24.0
803800,60,23.9
803900,60,24.1
804000,150,23.9
804100,150,34.9
804200,150,45.5
804300,150,46.8
804400,150,47.2
804500,150,48.7
804600,150,49.5
804700,150,49.2
804800,150,50.4
804900,150,50.5
805000,150,50.0
805100,150,50.6
805200,150,50.5
805300,150,49.2
805400,150,49.1
805500,90,49.1
805600,90,45.5
805700,90,42.0
805800,90,39.7
805900,90,38.3
806000,90,38.4
806100,90,38.3
806200,90,37.8
806300,90,38.4
806400,90,38.0
806500,90,38.5
806600,90,38.3
806700,90,36.7
806800,90,35.1
806900,90,32.5
807000,30,30.9
807100,30,25.5
807200,30,15.9
807300,30,8.8
807400,30,3.2
807500,30,0.1
807600,30,0.0
807700,30,0.0
807800,30,0.0
807900,30,0.0
808000,30,0.0
808100,30,0.0
808200,30,0.0
808300,30,0.0
808400,30,0.0
808500,150,0.0
808600,150,21.7
808700,150,42.1
808800,150,47.2
808900,150,49.6
809000,150,50.4
809100,150,50.1
809200,150,50.5
809300,150,50.6
809400,150,50.0
809500,150,49.9
809600,150,48.9
809700,150,49.5
809800,150,50.0
809900,150,49.9
810000,30,50.4
810100,30,44.6
810200,30,34.1
810300,30,25.9
810400,30,18.5
810500,30,13.0
810600,30,9.1
810700,30,6.3
810800,30,3.7
810900,30,2.0
811000,30,0.1
811100,30,0.0
811200,30,0.0
811300,30,0.0
811400,30,0.0
811500,90,0.0
811600,90,11.0
811700,90,24.7
811800,90,31.8
811900,90,35.1
812000,90,35.3
812100,90,34.2
812200,90,32.9
812300,90,32.1
812400,90,33.2
812500,90,34.1
812600,90,35.2
812700,90,35.8
812800,90,36.1
812900,90,37.4
813000,150,37.9
813100,150,43.0
813200,150,48.7
813300,150,50.0
813400,150,49.7
813500,150,49.5
813600,150,49.0
813700,150,48.3
813800,150,49.5
813900,150,50.0
814000,150,49.5
814100,150,50.3
814200,150,50.5
814300,150,50.1
814400,150,50.6
814500,90,50.9
814600,90,46.6
814700,90,39.9
814800,90,34.8
814900,90,31.6
815000,90,31.9
815100,90,32.8
815200,90,33.4
815300,90,34.8
815400,90,35.5
815500,90,36.5
815600,90,37.8
815700,90,38.0
815800,90,37.8
815900,90,38.3
816000,60,37.9
816100,60,35.6
816200,60,31.4
816300,60,27.8
816400,60,25.3
816500,60,23.3
816600,60,21.7
816700,60,20.8
816800,60,20.8
816900,60,21.0
817000,60,21.7
817100,60,22.1
817200,60,22.3
817300,60,22.7
817400,60,22.4
817500,120,22.3
817600,120,31.2
817700,120,40.7
817800,120,43.7
817900,120,45.8
818000,120,46.6
818100,120,45.3
818200,120,45.8
818300,120,44.1
818400,120,42.1
818500,120,42.2
818600,120,42.9
818700,120,43.6
818800,120,44.8
818900,120,45.5
819000,90,45.9
819100,90,43.6
819200,90,40.6
819300,90,39.8
819400,90,39.3
819500,90,38.3
819600,90,37.5
819700,90,36.4
819800,90,35.1
819900,90,35.5
820000,90,36.1
820100,90,36.4
820200,90,37.1
820300,90,37.2
820400,90,37.2
820500,150,38.0
820600,150,43.7
820700,150,48.3
820800,150,50.1
820900,150,50.6
821000,150,48.7
821100,150,46.4
821200,150,45.5
821300,150,45.8
821400,150,47.1
821500,150,48.7
821600,150,49.5
821700,150,50.5
821800,150,50.6
821900,150,50.3
822000,120,50.8
822100,120,49.2
822200,120,46.8
822300,120,45.3
822400,120,44.3
822500,120,44.8
822600,120,45.8
822700,120,45.9
822800,120,45.8
822900,120,46.2
823000,120,45.4
823100,120,45.9
823200,120,46.0
823300,120,45.5
823400,120,45.8
823500,90,44.9
823600,90,40.2
823700,90,36.4
823800,90,34.7
823900,90,34.2
824000,90,35.2
824100,90,36.0
824200,90,36.2
824300,90,37.5
824400,90,37.9
824500,90,37.8
824600,90,38.0
824700,90,38.0
824800,90,37.9
824900,90,38.3
825000,60,37.8
825100,60,33.3
825200,60,28.4
825300,60,24.1
825400,60,21.9
825500,60,21.4
825600,60,21.3
825700,60,21.4
825800,60,21.8
825900,60,21.8
826000,60,21.8
826100,60,21.9
826200,60,21.9
826300,60,22.7
826400,60,23.2
826500,90,23.0
826600,90,27.2
826700,90,32.7
826800,90,34.9
826900,90,37.0
827000,90,37.8
827100,90,36.6
827200,90,33.8
827300,90,31.1
827400,90,30.1
827500,90,29.8
827600,90,30.5
827700,90,31.4
827800,90,33.3
827900,90,35.7
828000,60,36.4
828100,60,34.6
828200,60,30.9
828300,60,28.2
828400,60,26.8
828500,60,25.6
828600,60,24.6
828700,60,24.2
828800,60,23.9
828900,60,24.0
829000,60,24.0
829100,60,23.6
829200,60,23.1
829300,60,21.9
829400,60,21.0
829500,90,20.5
829600,90,24.4
829700,90,29.8
829800,90,33.7
829900,90,35.8
830000,90,36.6
830100,90,37.5
830200,90,37.9
830300,90,38.0
830400,90,38.6
830500,90,38.6
830600,90,38.1
830700,90,38.6
830800,90,38.3
830900,90,36.7
831000,60,34.9
831100,60,30.5
831200,60,24.0
831300,60,19.9
831400,60,18.0
831500,60,17.0
831600,60,17.2
831700,60,17.9
831800,60,18.9
831900,60,20.4
832000,60,20.5
832100,60,20.9
832200,60,21.7
832300,60,21.9
832400,60,22.6
832500,30,23.0
832600,30,19.6
832700,30,14.2
832800,30,9.4
832900,30,5.9
833000,30,2.7
833100,30,0.1
833200,30,0.0
833300,30,0.0
833400,30,0.0
833500,30,0.0
833600,30,0.0
833700,30,0.0
833800,30,0.0
833900,30,0.0
834000,150,0.0
834100,150,22.4
834200,150,43.4
834300,150,48.7
834400,150,49.4
834500,150,49.2
834600,150,48.9
834700,150,48.3
834800,150,49.6
834900,150,50.1
835000,150,49.7
835100,150,50.6
835200,150,50.3
835300,150,50.6
835400,150,50.5
835500,30,49.9
835600,30,42.3
835700,30,26.8
835800,30,14.5
835900,30,4.8
836000,30,-0.1
836100,30,0.0
836200,30,0.0
836300,30,0.0
836400,30,0.0
836500,30,0.0
836600,30,0.0
836700,30,0.0
836800,30,0.0
836900,30,0.0
837000,60,0.0
837100,60,0.9
837200,60,2.3
837300,60,3.6
837400,60,4.7
837500,60,5.9
837600,60,6.8
837700,60,6.4
837800,60,5.2
837900,60,4.7
838000,60,5.2
838100,60,5.9
838200,60,6.5
838300,60,8.0
838400,60,9.3
838500,90,11.0
838600,90,17.2
838700,90,25.4
838800,90,31.5
838900,90,34.8
839000,90,36.0
839100,90,37.2
839200,90,37.8
839300,90,37.8
839400,90,38.3
839500,90,38.3
839600,90,37.9
839700,90,38.5
839800,90,38.4
839900,90,37.1
840000,120,36.6
840100,120,39.0
840200,120,42.5
840300,120,44.6
840400,120,45.7
840500,120,45.7
840600,120,45.9
840700,120,46.0
840800,120,45.4
840900,120,46.2
841000,120,45.8
841100,120,45.5
841200,120,44.8
841300,120,43.1
841400,120,41.3
841500,90,42.3
841600,90,40.9
841700,90,39.4
841800,90,38.6
841900,90,38.0
842000,90,38.4
842100,90,38.4
842200,90,37.6
842300,90,38.0
842400,90,38.3
842500,90,37.9
842600,90,37.6
842700,90,36.2
842800,90,35.1
842900,90,35.1
843000,150,35.8
843100,150,41.7
843200,150,48.2
843300,150,49.6
843400,150,49.7
843500,150,50.6
843600,150,50.6
843700,150,49.9
843800,150,49.6
843900,150,48.2
844000,150,45.9
844100,150,45.4
844200,150,47.1
844300,150,48.5
844400,150,50.1
844500,60,50.3
844600,60,45.4
844700,60,38.6
844800,60,33.2
844900,60,30.1
845000,60,27.8
845100,60,26.3
845200,60,25.6
845300,60,25.0
845400,60,24.1
845500,60,23.2
845600,60,21.9
845700,60,20.8
845800,60,20.5
845900,60,19.9
846000,120,19.9
846100,120,29.3
846200,120,39.8
846300,120,43.1
846400,120,44.9
846500,120,46.2
846600,120,45.9
846700,120,45.7
846800,120,45.9
846900,120,45.4
847000,120,45.9
847100,120,45.3
847200,120,42.9
847300,120,42.0
847400,120,42.5
847500,90,43.5
847600,90,42.7
847700,90,40.2
847800,90,38.8
847900,90,38.9
848000,90,38.4
848100,90,38.5
848200,90,38.4
848300,90,38.1
848400,90,38.4
848500,90,37.6
848600,90,36.1
848700,90,35.7
848800,90,35.2
848900,90,35.5
849000,60,36.5
849100,60,34.4
849200,60,29.8
849300,60,27.6
849400,60,26.3
849500,60,25.3
849600,60,25.0
849700,60,24.7
849800,60,24.1
849900,60,24.1
850000,60,23.3
850100,60,22.6
850200,60,21.3
850300,60,19.9
850400,60,18.9
850500,30,18.7
850600,30,14.7
850700,30,6.9
850800,30,0.8
850900,30,0.0
851000,30,0.0
851100,30,0.0
851200,30,0.0
851300,30,0.0
851400,30,0.0
851500,30,0.0
851600,30,0.0
851700,30,0.0
851800,30,0.0
851900,30,0.0
852000,120,0.0
852100,120,14.9
852200,120,30.9
852300,120,36.6
852400,120,38.5
852500,120,42.3
852600,120,44.4
852700,120,45.2
852800,120,45.7
852900,120,45.8
853000,120,45.7
853100,120,45.8
853200,120,46.0
853300,120,45.5
853400,120,45.9
853500,150,46.0
853600,150,47.1
853700,150,48.9
853800,150,49.7
853900,150,49.7
854000,150,50.4
854100,150,50.5
854200,150,50.4
854300,150,50.8
854400,150,49.7
854500,150,49.9
854600,150,49.7
854700,150,47.7
854800,150,47.2
854900,150,47.8
855000,60,49.0
855100,60,45.0
855200,60,37.2
855300,60,32.1
855400,60,29.5
855500,60,27.6
855600,60,25.8
855700,60,25.1
855800,60,24.5
855900,60,24.0
856000,60,24.1
856100,60,24.0
856200,60,23.3
856300,60,23.1
856400,60,21.9
856500,30,20.3
856600,30,15.9
856700,30,9.3
856800,30,3.1
856900,30,0.0
857000,30,0.0
857100,30,0.0
857200,30,0.0
857300,30,0.0
857400,30,0.0
857500,30,0.0
857600,30,0.0
857700,30,0.0
857800,30,0.0
857900,30,0.0
858000,60,0.0
858100,60,2.8
858200,60,7.7
858300,60,10.6
858400,60,12.4
858500,60,14.3
858600,60,16.3
858700,60,17.7
858800,60,18.7
858900,60,19.8
859000,60,20.7
859100,60,21.2
859200,60,21.6
859300,60,21.4
859400,60,21.6
859500,120,22.3
859600,120,31.0
859700,120,40.2
859800,120,43.9
859900,120,44.5
860000,120,43.1
860100,120,43.7
860200,120,43.2
860300,120,40.8
860400,120,41.5
860500,120,43.1
860600,120,44.1
860700,120,45.4
860800,120,45.8
860900,120,45.8
861000,90,46.2
861100,90,43.6
861200,90,41.5
861300,90,40.2
861400,90,39.0
861500,90,39.0
861600,90,38.1
861700,90,36.7
861800,90,36.4
861900,90,36.2
862000,90,36.5
862100,90,37.6
862200,90,37.8
862300,90,37.4
862400,90,38.1
862500,60,38.5
862600,60,35.6
862700,60,31.4
862800,60,27.7
862900,60,24.9
863000,60,23.9
863100,60,23.5
863200,60,22.7
863300,60,21.4
863400,60,18.5
863500,60,15.8
863600,60,15.3
863700,60,14.5
863800,60,13.9
863900,60,13.4
864000,150,14.2
864100,150,30.6
864200,150,44.9
864300,150,48.2
864400,150,49.7
864500,150,50.3
864600,150,50.1
864700,150,50.8
864800,150,50.8
864900,150,50.1
865000,150,50.4
865100,150,49.4
865200,150,48.3
865300,150,49.1
865400,150,49.7
865500,30,49.7
865600,30,44.1
865700,30,33.8
865800,30,25.5
865900,30,19.1
866000,30,13.6
866100,30,9.1
866200,30,5.6
866300,30,2.3
866400,30,0.0
866500,30,0.0
866600,30,0.0
866700,30,0.0
866800,30,0.0
866900,30,0.0
867000,120,0.0
867100,120,16.6
867200,120,33.9
867300,120,39.4
867400,120,42.3
867500,120,42.9
867600,120,41.7
867700,120,42.3
867800,120,43.1
867900,120,44.5
868000,120,45.2
868100,120,45.2
868200,120,46.3
868300,120,45.8
868400,120,45.7
868500,150,46.0
868600,150,47.7
868700,150,49.4
868800,150,50.3
868900,150,49.7
869000,150,48.9
869100,150,49.6
869200,150,50.0
869300,150,49.9
869400,150,50.4
869500,150,50.6
869600,150,50.1
869700,150,49.7
869800,150,50.0
869900,150,49.6
870000,30,48.9
870100,30,40.8
870200,30,27.6
870300,30,18.9
870400,30,12.0
870500,30,7.1
870600,30,3.3
870700,30,0.5
870800,30,0.0
870900,30,0.0
871000,30,0.0
871100,30,0.0
871200,30,0.0
871300,30,0.0
871400,30,0.0
871500,120,0.0
871600,120,16.2
871700,120,34.7
871800,120,41.7
871900,120,43.4
872000,120,45.0
872100,120,46.2
872200,120,45.4
872300,120,45.9
872400,120,46.0
872500,120,45.4
872600,120,45.9
872700,120,45.4
872800,120,43.7
872900,120,44.5
873000,60,45.2
873100,60,41.2
873200,60,34.9
873300,60,31.0
873400,60,28.4
873500,60,27.2
873600,60,25.5
873700,60,23.9
873800,60,21.2
873900,60,18.4
874000,60,17.0
874100,60,17.0
874200,60,17.9
874300,60,19.1
874400,60,19.8
874500,90,19.4
874600,90,23.1
874700,90,28.6
874800,90,31.9
874900,90,33.8
875000,90,34.8
875100,90,35.6
875200,90,36.9
875300,90,37.5
875400,90,37.1
875500,90,37.9
875600,90,38.3
875700,90,38.3
875800,90,38.8
875900,90,38.6
876000,60,38.4
876100,60,36.0
876200,60,31.5
876300,60,27.7
876400,60,25.3
876500,60,23.2
876600,60,21.6
876700,60,20.9
876800,60,21.0
876900,60,21.7
877000,60,22.1
877100,60,22.2
877200,60,22.7
877300,60,22.6
877400,60,22.3
877500,150,22.7
877600,150,35.3
877700,150,45.7
877800,150,48.6
877900,150,49.5
878000,150,49.5
878100,150,49.7
878200,150,48.7
878300,150,48.0
878400,150,48.9
878500,150,49.7
878600,150,49.6
878700,150,50.1
878800,150,50.6
878900,150,50.3
879000,60,50.8
879100,60,45.9
879200,60,38.0
879300,60,33.2
879400,60,28.7
879500,60,24.9
879600,60,23.0
879700,60,20.9
879800,60,19.4
879900,60,19.6
880000,60,20.0
880100,60,20.7
880200,60,21.2
880300,60,21.7
880400,60,22.2
880500,150,22.1
880600,150,34.3
880700,150,46.0
880800,150,49.1
880900,150,48.3
881000,150,48.1
881100,150,48.9
881200,150,49.0
881300,150,49.6
881400,150,49.4
881500,150,48.7
881600,150,50.0
881700,150,50.4
881800,150,49.9
881900,150,50.6
882000,30,51.0
882100,30,44.6
882200,30,34.6
882300,30,26.0
882400,30,19.3
882500,30,14.0
882600,30,9.8
882700,30,6.4
882800,30,3.7
882900,30,1.4
883000,30,-0.1
883100,30,0.0
883200,30,0.0
883300,30,0.0
883400,30,0.0
883500,60,0.0
883600,60,3.7
883700,60,10.5
883800,60,14.5
883900,60,17.1
884000,60,18.2
884100,60,18.5
884200,60,18.9
884300,60,18.9
884400,60,18.6
884500,60,19.6
884600,60,20.3
884700,60,20.7
884800,60,21.4
884900,60,22.2
885000,90,22.4
885100,90,26.5
885200,90,32.3
885300,90,34.7
885400,90,36.2
885500,90,36.4
885600,90,35.8
885700,90,36.5
885800,90,36.9
885900,90,36.7
886000,90,36.4
886100,90,35.1
886200,90,34.4
886300,90,34.8
886400,90,35.3
886500,120,36.6
886600,120,40.1
886700,120,42.9
886800,120,44.9
886900,120,45.7
887000,120,45.5
887100,120,45.8
887200,120,46.2
887300,120,45.4
887400,120,45.9
887500,120,46.0
887600,120,45.4
887700,120,45.8
887800,120,45.4
887900,120,45.5
888000,90,46.0
888100,90,43.9
888200,90,40.2
888300,90,37.4
888400,90,35.3
888500,90,34.7
888600,90,35.7
888700,90,36.6
888800,90,36.9
888900,90,36.9
889000,90,36.4
889100,90,35.5
889200,90,36.2
889300,90,37.0
889400,90,37.1
889500,30,37.9
889600,30,32.5
889700,30,24.7
889800,30,18.5
889900,30,13.1
890000,30,9.3
890100,30,6.3
890200,30,3.4
890300,30,1.0
890400,30,0.0
890500,30,0.0
890600,30,0.0
890700,30,0.0
890800,30,0.0
890900,30,0.0
891000,120,0.0
891100,120,16.6
891200,120,35.5
891300,120,42.1
891400,120,44.3
891500,120,46.0
891600,120,46.3
891700,120,45.0
891800,120,44.9
891900,120,45.0
892000,120,45.0
892100,120,46.2
892200,120,45.9
892300,120,45.4
892400,120,46.0
892500,60,45.9
892600,60,41.2
892700,60,34.8
892800,60,30.1
892900,60,27.3
893000,60,24.1
893100,60,21.6
893200,60,20.7
893300,60,19.5
893400,60,18.1
893500,60,18.5
893600,60,19.1
893700,60,19.6
893800,60,20.5
893900,60,21.2
894000,150,21.8
894100,150,34.6
894200,150,46.4
894300,150,49.1
894400,150,50.3
894500,150,50.3
894600,150,50.0
894700,150,50.6
894800,150,50.0
894900,150,48.7
895000,150,49.0
895100,150,49.5
895200,150,49.6
895300,150,50.3
895400,150,50.3
895500,60,49.1
895600,60,43.5
895700,60,34.6
895800,60,29.1
895900,60,26.5
896000,60,25.0
896100,60,24.9
896200,60,24.1
896300,60,23.2
896400,60,22.4
896500,60,21.4
896600,60,20.4
896700,60,19.9
896800,60,19.6
896900,60,20.2
897000,150,20.9
897100,150,34.3
897200,150,46.2
897300,150,49.4
897400,150,50.4
897500,150,50.3
897600,150,50.6
897700,150,50.6
897800,150,50.3
897900,150,50.6
898000,150,49.9
898100,150,49.0
898200,150,49.9
898300,150,50.4
898400,150,49.7
898500,60,50.1
898600,60,45.0
898700,60,36.7
898800,60,31.5
898900,60,27.6
899000,60,25.4
899100,60,24.4
899200,60,23.6
899300,60,23.2
899400,60,22.3
899500,60,20.8
899600,60,20.2
899700,60,19.6
899800,60,18.6
899900,60,18.0
900000,150,18.4
900100,150,32.1
900200,150,45.4
900300,150,49.0
900400,150,49.4
900500,150,50.6
900600,150,50.5
900700,150,50.0
900800,150,50.5
900900,150,50.6
901000,150,49.7
901100,150,49.5
901200,150,48.9
901300,150,49.0
901400,150,50.3
901500,60,50.3
901600,60,44.3
901700,60,35.8
901800,60,29.6
901900,60,25.5
902000,60,23.0
902100,60,21.7
902200,60,21.4
902300,60,22.1
902400,60,22.4
902500,60,23.0
902600,60,23.0
902700,60,22.4
902800,60,22.3
902900,60,21.0
903000,30,20.2
903100,30,16.5
903200,30,9.7
903300,30,3.6
903400,30,0.1
903500,30,0.0
903600,30,0.0
903700,30,0.0
903800,30,0.0
903900,30,0.0
904000,30,0.0
904100,30,0.0
904200,30,0.0
904300,30,0.0
904400,30,0.0
904500,90,0.0
904600,90,9.3
904700,90,22.7
904800,90,29.6
904900,90,33.7
905000,90,35.8
905100,90,36.5
905200,90,37.4
905300,90,37.9
905400,90,37.9
905500,90,38.4
905600,90,38.0
905700,90,38.4
905800,90,38.5
905900,90,38.1
906000,150,38.1
906100,150,43.0
906200,150,47.4
906300,150,49.4
906400,150,50.1
906500,150,49.5
906600,150,49.6
906700,150,50.0
906800,150,49.4
906900,150,50.0
907000,150,50.3
907100,150,49.9
907200,150,49.7
907300,150,49.1
907400,150,48.6
907500,30,49.9
907600,30,44.1
907700,30,32.9
907800,30,24.6
907900,30,18.0
908000,30,12.8
908100,30,8.8
908200,30,5.6
908300,30,2.9
908400,30,0.9
908500,30,0.0
908600,30,0.0
908700,30,0.0
908800,30,0.1
908900,30,0.0
909000,150,0.0
909100,150,22.2
909200,150,43.2
909300,150,48.6
909400,150,49.5
909500,150,50.4
909600,150,49.9
909700,150,48.7
909800,150,48.9
909900,150,49.5
910000,150,49.7
910100,150,49.6
910200,150,49.1
910300,150,48.6
910400,150,49.1
910500,120,49.5
910600,120,48.2
910700,120,47.2
910800,120,45.8
910900,120,44.4
911000,120,44.6
911100,120,44.9
911200,120,45.2
911300,120,46.2
911400,120,45.8
911500,120,45.7
911600,120,45.8
911700,120,46.2
911800,120,45.4
911900,120,46.2
912000,60,45.4
912100,60,41.5
912200,60,34.2
912300,60,28.8
912400,60,25.8
912500,60,24.4
912600,60,23.3
912700,60,23.0
912800,60,22.4
912900,60,21.2
913000,60,20.2
913100,60,19.9
913200,60,20.3
913300,60,21.3
913400,60,22.1
913500,90,21.8
913600,90,26.0
913700,90,31.6
913800,90,33.8
913900,90,36.0
914000,90,37.0
914100,90,37.2
914200,90,36.7
914300,90,36.1
914400,90,35.2
914500,90,35.5
914600,90,36.2
914700,90,36.6
914800,90,37.4
914900,90,37.5
915000,150,37.5
915100,150,43.5
915200,150,48.3
915300,150,49.9
915400,150,50.4
915500,150,50.1
915600,150,50.0
915700,150,49.2
915800,150,48.6
915900,150,49.6
916000,150,49.6
916100,150,48.3
916200,150,49.0
916300,150,49.4
916400,150,49.1
916500,90,50.4
916600,90,47.4
916700,90,42.9
916800,90,40.6
916900,90,38.4
917000,90,36.9
917100,90,36.7
917200,90,37.1
917300,90,37.4
917400,90,38.0
917500,90,37.9
917600,90,37.8
917700,90,38.4
917800,90,38.5
917900,90,38.0
918000,30,38.4
918100,30,33.8
918200,30,25.4
918300,30,19.1
918400,30,13.5
918500,30,9.1
918600,30,5.1
918700,30,1.7
918800,30,0.0
918900,30,0.0
919000,30,0.0
919100,30,0.0
919200,30,0.0
919300,30,0.0
919400,30,0.0
919500,60,0.0
919600,60,3.6
919700,60,9.6
919800,60,13.3
919900,60,15.4
920000,60,17.1
920100,60,17.9
920200,60,18.1
920300,60,18.9
920400,60,19.4
920500,60,19.6
920600,60,19.6
920700,60,19.3
920800,60,19.5
920900,60,19.5
921000,30,19.4
921100,30,16.1
921200,30,11.0
921300,30,7.0
921400,30,3.8
921500,30,1.0
921600,30,0.0
921700,30,0.0
921800,30,0.0
921900,30,0.0
922000,30,0.0
922100,30,0.0
922200,30,0.0
922300,30,0.0
922400,30,0.0
922500,90,0.0
922600,90,10.3
922700,90,24.2
922800,90,30.6
922900,90,34.2
923000,90,35.8
923100,90,36.2
923200,90,37.4
923300,90,37.8
923400,90,37.2
923500,90,36.6
923600,90,35.7
923700,90,34.8
923800,90,35.8
923900,90,36.7
924000,150,37.1
924100,150,42.9
924200,150,48.5
924300,150,49.6
924400,150,50.4
924500,150,50.4
924600,150,50.1
924700,150,50.6
924800,150,49.4
924900,150,49.1
925000,150,49.1
925100,150,48.6
925200,150,48.9
925300,150,48.6
925400,150,48.7
925500,90,49.9
925600,90,46.9
925700,90,42.7
925800,90,40.8
925900,90,39.7
926000,90,38.5
926100,90,37.6
926200,90,36.7
926300,90,35.8
926400,90,36.6
926500,90,37.4
926600,90,37.4
926700,90,37.9
926800,90,37.8
926900,90,37.8
927000,30,38.5
927100,30,33.4
927200,30,24.9
927300,30,18.5
927400,30,13.1
927500,30,9.2
927600,30,6.1
927700,30,3.8
927800,30,2.2
927900,30,0.5
928000,30,0.0
928100,30,0.0
928200,30,0.0
928300,30,0.0
928400,30,0.0
928500,150,0.0
928600,150,23.1
928700,150,44.1
928800,150,48.7
928900,150,48.6
929000,150,49.0
929100,150,48.7
929200,150,48.5
929300,150,49.4
929400,150,49.9
929500,150,49.7
929600,150,50.3
929700,150,50.1
929800,150,50.1
929900,150,50.5
930000,30,49.7
930100,30,41.8
930200,30,30.4
930300,30,21.4
930400,30,14.7
930500,30,9.8
930600,30,5.7
930700,30,1.5
930800,30,0.0
930900,30,0.0
931000,30,0.0
931100,30,0.0
931200,30,0.0
931300,30,0.0
931400,30,0.0
931500,90,0.0
931600,90,10.1
931700,90,24.2
931800,90,30.5
931900,90,33.8
932000,90,35.7
932100,90,36.5
932200,90,37.4
932300,90,37.5
932400,90,37.2
932500,90,38.0
932600,90,38.3
932700,90,37.9
932800,90,37.0
932900,90,36.1
933000,60,35.1
933100,60,31.8
933200,60,26.1
933300,60,22.2
933400,60,20.4
933500,60,20.0
933600,60,19.0
933700,60,18.5
933800,60,18.9
933900,60,19.8
934000,60,21.0
934100,60,21.7
934200,60,21.7
934300,60,22.2
934400,60,22.7
934500,30,23.3
934600,30,20.3
934700,30,14.3
934800,30,9.9
934900,30,6.5
935000,30,3.8
935100,30,1.5
935200,30,0.3
935300,30,0.1
935400,30,0.0
935500,30,0.0
935600,30,0.0
935700,30,0.0
935800,30,0.0
935900,30,0.0
936000,150,0.0
936100,150,22.8
936200,150,43.2
936300,150,48.6
936400,150,49.2
936500,150,48.6
936600,150,49.7
936700,150,50.1
936800,150,49.9
936900,150,50.5
937000,150,50.6
937100,150,50.3
937200,150,50.8
937300,150,50.9
937400,150,50.4
937500,90,50.4
937600,90,45.5
937700,90,40.2
937800,90,37.0
937900,90,35.7
938000,90,36.6
938100,90,36.6
938200,90,36.7
938300,90,37.6
938400,90,37.8
938500,90,37.6
938600,90,38.0
938700,90,38.3
938800,90,37.9
938900,90,37.9
939000,150,36.7
939100,150,41.3
939200,150,47.4
939300,150,49.1
939400,150,49.4
939500,150,49.9
939600,150,50.3
939700,150,49.9
939800,150,50.5
939900,150,50.4
940000,150,50.1
940100,150,50.5
940200,150,49.6
940300,150,48.3
940400,150,47.8
940500,60,47.7
940600,60,43.0
940700,60,35.5
940800,60,30.5
940900,60,27.9
941000,60,26.5
941100,60,25.3
941200,60,25.1
941300,60,24.7
941400,60,24.1
941500,60,24.1
941600,60,23.9
941700,60,23.7
941800,60,24.0
941900,60,23.6
942000,30,22.7
942100,30,18.2
942200,30,11.2
942300,30,6.1
942400,30,1.7
942500,30,0.0
942600,30,0.0
942700,30,0.0
942800,30,0.0
942900,30,0.0
943000,30,0.0
943100,30,0.0
943200,30,0.0
943300,30,0.0
943400,30,0.0
943500,90,0.0
943600,90,9.7
943700,90,23.0
943800,90,28.8
943900,90,32.8
944000,90,34.6
944100,90,36.4
944200,90,37.0
944300,90,37.0
944400,90,37.8
944500,90,38.1
944600,90,38.0
944700,90,38.4
944800,90,38.4
944900,90,38.1
945000,120,38.6
945100,120,40.9
945200,120,42.7
945300,120,43.0
945400,120,42.3
945500,120,42.7
945600,120,44.5
945700,120,44.8
945800,120,45.0
945900,120,46.3
946000,120,45.7
946100,120,45.8
946200,120,45.8
946300,120,45.9
946400,120,45.3
946500,150,45.2
946600,150,46.0
946700,150,48.1
946800,150,49.7
946900,150,49.9
947000,150,49.6
947100,150,50.4
947200,150,49.9
947300,150,50.6
947400,150,50.8
947500,150,50.3
947600,150,49.7
947700,150,48.6
947800,150,46.6
947900,150,47.6
948000,120,48.9
948100,120,46.7
948200,120,46.4
948300,120,45.8
948400,120,45.4
948500,120,45.9
948600,120,46.0
948700,120,45.5
948800,120,45.9
948900,120,46.0
949000,120,45.4
949100,120,46.2
949200,120,45.8
949300,120,45.5
949400,120,46.0
949500,30,46.0
949600,30,40.3
949700,30,31.1
949800,30,23.3
949900,30,17.1
950000,30,12.5
950100,30,8.7
950200,30,5.9
950300,30,3.7
950400,30,2.0
950500,30,0.1
950600,30,0.0
950700,30,0.0
950800,30,0.0
950900,30,0.0
951000,60,0.0
951100,60,4.5
951200,60,11.6
951300,60,16.1
951400,60,19.1
951500,60,20.9
951600,60,21.4
951700,60,21.8
951800,60,20.2
951900,60,18.5
952000,60,17.0
952100,60,14.7
952200,60,13.4
952300,60,13.8
952400,60,14.5
952500,30,15.2
952600,30,12.0
952700,30,6.3
952800,30,1.9
952900,30,-0.1
953000,30,0.0
953100,30,0.0
953200,30,0.0
953300,30,0.0
953400,30,0.0
953500,30,0.0
953600,30,0.0
953700,30,0.0
953800,30,0.0
953900,30,0.0
954000,60,0.0
954100,60,2.8
954200,60,8.4
954300,60,12.5
954400,60,15.8
954500,60,17.9
954600,60,18.6
954700,60,19.0
954800,60,19.5
954900,60,20.7
955000,60,21.7
955100,60,22.1
955200,60,22.4
955300,60,22.7
955400,60,22.6
955500,30,23.2
955600,30,20.0
955700,30,14.0
955800,30,9.8
955900,30,6.5
956000,30,3.8
956100,30,1.9
956200,30,0.4
956300,30,0.0
956400,30,0.0
956500,30,0.0
956600,30,0.0
956700,30,0.0
956800,30,0.0
956900,30,0.0
957000,60,0.0
957100,60,4.3
957200,60,11.4
957300,60,15.8
957400,60,18.1
957500,60,19.6
957600,60,19.5
957700,60,18.6
957800,60,18.7
957900,60,18.5
958000,60,17.7
958100,60,17.2
958200,60,17.6
958300,60,18.1
958400,60,19.0
958500,90,19.8
958600,90,24.5
958700,90,31.2
958800,90,34.2
958900,90,35.6
959000,90,37.1
959100,90,37.8
959200,90,37.6
959300,90,38.3
959400,90,38.4
959500,90,38.4
959600,90,38.8
959700,90,37.8
959800,90,35.1
959900,90,32.8
960000,30,30.4
960100,30,24.7
960200,30,15.2
960300,30,7.9
960400,30,2.6
960500,30,0.0
960600,30,0.0
960700,30,0.0
960800,30,0.0
960900,30,0.0
961000,30,0.0
961100,30,0.0
961200,30,0.0
961300,30,0.0
961400,30,0.0
961500,120,0.0
961600,120,15.6
961700,120,33.9
961800,120,39.9
961900,120,43.1
962000,120,45.4
962100,120,46.2
962200,120,45.8
962300,120,45.7
962400,120,45.7
962500,120,45.8
962600,120,45.9
962700,120,45.5
962800,120,46.0
962900,120,46.0
963000,30,45.7
963100,30,40.3
963200,30,30.1
963300,30,22.7
963400,30,16.8
963500,30,12.0
963600,30,8.4
963700,30,5.2
963800,30,2.9
963900,30,0.4
964000,30,0.0
964100,30,0.0
964200,30,0.0
964300,30,0.0
964400,30,0.0
964500,120,0.0
964600,120,17.6
964700,120,35.5
964800,120,42.3
964900,120,44.8
965000,120,45.8
965100,120,45.4
965200,120,43.7
965300,120,41.8
965400,120,42.2
965500,120,43.0
965600,120,43.7
965700,120,44.5
965800,120,45.4
965900,120,45.9
966000,90,45.8
966100,90,43.9
966200,90,40.9
966300,90,40.2
966400,90,38.5
966500,90,37.4
966600,90,36.1
966700,90,34.8
966800,90,35.7
966900,90,36.2
967000,90,36.6
967100,90,37.0
967200,90,37.2
967300,90,37.4
967400,90,38.0
967500,150,38.1
967600,150,43.4
967700,150,49.0
967800,150,50.3
967900,150,49.1
968000,150,47.4
968100,150,45.8
968200,150,46.0
968300,150,47.6
968400,150,48.6
968500,150,49.2
968600,150,50.5
968700,150,50.6
968800,150,50.3
968900,150,50.8
969000,60,50.9
969100,60,45.3
969200,60,37.1
969300,60,31.1
969400,60,26.4
969500,60,24.7
969600,60,23.7
969700,60,23.6
969800,60,23.5
969900,60,23.2
970000,60,23.1
970100,60,23.1
970200,60,22.8
970300,60,23.3
970400,60,23.7
970500,120,23.6
970600,120,32.1
970700,120,41.1
970800,120,43.9
970900,120,45.7
971000,120,45.2
971100,120,43.1
971200,120,42.5
971300,120,42.1
971400,120,42.2
971500,120,43.7
971600,120,44.5
971700,120,44.9
971800,120,46.4
971900,120,45.7
972000,60,45.7
972100,60,42.0
972200,60,35.8
972300,60,31.1
972400,60,27.9
972500,60,24.7
972600,60,22.4
972700,60,20.9
972800,60,18.9
972900,60,18.7
973000,60,19.3
973100,60,19.5
973200,60,20.2
973300,60,20.9
973400,60,21.4
973500,30,21.6
973600,30,18.1
973700,30,12.2
973800,30,8.0
973900,30,4.7
974000,30,2.7
974100,30,1.0
974200,30,0.0
974300,30,0.0
974400,30,0.0
974500,30,0.0
974600,30,0.0
974700,30,0.0
974800,30,0.0
974900,30,0.0
975000,120,0.0
975100,120,16.2
975200,120,34.9
975300,120,42.1
975400,120,44.8
975500,120,44.9
975600,120,46.4
975700,120,45.7
975800,120,43.6
975900,120,41.1
976000,120,39.8
976100,120,40.7
976200,120,41.7
976300,120,42.7
976400,120,44.4
976500,30,46.2
976600,30,40.9
976700,30,31.6
976800,30,23.7
976900,30,17.2
977000,30,12.4
977100,30,8.4
977200,30,5.4
977300,30,2.9
977400,30,1.0
977500,30,0.0
977600,30,0.0
977700,30,0.0
977800,30,0.0
977900,30,0.0
978000,150,0.0
978100,150,22.6
978200,150,43.5
978300,150,48.5
978400,150,49.0
978500,150,49.2
978600,150,49.4
978700,150,49.5
978800,150,50.4
978900,150,50.4
979000,150,50.1
979100,150,50.8
979200,150,50.1
979300,150,50.8
979400,150,50.8
979500,90,49.1
979600,90,44.1
979700,90,38.0
979800,90,34.8
979900,90,34.6
980000,90,35.1
980100,90,35.7
980200,90,36.7
980300,90,37.6
980400,90,37.6
980500,90,38.1
980600,90,38.0
980700,90,37.5
980800,90,38.3
980900,90,38.4
981000,150,37.6
981100,150,42.1
981200,150,46.4
981300,150,47.7
981400,150,49.2
981500,150,49.9
981600,150,49.5
981700,150,50.6
981800,150,50.6
981900,150,50.3
982000,150,50.8
982100,150,50.6
982200,150,48.6
982300,150,46.3
982400,150,44.9
982500,120,46.6
982600,120,45.2
982700,120,44.8
982800,120,46.4
982900,120,45.9
983000,120,45.5
983100,120,46.0
983200,120,45.9
983300,120,45.7
983400,120,45.9
983500,120,45.9
983600,120,45.5
983700,120,46.0
983800,120,46.0
983900,120,45.4
984000,150,46.0
984100,150,48.0
984200,150,49.5
984300,150,50.5
984400,150,50.8
984500,150,50.4
984600,150,50.5
984700,150,49.0
984800,150,47.4
984900,150,47.3
985000,150,47.8
985100,150,48.6
985200,150,49.9
985300,150,50.4
985400,150,50.1
985500,30,50.8
985600,30,44.3
985700,30,34.4
985800,30,26.0
985900,30,19.0
986000,30,13.3
986100,30,7.9
986200,30,3.3
986300,30,0.0
986400,30,0.0
986500,30,0.0
986600,30,0.0
986700,30,0.0
986800,30,0.0
986900,30,0.0
987000,150,0.0
987100,150,21.7
987200,150,42.0
987300,150,46.9
987400,150,48.1
987500,150,49.6
987600,150,50.0
987700,150,49.6
987800,150,50.5
987900,150,50.8
988000,150,50.3
988100,150,50.9
988200,150,50.1
988300,150,47.4
988400,150,45.8
988500,120,46.0
988600,120,44.4
988700,120,44.5
988800,120,44.9
988900,120,46.4
989000,120,45.8
989100,120,45.5
989200,120,46.0
989300,120,45.9
989400,120,45.7
989500,120,45.9
989600,120,45.9
989700,120,45.5
989800,120,46.0
989900,120,46.0
990000,90,45.7
990100,90,43.9
990200,90,41.2
990300,90,39.5
990400,90,39.4
990500,90,39.2
990600,90,38.5
990700,90,38.8
990800,90,38.1
990900,90,36.7
991000,90,35.3
991100,90,34.1
991200,90,32.1
991300,90,32.0
991400,90,32.9
991500,60,34.3
991600,60,33.0
991700,60,29.1
991800,60,26.5
991900,60,25.8
992000,60,24.7
992100,60,24.4
992200,60,24.0
992300,60,23.3
992400,60,23.1
992500,60,22.8
992600,60,22.8
992700,60,23.5
992800,60,23.7
992900,60,23.2
993000,150,22.8
993100,150,33.9
993200,150,44.4
993300,150,47.2
993400,150,49.0
993500,150,49.2
993600,150,50.1
993700,150,50.6
993800,150,50.4
993900,150,50.9
994000,150,50.8
994100,150,49.9
994200,150,49.1
994300,150,47.3
994400,150,46.0
994500,30,46.0
994600,30,40.4
994700,30,30.1
994800,30,22.6
994900,30,16.3
995000,30,11.0
995100,30,6.9
995200,30,3.8
995300,30,1.5
995400,30,0.0
995500,30,0.0
995600,30,0.0
995700,30,0.0
995800,30,0.0
995900,30,0.0
996000,120,0.0
996100,120,16.5
996200,120,35.3
996300,120,42.2
996400,120,44.3
996500,120,46.2
996600,120,45.9
996700,120,45.5
996800,120,45.9
996900,120,45.9
997000,120,45.5
997100,120,46.2
997200,120,45.9
997300,120,45.7
997400,120,45.9
997500,60,46.2
997600,60,41.8
997700,60,36.2
997800,60,32.1
997900,60,28.8
998000,60,26.7
998100,60,24.7
998200,60,23.2
998300,60,22.8
998400,60,21.2
998500,60,18.6
998600,60,16.8
998700,60,15.6
998800,60,14.4
998900,60,12.8
999000,90,10.8
999100,90,16.2
999200,90,24.9
999300,90,29.7
999400,90,33.4
999500,90,35.5
999600,90,36.1
999700,90,37.4
999800,90,37.9
999900,90,37.6
1000000,90,38.0
1000100,90,38.3
1000200,90,38.1
1000300,90,38.6
1000400,90,38.3
1000500,60,36.5
1000600,60,33.0
1000700,60,27.3
1000800,60,24.1
1000900,60,23.1
1001000,60,22.7
1001100,60,22.1
1001200,60,22.6
1001300,60,22.6
1001400,60,22.1
1001500,60,22.6
1001600,60,22.7
1001700,60,23.2
1001800,60,23.6
1001900,60,23.3
1002000,90,23.9
