t_ms,pwm_heater,temp_C
100,60,22.85
200,60,22.85
300,60,22.85
400,60,22.85
500,60,22.85
600,60,22.85
700,60,22.85
800,60,22.85
900,60,22.85
1000,60,22.85
1100,60,22.85
1201,60,22.27
1301,60,22.85
1401,60,22.85
1501,60,22.85
1601,60,22.85
1701,60,22.85
1801,60,22.85
1901,60,22.85
2001,60,22.85
2101,60,22.85
2201,60,22.85
2301,60,22.85
2401,60,22.85
2501,60,22.85
2601,60,22.85
2701,60,22.85
2801,60,22.85
2901,60,22.85
3001,60,22.85
3101,60,22.85
3201,60,22.85
3301,60,22.85
3401,60,22.85
3501,60,22.85
3601,60,22.85
3701,60,22.85
3801,60,22.85
3901,60,22.85
4001,60,22.85
4101,60,22.85
4201,60,23.42
4301,60,22.85
4401,60,22.85
4501,60,23.42
4601,60,23.42
4701,60,23.42
4801,60,23.42
4901,60,23.42
5001,60,23.42
5101,60,23.42
5201,60,23.42
5301,60,23.42
5401,60,23.42
5501,60,23.42
5601,60,23.42
5701,60,23.42
5801,60,23.42
5901,60,23.42
6001,60,23.42
6101,60,23.42
6201,60,23.42
6301,60,23.42
6401,60,23.42
6501,60,23.42
6601,60,23.42
6701,60,23.42
6801,60,23.42
6901,60,23.42
7001,60,23.42
7101,60,23.42
7201,60,23.97
7301,60,23.97
7401,60,23.97
7501,60,23.97
7601,60,23.97
7701,60,23.97
7801,60,23.97
7901,60,23.97
8001,60,23.42
8101,60,23.97
8201,60,23.42
8301,60,23.42
8401,60,23.97
8501,60,23.97
8601,60,23.97
8701,60,23.97
8801,60,23.97
8901,60,23.97
9001,60,23.97
9101,60,23.97
9201,60,23.97
9301,60,23.97
9401,60,23.97
9501,60,23.97
9601,60,24.52
9701,60,24.52
9801,60,24.52
9901,60,24.52
10001,60,24.52
10101,60,24.52
10201,60,24.52
10301,60,24.52
10401,60,24.52
10501,60,23.97
10601,60,24.52
10701,60,23.97
10801,60,24.52
10901,60,24.52
11001,60,23.97
11101,60,24.52
11201,60,24.52
11301,60,24.52
11401,60,24.52
11501,60,24.52
11601,60,24.52
11701,60,24.52
11801,60,24.52
11901,60,24.52
12001,60,25.05
12101,60,25.05
12201,60,25.05
12301,60,25.05
12401,60,25.05
12501,60,25.05
12601,60,25.05
12701,60,25.05
12801,60,25.05
12901,60,25.05
13001,60,24.52
13101,60,25.05
13201,60,25.05
13301,60,25.05
13401,60,25.05
13501,60,25.05
13601,60,25.05
13701,60,25.05
13801,60,25.05
13901,60,25.05
14001,60,25.05
14101,60,25.05
14201,60,25.05
14301,60,25.58
14401,60,25.58
14501,60,25.58
14601,60,25.58
14701,60,25.58
14801,60,25.58
14901,60,25.58
15001,60,25.58
15101,60,25.58
15201,60,25.58
15301,60,25.58
15401,60,25.58
15501,60,25.58
15601,60,25.58
15701,60,25.58
15801,60,25.58
15901,60,25.58
16001,60,25.58
16101,60,25.58
16201,60,25.58
16301,60,25.58
16401,60,25.58
16501,60,25.58
16601,60,26.10
16701,60,26.10
16801,60,26.10
16901,60,26.10
17001,60,26.10
17101,60,26.10
17201,60,26.10
17301,60,26.10
17401,60,26.10
17501,60,26.10
17601,60,26.10
17701,60,26.10
17801,60,26.10
17901,60,26.10
18001,60,26.10
18101,60,26.10
18201,60,26.10
18301,60,26.10
18401,60,26.10
18501,60,26.10
18601,60,26.10
18701,60,26.60
18801,60,26.60
18901,60,26.60
19001,60,26.60
19101,60,26.60
19201,60,26.60
19301,60,26.60
19401,60,26.60
19501,60,26.60
19601,60,26.60
19701,60,26.60
19801,60,26.60
19901,60,26.60
20001,60,26.60
20101,60,26.60
20201,60,26.60
20301,60,26.60
20401,60,26.60
20501,60,26.60
20601,60,26.60
20701,60,26.60
20801,60,27.10
20901,60,26.60
21001,60,26.60
21101,60,27.10
21201,60,27.10
21301,60,27.10
21401,60,27.10
21501,60,27.10
21601,60,27.10
21701,60,27.10
21801,60,27.10
21901,60,27.10
22001,60,27.10
22101,60,27.10
22201,60,27.10
22301,60,27.10
22401,60,27.10
22501,60,27.10
22601,60,27.10
22701,60,27.10
22801,60,27.10
22901,60,27.59
23001,60,27.59
23101,60,27.10
23201,60,27.59
23301,60,27.59
23401,60,27.59
23501,60,27.59
23601,60,27.59
23701,60,27.59
23801,60,27.59
23901,60,27.59
24001,60,27.59
24101,60,27.59
24201,60,27.59
24301,60,28.08
24401,60,27.59
24501,60,28.08
24601,60,28.08
24701,60,28.08
24801,60,28.08
24901,60,28.08
25001,60,28.08
25101,60,28.08
25201,60,28.08
25301,60,28.08
25401,60,28.08
25501,60,28.08
25601,60,28.08
25701,60,28.08
25801,60,28.08
25901,60,28.08
26001,60,28.08
26101,60,28.08
26201,60,28.08
26301,60,28.08
26401,60,28.08
26501,60,28.55
26601,60,28.08
26701,60,28.55
26801,60,28.55
26901,60,28.55
27001,60,28.55
27101,60,28.55
27201,60,28.55
27301,60,28.55
27401,60,28.55
27501,60,28.55
27601,60,28.55
27701,60,28.55
27801,60,28.55
27901,60,28.55
28001,60,28.55
28101,60,28.55
28201,60,28.55
28301,60,28.55
28401,60,28.55
28501,60,29.02
28601,60,28.55
28701,60,29.02
28801,60,29.02
28901,60,29.02
29001,60,29.02
29101,60,29.02
29201,60,29.02
29301,60,29.02
29401,60,29.02
29501,60,29.02
29601,60,29.02
29701,60,29.02
29801,60,29.02
29901,60,29.02
30001,60,29.02
30101,60,29.02
30201,60,29.02
30301,60,29.02
30401,60,29.02
30501,60,29.02
30601,60,29.02
30701,60,29.02
30801,60,29.02
30901,60,29.48
31001,60,29.48
31101,60,29.48
31201,60,29.48
31301,60,29.48
31401,60,29.48
31501,60,29.48
31601,60,29.48
31701,60,29.48
31801,60,29.48
31901,60,29.48
32001,60,29.48
32101,60,29.48
32201,60,29.48
32301,60,29.48
32401,60,29.48
32501,60,29.48
32601,60,29.48
32701,60,29.48
32801,60,29.48
32901,60,29.48
33001,60,29.48
33101,60,29.48
33201,60,29.94
33301,60,29.94
33401,60,29.94
33501,60,29.94
33601,60,29.94
33701,60,29.94
33801,60,29.94
33901,60,29.94
34001,60,29.94
34101,60,29.94
34201,60,30.38
34301,60,30.38
34401,60,30.38
34501,60,30.38
34601,60,30.38
34701,60,30.38
34801,60,30.38
34901,60,30.38
35001,60,30.38
35101,60,30.38
35201,60,30.38
35301,60,30.38
35401,60,30.38
35501,60,30.38
35601,60,30.38
35701,60,30.38
35801,60,30.38
35901,60,30.38
36001,60,30.38
36101,60,30.38
36201,60,30.38
36301,60,30.38
36401,60,30.82
36501,60,30.82
36601,60,30.82
36701,60,30.82
36801,60,30.82
36901,60,30.82
37001,60,30.82
37101,60,30.82
37201,60,30.82
37301,60,30.82
37401,60,30.82
37501,60,30.82
37601,60,30.82
37701,60,30.82
37801,60,30.82
37901,60,30.82
38001,60,30.82
38101,60,30.82
38201,60,30.82
38301,60,30.82
38401,60,30.82
38501,60,31.26
38601,60,31.26
38701,60,31.26
38801,60,31.26
38901,60,31.26
39001,60,31.26
39101,60,31.26
39201,60,31.26
39301,60,31.26
39401,60,31.26
39501,60,31.26
39601,60,31.69
39701,60,31.69
39801,60,31.26
39901,60,31.69
40001,60,31.69
40101,60,31.26
40201,60,31.69
40301,60,31.69
40401,60,31.69
40501,60,31.69
40601,60,31.26
40701,60,31.69
40801,60,31.69
40901,60,31.69
41001,60,31.69
41101,60,31.69
41201,60,31.69
41301,60,31.69
41401,60,31.69
41501,60,31.69
41601,60,31.69
41701,60,31.69
41801,60,31.69
41901,60,31.69
42001,60,32.11
42101,60,32.11
42201,60,32.11
42301,60,32.11
42401,60,32.11
42501,60,32.11
42601,60,32.11
42701,60,32.11
42801,60,32.11
42901,60,32.11
43001,60,32.11
43101,60,32.11
43201,60,32.11
43301,60,32.11
43401,60,32.11
43501,60,32.11
43601,60,32.11
43701,60,32.11
43801,60,32.11
43901,60,32.11
44001,60,32.11
44101,60,32.53
44201,60,32.53
44301,60,32.53
44401,60,32.53
44501,60,32.53
44601,60,32.53
44701,60,32.53
44801,60,32.53
44901,60,32.53
45001,60,32.53
45101,60,32.53
45201,60,32.53
45301,60,32.53
45401,60,32.53
45501,60,32.53
45601,60,32.53
45701,60,32.53
45801,60,32.53
45901,60,32.53
46001,60,32.53
46101,60,32.94
46201,60,32.94
46301,60,32.94
46401,60,32.94
46501,60,32.94
46601,60,32.94
46701,60,32.94
46801,60,32.94
46901,60,32.94
47001,60,32.94
47101,60,32.94
47201,60,32.94
47301,60,32.94
47401,60,33.35
47501,60,33.35
47601,60,33.35
47701,60,33.35
47801,60,33.35
47901,60,33.35
48001,60,33.35
48101,60,33.35
48201,60,33.35
48301,60,33.35
48401,60,33.35
48501,60,33.35
48601,60,33.35
48701,60,33.35
48801,60,33.35
48901,60,33.35
49001,60,33.75
49101,60,33.75
49201,60,33.75
49301,60,33.75
49401,60,33.75
49501,60,33.75
49601,60,33.75
49701,60,33.75
49801,60,33.75
49901,60,33.75
50001,60,33.75
50101,60,33.75
50201,60,33.75
50301,60,33.75
50401,60,33.75
50501,60,33.75
50601,60,33.75
50701,60,33.75
50801,60,33.75
50901,60,33.75
51001,60,33.75
51101,60,33.75
51201,60,33.75
51301,60,33.75
51401,60,34.15
51501,60,33.75
51601,60,34.15
51701,60,34.15
51801,60,34.15
51901,60,34.15
52001,60,34.15
52101,60,34.15
52201,60,34.15
52301,60,34.15
52401,60,34.15
52501,60,34.15
52601,60,34.54
52701,60,34.54
52801,60,34.54
52901,60,34.54
53001,60,34.54
53101,60,34.54
53201,60,34.54
53301,60,34.54
53401,60,34.54
53501,60,34.54
53601,60,34.54
53701,60,34.54
53801,60,34.54
53901,60,34.54
54001,60,34.54
54101,60,34.54
54201,60,34.54
54301,60,34.54
54401,60,34.54
54501,60,34.54
54601,60,34.93
54701,60,34.54
54801,60,34.93
54901,60,34.93
55001,60,34.93
55101,60,34.93
55201,60,34.93
55301,60,34.93
55401,60,34.93
55501,60,34.93
55601,60,34.93
55701,60,34.93
55801,60,34.93
55901,60,35.31
56001,60,35.31
56101,60,34.93
56201,60,35.31
56301,60,35.31
56401,60,34.93
56501,60,35.31
56601,60,35.31
56701,60,35.31
56801,60,35.31
56901,60,35.31
57001,60,35.31
57101,60,35.31
57201,60,35.31
57301,60,35.31
57401,60,35.31
57501,60,35.31
57601,60,35.31
57701,60,35.31
57801,60,35.31
57901,60,35.69
58001,60,35.69
58101,60,35.69
58201,60,35.69
58301,60,35.69
58401,60,35.69
58501,60,35.69
58601,60,35.69
58701,60,35.69
58801,60,35.69
58901,60,35.69
59001,60,35.69
59101,60,35.69
59201,60,35.69
59301,60,35.69
59401,60,35.69
59501,60,35.69
59601,60,35.69
59701,60,35.69
59801,60,35.69
59901,60,35.69
60001,60,35.69
60101,60,35.69
60201,60,36.07
60301,60,36.07
60401,60,36.07
60501,60,36.07
60601,60,36.07
60701,60,36.07
60801,60,36.07
60901,60,36.07
61001,60,36.07
61101,60,36.07
61201,60,36.07
61301,60,36.44
61401,60,36.07
61501,60,36.44
61601,60,36.07
61701,60,36.07
61801,60,36.44
61901,60,36.07
62001,60,36.44
62101,60,36.44
62201,60,36.44
62301,60,36.44
62401,60,36.44
62501,60,36.44
62601,60,36.44
62701,60,36.44
62801,60,36.44
62901,60,36.44
63001,60,36.44
63101,60,36.44
63201,60,36.81
63301,60,36.81
63401,60,36.81
63501,60,36.81
63601,60,36.81
63701,60,36.81
63801,60,36.81
63901,60,36.81
64001,60,36.81
64101,60,36.81
64201,60,36.81
64301,60,36.81
64401,60,36.81
64501,60,36.81
64601,60,36.81
64701,60,36.81
64801,60,36.81
64901,60,36.81
65001,60,36.81
65101,60,36.81
65201,60,36.81
65301,60,36.81
65401,60,37.17
65501,60,37.17
65601,60,37.17
65701,60,37.17
65801,60,37.17
65901,60,37.17
66001,60,37.17
66101,60,37.17
66201,60,37.17
66301,60,37.53
66401,60,37.53
66501,60,37.53
66601,60,37.17
66701,60,37.53
66801,60,37.53
66901,60,37.17
67001,60,37.53
67101,60,37.17
67201,60,37.53
67301,60,37.53
67401,60,37.53
67501,60,37.53
67601,60,37.53
67701,60,37.53
67801,60,37.53
67901,60,37.53
68001,60,37.53
68101,60,37.53
68201,60,37.53
68301,60,37.53
68401,60,37.53
68501,60,37.88
68601,60,37.88
68701,60,37.88
68801,60,37.88
68901,60,37.88
69001,60,37.88
69101,60,37.88
69201,60,37.88
69301,60,37.88
69401,60,37.88
69501,60,37.88
69601,60,37.88
69701,60,37.88
69801,60,37.88
69901,60,37.88
70001,60,37.88
70101,60,37.88
70201,60,37.88
70301,60,37.88
70401,60,38.23
70501,60,38.23
70601,60,37.88
70701,60,38.23
70801,60,38.23
70901,60,38.23
71001,60,38.23
71101,60,38.23
71201,60,38.23
71301,60,38.23
71401,60,38.23
71501,60,38.23
71601,60,38.58
71701,60,38.58
71801,60,38.58
71901,60,38.58
72001,60,38.58
72101,60,38.58
72201,60,38.58
72301,60,38.58
72401,60,38.58
72501,60,38.58
72601,60,38.58
72701,60,38.58
72801,60,38.58
72901,60,38.58
73001,60,38.58
73101,60,38.58
73201,60,38.58
73301,60,38.58
73401,60,38.58
73501,60,38.58
73601,60,38.58
73701,60,38.93
73801,60,38.93
73901,60,38.93
74001,60,38.93
74101,60,38.93
74201,60,38.93
74301,60,38.93
74401,60,38.93
74501,60,38.93
74601,60,38.93
74701,60,38.93
74801,60,38.93
74901,60,38.93
75001,60,39.27
75101,60,39.27
75201,60,38.93
75301,60,38.93
75401,60,38.93
75501,60,39.27
75601,60,38.93
75701,60,39.27
75801,60,39.27
75901,60,39.27
76001,60,39.27
76101,60,39.27
76201,60,39.27
76301,60,39.27
76401,60,39.27
76501,60,39.27
76601,60,39.27
76701,60,39.61
76801,60,39.61
76901,60,39.61
77001,60,39.61
77101,60,39.61
77201,60,39.61
77301,60,39.61
77401,60,39.61
77501,60,39.61
77601,60,39.61
77701,60,39.61
77801,60,39.61
77901,60,39.61
78001,60,39.61
78101,60,39.61
78201,60,39.61
78301,60,39.61
78401,60,39.61
78501,60,39.61
78601,60,39.61
78701,60,39.61
78801,60,39.94
78901,60,39.61
79001,60,39.61
79101,60,39.94
79201,60,39.94
79301,60,39.94
79401,60,39.94
79501,60,39.94
79601,60,39.94
79701,60,39.94
79801,60,40.27
79901,60,39.94
80001,60,39.94
80101,60,40.27
80201,60,39.94
80301,60,40.27
80401,60,40.27
80501,60,40.27
80601,60,40.27
80701,60,40.27
80801,60,40.27
80901,60,40.27
81001,60,40.27
81101,60,40.27
81201,60,40.27
81301,60,40.27
81401,60,40.27
81501,60,40.27
81601,60,40.27
81701,60,40.27
81801,60,40.27
81901,60,40.27
82001,60,40.27
82101,60,40.60
82201,60,40.60
82301,60,40.60
82401,60,40.60
82501,60,40.60
82601,60,40.60
82701,60,40.60
82801,60,40.60
82901,60,40.60
83001,60,40.60
83101,60,40.60
83201,60,40.60
83301,60,40.60
83401,60,40.60
83501,60,40.60
83601,60,40.60
83701,60,40.60
83801,60,40.60
83901,60,40.60
84001,60,40.93
84101,60,40.93
84201,60,40.60
84301,60,40.93
84401,60,40.60
84501,60,40.93
84601,60,40.93
84701,60,40.93
84801,60,40.93
84901,60,40.93
85001,60,40.93
85101,60,40.93
85201,60,40.93
85301,60,40.93
85401,60,40.93
85501,60,41.25
85601,60,41.25
85701,60,41.25
85801,60,41.25
85901,60,41.25
86001,60,40.93
86101,60,41.25
86201,60,41.25
86301,60,41.25
86401,60,41.25
86501,60,41.25
86601,60,41.25
86701,60,41.25
86801,60,41.25
86901,60,41.25
87001,60,41.25
87101,60,41.25
87201,60,41.25
87301,60,41.25
87401,60,41.57
87501,60,41.57
87601,60,41.57
87701,60,41.57
87801,60,41.57
87901,60,41.57
88001,60,41.57
88101,60,41.57
88201,60,41.57
88301,60,41.57
88401,60,41.57
88501,60,41.57
88601,60,41.57
88701,60,41.57
88801,60,41.57
88901,60,41.57
89001,60,41.57
89101,60,41.57
89201,60,41.88
89301,60,41.88
89401,60,41.57
89501,60,41.88
89601,60,41.88
89701,60,41.88
89801,60,41.88
89901,60,41.88
90001,60,41.88
90101,60,42.20
90201,60,42.20
90301,60,42.20
90401,60,41.88
90501,60,41.88
90601,60,42.20
90701,60,42.20
90801,60,42.20
90901,60,42.20
91001,60,42.20
91101,60,42.20
91201,60,42.20
91301,60,42.20
91401,60,42.20
91501,60,42.20
91601,60,42.20
91701,60,42.20
91801,60,42.20
91901,60,42.20
92001,60,42.20
92101,60,42.20
92201,60,42.20
92301,60,42.51
92401,60,42.51
92501,60,42.51
92601,60,42.51
92701,60,42.51
92801,60,42.51
92901,60,42.51
93001,60,42.51
93101,60,42.51
93201,60,42.51
93301,60,42.51
93401,60,42.51
93501,60,42.51
93601,60,42.51
93701,60,42.51
93801,60,42.51
93901,60,42.51
94001,60,42.51
94101,60,42.51
94201,60,42.51
94301,60,42.51
94401,60,42.82
94501,60,42.82
94601,60,42.82
94701,60,42.82
94801,60,42.82
94901,60,42.82
95001,60,42.82
95101,60,42.82
95201,60,42.82
95301,60,43.13
95401,60,43.13
95501,60,42.82
95601,60,42.82
95701,60,43.13
95801,60,43.13
95901,60,43.13
96001,60,43.13
96101,60,42.82
96201,60,43.13
96301,60,43.13
96401,60,43.13
96501,60,43.13
96601,60,43.13
96701,60,43.13
96801,60,43.13
96901,60,43.13
97001,60,43.13
97101,60,43.13
97201,60,43.43
97301,60,43.43
97401,60,43.43
97501,60,43.43
97601,60,43.43
97701,60,43.43
97801,60,43.43
97901,60,43.43
98001,60,43.43
98101,60,43.43
98201,60,43.43
98301,60,43.43
98401,60,43.73
98501,60,43.43
98601,60,43.43
98701,60,43.43
98801,60,43.43
98901,60,43.43
99001,60,43.43
99101,60,43.43
99201,60,43.73
99301,60,43.43
99401,60,43.73
99501,60,43.73
99601,60,43.73
99701,60,43.73
99801,60,43.73
99901,60,43.73
100001,60,43.73
100101,60,43.73
100201,60,43.73
100301,60,44.03
100401,60,44.03
100501,60,44.03
100601,60,44.03
100701,60,44.03
100801,60,44.03
100901,60,44.03
101001,60,44.03
101101,60,44.03
101201,60,44.03
101301,60,44.03
101401,60,44.03
101501,60,44.03
101601,60,44.03
101701,60,44.03
101801,60,44.03
101901,60,44.03
102001,60,44.03
102101,60,44.03
102201,60,44.33
102301,60,44.03
102401,60,44.33
102501,60,44.33
102601,60,44.33
102701,60,44.33
102801,60,44.33
102901,60,44.33
103001,60,44.33
103101,60,44.33
103201,60,44.33
103301,60,44.62
103401,60,44.62
103501,60,44.62
103601,60,44.62
103701,60,44.62
103801,60,44.33
103901,60,44.62
104001,60,44.62
104101,60,44.62
104201,60,44.62
104301,60,44.62
104401,60,44.62
104501,60,44.62
104601,60,44.62
104701,60,44.62
104801,60,44.62
104901,60,44.62
105001,60,44.62
105101,60,44.62
105201,60,44.62
105301,60,44.91
105401,60,44.91
105501,60,44.91
105601,60,44.91
105701,60,44.91
105801,60,44.91
105901,60,44.91
106001,60,44.91
106101,60,44.91
106201,60,44.91
106301,60,44.91
106401,60,44.91
106501,60,44.91
106601,60,44.91
106701,60,44.91
106801,60,44.91
106901,60,44.91
107001,60,44.91
107101,60,44.91
107201,60,45.20
107301,60,44.91
107401,60,44.91
107501,60,45.20
107601,60,44.91
107701,60,45.20
107801,60,45.20
107901,60,45.20
108001,60,45.20
108101,60,45.20
108201,60,45.20
108301,60,45.20
108401,60,45.20
108501,60,45.49
108601,60,45.49
108701,60,45.49
108801,60,45.49
108901,60,45.49
109001,60,45.49
109101,60,45.49
109201,60,45.49
109301,60,45.49
109401,60,45.49
109501,60,45.49
109601,60,45.49
109701,60,45.49
109801,60,45.49
109901,60,45.49
110001,60,45.49
110101,60,45.49
110201,60,45.49
110301,60,45.49
110401,60,45.49
110501,60,45.78
110601,60,45.49
110701,60,45.78
110801,60,45.78
110901,60,45.78
111001,60,45.78
111101,60,45.78
111201,60,45.78
111301,60,45.78
111401,60,45.78
111501,60,45.78
111601,60,45.78
111701,60,45.78
111801,60,45.78
111901,60,45.78
112001,60,45.78
112101,60,45.78
112201,60,45.78
112301,60,45.78
112401,60,45.78
112501,60,46.06
112601,60,45.78
112701,60,46.06
112801,60,46.06
112901,60,46.06
113001,60,46.06
113101,60,46.06
113201,60,46.06
113301,60,46.06
113401,60,46.06
113501,60,46.06
113601,60,46.06
113701,60,46.06
113801,60,46.34
113901,60,46.06
114001,60,46.34
114101,60,46.34
114201,60,46.34
114301,60,46.34
114401,60,46.34
114501,60,46.34
114601,60,46.34
114701,60,46.34
114801,60,46.34
114901,60,46.34
115001,60,46.34
115101,60,46.34
115201,60,46.34
115301,60,46.34
115401,60,46.34
115501,60,46.34
115601,60,46.34
115701,60,46.62
115801,60,46.62
115901,60,46.62
116001,60,46.62
116101,60,46.62
116201,60,46.62
116301,60,46.62
116401,60,46.62
116501,60,46.62
116601,60,46.62
116701,60,46.62
116801,60,46.62
116901,60,46.90
117001,60,46.90
117101,60,46.62
117201,60,46.90
117301,60,46.90
117401,60,46.62
117501,60,46.62
117601,60,46.90
117701,60,46.62
117801,60,46.62
117901,60,46.90
118001,60,46.90
118101,60,46.90
118201,60,46.90
118301,60,46.90
118401,60,46.90
118501,60,46.90
118601,60,46.90
118701,60,46.90
118801,60,46.90
118901,60,47.17
119001,60,47.17
119101,60,47.17
119201,60,47.17
119301,60,47.17
119401,60,47.17
119501,60,47.17
119601,60,47.17
119701,60,47.17
119801,60,47.17
119901,60,47.17
120001,60,47.17
120101,60,47.17
120201,60,47.17
120301,60,47.17
120401,60,47.17
120501,60,47.17
120601,60,47.17
120701,60,47.45
120801,60,47.45
120901,60,47.45
121001,60,47.45
121101,60,47.45
121201,60,47.45
121301,60,47.45
121401,60,47.45
121501,60,47.45
121601,60,47.45
121701,60,47.72
121801,60,47.72
121901,60,47.45
122001,60,47.72
122101,60,47.72
122201,60,47.72
122301,60,47.72
122401,60,47.72
122501,60,47.72
122601,60,47.72
122701,60,47.72
122801,60,47.72
122901,60,47.72
123001,60,47.72
123101,60,47.72
123201,60,47.72
123301,60,47.72
123401,60,47.72
123501,60,47.72
123601,60,47.72
123701,60,47.72
123801,60,47.72
123901,60,47.72
124001,60,47.99
124101,60,47.99
124201,60,47.99
124301,60,47.99
124401,60,47.99
124501,60,47.99
124601,60,47.99
124701,60,47.99
124801,60,48.26
124901,60,47.99
125001,60,48.26
125101,60,48.26
125201,60,47.99
125301,60,48.26
125401,60,48.26
125501,60,48.26
125601,60,48.26
125701,60,48.26
125801,60,47.99
125901,60,48.26
126001,60,48.26
126101,60,48.26
126201,60,48.26
126301,60,48.26
126401,60,48.26
126501,60,48.26
126601,60,48.26
126701,60,48.26
126801,60,48.52
126901,60,48.52
127001,60,48.52
127101,60,48.52
127201,60,48.52
127301,60,48.52
127401,60,48.52
127501,60,48.52
127601,60,48.52
127701,60,48.52
127801,60,48.52
127901,60,48.52
128001,60,48.52
128101,60,48.52
128201,60,48.52
128301,60,48.52
128401,60,48.52
128501,60,48.52
128601,60,48.52
128701,60,48.52
128801,60,48.52
128901,60,48.52
129001,60,48.52
129101,60,48.79
129201,60,48.79
129301,60,48.79
129401,60,48.79
129501,60,48.79
129601,60,48.79
129701,60,48.79
129801,60,48.79
129901,60,48.79
130001,60,49.05
130101,60,48.79
130201,60,48.79
130301,60,49.05
130401,60,49.05
130501,60,49.05
130601,60,49.05
130701,60,49.05
130801,60,49.05
130901,60,49.05
131001,60,49.05
131101,60,49.05
131201,60,49.05
131301,60,49.05
131401,60,49.05
131501,60,49.05
131601,60,49.05
131701,60,49.05
131801,60,49.05
131901,60,49.05
132001,60,49.05
132101,60,49.05
132201,60,49.31
132301,60,49.31
132401,60,49.31
132501,60,49.31
132601,60,49.31
132701,60,49.31
132801,60,49.31
132901,60,49.31
133001,60,49.31
133101,60,49.31
133201,60,49.31
133301,60,49.31
133401,60,49.31
133501,60,49.31
133601,60,49.31
133701,60,49.31
133801,60,49.31
133901,60,49.31
134001,60,49.31
134101,60,49.31
134201,60,49.57
134301,60,49.57
134401,60,49.57
134501,60,49.57
134601,60,49.57
134701,60,49.57
134801,60,49.57
134901,60,49.57
135001,60,49.57
135101,60,49.83
135201,60,49.83
135301,60,49.83
135401,60,49.83
135501,60,49.83
135601,60,49.83
135701,60,49.83
135801,60,49.83
135901,60,49.83
136001,60,49.83
136101,60,49.83
136201,60,49.83
136301,60,49.83
136401,60,49.83
136501,60,49.83
136601,60,49.83
136701,60,49.83
136801,60,49.83
136901,60,49.83
137001,60,50.08
137101,60,50.08
137201,60,49.83
137301,60,50.08
137401,60,50.08
137501,60,50.08
137601,60,50.08
137701,60,50.08
137801,60,50.08
137901,60,50.08
138001,60,50.08
138101,60,50.34
138201,60,50.08
138301,60,50.34
138401,60,50.34
138501,60,50.34
138601,60,50.34
138701,60,50.08
138801,60,50.34
138901,60,50.34
139001,60,50.34
139101,60,50.34
139201,60,50.34
139301,60,50.34
139401,60,50.34
139501,60,50.34
139601,60,50.34
139701,60,50.34
139801,60,50.34
139901,60,50.59
140001,60,50.59
140101,60,50.59
140201,60,50.59
140301,60,50.59
140401,60,50.59
140501,60,50.59
140601,60,50.59
140701,60,50.59
140801,60,50.59
140901,60,50.59
141001,60,50.59
141101,60,50.59
141201,60,50.59
141301,60,50.59
141401,60,50.59
141501,60,50.59
141601,60,50.59
141701,60,50.59
141801,60,50.84
141901,60,50.84
142001,60,50.84
142101,60,50.84
142201,60,50.84
142301,60,50.84
142401,60,50.84
142501,60,50.84
142601,60,50.84
142701,60,50.84
142801,60,51.09
142901,60,51.09
143001,60,51.09
143101,60,51.09
143201,60,51.09
143301,60,51.09
143401,60,51.09
143501,60,51.09
143601,60,51.09
143701,60,51.09
143801,60,51.09
143901,60,51.09
144001,60,51.09
144101,60,51.09
144201,60,51.09
144301,60,51.09
144401,60,51.09
144501,60,51.09
144601,60,51.09
144701,60,51.09
144801,60,51.09
144901,60,51.09
145001,60,51.34
145101,60,51.34
145201,60,51.34
145301,60,51.34
145401,60,51.34
145501,60,51.34
145601,60,51.34
145701,60,51.34
145801,60,51.34
145901,60,51.59
146001,60,51.59
146101,60,51.59
146201,60,51.59
146301,60,51.59
146401,60,51.59
146501,60,51.59
146601,60,51.59
146701,60,51.59
146801,60,51.59
146901,60,51.59
147001,60,51.59
147101,60,51.59
147201,60,51.59
147301,60,51.59
147401,60,51.59
147501,60,51.59
147601,60,51.59
147701,60,51.59
147801,60,51.84
147901,60,51.84
148001,60,51.84
148101,60,51.84
148201,60,51.84
148301,60,51.84
148401,60,51.84
148501,60,51.84
148601,60,51.84
148701,60,51.84
148801,60,51.84
148901,60,51.84
149001,60,51.84
149101,60,51.84
149201,60,51.84
149301,60,51.84
149401,60,51.84
149501,60,51.84
149601,60,51.84
149701,60,51.84
149801,60,51.84
149901,60,51.84
150001,60,51.84
150101,60,52.08
150201,60,52.08
150301,60,52.08
150401,60,52.08
150501,60,52.08
150601,60,52.08
150701,60,52.08
150801,60,52.08
150901,60,52.08
151001,60,52.08
151101,60,52.32
151201,60,52.08
151301,60,52.08
151401,60,52.08
151501,60,52.08
151601,60,52.32
151701,60,52.32
151801,60,52.32
151901,60,52.32
152001,60,52.32
152101,60,52.32
152201,60,52.32
152301,60,52.32
152401,60,52.32
152501,60,52.32
152601,60,52.32
152701,60,52.32
152801,60,52.32
152901,60,52.32
153001,60,52.32
153101,60,52.32
153201,60,52.32
153301,60,52.57
153401,60,52.57
153501,60,52.57
153601,60,52.57
153701,60,52.57
153801,60,52.57
153901,60,52.57
154001,60,52.57
154101,60,52.57
154201,60,52.57
154301,60,52.57
154401,60,52.57
154501,60,52.57
154601,60,52.57
154701,60,52.57
154801,60,52.57
154901,60,52.57
155001,60,52.57
155101,60,52.57
155201,60,52.81
155301,60,52.81
155401,60,52.81
155501,60,52.81
155601,60,52.81
155701,60,52.81
155801,60,53.04
155901,60,53.04
156001,60,53.04
156101,60,53.04
156201,60,53.04
156301,60,53.04
156401,60,53.04
156501,60,53.04
156601,60,53.04
156701,60,53.04
156801,60,53.04
156901,60,53.04
157001,60,53.04
157101,60,53.04
157201,60,53.04
157301,60,53.04
157401,60,53.04
157501,60,53.04
157601,60,53.04
157701,60,53.04
157801,60,53.04
157901,60,53.04
158001,60,53.04
158101,60,53.04
158201,60,53.28
158301,60,53.28
158401,60,53.28
158501,60,53.28
158601,60,53.28
158701,60,53.28
158801,60,53.28
158901,60,53.28
159001,60,53.28
159101,60,53.28
159201,60,53.28
159301,60,53.28
159401,60,53.28
159501,60,53.28
159601,60,53.28
159701,60,53.28
159801,60,53.28
159901,60,53.28
160001,60,53.28
160101,60,53.28
160201,60,53.28
160301,60,53.28
160401,60,53.52
160501,60,53.52
160601,60,53.52
160701,60,53.52
160801,60,53.52
160901,60,53.52
161001,60,53.52
161101,60,53.52
161201,60,53.52
161301,60,53.52
161401,60,53.52
161501,60,53.75
161601,60,53.75
161701,60,53.75
161801,60,53.52
161901,60,53.75
162001,60,53.52
162101,60,53.75
162201,60,53.75
162301,60,53.75
162401,60,53.75
162501,60,53.75
162601,60,53.75
162701,60,53.75
162801,60,53.75
162901,60,53.75
163001,60,53.75
163101,60,53.75
163201,60,53.75
163301,60,53.75
163401,60,53.99
163501,60,53.99
163601,60,53.99
163701,60,53.99
163801,60,53.99
163901,60,53.99
164001,60,53.99
164101,60,53.99
164201,60,53.99
164301,60,53.99
164401,60,53.99
164501,60,53.99
164601,60,53.99
164701,60,53.99
164801,60,53.99
164901,60,53.99
165001,60,53.99
165101,60,53.99
165201,60,53.99
165301,60,53.99
165401,60,54.22
165501,60,54.22
165601,60,54.22
165701,60,54.22
165801,60,54.22
165901,60,54.22
166001,60,54.22
166101,60,54.22
166201,60,54.22
166301,60,54.22
166401,60,54.22
166501,60,54.22
166601,60,54.22
166701,60,54.22
166801,60,54.22
166901,60,54.22
167001,60,54.22
167101,60,54.22
167201,60,54.45
167301,60,54.22
167401,60,54.45
167501,60,54.45
167601,60,54.45
167701,60,54.45
167801,60,54.45
167901,60,54.45
168001,60,54.45
168101,60,54.45
168201,60,54.45
168301,60,54.45
168401,60,54.45
168501,60,54.45
168601,60,54.68
168701,60,54.68
168801,60,54.68
168901,60,54.68
169001,60,54.68
169101,60,54.68
169201,60,54.68
169301,60,54.68
169401,60,54.68
169501,60,54.68
169601,60,54.68
169701,60,54.68
169801,60,54.68
169901,60,54.68
170001,60,54.68
170101,60,54.68
170201,60,54.68
170301,60,54.68
170401,60,54.91
170501,60,54.91
170601,60,54.91
170701,60,54.91
170801,60,54.91
170901,60,54.91
171001,60,54.91
171101,60,54.91
171201,60,55.14
171301,60,54.91
171401,60,55.14
171501,60,54.91
171601,60,55.14
171701,60,54.91
171801,60,55.14
171901,60,55.14
172001,60,55.14
172101,60,55.14
172201,60,55.14
172301,60,55.14
172401,60,55.14
172501,60,55.14
172601,60,55.14
172701,60,55.14
172801,60,55.14
172901,60,55.14
173001,60,55.14
173101,60,55.37
173201,60,55.37
173301,60,55.37
173401,60,55.37
173501,60,55.37
173601,60,55.37
173701,60,55.37
173801,60,55.37
173901,60,55.37
174001,60,55.37
174101,60,55.37
174201,60,55.37
174301,60,55.59
174401,60,55.37
174501,60,55.37
174601,60,55.37
174701,60,55.37
174801,60,55.59
174901,60,55.59
175001,60,55.37
175101,60,55.59
175201,60,55.59
175301,60,55.59
175401,60,55.59
175501,60,55.59
175601,60,55.59
175701,60,55.59
175801,60,55.59
175901,60,55.59
176001,60,55.82
176101,60,55.82
176201,60,55.82
176301,60,55.82
176401,60,55.82
176501,60,55.82
176601,60,55.82
176701,60,55.82
176801,60,55.82
176901,60,55.82
177001,60,55.82
177101,60,55.82
177201,60,55.82
177301,60,55.82
177401,60,55.82
177501,60,55.82
177601,60,55.82
177701,60,55.82
177801,60,55.82
177901,60,55.82
178001,60,56.04
178101,60,56.04
178201,60,56.04
178301,60,56.04
178401,60,56.04
178501,60,56.04
178601,60,56.04
178701,60,56.04
178801,60,56.04
178901,60,56.04
179001,60,56.27
179101,60,56.04
179201,60,56.04
179301,60,56.27
179401,60,56.27
179501,60,56.27
179601,60,56.27
179701,60,56.04
179801,60,56.27
179901,60,56.04
180001,60,56.27
180101,60,56.27
180201,60,56.27
180301,60,56.27
180401,60,56.27
180501,60,56.27
180601,60,56.27
180701,60,56.27
180801,60,56.27
180901,60,56.27
181001,60,56.27
181101,60,56.27
181201,60,56.49
181301,60,56.27
181401,60,56.49
181501,60,56.49
181601,60,56.49
181701,60,56.49
181801,60,56.49
181901,60,56.49
182001,60,56.49
182101,60,56.49
182201,60,56.49
182301,60,56.49
182401,60,56.49
182501,60,56.49
182601,60,56.49
182701,60,56.49
182801,60,56.49
182901,60,56.49
183001,60,56.49
183101,60,56.49
183201,60,56.49
183301,60,56.49
183401,60,56.71
183501,60,56.71
183601,60,56.71
183701,60,56.71
183801,60,56.71
183901,60,56.71
184001,60,56.71
184101,60,56.71
184201,60,56.71
184301,60,56.71
184401,60,56.71
184501,60,56.71
184601,60,56.71
184701,60,56.71
184801,60,56.71
184901,60,56.71
185001,60,56.71
185101,60,56.71
185201,60,56.71
185301,60,56.71
185401,60,56.71
185501,60,56.71
185601,60,56.93
185701,60,56.93
185801,60,56.93
185901,60,56.93
186001,60,56.93
186101,60,56.93
186201,60,56.93
186301,60,56.93
186401,60,56.93
186501,60,57.15
186601,60,56.93
186701,60,56.93
186801,60,57.15
186901,60,57.15
187001,60,57.15
187101,60,57.15
187201,60,57.15
187301,60,57.15
187401,60,57.15
187501,60,57.15
187601,60,57.15
187701,60,57.15
187801,60,57.15
187901,60,57.15
188001,60,57.15
188101,60,57.15
188201,60,57.15
188301,60,57.15
188401,60,57.15
188501,60,57.15
188601,60,57.36
188701,60,57.36
188801,60,57.36
188901,60,57.36
189001,60,57.36
189101,60,57.36
189201,60,57.36
189301,60,57.36
189401,60,57.36
189501,60,57.36
189601,60,57.58
189701,60,57.36
189801,60,57.36
189901,60,57.58
190001,60,57.58
190101,60,57.58
190201,60,57.58
190301,60,57.58
190401,60,57.58
190501,60,57.58
190601,60,57.58
190701,60,57.58
190801,60,57.58
190901,60,57.36
191001,60,57.58
191101,60,57.58
191201,60,57.58
191301,60,57.58
191401,60,57.58
191501,60,57.58
191601,60,57.58
191701,60,57.80
191801,60,57.80
191901,60,57.80
192001,60,57.80
192101,60,57.80
192201,60,57.80
192301,60,57.80
192401,60,57.80
192501,60,57.80
192601,60,57.80
192701,60,57.80
192801,60,57.80
192901,60,57.80
193001,60,57.80
193101,60,57.80
193201,60,57.80
193301,60,57.80
193401,60,57.80
193501,60,57.80
193601,60,57.80
193701,60,57.80
193801,60,58.01
193901,60,58.01
194001,60,58.01
194101,60,58.01
194201,60,58.01
194301,60,58.01
194401,60,58.01
194501,60,58.01
194601,60,58.01
194701,60,58.01
194801,60,58.01
194901,60,58.01
195001,60,58.01
195101,60,58.23
195201,60,58.23
195301,60,58.23
195401,60,58.23
195501,60,58.01
195601,60,58.01
195701,60,58.23
195801,60,58.23
195901,60,58.23
196001,60,58.23
196101,60,58.23
196201,60,58.23
196301,60,58.23
196401,60,58.23
196501,60,58.23
196601,60,58.23
196701,60,58.23
196801,60,58.23
196901,60,58.23
197001,60,58.23
197101,60,58.23
197201,60,58.44
197301,60,58.23
197401,60,58.44
197501,60,58.44
197601,60,58.44
197701,60,58.44
197801,60,58.44
197901,60,58.44
198001,60,58.44
198101,60,58.44
198201,60,58.44
198301,60,58.44
198401,60,58.44
198501,60,58.44
198601,60,58.44
198701,60,58.44
198801,60,58.44
198901,60,58.44
199001,60,58.44
199101,60,58.44
199201,60,58.44
199301,60,58.44
199401,60,58.65
199501,60,58.65
199601,60,58.65
199701,60,58.65
199801,60,58.65
199901,60,58.65
200001,60,58.65
200101,60,58.65
200201,60,58.65
200301,60,58.65
200401,60,58.65
200501,60,58.86
200601,60,58.65
200701,60,58.65
200801,60,58.65
200901,60,58.86
201001,60,58.65
201101,60,58.86
201201,60,58.65
201301,60,58.65
201401,60,58.86
201501,60,58.86
201601,60,58.86
201701,60,58.86
201801,60,58.86
201901,60,58.86
202001,60,58.86
202101,60,58.86
202201,60,58.86
202301,60,58.86
202401,60,58.86
202501,60,58.86
202601,60,58.86
202701,60,59.07
202801,60,59.07
202901,60,59.07
203001,60,59.07
203101,60,59.07
203201,60,59.07
203301,60,59.07
203401,60,59.07
203501,60,59.07
203601,60,59.07
203701,60,59.07
203801,60,59.07
203901,60,59.07
204001,60,59.07
204101,60,59.07
204201,60,59.07
204301,60,59.07
204401,60,59.07
204501,60,59.07
204601,60,59.28
204701,60,59.28
204801,60,59.28
204901,60,59.28
205001,60,59.07
205101,60,59.28
205201,60,59.28
205301,60,59.28
205401,60,59.28
205501,60,59.28
205601,60,59.28
205701,60,59.49
205801,60,59.28
205901,60,59.49
206001,60,59.49
206101,60,59.28
206201,60,59.49
206301,60,59.28
206401,60,59.49
206501,60,59.49
206601,60,59.28
206701,60,59.49
206801,60,59.49
206901,60,59.49
207001,60,59.49
207101,60,59.49
207201,60,59.49
207301,60,59.49
207401,60,59.49
207501,60,59.49
207601,60,59.49
207701,60,59.49
207801,60,59.49
207901,60,59.70
208001,60,59.70
208101,60,59.70
208201,60,59.70
208301,60,59.70
208401,60,59.70
208501,60,59.70
208601,60,59.70
208701,60,59.70
208801,60,59.70
208901,60,59.70
209001,60,59.70
209101,60,59.70
209201,60,59.70
209301,60,59.70
209401,60,59.70
209501,60,59.70
209601,60,59.70
209701,60,59.70
209801,60,59.70
209901,60,59.70
210001,60,59.70
210101,60,59.90
210201,60,59.90
210301,60,59.90
210401,60,59.90
210501,60,59.90
210601,60,59.90
210701,60,59.90
210801,60,59.90
210901,60,59.90
211001,60,59.90
211101,60,59.90
211201,60,59.90
211301,60,60.11
211401,60,60.11
211501,60,59.90
211601,60,60.11
211701,60,60.11
211801,60,59.90
211901,60,60.11
212001,60,60.11
212101,60,60.11
212201,60,60.11
212301,60,60.11
212401,60,60.11
212501,60,60.11
212601,60,60.11
212701,60,60.11
212801,60,60.11
212901,60,60.11
213001,60,60.11
213101,60,60.11
213201,60,60.11
213301,60,60.11
213401,60,60.32
213501,60,60.32
213601,60,60.32
213701,60,60.32
213801,60,60.32
213901,60,60.32
214001,60,60.32
214101,60,60.32
214201,60,60.32
214301,60,60.32
214401,60,60.32
214501,60,60.32
214601,60,60.32
214701,60,60.32
214801,60,60.32
214901,60,60.32
215001,60,60.32
215101,60,60.32
215201,60,60.32
215301,60,60.32
215401,60,60.32
215501,60,60.32
215601,60,60.52
215701,60,60.52
215801,60,60.52
215901,60,60.52
216001,60,60.52
216101,60,60.52
216201,60,60.52
216301,60,60.52
216401,60,60.52
216501,60,60.52
216601,60,60.52
216701,60,60.52
216801,60,60.52
216901,60,60.52
217001,60,60.52
217101,60,60.52
217201,60,60.52
217301,60,60.52
217401,60,60.52
217501,60,60.52
217601,60,60.52
217701,60,60.72
217801,60,60.52
217901,60,60.52
218001,60,60.72
218101,60,60.72
218201,60,60.72
218301,60,60.72
218401,60,60.72
218501,60,60.72
218601,60,60.72
218701,60,60.72
218801,60,60.72
218901,60,60.72
219001,60,60.93
219101,60,60.93
219201,60,60.93
219301,60,60.93
219401,60,60.93
219501,60,60.93
219601,60,60.93
219701,60,60.93
219801,60,60.93
219901,60,60.93
220001,60,60.93
220101,60,60.93
220201,60,60.93
220301,60,60.93
220401,60,60.93
220501,60,60.93
220601,60,60.93
220701,60,60.93
220801,60,60.93
220901,60,60.93
221001,60,60.93
221101,60,60.93
221201,60,60.93
221301,60,61.13
221401,60,61.13
221501,60,61.13
221601,60,61.13
221701,60,61.13
221801,60,61.13
221901,60,61.13
222001,60,61.13
222101,60,61.13
222201,60,61.13
222301,60,61.13
222401,60,61.13
222501,60,61.13
222601,60,61.13
222701,60,61.13
222801,60,61.13
222901,60,61.33
223001,60,61.13
223101,60,61.13
223201,60,61.33
223301,60,61.33
223401,60,61.33
223501,60,61.33
223601,60,61.33
223701,60,61.33
223801,60,61.33
223901,60,61.33
224001,60,61.33
224101,60,61.33
224201,60,61.53
224301,60,61.53
224401,60,61.53
224501,60,61.53
224601,60,61.53
224701,60,61.53
224801,60,61.53
224901,60,61.53
225001,60,61.53
225101,60,61.53
225201,60,61.53
225301,60,61.53
225401,60,61.53
225501,60,61.53
225601,60,61.53
225701,60,61.53
225801,60,61.53
225901,60,61.53
226001,60,61.53
226101,60,61.53
226201,60,61.53
226301,60,61.73
226401,60,61.73
226501,60,61.73
226601,60,61.73
226701,60,61.73
226801,60,61.73
226901,60,61.73
227001,60,61.73
227101,60,61.73
227201,60,61.73
227301,60,61.73
227401,60,61.73
227501,60,61.73
227601,60,61.73
227701,60,61.73
227801,60,61.73
227901,60,61.73
228001,60,61.93
228101,60,61.93
228201,60,61.73
228301,60,61.93
228401,60,61.93
228501,60,61.93
228601,60,61.93
228701,60,61.93
228801,60,61.93
228901,60,61.93
229001,60,61.93
229101,60,61.93
229201,60,61.93
229301,60,61.93
229401,60,61.93
229501,60,62.13
229601,60,62.13
229701,60,62.13
229801,60,62.13
229901,60,62.13
230001,60,62.13
230101,60,62.13
230201,60,62.13
230301,60,62.13
230401,60,62.13
230501,60,62.13
230601,60,62.13
230701,60,62.13
230801,60,62.13
230901,60,62.13
231001,60,62.13
231101,60,62.13
231201,60,62.13
231301,60,62.13
231401,60,62.13
231501,60,62.32
231601,60,62.32
231701,60,62.32
231801,60,62.32
231901,60,62.32
232001,60,62.32
232101,60,62.32
232201,60,62.32
232301,60,62.32
232401,60,62.32
232501,60,62.32
232601,60,62.52
232701,60,62.52
232801,60,62.52
232901,60,62.52
233001,60,62.52
233101,60,62.52
233201,60,62.52
233301,60,62.52
233401,60,62.52
233501,60,62.52
233601,60,62.52
233701,60,62.52
233801,60,62.52
233901,60,62.52
234001,60,62.52
234101,60,62.52
234201,60,62.52
234301,60,62.52
234401,60,62.52
234501,60,62.52
234601,60,62.72
234701,60,62.72
234801,60,62.72
234901,60,62.72
235001,60,62.72
235101,60,62.72
235201,60,62.72
235301,60,62.72
235401,60,62.72
235501,60,62.72
235601,60,62.72
235701,60,62.72
235801,60,62.72
235901,60,62.72
236001,60,62.72
236101,60,62.72
236201,60,62.72
236301,60,62.72
236401,60,62.72
236501,60,62.91
236601,60,62.72
236701,60,62.91
236801,60,62.91
236901,60,62.91
237001,60,62.91
237101,60,62.91
237201,60,62.91
237301,60,62.91
237401,60,62.91
237501,60,62.91
237601,60,62.91
237701,60,62.91
237801,60,62.91
237901,60,62.91
238001,60,62.91
238101,60,63.11
238201,60,62.91
238301,60,62.91
238401,60,63.11
238501,60,63.11
238601,60,63.11
238701,60,63.11
238801,60,63.11
238901,60,63.11
239001,60,63.11
239101,60,63.11
239201,60,63.11
239301,60,63.11
239401,60,63.11
239501,60,63.11
239601,60,63.11
239701,60,63.11
239801,60,63.11
239901,60,63.11
240001,60,63.11
240101,60,63.11
240201,60,63.30
240301,60,63.30
240401,60,63.30
240501,60,63.30
240601,60,63.30
240701,60,63.30
240801,60,63.30
240901,60,63.30
241001,60,63.30
241101,60,63.30
241201,60,63.30
241301,60,63.30
241401,60,63.30
241501,60,63.30
241601,60,63.30
241701,60,63.30
241801,60,63.30
241901,60,63.30
242001,60,63.30
242101,60,63.30
242201,60,63.30
242301,60,63.30
242401,60,63.30
242501,60,63.30
242601,60,63.30
242701,60,63.30
242801,60,63.50
242901,60,63.50
243001,60,63.50
243101,60,63.50
243201,60,63.50
243301,60,63.50
243401,60,63.50
243501,60,63.50
243601,60,63.50
243701,60,63.50
243801,60,63.50
243901,60,63.69
244001,60,63.50
244101,60,63.69
244201,60,63.69
244301,60,63.69
244401,60,63.69
244501,60,63.69
244601,60,63.69
244701,60,63.69
244801,60,63.69
244901,60,63.69
245001,60,63.69
245101,60,63.69
245201,60,63.69
245301,60,63.69
245401,60,63.69
245501,60,63.69
245601,60,63.69
245701,60,63.69
245801,60,63.88
245901,60,63.88
246001,60,63.88
246101,60,63.88
246201,60,63.88
246301,60,63.88
246401,60,63.88
246501,60,63.88
246601,60,63.88
246701,60,63.88
246801,60,63.88
246901,60,63.88
247001,60,63.88
247101,60,63.88
247201,60,63.88
247301,60,63.88
247401,60,63.88
247501,60,63.88
247601,60,63.88
247701,60,63.88
247801,60,63.88
247901,60,63.88
248001,60,64.07
248101,60,64.07
248201,60,64.07
248301,60,64.07
248401,60,64.07
248501,60,64.07
248601,60,64.07
248701,60,64.07
248801,60,64.07
248901,60,64.07
249001,60,64.07
249101,60,64.07
249201,60,64.07
249301,60,64.26
249401,60,64.26
249501,60,64.07
249601,60,64.26
249701,60,64.07
249801,60,64.26
249901,60,64.07
250001,60,64.26
250101,60,64.26
250201,60,64.07
250301,60,64.26
250401,60,64.26
250501,60,64.26
250601,60,64.26
250701,60,64.26
250801,60,64.26
250901,60,64.26
251001,60,64.26
251101,60,64.26
251201,60,64.26
251301,60,64.26
251401,60,64.26
251501,60,64.26
251601,60,64.26
251701,60,64.45
251801,60,64.45
251901,60,64.45
252001,60,64.45
252101,60,64.45
252201,60,64.45
252301,60,64.45
252401,60,64.45
252501,60,64.45
252601,60,64.45
252701,60,64.45
252801,60,64.45
252901,60,64.45
253001,60,64.45
253101,60,64.45
253201,60,64.45
253301,60,64.45
253401,60,64.45
253501,60,64.45
253601,60,64.45
253701,60,64.64
253801,60,64.64
253901,60,64.64
254001,60,64.64
254101,60,64.64
254201,60,64.64
254301,60,64.64
254401,60,64.64
254501,60,64.64
254601,60,64.64
254701,60,64.64
254801,60,64.64
254901,60,64.64
255001,60,64.64
255101,60,64.64
255201,60,64.64
255301,60,64.64
255401,60,64.64
255501,60,64.64
255601,60,64.64
255701,60,64.64
255801,60,64.64
255901,60,64.64
256001,60,64.64
256101,60,64.64
256201,60,64.64
256301,60,64.83
256401,60,64.64
256501,60,64.83
256601,60,64.83
256701,60,64.83
256801,60,64.83
256901,60,64.83
257001,60,64.83
257101,60,64.83
257201,60,64.83
257301,60,64.83
257401,60,64.83
257501,60,64.83
257601,60,64.83
257701,60,64.83
257801,60,64.83
257901,60,64.83
258001,60,64.83
258101,60,64.83
258201,60,64.83
258301,60,64.83
258401,60,64.83
258501,60,64.83
258601,60,64.83
258701,60,64.83
258801,60,65.02
258901,60,65.02
259001,60,65.02
259101,60,65.02
259201,60,65.02
259301,60,65.02
259401,60,65.02
259501,60,65.02
259601,60,65.02
259701,60,65.02
259801,60,65.02
259901,60,65.02
260001,60,65.02
260101,60,65.02
260201,60,65.02
260301,60,65.02
260401,60,65.02
260501,60,65.02
260601,60,65.02
260701,60,65.02
260801,60,65.02
260901,60,65.02
261001,60,65.02
261101,60,65.02
261201,60,65.02
261301,60,65.02
261401,60,65.02
261501,60,65.02
261601,60,65.21
261701,60,65.21
261801,60,65.21
261901,60,65.21
262001,60,65.21
262101,60,65.21
262201,60,65.21
262301,60,65.21
262401,60,65.21
262501,60,65.21
262601,60,65.21
262701,60,65.21
262801,60,65.39
262901,60,65.21
263001,60,65.39
263101,60,65.21
263201,60,65.21
263301,60,65.21
263401,60,65.21
263501,60,65.39
263601,60,65.39
263701,60,65.21
263801,60,65.39
263901,60,65.39
264001,60,65.39
264101,60,65.39
264201,60,65.39
264301,60,65.39
264401,60,65.39
264501,60,65.39
264601,60,65.39
264701,60,65.58
264801,60,65.58
264901,60,65.58
265001,60,65.58
265101,60,65.58
265201,60,65.58
265301,60,65.58
265401,60,65.58
265501,60,65.39
265601,60,65.58
265701,60,65.58
265801,60,65.58
265901,60,65.58
266001,60,65.58
266101,60,65.58
266201,60,65.58
266301,60,65.58
266401,60,65.58
266501,60,65.58
266601,60,65.58
266701,60,65.58
266801,60,65.58
266901,60,65.58
267001,60,65.58
267101,60,65.58
267201,60,65.77
267301,60,65.77
267401,60,65.77
267501,60,65.77
267601,60,65.77
267701,60,65.77
267801,60,65.77
267901,60,65.77
268001,60,65.77
268101,60,65.77
268201,60,65.77
268301,60,65.77
268401,60,65.77
268501,60,65.77
268601,60,65.77
268701,60,65.77
268801,60,65.77
268901,60,65.77
269001,60,65.77
269101,60,65.77
269201,60,65.77
269301,60,65.77
269401,60,65.95
269501,60,65.77
269601,60,65.95
269701,60,65.95
269801,60,65.95
269901,60,65.95
270001,60,65.95
270101,60,65.95
270201,60,65.95
270301,60,65.95
270401,60,65.95
270501,60,65.95
270601,60,65.95
270701,60,65.95
270801,60,65.95
270901,60,65.95
271001,60,66.14
271101,60,65.95
271201,60,66.14
271301,60,65.95
271401,60,66.14
271501,60,66.14
271601,60,66.14
271701,60,66.14
271801,60,66.14
271901,60,66.14
272001,60,66.14
272101,60,66.14
272201,60,66.14
272301,60,66.14
272401,60,66.14
272501,60,66.14
272601,60,66.14
272701,60,66.14
272801,60,66.32
272901,60,66.32
273001,60,66.32
273101,60,66.32
273201,60,66.32
273301,60,66.32
273401,60,66.32
273501,60,66.32
273601,60,66.32
273701,60,66.32
273801,60,66.32
273901,60,66.32
274001,60,66.32
274101,60,66.32
274201,60,66.32
274301,60,66.32
274401,60,66.32
274501,60,66.32
274601,60,66.50
274701,60,66.50
274801,60,66.50
274901,60,66.50
275001,60,66.50
275101,60,66.50
275201,60,66.50
275301,60,66.50
275401,60,66.50
275501,60,66.50
275601,60,66.50
275701,60,66.50
275801,60,66.50
275901,60,66.50
276001,60,66.69
276101,60,66.69
276201,60,66.69
276301,60,66.69
276401,60,66.69
276501,60,66.69
276601,60,66.50
276701,60,66.69
276801,60,66.69
276901,60,66.69
277001,60,66.69
277101,60,66.69
277201,60,66.69
277301,60,66.69
277401,60,66.69
277501,60,66.69
277601,60,66.69
277701,60,66.69
277801,60,66.69
277901,60,66.69
278001,60,66.69
278101,60,66.69
278201,60,66.87
278301,60,66.87
278401,60,66.69
278501,60,66.87
278601,60,66.87
278701,60,66.87
278801,60,66.87
278901,60,66.87
279001,60,66.87
279101,60,66.87
279201,60,66.87
279301,60,66.87
279401,60,66.87
279501,60,66.87
279601,60,66.87
279701,60,66.87
279801,60,66.87
279901,60,66.87
280001,60,66.87
280101,60,66.87
280201,60,66.87
280301,60,66.87
280401,60,67.05
280501,60,67.05
280601,60,67.05
280701,60,67.05
280801,60,67.05
280901,60,67.05
281001,60,67.05
281101,60,67.05
281201,60,67.05
281301,60,67.05
281401,60,67.05
281501,60,67.05
281601,60,67.05
281701,60,67.05
281801,60,67.05
281901,60,67.05
282001,60,67.05
282101,60,67.05
282201,60,67.05
282301,60,67.05
282401,60,67.05
282501,60,67.05
282601,60,67.05
282701,60,67.23
282801,60,67.23
282901,60,67.23
283001,60,67.23
283101,60,67.23
283201,60,67.23
283301,60,67.23
283401,60,67.23
283501,60,67.23
283601,60,67.23
283701,60,67.23
283801,60,67.23
283901,60,67.23
284001,60,67.23
284101,60,67.23
284201,60,67.23
284301,60,67.23
284401,60,67.23
284501,60,67.23
284601,60,67.23
284701,60,67.23
284801,60,67.23
284901,60,67.23
285001,60,67.23
285101,60,67.23
285201,60,67.41
285301,60,67.41
285401,60,67.41
285501,60,67.41
285601,60,67.41
285701,60,67.41
285801,60,67.41
285901,60,67.41
286001,60,67.41
286101,60,67.41
286201,60,67.41
286301,60,67.41
286401,60,67.41
286501,60,67.41
286601,60,67.59
286701,60,67.41
286801,60,67.41
286901,60,67.41
287001,60,67.41
287101,60,67.41
287201,60,67.59
287301,60,67.41
287401,60,67.41
287501,60,67.41
287601,60,67.59
287701,60,67.59
287801,60,67.59
287901,60,67.59
288001,60,67.59
288101,60,67.59
288201,60,67.59
288301,60,67.59
288401,60,67.59
288501,60,67.77
288601,60,67.59
288701,60,67.59
288801,60,67.77
288901,60,67.77
289001,60,67.77
289101,60,67.77
289201,60,67.77
289301,60,67.77
289401,60,67.77
289501,60,67.77
289601,60,67.77
289701,60,67.77
289801,60,67.77
289901,60,67.77
290001,60,67.77
290101,60,67.77
290201,60,67.77
290301,60,67.77
290401,60,67.77
290501,60,67.77
290601,60,67.77
290701,60,67.77
290801,60,67.77
290901,60,67.77
291001,60,67.77
291101,60,67.77
291201,60,67.77
291301,60,67.95
291401,60,67.77
291501,60,67.95
291601,60,67.95
291701,60,67.95
291801,60,67.95
291901,60,67.95
292001,60,67.95
292101,60,67.95
292201,60,67.95
292301,60,67.95
292401,60,67.95
292501,60,67.95
292601,60,67.95
292701,60,67.95
292801,60,67.95
292901,60,67.95
293001,60,67.95
293101,60,67.95
293201,60,67.95
293301,60,67.95
293401,60,67.95
293501,60,68.13
293601,60,67.95
293701,60,68.13
293801,60,68.13
293901,60,68.13
294001,60,68.13
294101,60,68.13
294201,60,68.13
294301,60,68.13
294401,60,68.13
294501,60,68.13
294601,60,68.13
294701,60,68.13
294801,60,68.13
294901,60,68.13
295001,60,68.13
295101,60,68.13
295201,60,68.13
295301,60,68.13
295401,60,68.13
295501,60,68.13
295601,60,68.13
295701,60,68.13
295801,60,68.13
295901,60,68.31
296001,60,68.31
296101,60,68.31
296201,60,68.31
296301,60,68.31
296401,60,68.31
296501,60,68.31
296601,60,68.31
296701,60,68.31
296801,60,68.31
296901,60,68.31
297001,60,68.31
297101,60,68.31
297201,60,68.31
297301,60,68.31
297401,60,68.31
297501,60,68.31
297601,60,68.31
297701,60,68.49
297801,60,68.31
297901,60,68.31
298001,60,68.31
298101,60,68.31
298201,60,68.31
298301,60,68.31
298401,60,68.49
298501,60,68.31
298601,60,68.49
298701,60,68.49
298801,60,68.49
298901,60,68.49
299001,60,68.49
299101,60,68.49
299201,60,68.49
299301,60,68.49
299401,60,68.49
299501,60,68.49
299601,60,68.49
299701,60,68.67
299801,60,68.67
299901,60,68.67
300001,60,68.67
300101,60,68.67
300201,60,68.67
300301,60,68.67
300401,60,68.67
300501,60,68.67
300601,60,68.67
300701,60,68.49
300801,60,68.67
300901,60,68.67
301001,60,68.67
301101,60,68.67
301201,60,68.67
301301,60,68.67
301401,60,68.67
301501,60,68.67
301601,60,68.67
301701,60,68.67
301801,60,68.67
301901,60,68.67
302001,60,68.67
302101,60,68.84
302201,60,68.67
302301,60,68.84
302401,60,68.84
302501,60,68.84
302601,60,68.84
302701,60,68.84
302801,60,68.84
302901,60,68.84
303001,60,68.84
303101,60,68.84
303201,60,68.84
303301,60,68.84
303401,60,68.84
303501,60,68.84
303601,60,68.84
303701,60,68.84
303801,60,68.84
303901,60,68.84
304001,60,68.84
304101,60,68.84
304201,60,68.84
304301,60,69.02
304401,60,69.02
304501,60,69.02
304601,60,69.02
304701,60,69.02
304801,60,69.02
304901,60,69.02
305001,60,69.02
305101,60,69.19
305201,60,69.02
305301,60,69.02
305401,60,69.19
305501,60,69.02
305601,60,69.19
305701,60,69.19
305801,60,69.19
305901,60,69.19
306001,60,69.19
306101,60,69.19
306201,60,69.19
306301,60,69.19
306401,60,69.19
306501,60,69.19
306601,60,69.19
306701,60,69.19
306801,60,69.19
306901,60,69.19
307001,60,69.19
307101,60,69.19
307201,60,69.19
307301,60,69.19
307401,60,69.19
307501,60,69.37
307601,60,69.19
307701,60,69.37
307801,60,69.37
307901,60,69.37
308001,60,69.37
308101,60,69.37
308201,60,69.37
308301,60,69.37
308401,60,69.37
308501,60,69.37
308601,60,69.37
308701,60,69.37
308801,60,69.37
308901,60,69.37
309001,60,69.37
309101,60,69.37
309201,60,69.37
309301,60,69.37
309401,60,69.37
309501,60,69.37
309601,60,69.37
309701,60,69.37
309801,60,69.37
309901,60,69.55
310001,60,69.55
310101,60,69.55
310201,60,69.55
310301,60,69.55
310401,60,69.55
310501,60,69.55
310601,60,69.55
310701,60,69.55
310801,60,69.55
310901,60,69.55
311001,60,69.55
311101,60,69.55
311201,60,69.55
311301,60,69.55
311401,60,69.55
311501,60,69.55
311601,60,69.55
311701,60,69.55
311801,60,69.55
311901,60,69.55
312001,60,69.55
312101,60,69.55
312201,60,69.55
312301,60,69.55
312401,60,69.55
312501,60,69.55
312601,60,69.72
312701,60,69.72
312801,60,69.55
312901,60,69.72
313001,60,69.72
313101,60,69.72
313201,60,69.72
313301,60,69.72
313401,60,69.72
313501,60,69.72
313601,60,69.72
313701,60,69.72
313801,60,69.89
313901,60,69.72
314001,60,69.72
314101,60,69.89
314201,60,69.72
314301,60,69.72
314401,60,69.89
314501,60,69.89
314601,60,69.72
314701,60,69.89
314801,60,69.72
314901,60,69.89
315001,60,69.89
315101,60,69.89
315201,60,69.89
315301,60,69.89
315401,60,69.89
315501,60,69.89
315601,60,69.89
315701,60,69.89
315801,60,69.89
315901,60,69.89
316001,60,69.89
316101,60,70.07
316201,60,70.07
316301,60,70.07
316401,60,69.89
316501,60,70.07
316601,60,70.07
316701,60,70.07
316801,60,70.07
316901,60,70.07
317001,60,70.07
317101,60,70.07
317201,60,70.07
317301,60,70.07
317401,60,70.07
317501,60,70.07
317601,60,70.07
317701,60,70.07
317801,60,70.07
317901,60,70.07
318001,60,70.07
318101,60,70.07
318201,60,70.07
318301,60,70.07
318401,60,70.07
318501,60,70.24
318601,60,70.24
318701,60,70.24
318801,60,70.24
318901,60,70.24
319001,60,70.24
319101,60,70.24
319201,60,70.24
319301,60,70.24
319401,60,70.24
319501,60,70.24
319601,60,70.24
319701,60,70.24
319801,60,70.24
319901,60,70.24
320001,60,70.24
320101,60,70.24
320201,60,70.24
320301,60,70.24
320401,60,70.24
320501,60,70.24
320601,60,70.24
320701,60,70.24
320801,60,70.41
320901,60,70.41
321001,60,70.41
321101,60,70.41
321201,60,70.41
321301,60,70.41
321401,60,70.41
321501,60,70.41
321601,60,70.41
321701,60,70.41
321801,60,70.41
321901,60,70.41
322001,60,70.41
322101,60,70.41
322201,60,70.41
322301,60,70.41
322401,60,70.41
322501,60,70.41
322601,60,70.41
322701,60,70.41
322801,60,70.41
322901,60,70.41
323001,60,70.41
323101,60,70.41
323201,60,70.41
323301,60,70.41
323401,60,70.41
323501,60,70.59
323601,60,70.41
323701,60,70.59
323801,60,70.59
323901,60,70.59
324001,60,70.59
324101,60,70.59
324201,60,70.59
324301,60,70.59
324401,60,70.59
324501,60,70.59
324601,60,70.59
324701,60,70.59
324801,60,70.59
324901,60,70.59
325001,60,70.59
325101,60,70.59
325201,60,70.59
325301,60,70.59
325401,60,70.59
325501,60,70.59
325601,60,70.59
325701,60,70.59
325801,60,70.59
325901,60,70.59
326001,60,70.59
326101,60,70.59
326201,60,70.59
326301,60,70.76
326401,60,70.76
326501,60,70.76
326601,60,70.76
326701,60,70.76
326801,60,70.76
326901,60,70.59
327001,60,70.76
327101,60,70.76
327201,60,70.76
327301,60,70.76
327401,60,70.76
327501,60,70.76
327601,60,70.76
327701,60,70.59
327801,60,70.76
327901,60,70.76
328001,60,70.76
328101,60,70.76
328201,60,70.76
328301,60,70.76
328401,60,70.76
328501,60,70.76
328601,60,70.76
328701,60,70.76
328801,60,70.76
328901,60,70.76
329001,60,70.76
329101,60,70.76
329201,60,70.93
329301,60,70.76
329401,60,70.76
329501,60,70.76
329601,60,70.76
329701,60,70.76
329801,60,70.93
329901,60,70.76
330001,60,70.93
330101,60,70.93
330201,60,70.93
330301,60,70.93
330401,60,70.93
330501,60,70.93
330601,60,70.76
330701,60,70.93
330801,60,70.93
330901,60,70.93
331001,60,70.93
331101,60,70.93
331201,60,70.93
331301,60,70.93
331401,60,70.93
331501,60,71.10
331601,60,71.10
331701,60,71.10
331801,60,71.10
331901,60,71.10
332001,60,71.10
332101,60,71.10
332201,60,70.93
332301,60,71.10
332401,60,71.10
332501,60,71.10
332601,60,71.10
332701,60,71.10
332801,60,71.10
332901,60,71.10
333001,60,71.10
333101,60,71.10
333201,60,71.10
333301,60,71.10
333401,60,71.10
333501,60,71.10
333601,60,71.10
333701,60,71.27
333801,60,71.27
333901,60,71.27
334001,60,71.10
334101,60,71.27
334201,60,71.27
334301,60,71.27
334401,60,71.27
334501,60,71.27
334601,60,71.27
334701,60,71.27
334801,60,71.27
334901,60,71.27
335001,60,71.27
335101,60,71.27
335201,60,71.27
335301,60,71.27
335401,60,71.27
335501,60,71.27
335601,60,71.27
335701,60,71.27
335801,60,71.27
335901,60,71.27
336001,60,71.27
336101,60,71.27
336201,60,71.27
336301,60,71.27
336401,60,71.27
336501,60,71.27
336601,60,71.27
336701,60,71.27
336801,60,71.27
336901,60,71.27
337001,60,71.27
337101,60,71.27
337201,60,71.27
337301,60,71.27
337401,60,71.27
337501,60,71.27
337601,60,71.27
337701,60,71.27
337801,60,71.27
337901,60,71.27
338001,60,71.27
338101,60,71.44
338201,60,71.44
338301,60,71.44
338401,60,71.44
338501,60,71.44
338601,60,71.44
338701,60,71.44
338801,60,71.44
338901,60,71.44
339001,60,71.44
339101,60,71.44
339201,60,71.44
339301,60,71.44
339401,60,71.44
339501,60,71.44
339601,60,71.44
339701,60,71.44
339801,60,71.44
339901,60,71.44
340001,60,71.44
340101,60,71.44
340201,60,71.61
340301,60,71.61
340401,60,71.61
340501,60,71.61
340601,60,71.61
340701,60,71.61
340801,60,71.61
340901,60,71.61
341001,60,71.61
341101,60,71.61
341201,60,71.61
341301,60,71.61
341401,60,71.61
341501,60,71.78
341601,60,71.61
341701,60,71.61
341801,60,71.61
341901,60,71.61
342001,60,71.78
342101,60,71.61
342201,60,71.61
342301,60,71.78
342401,60,71.61
342501,60,71.78
342601,60,71.78
342701,60,71.78
342801,60,71.78
342901,60,71.78
343001,60,71.78
343101,60,71.78
343201,60,71.78
343301,60,71.78
343401,60,71.78
343501,60,71.78
343601,60,71.95
343701,60,71.95
343801,60,71.95
343901,60,71.95
344001,60,71.95
344101,60,71.95
344201,60,71.78
344301,60,71.95
344401,60,71.95
344501,60,71.95
344601,60,71.95
344701,60,71.95
344801,60,71.95
344901,60,71.95
345001,60,71.95
345101,60,71.95
345201,60,71.95
345301,60,71.95
345401,60,71.95
345501,60,72.12
345601,60,72.12
345701,60,72.12
345801,60,72.12
345901,60,72.12
346001,60,72.12
346101,60,72.12
346201,60,72.12
346301,60,72.12
346401,60,72.12
346501,60,72.12
346601,60,72.12
346701,60,72.12
346801,60,72.12
346901,60,72.12
347001,60,72.12
347101,60,72.12
347201,60,72.12
347301,60,72.12
347401,60,72.12
347501,60,72.12
347601,60,72.12
347701,60,72.12
347801,60,72.12
347901,60,72.29
348001,60,72.29
348101,60,72.29
348201,60,72.12
348301,60,72.29
348401,60,72.29
348501,60,72.29
348601,60,72.29
348701,60,72.29
348801,60,72.29
348901,60,72.29
349001,60,72.29
349101,60,72.29
349201,60,72.29
349301,60,72.29
349401,60,72.29
349501,60,72.29
349601,60,72.29
349701,60,72.29
349801,60,72.29
349901,60,72.29
350001,60,72.29
350101,60,72.45
350201,60,72.45
350301,60,72.45
350401,60,72.45
350501,60,72.45
350601,60,72.45
350701,60,72.45
350801,60,72.45
350901,60,72.45
351001,60,72.45
351101,60,72.45
351201,60,72.45
351301,60,72.45
351401,60,72.45
351501,60,72.45
351601,60,72.45
351701,60,72.45
351801,60,72.45
351901,60,72.45
352001,60,72.45
352101,60,72.45
352201,60,72.45
352301,60,72.45
352401,60,72.62
352501,60,72.45
352601,60,72.62
352701,60,72.62
352801,60,72.62
352901,60,72.62
353001,60,72.62
353101,60,72.62
353201,60,72.62
353301,60,72.62
353401,60,72.62
353501,60,72.62
353601,60,72.62
353701,60,72.62
353801,60,72.62
353901,60,72.62
354001,60,72.62
354101,60,72.62
354201,60,72.62
354301,60,72.62
354401,60,72.62
354501,60,72.62
354601,60,72.62
354701,60,72.62
354801,60,72.62
354901,60,72.62
355001,60,72.62
355101,60,72.79
355201,60,72.79
355301,60,72.79
355401,60,72.79
355501,60,72.79
355601,60,72.79
355701,60,72.79
355801,60,72.79
355901,60,72.79
356001,60,72.79
356101,60,72.79
356201,60,72.79
356301,60,72.79
356401,60,72.79
356501,60,72.79
356601,60,72.79
356701,60,72.79
356801,60,72.79
356901,60,72.79
357001,60,72.79
357101,60,72.79
357201,60,72.79
357301,60,72.79
357401,60,72.96
357501,60,72.96
357601,60,72.96
357701,60,72.96
357801,60,72.96
357901,60,72.96
358001,60,72.96
358101,60,72.96
358201,60,72.96
358301,60,72.96
358401,60,72.96
358501,60,72.79
358601,60,72.96
358701,60,72.96
358801,60,72.96
358901,60,72.96
359001,60,72.96
359101,60,72.96
359201,60,72.96
359301,60,72.96
359401,60,72.96
359501,60,72.96
359601,60,72.96
359701,60,72.96
359801,60,72.96
359901,60,73.12
360001,60,73.12
360101,60,73.12
360201,60,73.12
360301,60,73.12
360401,60,73.12
360501,60,73.12
360601,60,73.12
360701,60,73.12
360801,60,73.12
360901,60,73.12
361001,60,73.12
361101,60,73.12
361201,60,73.12
361301,60,73.12
361401,60,73.12
361501,60,73.12
361601,60,73.12
361701,60,73.12
361801,60,73.12
361901,60,73.12
362001,60,73.12
362101,60,73.12
362201,60,73.12
362301,60,73.29
362401,60,73.29
362501,60,73.29
362601,60,73.29
362701,60,73.29
362801,60,73.29
362901,60,73.29
363001,60,73.29
363101,60,73.29
363201,60,73.29
363301,60,73.29
363401,60,73.29
363501,60,73.29
363601,60,73.29
363701,60,73.29
363801,60,73.29
363901,60,73.29
364001,60,73.29
364101,60,73.29
364201,60,73.29
364301,60,73.29
364401,60,73.29
364501,60,73.29
364601,60,73.29
364701,60,73.45
364801,60,73.45
364901,60,73.29
365001,60,73.45
365101,60,73.45
365201,60,73.45
365301,60,73.45
365401,60,73.45
365501,60,73.45
365601,60,73.45
365701,60,73.29
365801,60,73.45
365901,60,73.45
366001,60,73.45
366101,60,73.45
366201,60,73.29
366301,60,73.45
366401,60,73.45
366501,60,73.45
366601,60,73.45
366701,60,73.45
366801,60,73.45
366901,60,73.45
367001,60,73.45
367101,60,73.45
367201,60,73.45
367301,60,73.45
367401,60,73.45
367501,60,73.45
367601,60,73.45
367701,60,73.45
367801,60,73.45
367901,60,73.45
368001,60,73.45
368101,60,73.45
368201,60,73.45
368301,60,73.45
368401,60,73.45
368501,60,73.45
368601,60,73.45
368701,60,73.45
368801,60,73.45
368901,60,73.45
369001,60,73.62
369101,60,73.62
369201,60,73.62
369301,60,73.62
369401,60,73.62
369501,60,73.62
369601,60,73.62
369701,60,73.62
369801,60,73.62
369901,60,73.62
370001,60,73.62
370101,60,73.62
370201,60,73.62
370301,60,73.62
370401,60,73.62
370501,60,73.62
370601,60,73.62
370701,60,73.62
370801,60,73.62
370901,60,73.62
371001,60,73.62
371101,60,73.62
371201,60,73.62
371301,60,73.62
371401,60,73.78
371501,60,73.78
371601,60,73.78
371701,60,73.78
371801,60,73.78
371901,60,73.78
372001,60,73.78
372101,60,73.78
372201,60,73.78
372301,60,73.78
372401,60,73.78
372501,60,73.78
372601,60,73.78
372701,60,73.78
372801,60,73.78
372901,60,73.78
373001,60,73.78
373101,60,73.78
373201,60,73.78
373301,60,73.78
373401,60,73.78
373501,60,73.78
373601,60,73.78
373701,60,73.78
373801,60,73.95
373901,60,73.78
374001,60,73.78
374101,60,73.95
374201,60,73.95
374301,60,73.95
374401,60,73.95
374501,60,73.95
374601,60,73.95
374701,60,73.95
374801,60,73.95
374901,60,73.95
375001,60,73.95
375101,60,73.95
375201,60,73.95
375301,60,73.95
375401,60,73.95
375501,60,73.95
375601,60,73.95
375701,60,73.95
375801,60,73.95
375901,60,73.95
376001,60,73.95
376101,60,73.95
376201,60,73.95
376301,60,73.95
376401,60,74.11
376501,60,74.11
376601,60,74.11
376701,60,74.11
376801,60,74.11
376901,60,74.11
377001,60,74.11
377101,60,74.11
377201,60,74.11
377301,60,74.11
377401,60,74.11
377501,60,74.11
377601,60,74.11
377701,60,74.11
377801,60,74.11
377901,60,74.11
378001,60,74.11
378101,60,74.11
378201,60,74.11
378301,60,74.11
378401,60,74.11
378501,60,74.11
378601,60,74.11
378701,60,74.11
378801,60,74.11
378901,60,74.11
379001,60,74.11
379101,60,74.11
379201,60,74.28
379301,60,74.11
379401,60,74.28
379501,60,74.28
379601,60,74.28
379701,60,74.28
379801,60,74.11
379901,60,74.28
380001,60,74.28
380101,60,74.28
380201,60,74.11
380301,60,74.28
380401,60,74.28
380501,60,74.28
380601,60,74.28
380701,60,74.28
380801,60,74.28
380901,60,74.28
381001,60,74.28
381101,60,74.28
381201,60,74.28
381301,60,74.28
381401,60,74.28
381501,60,74.28
381601,60,74.28
381701,60,74.28
381801,60,74.28
381901,60,74.44
382001,60,74.28
382101,60,74.44
382201,60,74.28
382301,60,74.44
382401,60,74.44
382501,60,74.44
382601,60,74.44
382701,60,74.44
382801,60,74.28
382901,60,74.44
383001,60,74.44
383101,60,74.44
383201,60,74.44
383301,60,74.44
383401,60,74.44
383501,60,74.44
383601,60,74.44
383701,60,74.44
383801,60,74.44
383901,60,74.44
384001,60,74.44
384101,60,74.44
384201,60,74.44
384301,60,74.44
384401,60,74.44
384501,60,74.44
384601,60,74.60
384701,60,74.44
384801,60,74.44
384901,60,74.44
385001,60,74.44
385101,60,74.44
385201,60,74.44
385301,60,74.44
385401,60,74.44
385501,60,74.44
385601,60,74.60
385701,60,74.44
385801,60,74.44
385901,60,74.60
386001,60,74.60
386101,60,74.60
386201,60,74.60
386301,60,74.60
386401,60,74.60
386501,60,74.60
386601,60,74.60
386701,60,74.60
386801,60,74.60
386901,60,74.60
387001,60,74.60
387101,60,74.60
387201,60,74.60
387301,60,74.60
387401,60,74.60
387501,60,74.60
387601,60,74.60
387701,60,74.60
387801,60,74.60
387901,60,74.77
388001,60,74.60
388101,60,74.77
388201,60,74.77
388301,60,74.77
388401,60,74.77
388501,60,74.77
388601,60,74.77
388701,60,74.77
388801,60,74.77
388901,60,74.77
389001,60,74.77
389101,60,74.77
389201,60,74.77
389301,60,74.77
389401,60,74.77
389501,60,74.77
389601,60,74.77
389701,60,74.77
389801,60,74.77
389901,60,74.77
390001,60,74.77
390101,60,74.77
390201,60,74.77
390301,60,74.77
390401,60,74.77
390501,60,74.77
390601,60,74.77
390701,60,74.77
390801,60,74.77
390901,60,74.77
391001,60,74.77
391101,60,74.77
391201,60,74.77
391301,60,74.93
391401,60,74.77
391501,60,74.77
391601,60,74.93
391701,60,74.93
391801,60,74.93
391901,60,74.93
392001,60,74.93
392101,60,74.93
392201,60,74.93
392301,60,74.93
392401,60,74.93
392501,60,74.93
392601,60,74.93
392701,60,74.93
392801,60,74.93
392901,60,74.93
393001,60,74.93
393101,60,74.93
393201,60,74.93
393301,60,74.93
393401,60,74.93
393501,60,74.93
393601,60,74.93
393701,60,74.93
393801,60,74.93
393901,60,74.93
394001,60,74.93
394101,60,74.93
394201,60,74.93
394301,60,74.93
394401,60,74.93
394501,60,74.93
394601,60,75.09
394701,60,75.09
394801,60,75.09
394901,60,74.93
395001,60,74.93
395101,60,74.93
395201,60,75.09
395301,60,74.93
395401,60,74.93
395501,60,75.09
395601,60,74.93
395701,60,74.93
395801,60,75.09
395901,60,75.09
396001,60,75.09
396101,60,75.09
396201,60,75.09
396301,60,75.09
396401,60,75.09
396501,60,75.09
396601,60,75.09
396701,60,75.25
396801,60,75.09
396901,60,75.25
397001,60,75.25
397101,60,75.25
397201,60,75.25
397301,60,75.25
397401,60,75.25
397501,60,75.25
397601,60,75.25
397701,60,75.25
397801,60,75.25
397901,60,75.25
398001,60,75.25
398101,60,75.25
398201,60,75.25
398301,60,75.25
398401,60,75.25
398501,60,75.25
398601,60,75.25
398701,60,75.25
398801,60,75.25
398901,60,75.25
399001,60,75.42
399101,60,75.25
399201,60,75.42
399301,60,75.42
399401,60,75.42
399501,60,75.42
399601,60,75.42
399701,60,75.42
399801,60,75.42
399901,60,75.42
400001,60,75.42
400101,60,75.42
400201,60,75.42
400301,60,75.42
400401,60,75.42
400501,60,75.42
400601,60,75.42
400701,60,75.42
400801,60,75.42
400901,60,75.42
401001,60,75.42
401101,60,75.42
401201,60,75.42
401301,60,75.42
401401,60,75.42
401501,60,75.42
401601,60,75.42
401701,60,75.42
401801,60,75.42
401901,60,75.42
402001,60,75.58
402101,60,75.58
402201,60,75.42
402301,60,75.42
402401,60,75.42
402501,60,75.58
402601,60,75.42
402701,60,75.58
402801,60,75.42
402901,60,75.42
403001,60,75.58
403101,60,75.42
403201,60,75.58
403301,60,75.58
403401,60,75.58
403501,60,75.58
403601,60,75.58
403701,60,75.58
403801,60,75.58
403901,60,75.58
404001,60,75.42
404101,60,75.58
404201,60,75.58
404301,60,75.58
404401,60,75.58
404501,60,75.58
404601,60,75.58
404701,60,75.58
404801,60,75.58
404901,60,75.58
405001,60,75.58
405101,60,75.58
405201,60,75.58
405301,60,75.58
405401,60,75.58
405501,60,75.58
405601,60,75.58
405701,60,75.58
405801,60,75.74
405901,60,75.58
406001,60,75.74
406101,60,75.74
406201,60,75.74
406301,60,75.74
406401,60,75.74
406501,60,75.74
406601,60,75.74
406701,60,75.74
406801,60,75.74
406901,60,75.74
407001,60,75.74
407101,60,75.74
407201,60,75.74
407301,60,75.74
407401,60,75.74
407501,60,75.74
407601,60,75.74
407701,60,75.74
407801,60,75.74
407901,60,75.74
408001,60,75.74
408101,60,75.74
408201,60,75.74
408301,60,75.74
408401,60,75.74
408501,60,75.74
408601,60,75.90
408701,60,75.74
408801,60,75.90
408901,60,75.90
409001,60,75.90
409101,60,75.90
409201,60,75.90
409301,60,75.90
409401,60,75.90
409501,60,75.90
409601,60,75.90
409701,60,75.90
409801,60,75.90
409901,60,75.90
410001,60,75.90
410101,60,75.90
410201,60,75.90
410301,60,75.90
410401,60,75.90
410501,60,75.90
410601,60,75.90
410701,60,75.90
410801,60,75.90
410901,60,75.90
411001,60,75.90
411101,60,75.90
411201,60,76.06
411301,60,76.06
411401,60,76.06
411501,60,76.06
411601,60,76.06
411701,60,76.06
411801,60,76.06
411901,60,76.06
412001,60,76.06
412101,60,76.06
412201,60,76.06
412301,60,76.06
412401,60,76.06
412501,60,76.06
412601,60,76.06
412701,60,76.06
412801,60,76.06
412901,60,76.06
413001,60,76.06
413101,60,76.06
413201,60,76.06
413301,60,76.06
413401,60,76.06
413501,60,76.22
413601,60,76.22
413701,60,76.22
413801,60,76.06
413901,60,76.22
414001,60,76.22
414101,60,76.22
414201,60,76.22
414301,60,76.22
414401,60,76.22
414501,60,76.22
414601,60,76.22
414701,60,76.22
414801,60,76.22
414901,60,76.22
415001,60,76.22
415101,60,76.22
415201,60,76.22
415301,60,76.22
415401,60,76.22
415501,60,76.22
415601,60,76.22
415701,60,76.22
415801,60,76.38
415901,60,76.38
416001,60,76.38
416101,60,76.38
416201,60,76.38
416301,60,76.38
416401,60,76.38
416501,60,76.38
416601,60,76.38
416701,60,76.38
416801,60,76.38
416901,60,76.38
417001,60,76.38
417101,60,76.38
417201,60,76.38
417301,60,76.38
417401,60,76.38
417501,60,76.38
417601,60,76.38
417701,60,76.38
417801,60,76.38
417901,60,76.38
418001,60,76.38
418101,60,76.38
418201,60,76.38
418301,60,76.54
418401,60,76.54
418501,60,76.54
418601,60,76.54
418701,60,76.54
418801,60,76.54
418901,60,76.54
419001,60,76.54
419101,60,76.54
419201,60,76.38
419301,60,76.54
419401,60,76.54
419501,60,76.54
419601,60,76.54
419701,60,76.54
419801,60,76.54
419901,60,76.54
420001,60,76.54
420101,60,76.54
420201,60,76.54
420301,60,76.54
420401,60,76.54
420501,60,76.54
420601,60,76.54
420701,60,76.54
420801,60,76.54
420901,60,76.54
421001,60,76.54
421101,60,76.54
421201,60,76.54
421301,60,76.70
421401,60,76.54
421501,60,76.54
421601,60,76.54
421701,60,76.54
421801,60,76.54
421901,60,76.54
422001,60,76.54
422101,60,76.54
422201,60,76.54
422301,60,76.54
422401,60,76.70
422501,60,76.70
422601,60,76.70
422701,60,76.70
422801,60,76.70
422901,60,76.70
423001,60,76.70
423101,60,76.70
423201,60,76.70
423301,60,76.70
423401,60,76.70
423501,60,76.70
423601,60,76.70
423701,60,76.70
423801,60,76.70
423901,60,76.70
424001,60,76.70
424101,60,76.70
424201,60,76.70
424301,60,76.70
424401,60,76.70
424501,60,76.70
424601,60,76.70
424701,60,76.70
424801,60,76.70
424901,60,76.70
425001,60,76.70
425101,60,76.70
425201,60,76.70
425301,60,76.86
425401,60,76.70
425501,60,76.86
425601,60,76.86
425701,60,76.86
425801,60,76.86
425901,60,76.86
426001,60,76.86
426101,60,76.86
426201,60,76.86
426301,60,76.86
426401,60,76.86
426501,60,76.86
426601,60,76.86
426701,60,76.86
426801,60,76.86
426901,60,76.86
427001,60,76.86
427101,60,76.86
427201,60,76.86
427301,60,76.86
427401,60,76.86
427501,60,76.86
427601,60,76.86
427701,60,76.86
427801,60,76.86
427901,60,76.86
428001,60,76.86
428101,60,77.01
428201,60,77.01
428301,60,77.01
428401,60,76.86
428501,60,76.86
428601,60,77.01
428701,60,77.01
428801,60,77.01
428901,60,77.01
429001,60,77.01
429101,60,76.86
429201,60,77.01
429301,60,76.86
429401,60,77.01
429501,60,77.01
429601,60,76.86
429701,60,77.01
429801,60,76.86
429901,60,77.01
430001,60,77.01
430101,60,76.86
430201,60,77.01
430301,60,77.01
430401,60,77.01
430501,60,77.17
430601,60,77.01
430701,60,77.01
430801,60,77.01
430901,60,77.17
431001,60,77.17
431101,60,77.17
431201,60,77.17
431301,60,77.17
431401,60,77.17
431501,60,77.17
431601,60,77.17
431701,60,77.01
431801,60,77.17
431901,60,77.01
432001,60,77.01
432101,60,77.01
432201,60,77.01
432301,60,77.01
432401,60,77.17
432501,60,77.17
432601,60,77.01
432701,60,77.17
432801,60,77.17
432901,60,77.17
433001,60,77.17
433101,60,77.17
433201,60,77.17
433301,60,77.17
433401,60,77.17
433501,60,77.17
433601,60,77.17
433701,60,77.17
433801,60,77.17
433901,60,77.17
434001,60,77.17
434101,60,77.17
434201,60,77.17
434301,60,77.17
434401,60,77.17
434501,60,77.17
434601,60,77.17
434701,60,77.17
434801,60,77.17
434901,60,77.17
435001,60,77.17
435101,60,77.17
435201,60,77.17
435301,60,77.17
435401,60,77.17
435501,60,77.17
435601,60,77.17
435701,60,77.17
435801,60,77.17
435901,60,77.17
436001,60,77.17
436101,60,77.17
436201,60,77.17
436301,60,77.17
436401,60,77.17
436501,60,77.17
436601,60,77.17
436701,60,77.17
436801,60,77.17
436901,60,77.17
437001,60,77.17
437101,60,77.17
437201,60,77.17
437301,60,77.17
437401,60,77.17
437501,60,77.17
437601,60,77.17
437701,60,77.17
437801,60,77.17
437901,60,77.17
438001,60,77.17
438101,60,77.17
438201,60,77.33
438301,60,77.33
438401,60,77.33
438501,60,77.33
438601,60,77.33
438701,60,77.33
438801,60,77.33
438901,60,77.33
439001,60,77.33
439101,60,77.33
439201,60,77.33
439301,60,77.33
439401,60,77.33
439501,60,77.33
439601,60,77.33
439701,60,77.33
439801,60,77.33
439901,60,77.33
440001,60,77.33
440101,60,77.33
440201,60,77.33
440301,60,77.33
440401,60,77.33
440501,60,77.33
440601,60,77.33
440701,60,77.33
440801,60,77.33
440901,60,77.33
441001,60,77.33
441101,60,77.33
441201,60,77.33
441301,60,77.49
441401,60,77.33
441501,60,77.49
441601,60,77.33
441701,60,77.49
441801,60,77.33
441901,60,77.33
442001,60,77.33
442101,60,77.33
442201,60,77.33
442301,60,77.49
442401,60,77.33
442501,60,77.49
442601,60,77.33
442701,60,77.33
442801,60,77.33
442901,60,77.49
443001,60,77.33
443101,60,77.49
443201,60,77.49
443301,60,77.49
443401,60,77.49
443501,60,77.49
443601,60,77.49
443701,60,77.49
443801,60,77.49
443901,60,77.49
444001,60,77.49
444101,60,77.49
444201,60,77.49
444301,60,77.49
444401,60,77.49
444501,60,77.49
444601,60,77.49
444701,60,77.49
444801,60,77.49
444901,60,77.49
445001,60,77.33
445101,60,77.49
445201,60,77.49
445301,60,77.49
445401,60,77.49
445501,60,77.49
445601,60,77.49
445701,60,77.49
445801,60,77.49
445901,60,77.49
446001,60,77.49
446101,60,77.49
446201,60,77.65
446301,60,77.49
446401,60,77.49
446501,60,77.49
446601,60,77.65
446701,60,77.65
446801,60,77.65
446901,60,77.65
447001,60,77.65
447101,60,77.65
447201,60,77.65
447301,60,77.65
447401,60,77.65
447501,60,77.65
447601,60,77.65
447701,60,77.65
447801,60,77.65
447901,60,77.65
448001,60,77.65
448101,60,77.65
448201,60,77.65
448301,60,77.65
448401,60,77.65
448501,60,77.65
448601,60,77.65
448701,60,77.65
448801,60,77.65
448901,60,77.65
449001,60,77.65
449101,60,77.65
449201,60,77.65
449301,60,77.65
449401,60,77.65
449501,60,77.65
449601,60,77.80
449701,60,77.65
449801,60,77.65
449901,60,77.65
450001,60,77.65
450101,60,77.65
450201,60,77.65
450301,60,77.65
450401,60,77.65
450501,60,77.65
450601,60,77.80
450701,60,77.65
450801,60,77.65
450901,60,77.80
451001,60,77.80
451101,60,77.80
451201,60,77.80
451301,60,77.80
451401,60,77.80
451501,60,77.80
451601,60,77.80
451701,60,77.80
451801,60,77.80
451901,60,77.80
452001,60,77.80
452101,60,77.80
452201,60,77.80
452301,60,77.80
452401,60,77.80
452501,60,77.80
452601,60,77.80
452701,60,77.96
452801,60,77.80
452901,60,77.96
453001,60,77.96
453101,60,77.80
453201,60,77.96
453301,60,77.96
453401,60,77.96
453501,60,77.96
453601,60,77.96
453701,60,77.96
453801,60,77.96
453901,60,77.96
454001,60,77.96
454101,60,77.96
454201,60,77.96
454301,60,77.96
454401,60,77.96
454501,60,77.96
454601,60,77.96
454701,60,77.96
454801,60,77.96
454901,60,77.96
455001,60,77.96
455101,60,77.96
455201,60,77.96
455301,60,77.96
455401,60,77.96
455501,60,77.96
455601,60,77.96
455701,60,77.96
455801,60,77.96
455901,60,77.96
456001,60,77.96
456101,60,77.96
456201,60,77.96
456301,60,77.96
456401,60,78.12
456501,60,77.96
456601,60,78.12
456701,60,78.12
456801,60,77.96
456901,60,78.12
457001,60,78.12
457101,60,78.12
457201,60,78.12
457301,60,78.12
457401,60,78.12
457501,60,78.12
457601,60,78.12
457701,60,78.12
457801,60,77.96
457901,60,78.12
458001,60,78.12
458101,60,78.12
458201,60,78.12
458301,60,78.12
458401,60,78.12
458501,60,78.12
458601,60,78.12
458701,60,78.12
458801,60,78.12
458901,60,78.12
459001,60,78.12
459101,60,78.12
459201,60,78.12
459301,60,78.12
459401,60,78.12
459501,60,78.12
459601,60,78.12
459701,60,78.12
459801,60,78.12
459901,60,78.12
460001,60,78.12
460101,60,78.12
460201,60,78.12
460301,60,78.12
460401,60,78.12
460501,60,78.12
460601,60,78.12
460701,60,78.12
460801,60,78.12
460901,60,78.12
461001,60,78.12
461101,60,78.12
461201,60,78.12
461301,60,78.12
461401,60,78.27
461501,60,78.27
461601,60,78.12
461701,60,78.27
461801,60,78.27
461901,60,78.27
462001,60,78.27
462101,60,78.27
462201,60,78.27
462301,60,78.27
462401,60,78.27
462501,60,78.27
462601,60,78.27
462701,60,78.27
462801,60,78.27
462901,60,78.27
463001,60,78.27
463101,60,78.27
463201,60,78.27
463301,60,78.27
463401,60,78.27
463501,60,78.27
463601,60,78.27
463701,60,78.27
463801,60,78.27
463901,60,78.27
464001,60,78.27
464101,60,78.27
464201,60,78.43
464301,60,78.43
464401,60,78.43
464501,60,78.43
464601,60,78.43
464701,60,78.43
464801,60,78.43
464901,60,78.43
465001,60,78.43
465101,60,78.43
465201,60,78.43
465301,60,78.43
465401,60,78.43
465501,60,78.43
465601,60,78.43
465701,60,78.43
465801,60,78.43
465901,60,78.43
466001,60,78.43
466101,60,78.43
466201,60,78.43
466301,60,78.43
466401,60,78.43
466501,60,78.43
466601,60,78.43
466701,60,78.43
466801,60,78.43
466901,60,78.43
467001,60,78.43
467101,60,78.43
467201,60,78.43
467301,60,78.43
467401,60,78.43
467501,60,78.43
467601,60,78.43
467701,60,78.43
467801,60,78.43
467901,60,78.43
468001,60,78.43
468101,60,78.43
468201,60,78.43
468301,60,78.43
468401,60,78.43
468501,60,78.43
468601,60,78.43
468701,60,78.43
468801,60,78.58
468901,60,78.58
469001,60,78.58
469101,60,78.58
469201,60,78.58
469301,60,78.58
469401,60,78.58
469501,60,78.58
469601,60,78.58
469701,60,78.58
469801,60,78.58
469901,60,78.58
470001,60,78.58
470101,60,78.58
470201,60,78.58
470301,60,78.58
470401,60,78.58
470501,60,78.58
470601,60,78.58
470701,60,78.58
470801,60,78.58
470901,60,78.58
471001,60,78.58
471101,60,78.58
471201,60,78.58
471301,60,78.58
471401,60,78.58
471501,60,78.58
471601,60,78.58
471701,60,78.58
471801,60,78.74
471901,60,78.74
472001,60,78.74
472101,60,78.74
472201,60,78.74
472301,60,78.74
472401,60,78.74
472501,60,78.74
472601,60,78.74
472701,60,78.74
472801,60,78.74
472901,60,78.74
473001,60,78.74
473101,60,78.74
473201,60,78.74
473301,60,78.74
473401,60,78.74
473501,60,78.74
473601,60,78.74
473701,60,78.74
473801,60,78.74
473901,60,78.74
474001,60,78.74
474101,60,78.74
474201,60,78.74
474301,60,78.74
474401,60,78.74
474501,60,78.74
474601,60,78.74
474701,60,78.74
474801,60,78.74
474901,60,78.74
475001,60,78.74
475101,60,78.74
475201,60,78.74
475301,60,78.74
475401,60,78.74
475501,60,78.74
475601,60,78.74
475701,60,78.74
475801,60,78.74
475901,60,78.74
476001,60,78.74
476101,60,78.74
476201,60,78.74
476301,60,78.74
476401,60,78.74
476501,60,78.74
476601,60,78.74
476701,60,78.74
476801,60,78.90
476901,60,78.90
477001,60,78.90
477101,60,78.90
477201,60,78.90
477301,60,78.90
477401,60,78.90
477501,60,78.90
477601,60,78.90
477701,60,78.90
477801,60,78.90
477901,60,78.90
478001,60,78.90
478101,60,78.90
478201,60,78.90
478301,60,78.90
478401,60,78.90
478501,60,78.90
478601,60,78.90
478701,60,78.90
478801,60,78.90
478901,60,78.90
479001,60,78.90
479101,60,78.90
479201,60,78.90
479301,60,78.90
479401,60,78.90
479501,60,78.90
479601,60,78.90
479701,60,79.05
479801,60,79.05
479901,60,78.90
480001,60,79.05
480101,60,79.05
480201,60,79.05
480301,60,79.05
480401,60,79.05
480501,60,79.05
480601,60,79.05
480701,60,79.05
480801,60,79.05
480901,60,79.05
481001,60,79.05
481101,60,79.05
481201,60,79.05
481301,60,78.90
481401,60,78.90
481501,60,79.05
481601,60,79.05
481701,60,79.05
481801,60,79.05
481901,60,79.05
482001,60,79.05
482101,60,79.05
482201,60,79.05
482301,60,79.05
482401,60,79.05
482501,60,79.05
482601,60,79.05
482701,60,79.05
482801,60,79.05
482901,60,79.05
483001,60,79.05
483101,60,79.05
483201,60,79.05
483301,60,79.05
483401,60,79.05
483501,60,79.05
483601,60,79.05
483701,60,79.05
483801,60,79.05
483901,60,79.05
484001,60,79.05
484101,60,79.05
484201,60,79.05
484301,60,79.05
484401,60,79.05
484501,60,79.05
484601,60,79.05
484701,60,79.05
484801,60,79.05
484901,60,79.05
485001,60,79.05
485101,60,79.21
485201,60,79.21
485301,60,79.21
485401,60,79.21
485501,60,79.05
485601,60,79.21
485701,60,79.21
485801,60,79.05
485901,60,79.21
486001,60,79.21
486101,60,79.21
486201,60,79.21
486301,60,79.05
486401,60,79.21
486501,60,79.21
486601,60,79.05
486701,60,79.05
486801,60,79.05
486901,60,79.05
487001,60,79.05
487101,60,79.21
487201,60,79.05
487301,60,79.21
487401,60,79.21
487501,60,79.21
487601,60,79.21
487701,60,79.21
487801,60,79.21
487901,60,79.05
488001,60,79.21
488101,60,79.21
488201,60,79.21
488301,60,79.21
488401,60,79.21
488501,60,79.21
488601,60,79.21
488701,60,79.21
488801,60,79.21
488901,60,79.21
489001,60,79.21
489101,60,79.21
489201,60,79.21
489301,60,79.21
489401,60,79.21
489501,60,79.21
489601,60,79.21
489701,60,79.21
489801,60,79.21
489901,60,79.21
490001,60,79.21
490101,60,79.36
490201,60,79.21
490301,60,79.21
490401,60,79.36
490501,60,79.21
490601,60,79.36
490701,60,79.36
490801,60,79.36
490901,60,79.36
491001,60,79.36
491101,60,79.36
491201,60,79.36
491301,60,79.36
491401,60,79.36
491501,60,79.36
491601,60,79.36
491701,60,79.36
491801,60,79.36
491901,60,79.36
492001,60,79.36
492101,60,79.36
492201,60,79.36
492301,60,79.36
492401,60,79.36
492501,60,79.36
492601,60,79.36
492701,60,79.36
492801,60,79.36
492901,60,79.36
493001,60,79.36
493101,60,79.36
493201,60,79.36
493301,60,79.36
493401,60,79.36
493501,60,79.36
493601,60,79.36
493701,60,79.36
493801,60,79.36
493901,60,79.36
494001,60,79.36
494101,60,79.36
494201,60,79.36
494301,60,79.36
494401,60,79.36
494501,60,79.36
494601,60,79.36
494701,60,79.36
494801,60,79.36
494901,60,79.36
495001,60,79.36
495101,60,79.36
495201,60,79.36
495301,60,79.36
495401,60,79.36
495501,60,79.36
495601,60,79.36
495701,60,79.36
495801,60,79.36
495901,60,79.36
496001,60,79.51
496101,60,79.51
496201,60,79.51
496301,60,79.51
496401,60,79.51
496501,60,79.51
496601,60,79.51
496701,60,79.51
496801,60,79.51
496901,60,79.51
497001,60,79.51
497101,60,79.51
497201,60,79.51
497301,60,79.51
497401,60,79.51
497501,60,79.36
497601,60,79.51
497701,60,79.51
497801,60,79.51
497901,60,79.51
498001,60,79.51
498101,60,79.51
498201,60,79.51
498301,60,79.51
498401,60,79.51
498501,60,79.67
498601,60,79.67
498701,60,79.51
498801,60,79.51
498901,60,79.67
499001,60,79.67
499101,60,79.67
499201,60,79.67
499301,60,79.67
499401,60,79.67
499501,60,79.67
499601,60,79.67
499701,60,79.67
499801,60,79.67
499901,60,79.67
500001,60,79.67
500101,60,79.67
500201,60,79.67
500301,60,79.67
500401,60,79.67
500501,60,79.67
500601,60,79.67
500701,60,79.67
500801,60,79.67
500901,60,79.67
501001,60,79.67
501101,60,79.67
501201,60,79.67
501301,60,79.67
501401,60,79.67
501501,60,79.67
501601,60,79.67
501701,60,79.67
501801,60,79.82
501901,60,79.67
502001,60,79.82
502101,60,79.82
502201,60,79.82
502301,60,79.82
502401,60,79.82
502501,60,79.67
502601,60,79.67
502701,60,79.82
502801,60,79.67
502901,60,79.82
503001,60,79.82
503101,60,79.82
503201,60,79.82
503301,60,79.82
503401,60,79.82
503501,60,79.82
503601,60,79.82
503701,60,79.82
503801,60,79.82
503901,60,79.82
504001,60,79.82
504101,60,79.82
504201,60,79.98
504301,60,79.82
504401,60,79.98
504501,60,79.98
504601,60,79.82
504701,60,79.82
504801,60,79.82
504901,60,79.98
505001,60,79.82
505101,60,79.82
505201,60,79.82
505301,60,79.82
505401,60,79.98
505501,60,79.82
505601,60,79.82
505701,60,79.82
505801,60,79.98
505901,60,79.98
506001,60,79.98
506101,60,79.98
506201,60,79.98
506301,60,79.98
506401,60,79.98
506501,60,79.98
506601,60,79.98
506701,60,79.98
506801,60,79.98
506901,60,79.98
507001,60,79.98
507101,60,79.98
507201,60,79.98
507301,60,79.98
507401,60,79.98
507501,60,79.98
507601,60,79.98
507701,60,79.98
507801,60,79.98
507901,60,79.98
508001,60,79.98
508101,60,79.98
508201,60,79.98
508301,60,79.98
508401,60,79.98
508501,60,79.98
508601,60,79.98
508701,60,79.98
508801,60,80.13
508901,60,80.13
509001,60,80.13
509101,60,80.13
509201,60,80.13
509301,60,80.13
509401,60,80.13
509501,60,80.13
509601,60,80.13
509701,60,80.13
509801,60,80.13
509901,60,80.13
510001,60,80.13
510101,60,80.13
510201,60,80.13
510301,60,80.13
510401,60,80.13
510501,60,80.13
510601,60,80.13
510701,60,80.13
510801,60,80.13
510901,60,80.13
511001,60,80.13
511101,60,80.13
511201,60,80.13
511301,60,80.13
511401,60,80.13
511501,60,80.28
511601,60,80.13
511701,60,80.13
511801,60,80.13
511901,60,80.28
512001,60,80.28
512101,60,80.13
512201,60,80.13
512301,60,80.13
512401,60,80.13
512501,60,80.28
512601,60,80.28
512701,60,80.28
512801,60,80.13
512901,60,80.28
513001,60,80.13
513101,60,80.28
513201,60,80.28
513301,60,80.28
513401,60,80.28
513501,60,80.28
513601,60,80.28
513701,60,80.28
513801,60,80.28
513901,60,80.28
514001,60,80.28
514101,60,80.28
514201,60,80.28
514301,60,80.28
514401,60,80.28
514501,60,80.28
514601,60,80.28
514701,60,80.28
514801,60,80.28
514901,60,80.28
515001,60,80.28
515101,60,80.28
515201,60,80.28
515301,60,80.28
515401,60,80.28
515501,60,80.28
515601,60,80.28
515701,60,80.28
515801,60,80.28
515901,60,80.28
516001,60,80.28
516101,60,80.28
516201,60,80.28
516301,60,80.28
516401,60,80.28
516501,60,80.28
516601,60,80.28
516701,60,80.28
516801,60,80.28
516901,60,80.28
517001,60,80.28
517101,60,80.28
517201,60,80.28
517301,60,80.28
517401,60,80.28
517501,60,80.28
517601,60,80.28
517701,60,80.28
517801,60,80.28
517901,60,80.44
518001,60,80.28
518101,60,80.44
518201,60,80.44
518301,60,80.44
518401,60,80.44
518501,60,80.44
518601,60,80.44
518701,60,80.44
518801,60,80.44
518901,60,80.44
519001,60,80.44
519101,60,80.44
519201,60,80.44
519301,60,80.44
519401,60,80.44
519501,60,80.44
519601,60,80.44
519701,60,80.44
519801,60,80.44
519901,60,80.44
520001,60,80.44
520101,60,80.44
520201,60,80.44
520301,60,80.44
520401,60,80.44
520501,60,80.44
520601,60,80.44
520701,60,80.44
520801,60,80.44
520901,60,80.44
521001,60,80.44
521101,60,80.44
521201,60,80.44
521301,60,80.44
521401,60,80.44
521501,60,80.44
521601,60,80.44
521701,60,80.44
521801,60,80.44
521901,60,80.44
522001,60,80.44
522101,60,80.44
522201,60,80.44
522301,60,80.44
522401,60,80.59
522501,60,80.59
522601,60,80.44
522701,60,80.59
522801,60,80.59
522901,60,80.59
523001,60,80.59
523101,60,80.59
523201,60,80.59
523301,60,80.59
523401,60,80.59
523501,60,80.59
523601,60,80.59
523701,60,80.59
523801,60,80.59
523901,60,80.59
524001,60,80.59
524101,60,80.59
524201,60,80.59
524301,60,80.59
524401,60,80.59
524501,60,80.59
524601,60,80.59
524701,60,80.59
524801,60,80.59
524901,60,80.59
525001,60,80.59
525101,60,80.59
525201,60,80.59
525301,60,80.74
525401,60,80.74
525501,60,80.74
525601,60,80.74
525701,60,80.74
525801,60,80.74
525901,60,80.74
526001,60,80.74
526101,60,80.74
526201,60,80.74
526301,60,80.74
526401,60,80.74
526501,60,80.74
526601,60,80.74
526701,60,80.74
526801,60,80.59
526901,60,80.74
527001,60,80.74
527101,60,80.74
527201,60,80.74
527301,60,80.74
527401,60,80.74
527501,60,80.74
527601,60,80.74
527701,60,80.74
527801,60,80.74
527901,60,80.74
528001,60,80.74
528101,60,80.74
528201,60,80.74
528301,60,80.74
528401,60,80.74
528501,60,80.74
528601,60,80.74
528701,60,80.74
528801,60,80.74
528901,60,80.74
529001,60,80.74
529101,60,80.74
529201,60,80.74
529301,60,80.74
529401,60,80.74
529501,60,80.74
529601,60,80.74
529701,60,80.74
529801,60,80.74
529901,60,80.89
530001,60,80.89
530101,60,80.89
530201,60,80.89
530301,60,80.89
530401,60,80.89
530501,60,80.89
530601,60,80.89
530701,60,80.89
530801,60,80.89
530901,60,80.89
531001,60,80.89
531101,60,80.89
531201,60,80.89
531301,60,80.89
531401,60,80.89
531501,60,80.89
531601,60,80.74
531701,60,80.89
531801,60,80.89
531901,60,80.74
532001,60,80.89
532101,60,80.89
532201,60,80.89
532301,60,80.89
532401,60,80.89
532501,60,80.89
532601,60,80.89
532701,60,80.89
532801,60,80.89
532901,60,80.89
533001,60,80.89
533101,60,80.89
533201,60,80.89
533301,60,80.89
533401,60,80.89
533501,60,80.89
533601,60,80.89
533701,60,80.89
533801,60,80.89
533901,60,80.89
534001,60,80.89
534101,60,80.89
534201,60,80.89
534301,60,80.89
534401,60,80.89
534501,60,80.89
534601,60,80.89
534701,60,80.89
534801,60,80.89
534901,60,80.89
535001,60,80.89
535101,60,81.04
535201,60,81.04
535301,60,81.04
535401,60,81.04
535501,60,81.04
535601,60,81.04
535701,60,81.04
535801,60,81.04
535901,60,81.04
536001,60,81.04
536101,60,81.04
536201,60,81.04
536301,60,80.89
536401,60,81.04
536501,60,81.04
536601,60,81.04
536701,60,81.04
536801,60,81.04
536901,60,81.04
537001,60,81.04
537101,60,81.04
537201,60,81.04
537301,60,81.04
537401,60,81.04
537501,60,81.04
537601,60,81.04
537701,60,81.04
537801,60,81.04
537901,60,81.04
538001,60,81.04
538101,60,81.20
538201,60,81.20
538301,60,81.20
538401,60,81.20
538501,60,81.20
538601,60,81.20
538701,60,81.20
538801,60,81.20
538901,60,81.04
539001,60,81.20
539101,60,81.20
539201,60,81.20
539301,60,81.20
539401,60,81.20
539501,60,81.20
539601,60,81.20
539701,60,81.20
539801,60,81.20
539901,60,81.20
540001,60,81.20
540101,60,81.20
540201,60,81.20
540301,60,81.20
540401,60,81.20
540501,60,81.20
540601,60,81.20
540701,60,81.20
540801,60,81.20
540901,60,81.20
541001,60,81.20
541101,60,81.20
541201,60,81.20
541301,60,81.20
541401,60,81.20
541501,60,81.35
541601,60,81.20
541701,60,81.20
541801,60,81.20
541901,60,81.20
542001,60,81.20
542101,60,81.20
542201,60,81.20
542301,60,81.20
542401,60,81.35
542501,60,81.35
542601,60,81.20
542701,60,81.20
542801,60,81.35
542901,60,81.35
543001,60,81.35
543101,60,81.35
543201,60,81.35
543301,60,81.35
543401,60,81.35
543501,60,81.35
543601,60,81.35
543701,60,81.35
543801,60,81.35
543901,60,81.35
544001,60,81.35
544101,60,81.35
544201,60,81.35
544301,60,81.35
544401,60,81.35
544501,60,81.35
544601,60,81.35
544701,60,81.35
544801,60,81.35
544901,60,81.35
545001,60,81.35
545101,60,81.35
545201,60,81.35
545301,60,81.35
545401,60,81.35
545501,60,81.35
545601,60,81.35
545701,60,81.35
545801,60,81.35
545901,60,81.50
546001,60,81.50
546101,60,81.50
546201,60,81.50
546301,60,81.50
546401,60,81.50
546501,60,81.50
546601,60,81.50
546701,60,81.50
546801,60,81.50
546901,60,81.50
547001,60,81.50
547101,60,81.35
547201,60,81.50
547301,60,81.50
547401,60,81.35
547501,60,81.50
547601,60,81.50
547701,60,81.50
547801,60,81.50
547901,60,81.50
548001,60,81.50
548101,60,81.50
548201,60,81.50
548301,60,81.50
548401,60,81.50
548501,60,81.50
548601,60,81.50
548701,60,81.50
548801,60,81.50
548901,60,81.50
549001,60,81.50
549101,60,81.50
549201,60,81.50
549301,60,81.50
549401,60,81.50
549501,60,81.50
549601,60,81.50
549701,60,81.50
549801,60,81.50
549901,60,81.50
550001,60,81.50
550101,60,81.50
550201,60,81.50
550301,60,81.50
550401,60,81.50
550501,60,81.50
550601,60,81.50
550701,60,81.50
550801,60,81.50
550901,60,81.50
551001,60,81.50
551101,60,81.50
551201,60,81.50
551301,60,81.50
551401,60,81.65
551501,60,81.50
551601,60,81.65
551701,60,81.65
551801,60,81.65
551901,60,81.65
552001,60,81.65
552101,60,81.65
552201,60,81.65
552301,60,81.65
552401,60,81.65
552501,60,81.65
552601,60,81.65
552701,60,81.65
552801,60,81.65
552901,60,81.65
553001,60,81.65
553101,60,81.65
553201,60,81.65
553301,60,81.65
553401,60,81.65
553501,60,81.65
553601,60,81.65
553701,60,81.65
553801,60,81.65
553901,60,81.65
554001,60,81.65
554101,60,81.65
554201,60,81.80
554301,60,81.80
554401,60,81.80
554501,60,81.80
554601,60,81.80
554701,60,81.80
554801,60,81.80
554901,60,81.80
555001,60,81.80
555101,60,81.80
555201,60,81.80
555301,60,81.80
555401,60,81.80
555501,60,81.80
555601,60,81.80
555701,60,81.80
555801,60,81.80
555901,60,81.80
556001,60,81.80
556101,60,81.80
556201,60,81.80
556301,60,81.80
556401,60,81.80
556501,60,81.80
556601,60,81.80
556701,60,81.80
556801,60,81.80
556901,60,81.80
557001,60,81.80
557101,60,81.80
557201,60,81.80
557301,60,81.80
557401,60,81.80
557501,60,81.80
557601,60,81.80
557701,60,81.80
557801,60,81.80
557901,60,81.80
558001,60,81.80
558101,60,81.80
558201,60,81.80
558301,60,81.80
558401,60,81.80
558501,60,81.80
558601,60,81.80
558701,60,81.80
558801,60,81.80
558901,60,81.80
559001,60,81.80
559101,60,81.80
559201,60,81.80
559301,60,81.80
559401,60,81.80
559501,60,81.80
559601,60,81.80
559701,60,81.80
559801,60,81.80
559901,60,81.80
560001,60,81.80
560101,60,81.80
560201,60,81.80
560301,60,81.80
560401,60,81.80
560501,60,81.80
560601,60,81.80
560701,60,81.80
560801,60,81.80
560901,60,81.80
561001,60,81.80
561101,60,81.80
561201,60,81.80
561301,60,81.80
561401,60,81.80
561501,60,81.80
561601,60,81.80
561701,60,81.80
561801,60,81.80
561901,60,81.80
562001,60,81.80
562101,60,81.80
562201,60,81.80
562301,60,81.80
562401,60,81.80
562501,60,81.80
562601,60,81.80
562701,60,81.80
562801,60,81.80
562901,60,81.95
563001,60,81.80
563101,60,81.80
563201,60,81.80
563301,60,81.80
563401,60,81.95
563501,60,81.80
563601,60,81.80
563701,60,81.80
563801,60,81.80
563901,60,81.80
564001,60,81.80
564101,60,81.95
564201,60,81.80
564301,60,81.80
564401,60,81.80
564501,60,81.95
564601,60,81.80
564701,60,81.80
564801,60,81.95
564901,60,81.95
565001,60,81.80
565101,60,81.95
565201,60,81.95
565301,60,81.95
565401,60,81.95
565501,60,81.95
565601,60,81.95
565701,60,81.95
565801,60,81.95
565901,60,81.95
566001,60,81.95
566101,60,81.95
566201,60,81.95
566301,60,81.95
566401,60,81.95
566501,60,81.95
566601,60,81.95
566701,60,81.95
566801,60,81.95
566901,60,81.95
567001,60,81.95
567101,60,81.95
567201,60,81.95
567301,60,81.95
567401,60,81.95
567501,60,81.95
567601,60,81.95
567701,60,81.95
567801,60,81.95
567901,60,82.10
568001,60,82.10
568101,60,82.10
568201,60,81.95
568301,60,82.10
568401,60,82.10
568501,60,82.10
568601,60,82.10
568701,60,82.10
568801,60,82.10
568901,60,82.10
569001,60,82.10
569101,60,82.10
569201,60,82.10
569301,60,82.10
569401,60,82.10
569501,60,82.10
569601,60,82.10
569701,60,82.10
569801,60,82.10
569901,60,82.10
570001,60,82.10
570101,60,82.10
570201,60,82.10
570301,60,82.10
570401,60,82.10
570501,60,82.10
570601,60,82.10
570701,60,82.10
570801,60,82.10
570901,60,82.10
571001,60,82.10
571101,60,82.10
571201,60,82.10
571301,60,82.10
571401,60,82.10
571501,60,82.10
571601,60,82.10
571701,60,82.10
571801,60,82.10
571901,60,82.10
572001,60,82.10
572101,60,82.10
572201,60,82.10
572301,60,82.10
572401,60,82.25
572501,60,82.25
572601,60,82.25
572701,60,82.25
572801,60,82.25
572901,60,82.25
573001,60,82.25
573101,60,82.25
573201,60,82.25
573301,60,82.25
573401,60,82.25
573501,60,82.25
573601,60,82.25
573701,60,82.25
573801,60,82.25
573901,60,82.25
574001,60,82.25
574101,60,82.25
574201,60,82.25
574301,60,82.25
574401,60,82.25
574501,60,82.40
574601,60,82.25
574701,60,82.40
574801,60,82.40
574901,60,82.40
575001,60,82.40
575101,60,82.40
575201,60,82.40
575301,60,82.40
575401,60,82.40
575501,60,82.40
575601,60,82.40
575701,60,82.40
575801,60,82.40
575901,60,82.40
576001,60,82.40
576101,60,82.40
576201,60,82.40
576301,60,82.40
576401,60,82.55
576501,60,82.40
576601,60,82.40
576701,60,82.40
576801,60,82.40
576901,60,82.40
577001,60,82.40
577101,60,82.40
577201,60,82.40
577301,60,82.40
577401,60,82.40
577501,60,82.40
577601,60,82.40
577701,60,82.40
577801,60,82.55
577901,60,82.40
578001,60,82.55
578101,60,82.55
578201,60,82.55
578301,60,82.55
578401,60,82.55
578501,60,82.55
578601,60,82.55
578701,60,82.55
578801,60,82.55
578901,60,82.55
579001,60,82.55
579101,60,82.55
579201,60,82.55
579301,60,82.55
579401,60,82.55
579501,60,82.55
579601,60,82.55
579701,60,82.55
579801,60,82.55
579901,60,82.55
580001,60,82.55
580101,60,82.55
580201,60,82.55
580301,60,82.55
580401,60,82.55
580501,60,82.55
580601,60,82.70
580701,60,82.70
580801,60,82.70
580901,60,82.70
581001,60,82.70
581101,60,82.70
581201,60,82.70
581301,60,82.70
581401,60,82.70
581501,60,82.70
581601,60,82.70
581701,60,82.70
581801,60,82.70
581901,60,82.70
582001,60,82.70
582101,60,82.70
582201,60,82.70
582301,60,82.70
582401,60,82.70
582501,60,82.70
582601,60,82.70
582701,60,82.70
582801,60,82.70
582901,60,82.70
583001,60,82.70
583101,60,82.70
583201,60,82.70
583301,60,82.70
583401,60,82.70
583501,60,82.70
583601,60,82.70
583701,60,82.70
583801,60,82.85
583901,60,82.70
584001,60,82.70
584101,60,82.70
584201,60,82.70
584301,60,82.70
584401,60,82.70
584501,60,82.70
584601,60,82.70
584701,60,82.70
584801,60,82.70
584901,60,82.70
585001,60,82.70
585101,60,82.70
585201,60,82.85
585301,60,82.85
585401,60,82.70
585501,60,82.85
585601,60,82.85
585701,60,82.85
585801,60,82.85
585901,60,82.85
586001,60,82.85
586101,60,82.85
586201,60,82.85
586301,60,82.85
586401,60,82.85
586501,60,82.85
586601,60,82.85
586701,60,82.85
586801,60,82.85
586901,60,82.85
587001,60,82.85
587101,60,82.85
587201,60,82.85
587301,60,82.85
587401,60,82.85
587501,60,82.85
587601,60,82.85
587701,60,82.85
587801,60,82.85
587901,60,82.85
588001,60,82.85
588101,60,82.85
588201,60,82.85
588301,60,82.85
588401,60,82.85
588501,60,82.85
588601,60,82.85
588701,60,82.85
588801,60,82.85
588901,60,82.85
589001,60,82.85
589101,60,83.00
589201,60,82.85
589301,60,82.85
589401,60,82.85
589501,60,82.85
589601,60,83.00
589701,60,82.85
589801,60,82.85
589901,60,83.00
590001,60,82.85
590101,60,82.85
590201,60,82.85
590301,60,83.00
590401,60,83.00
590501,60,82.85
590601,60,83.00
590701,60,83.00
590801,60,83.00
590901,60,83.00
591001,60,83.00
591101,60,83.00
591201,60,83.00
591301,60,83.00
591401,60,83.00
591501,60,83.00
591601,60,83.00
591701,60,83.00
591801,60,83.00
591901,60,83.00
592001,60,83.00
592101,60,83.00
592201,60,83.00
592301,60,83.00
592401,60,83.00
592501,60,83.00
592601,60,83.00
592701,60,83.00
592801,60,83.00
592901,60,83.00
593001,60,83.00
593101,60,83.00
593201,60,83.00
593301,60,83.00
593401,60,83.00
593501,60,83.00
593601,60,83.00
593701,60,83.00
593801,60,83.00
593901,60,83.00
594001,60,83.15
594101,60,83.00
594201,60,83.15
594301,60,83.00
594401,60,83.00
594501,60,83.00
594601,60,83.00
594701,60,83.00
594801,60,83.00
594901,60,83.00
595001,60,83.00
595101,60,83.00
595201,60,83.00
595301,60,83.00
595401,60,83.00
595501,60,83.00
595601,60,83.00
595701,60,83.00
595801,60,83.00
595901,60,83.15
596001,60,83.15
596101,60,83.15
596201,60,83.15
596301,60,83.15
596401,60,83.15
596501,60,83.15
596601,60,83.15
596701,60,83.15
596801,60,83.15
596901,60,83.15
597001,60,83.15
597101,60,83.15
597201,60,83.15
597301,60,83.15
597401,60,83.15
597501,60,83.15
597601,60,83.15
597701,60,83.15
597801,60,83.15
597901,60,83.15
598001,60,83.15
598101,60,83.15
598201,60,83.15
598301,60,83.15
598401,60,83.15
598501,60,83.15
598601,60,83.15
598701,60,83.15
598801,60,83.15
598901,60,83.15
599001,60,83.15
599101,60,83.15
599201,60,83.15
599301,60,83.15
599401,60,83.30
599501,60,83.15
599601,60,83.15
599701,60,83.15
599801,60,83.15
599901,60,83.30
600001,60,83.15
600101,60,83.15
600201,60,83.15
600301,60,83.15
600401,60,83.15
600501,60,83.15
600601,60,83.30
600701,60,83.15
600801,60,83.30
600901,60,83.30
601001,60,83.15
601101,60,83.30
601201,60,83.30
601301,60,83.30
601401,60,83.30
601501,60,83.30
601601,60,83.30
601701,60,83.30
601801,60,83.30
601901,60,83.30
602001,60,83.30
602101,60,83.30
602201,60,83.30
602301,60,83.30
602401,60,83.30
602501,60,83.30
602601,60,83.30
602701,60,83.30
602801,60,83.30
602901,60,83.30
603001,60,83.30
603101,60,83.30
603201,60,83.30
603301,60,83.30
603401,60,83.30
603501,60,83.30
603601,60,83.30
603701,60,83.30
603801,60,83.30
603901,60,83.30
604001,60,83.30
604101,60,83.45
604201,60,83.30
604301,60,83.30
604401,60,83.30
604501,60,83.30
604601,60,83.30
604701,60,83.30
604801,60,83.30
604901,60,83.30
605001,60,83.30
605101,60,83.30
605201,60,83.30
605301,60,83.30
605401,60,83.30
605501,60,83.30
605601,60,83.30
605701,60,83.30
605801,60,83.45
605901,60,83.30
606001,60,83.45
606101,60,83.30
606201,60,83.30
606301,60,83.30
606401,60,83.45
606501,60,83.45
606601,60,83.45
606701,60,83.45
606801,60,83.45
606901,60,83.45
607001,60,83.45
607101,60,83.45
607201,60,83.45
607301,60,83.45
607401,60,83.45
607501,60,83.45
607601,60,83.45
607701,60,83.45
607801,60,83.45
607901,60,83.45
608001,60,83.45
608101,60,83.45
608201,60,83.45
608301,60,83.45
608401,60,83.45
608501,60,83.30
608601,60,83.45
608701,60,83.30
608801,60,83.45
608901,60,83.45
609001,60,83.45
609101,60,83.45
609201,60,83.45
609301,60,83.45
609401,60,83.45
609501,60,83.45
609601,60,83.45
609701,60,83.45
609801,60,83.45
609901,60,83.45
610001,60,83.45
610101,60,83.45
610201,60,83.45
610301,60,83.45
610401,60,83.45
610501,60,83.45
610601,60,83.45
610701,60,83.45
610801,60,83.45
610901,60,83.45
611001,60,83.45
611101,60,83.45
611201,60,83.45
611301,60,83.45
611401,60,83.45
611501,60,83.45
611601,60,83.45
611701,60,83.45
611801,60,83.45
611901,60,83.45
612001,60,83.45
612101,60,83.45
612201,60,83.45
612301,60,83.45
612401,60,83.45
612501,60,83.45
612601,60,83.45
612701,60,83.45
612801,60,83.45
612901,60,83.45
613001,60,83.45
613101,60,83.45
613201,60,83.45
613301,60,83.45
613401,60,83.45
613501,60,83.45
613601,60,83.45
613701,60,83.45
613801,60,83.45
613901,60,83.45
614001,60,83.45
614101,60,83.45
614201,60,83.45
614301,60,83.45
614401,60,83.45
614501,60,83.45
614601,60,83.45
614701,60,83.45
614801,60,83.45
614901,60,83.45
615001,60,83.45
615101,60,83.45
615201,60,83.60
615301,60,83.45
615401,60,83.45
615501,60,83.45
615601,60,83.45
615701,60,83.45
615801,60,83.45
615901,60,83.45
616001,60,83.45
616101,60,83.45
616201,60,83.45
616301,60,83.45
616401,60,83.45
616501,60,83.45
616601,60,83.45
616701,60,83.45
616801,60,83.45
616901,60,83.60
617001,60,83.60
617101,60,83.60
617201,60,83.60
617301,60,83.60
617401,60,83.60
617501,60,83.60
617601,60,83.60
617701,60,83.60
617801,60,83.60
617901,60,83.60
618001,60,83.60
618101,60,83.60
618201,60,83.60
618301,60,83.60
618401,60,83.60
618501,60,83.60
618601,60,83.60
618701,60,83.60
618801,60,83.60
618901,60,83.60
619001,60,83.60
619101,60,83.60
619201,60,83.60
619301,60,83.60
619401,60,83.60
619501,60,83.60
619601,60,83.60
619701,60,83.60
619801,60,83.60
619901,60,83.60
620001,60,83.60
620101,60,83.60
620201,60,83.60
620301,60,83.60
620401,60,83.60
620501,60,83.60
620601,60,83.60
620701,60,83.60
620801,60,83.60
620901,60,83.60
621001,60,83.60
621101,60,83.60
621201,60,83.60
621301,60,83.60
621401,60,83.60
621501,60,83.60
621601,60,83.60
621701,60,83.60
621801,60,83.60
621901,60,83.60
622001,60,83.60
622101,60,83.60
622201,60,83.60
622301,60,83.60
622401,60,83.60
622501,60,83.60
622601,60,83.60
622701,60,83.60
622801,60,83.60
622901,60,83.60
623001,60,83.60
623101,60,83.60
623201,60,83.60
623301,60,83.60
623401,60,83.60
623501,60,83.60
623601,60,83.60
623701,60,83.60
623801,60,83.60
623901,60,83.60
624001,60,83.60
624101,60,83.60
624201,60,83.60
624301,60,83.60
624401,60,83.60
624501,60,83.60
624601,60,83.60
624701,60,83.60
624801,60,83.60
624901,60,83.60
625001,60,83.60
625101,60,83.60
625201,60,83.60
625301,60,83.60
625401,60,83.60
625501,60,83.60
625601,60,83.60
625701,60,83.60
625801,60,83.60
625901,60,83.60
626001,60,83.60
626101,60,83.60
626201,60,83.60
626301,60,83.60
626401,60,83.60
626501,60,83.60
626601,60,83.60
626701,60,83.60
626801,60,83.60
626901,60,83.60
627001,60,83.60
627101,60,83.60
627201,60,83.60
627301,60,83.60
627401,60,83.60
627501,60,83.60
627601,60,83.60
627701,60,83.60
627801,60,83.60
627901,60,83.60
628001,60,83.60
628101,60,83.60
628201,60,83.60
628301,60,83.60
628401,60,83.60
628501,60,83.60
628601,60,83.60
628701,60,83.60
628801,60,83.60
628901,60,83.60
629001,60,83.60
629101,60,83.60
629201,60,83.75
629301,60,83.60
629401,60,83.60
629501,60,83.60
629601,60,83.60
629701,60,83.60
629801,60,83.60
629901,60,83.60
630001,60,83.60
630101,60,83.60
630201,60,83.60
630301,60,83.60
630401,60,83.60
630501,60,83.60
630601,60,83.60
630701,60,83.60
630801,60,83.60
630901,60,83.60
631001,60,83.60
631101,60,83.60
631201,60,83.60
631301,60,83.60
631401,60,83.60
631501,60,83.75
631601,60,83.75
631701,60,83.75
631801,60,83.75
631901,60,83.75
632001,60,83.75
632101,60,83.75
632201,60,83.75
632301,60,83.75
632401,60,83.75
632501,60,83.75
632601,60,83.75
632701,60,83.60
632801,60,83.75
632901,60,83.75
633001,60,83.75
633101,60,83.75
633201,60,83.75
633301,60,83.75
633401,60,83.75
633501,60,83.75
633601,60,83.75
633701,60,83.75
633801,60,83.75
633901,60,83.75
634001,60,83.75
634101,60,83.75
634201,60,83.75
634301,60,83.75
634401,60,83.75
634501,60,83.75
634601,60,83.75
634701,60,83.75
634801,60,83.75
634901,60,83.75
635001,60,83.75
635101,60,83.75
635201,60,83.75
635301,60,83.75
635401,60,83.75
635501,60,83.75
635601,60,83.75
635701,60,83.75
635801,60,83.75
635901,60,83.75
636001,60,83.75
636101,60,83.75
636201,60,83.75
636301,60,83.75
636401,60,83.75
636501,60,83.75
636601,60,83.89
636701,60,83.89
636801,60,83.89
636901,60,83.89
637001,60,83.89
637101,60,83.89
637201,60,83.89
637301,60,83.89
637401,60,83.89
637501,60,83.89
637601,60,83.89
637701,60,83.89
637801,60,83.89
637901,60,83.89
638001,60,83.89
638101,60,83.89
638201,60,83.89
638301,60,83.89
638401,60,83.89
638501,60,83.89
638601,60,83.89
638701,60,83.89
638801,60,83.89
638901,60,83.89
639001,60,83.89
639101,60,83.89
639201,60,83.89
639301,60,83.89
639401,60,83.89
639501,60,83.89
639601,60,83.89
639701,60,84.04
639801,60,83.89
639901,60,84.04
640001,60,84.04
640101,60,84.04
640201,60,84.04
640301,60,84.04
640401,60,84.04
640501,60,84.04
640601,60,84.04
640701,60,84.04
640801,60,84.04
640901,60,84.04
641001,60,84.04
641101,60,84.04
641201,60,84.04
641301,60,84.04
641401,60,84.04
641501,60,84.04
641601,60,84.04
641701,60,84.04
641801,60,84.04
641901,60,84.04
642001,60,84.04
642101,60,84.04
642201,60,84.04
642301,60,84.19
642401,60,84.19
642501,60,84.04
642601,60,84.04
642701,60,84.19
642801,60,84.19
642901,60,84.19
643001,60,84.19
643101,60,84.19
643201,60,84.19
643301,60,84.19
643401,60,84.19
643501,60,84.19
643601,60,84.19
643701,60,84.19
643801,60,84.19
643901,60,84.19
644001,60,84.19
644101,60,84.19
644201,60,84.19
644301,60,84.19
644401,60,84.19
644501,60,84.19
644601,60,84.19
644701,60,84.19
644801,60,84.19
644901,60,84.19
645001,60,84.19
645101,60,84.19
645201,60,84.34
645301,60,84.19
645401,60,84.34
645501,60,84.19
645601,60,84.34
645701,60,84.19
645801,60,84.34
645901,60,84.34
646001,60,84.34
646101,60,84.34
646201,60,84.34
646301,60,84.34
646401,60,84.19
646501,60,84.34
646601,60,84.19
646701,60,84.34
646801,60,84.34
646901,60,84.34
647001,60,84.34
647101,60,84.34
647201,60,84.34
647301,60,84.34
647401,60,84.34
647501,60,84.34
647601,60,84.34
647701,60,84.34
647801,60,84.34
647901,60,84.34
648001,60,84.34
648101,60,84.34
648201,60,84.34
648301,60,84.34
648401,60,84.34
648501,60,84.49
648601,60,84.34
648701,60,84.34
648801,60,84.34
648901,60,84.34
649001,60,84.34
649101,60,84.34
649201,60,84.34
649301,60,84.34
649401,60,84.34
649501,60,84.34
649601,60,84.34
649701,60,84.34
649801,60,84.34
649901,60,84.49
650001,60,84.34
650101,60,84.49
650201,60,84.49
650301,60,84.49
650401,60,84.49
650501,60,84.49
650601,60,84.49
650701,60,84.49
650801,60,84.49
650901,60,84.49
651001,60,84.49
651101,60,84.49
651201,60,84.49
651301,60,84.49
651401,60,84.49
651501,60,84.49
651601,60,84.49
651701,60,84.49
651801,60,84.49
651901,60,84.49
652001,60,84.49
652101,60,84.49
652201,60,84.49
652301,60,84.49
652401,60,84.49
652501,60,84.49
652601,60,84.49
652701,60,84.49
652801,60,84.49
652901,60,84.49
653001,60,84.49
653101,60,84.49
653201,60,84.49
653301,60,84.49
653401,60,84.49
653501,60,84.49
653601,60,84.63
653701,60,84.49
653801,60,84.63
653901,60,84.49
654001,60,84.49
654101,60,84.49
654201,60,84.49
654301,60,84.49
654401,60,84.49
654501,60,84.49
654601,60,84.49
654701,60,84.49
654801,60,84.49
654901,60,84.49
655001,60,84.49
655101,60,84.49
655201,60,84.49
655301,60,84.49
655401,60,84.49
655501,60,84.49
655601,60,84.49
655701,60,84.49
655801,60,84.49
655901,60,84.63
656001,60,84.49
656101,60,84.49
656201,60,84.49
656301,60,84.49
656401,60,84.49
656501,60,84.49
656601,60,84.49
656701,60,84.49
656801,60,84.49
656901,60,84.49
657001,60,84.49
657101,60,84.49
657201,60,84.49
657301,60,84.49
657401,60,84.49
657501,60,84.49
657601,60,84.49
657701,60,84.49
657801,60,84.49
657901,60,84.49
658001,60,84.49
658101,60,84.49
658201,60,84.63
658301,60,84.63
658401,60,84.63
658501,60,84.63
658601,60,84.49
658701,60,84.49
658801,60,84.49
658901,60,84.49
659001,60,84.63
659101,60,84.63
659201,60,84.63
659301,60,84.49
659401,60,84.63
659501,60,84.63
659601,60,84.63
659701,60,84.63
659801,60,84.63
659901,60,84.63
660001,60,84.63
660101,60,84.63
660201,60,84.63
660301,60,84.63
660401,60,84.63
660501,60,84.63
660601,60,84.63
660701,60,84.63
660801,60,84.63
660901,60,84.63
661001,60,84.63
661101,60,84.63
661201,60,84.63
661301,60,84.63
661401,60,84.63
661501,60,84.63
661601,60,84.63
661701,60,84.63
661801,60,84.63
661901,60,84.63
662001,60,84.63
662101,60,84.63
662201,60,84.63
662301,60,84.63
662401,60,84.63
662501,60,84.63
662601,60,84.63
662701,60,84.63
662801,60,84.63
662901,60,84.63
663001,60,84.63
663101,60,84.63
663201,60,84.63
663301,60,84.63
663401,60,84.63
663501,60,84.63
663601,60,84.63
663701,60,84.63
663801,60,84.63
663901,60,84.63
664001,60,84.63
664101,60,84.63
664201,60,84.63
664301,60,84.63
664401,60,84.63
664501,60,84.63
664601,60,84.63
664701,60,84.63
664801,60,84.63
664901,60,84.63
665001,60,84.63
665101,60,84.63
665201,60,84.63
665301,60,84.63
665401,60,84.63
665501,60,84.63
665601,60,84.63
665701,60,84.63
665801,60,84.63
665901,60,84.63
666001,60,84.63
666101,60,84.78
666201,60,84.78
666301,60,84.78
666401,60,84.78
666501,60,84.78
666601,60,84.78
666701,60,84.63
666801,60,84.63
666901,60,84.78
667001,60,84.63
667101,60,84.63
667201,60,84.78
667301,60,84.63
667401,60,84.63
667501,60,84.63
667601,60,84.63
667701,60,84.63
667801,60,84.78
667901,60,84.63
668001,60,84.78
668101,60,84.78
668201,60,84.78
668301,60,84.78
668401,60,84.78
668501,60,84.78
668601,60,84.78
668701,60,84.78
668801,60,84.78
668901,60,84.78
669001,60,84.78
669101,60,84.78
669201,60,84.78
669301,60,84.78
669401,60,84.78
669501,60,84.78
669601,60,84.78
669701,60,84.78
669801,60,84.63
669901,60,84.78
670001,60,84.78
670101,60,84.78
670201,60,84.78
670301,60,84.78
670401,60,84.78
670501,60,84.78
670601,60,84.78
670701,60,84.78
670801,60,84.78
670901,60,84.78
671001,60,84.78
671101,60,84.78
671201,60,84.78
671301,60,84.78
671401,60,84.78
671501,60,84.78
671601,60,84.78
671701,60,84.78
671801,60,84.78
671901,60,84.78
672001,60,84.78
672101,60,84.78
672201,60,84.78
672301,60,84.78
672401,60,84.78
672501,60,84.78
672601,60,84.78
672701,60,84.78
672801,60,84.78
672901,60,84.78
673001,60,84.78
673101,60,84.78
673201,60,84.78
673301,60,84.78
673401,60,84.78
673501,60,84.78
673601,60,84.93
673701,60,84.93
673801,60,84.78
673901,60,84.93
674001,60,84.93
674101,60,84.93
674201,60,84.93
674301,60,84.93
674401,60,84.93
674501,60,84.93
674601,60,84.78
674701,60,84.93
674801,60,84.78
674901,60,84.93
675001,60,84.93
675101,60,84.93
675201,60,84.93
675301,60,84.93
675401,60,84.93
675501,60,84.93
675601,60,84.93
675701,60,84.93
675801,60,84.93
675901,60,84.93
676001,60,84.93
676101,60,84.93
676201,60,84.93
676301,60,84.93
676401,60,84.93
676501,60,84.93
676601,60,84.93
676701,60,84.93
676801,60,84.93
676901,60,84.93
677001,60,84.93
677101,60,84.93
677201,60,84.93
677301,60,84.93
677401,60,84.93
677501,60,84.93
677601,60,84.93
677701,60,84.93
677801,60,84.93
677901,60,84.93
678001,60,84.93
678101,60,84.93
678201,60,84.93
678301,60,84.93
678401,60,84.93
678501,60,84.93
678601,60,84.93
678701,60,84.93
678801,60,84.93
678901,60,84.93
679001,60,84.93
679101,60,84.93
679201,60,84.93
679301,60,84.93
679401,60,84.93
679501,60,84.93
679601,60,84.93
679701,60,84.93
679801,60,84.93
679901,60,84.93
680001,60,84.93
680101,60,84.78
680201,60,84.93
680301,60,84.93
680401,60,84.93
680501,60,84.93
680601,60,84.93
680701,60,84.93
680801,60,84.93
680901,60,84.93
681001,60,84.93
681101,60,84.93
681201,60,84.93
681301,60,84.93
681401,60,84.93
681501,60,84.93
681601,60,84.93
681701,60,84.93
681801,60,84.93
681901,60,84.93
682001,60,84.93
682101,60,84.93
682201,60,84.93
682301,60,84.93
682401,60,84.93
682501,60,84.93
682601,60,84.93
682701,60,84.93
682801,60,84.93
682901,60,84.93
683001,60,84.93
683101,60,84.93
683201,60,84.93
683301,60,84.93
683401,60,84.93
683501,60,84.93
683601,60,84.93
683701,60,84.93
683801,60,84.93
683901,60,84.93
684001,60,84.93
684101,60,84.93
684201,60,84.93
684301,60,84.93
684401,60,84.93
684501,60,84.93
684601,60,84.93
684701,60,84.93
684801,60,84.93
684901,60,84.93
685001,60,84.93
685101,60,84.93
685201,60,84.93
685301,60,84.93
685401,60,84.93
685501,60,84.93
685601,60,84.93
685701,60,84.93
685801,60,84.93
685901,60,84.93
686001,60,84.93
686101,60,84.93
686201,60,84.93
686301,60,84.93
686401,60,84.93
686501,60,84.93
686601,60,84.93
686701,60,85.07
686801,60,85.07
686901,60,85.07
687001,60,85.07
687101,60,85.07
687201,60,85.07
687301,60,85.07
687401,60,85.07
687501,60,85.07
687601,60,85.07
687701,60,85.07
687801,60,85.07
687901,60,85.07
688001,60,85.07
688101,60,85.07
688201,60,85.07
688301,60,84.93
688401,60,85.07
688501,60,85.07
688601,60,85.07
688701,60,85.07
688801,60,85.07
688901,60,85.07
689001,60,85.07
689101,60,85.07
689201,60,85.07
689301,60,85.07
689401,60,85.07
689501,60,85.07
689601,60,85.07
689701,60,85.07
689801,60,85.07
689901,60,85.07
690001,60,85.07
690101,60,85.07
690201,60,85.07
690301,60,85.07
690401,60,85.07
690501,60,85.07
690601,60,85.07
690701,60,85.07
690801,60,85.07
690901,60,85.07
691001,60,85.07
691101,60,85.07
691201,60,85.07
691301,60,85.07
691401,60,85.07
691501,60,85.07
691601,60,85.22
691701,60,85.22
691801,60,85.22
691901,60,85.22
692001,60,85.22
692101,60,85.22
692201,60,85.22
692301,60,85.22
692401,60,85.22
692501,60,85.22
692601,60,85.22
692701,60,85.22
692801,60,85.22
692901,60,85.22
693001,60,85.07
693101,60,85.22
693201,60,85.07
693301,60,85.07
693401,60,85.07
693501,60,85.07
693601,60,85.22
693701,60,85.22
693801,60,85.07
693901,60,85.22
694001,60,85.07
694101,60,85.22
694201,60,85.22
694301,60,85.22
694401,60,85.22
694501,60,85.22
694601,60,85.22
694701,60,85.22
694801,60,85.22
694901,60,85.22
695001,60,85.22
695101,60,85.22
695201,60,85.22
695301,60,85.22
695401,60,85.22
695501,60,85.22
695601,60,85.22
695701,60,85.07
695801,60,85.07
695901,60,85.07
696001,60,85.07
696101,60,85.22
696201,60,85.07
696301,60,85.22
696401,60,85.07
696501,60,85.07
696601,60,85.22
696701,60,85.22
696801,60,85.22
696901,60,85.22
697001,60,85.22
697101,60,85.22
697201,60,85.22
697301,60,85.22
697401,60,85.22
697501,60,85.22
697601,60,85.22
697701,60,85.22
697801,60,85.22
697901,60,85.07
698001,60,85.07
698101,60,85.07
698201,60,85.07
698301,60,85.07
698401,60,85.07
698501,60,85.07
698601,60,85.07
698701,60,85.07
698801,60,85.07
698901,60,85.22
699001,60,85.07
699101,60,85.07
699201,60,85.07
699301,60,85.07
699401,60,85.22
699501,60,85.22
699601,60,85.22
699701,60,85.22
699801,60,85.22
699901,60,85.22
700001,60,85.22
700101,60,85.07
700201,60,85.07
700301,60,85.22
700401,60,85.07
700501,60,85.07
700601,60,85.07
700701,60,85.07
700801,60,85.07
700901,60,85.07
701001,60,85.07
701101,60,85.07
701201,60,85.07
701301,60,85.07
701401,60,85.07
701501,60,85.07
701601,60,85.07
701701,60,85.07
701801,60,85.07
701901,60,85.22
702001,60,85.22
702101,60,85.22
702201,60,85.22
702301,60,85.22
702401,60,85.22
702501,60,85.22
702601,60,85.22
702701,60,85.22
702801,60,85.22
702901,60,85.22
703001,60,85.22
703101,60,85.22
703201,60,85.22
703301,60,85.22
703401,60,85.07
703501,60,85.22
703601,60,85.22
703701,60,85.22
703801,60,85.22
703901,60,85.22
704001,60,85.22
704101,60,85.22
704201,60,85.22
704301,60,85.22
704401,60,85.22
704501,60,85.22
704601,60,85.22
704701,60,85.22
704801,60,85.22
704901,60,85.22
705001,60,85.22
705101,60,85.22
705201,60,85.22
705301,60,85.22
705401,60,85.22
705501,60,85.37
705601,60,85.37
705701,60,85.22
705801,60,85.22
705901,60,85.22
706001,60,85.22
706101,60,85.22
706201,60,85.22
706301,60,85.22
706401,60,85.22
706501,60,85.22
706601,60,85.22
706701,60,85.22
706801,60,85.37
706901,60,85.37
707001,60,85.37
707101,60,85.37
707201,60,85.37
707301,60,85.37
707401,60,85.37
707501,60,85.37
707601,60,85.37
707701,60,85.37
707801,60,85.37
707901,60,85.37
708001,60,85.37
708101,60,85.37
708201,60,85.37
708301,60,85.37
708401,60,85.37
708501,60,85.37
708601,60,85.37
708701,60,85.37
708801,60,85.37
708901,60,85.37
709001,60,85.37
709101,60,85.37
709201,60,85.37
709301,60,85.37
709401,60,85.37
709501,60,85.37
709601,60,85.37
709701,60,85.37
709801,60,85.37
709901,60,85.37
710001,60,85.37
710101,60,85.37
710201,60,85.37
710301,60,85.37
710401,60,85.37
710501,60,85.37
710601,60,85.37
710701,60,85.37
710801,60,85.37
710901,60,85.37
711001,60,85.37
711101,60,85.37
711201,60,85.37
711301,60,85.37
711401,60,85.37
711501,60,85.37
711601,60,85.37
711701,60,85.37
711801,60,85.37
711901,60,85.37
712001,60,85.37
712101,60,85.37
712201,60,85.37
712301,60,85.37
712401,60,85.37
712501,60,85.37
712601,60,85.37
712701,60,85.37
712801,60,85.37
712901,60,85.37
713001,60,85.51
713101,60,85.37
713201,60,85.37
713301,60,85.51
713401,60,85.51
713501,60,85.37
713601,60,85.37
713701,60,85.51
713801,60,85.37
713901,60,85.37
714001,60,85.37
714101,60,85.37
714201,60,85.37
714301,60,85.37
714401,60,85.37
714501,60,85.37
714601,60,85.51
714701,60,85.51
714801,60,85.37
714901,60,85.37
715001,60,85.51
715101,60,85.51
715201,60,85.37
715301,60,85.51
715401,60,85.51
715501,60,85.51
715601,60,85.51
715701,60,85.51
715801,60,85.51
715901,60,85.51
716001,60,85.51
716101,60,85.51
716201,60,85.51
716301,60,85.51
716401,60,85.51
716501,60,85.51
716601,60,85.51
716701,60,85.51
716801,60,85.51
716901,60,85.51
717001,60,85.51
717101,60,85.51
717201,60,85.51
717301,60,85.51
717401,60,85.51
717501,60,85.51
717601,60,85.51
717701,60,85.51
717801,60,85.51
717901,60,85.51
718001,60,85.51
718101,60,85.51
718201,60,85.51
718301,60,85.51
718401,60,85.51
718501,60,85.51
718601,60,85.51
718701,60,85.51
718801,60,85.51
718901,60,85.51
719001,60,85.51
719101,60,85.51
719201,60,85.51
719301,60,85.51
719401,60,85.51
719501,60,85.51
719601,60,85.51
719701,60,85.51
719801,60,85.51
719901,60,85.51
720001,60,85.51
720101,60,85.51
720201,60,85.51
720301,60,85.51
720401,60,85.51
720501,60,85.51
720601,60,85.51
720701,60,85.51
720801,60,85.51
720901,60,85.51
721001,60,85.51
721101,60,85.51
721201,60,85.51
721301,60,85.51
721401,60,85.51
721501,60,85.51
721601,60,85.51
721701,60,85.66
721801,60,85.51
721901,60,85.51
722001,60,85.51
722101,60,85.51
722201,60,85.51
722301,60,85.51
722401,60,85.51
722501,60,85.51
722601,60,85.51
722701,60,85.51
722801,60,85.51
722901,60,85.51
723001,60,85.51
723101,60,85.51
723201,60,85.51
723301,60,85.51
723401,60,85.66
723501,60,85.51
723601,60,85.51
723701,60,85.66
723801,60,85.66
723901,60,85.51
724001,60,85.51
724101,60,85.51
724201,60,85.66
724301,60,85.51
724401,60,85.66
724501,60,85.66
724601,60,85.51
724701,60,85.51
724801,60,85.51
724901,60,85.51
725001,60,85.51
725101,60,85.51
725201,60,85.51
725301,60,85.51
725401,60,85.51
725501,60,85.51
725601,60,85.51
725701,60,85.66
725801,60,85.51
725901,60,85.66
726001,60,85.66
726101,60,85.66
726201,60,85.66
726301,60,85.66
726401,60,85.66
726501,60,85.66
726601,60,85.66
726701,60,85.66
726801,60,85.66
726901,60,85.66
727001,60,85.66
727101,60,85.66
727201,60,85.66
727301,60,85.51
727401,60,85.66
727501,60,85.66
727601,60,85.51
727701,60,85.66
727801,60,85.66
727901,60,85.51
728001,60,85.51
728101,60,85.66
728201,60,85.66
728301,60,85.66
728401,60,85.66
728501,60,85.66
728601,60,85.66
728701,60,85.66
728801,60,85.66
728901,60,85.66
729001,60,85.66
729101,60,85.66
729201,60,85.66
729301,60,85.66
729401,60,85.66
729501,60,85.66
729601,60,85.66
729701,60,85.66
729801,60,85.66
729901,60,85.66
730001,60,85.66
730101,60,85.66
730201,60,85.66
730301,60,85.66
730401,60,85.66
730501,60,85.66
730601,60,85.66
730701,60,85.66
730801,60,85.66
730901,60,85.66
731001,60,85.66
731101,60,85.66
731201,60,85.66
731301,60,85.66
731401,60,85.66
731501,60,85.66
731601,60,85.66
731701,60,85.66
731801,60,85.66
731901,60,85.66
732001,60,85.66
732101,60,85.66
732201,60,85.66
732301,60,85.66
732401,60,85.66
732501,60,85.66
732601,60,85.66
732701,60,85.66
732801,60,85.66
732901,60,85.66
733001,60,85.66
733101,60,85.66
733201,60,85.66
733301,60,85.66
733401,60,85.81
733501,60,85.81
733601,60,85.81
733701,60,85.81
733801,60,85.81
733901,60,85.81
734001,60,85.81
734101,60,85.81
734201,60,85.81
734301,60,85.81
734401,60,85.81
734501,60,85.81
734601,60,85.81
734701,60,85.81
734801,60,85.81
734901,60,85.81
735001,60,85.81
735101,60,85.81
735201,60,85.81
735301,60,85.81
735401,60,85.81
735501,60,85.81
735601,60,85.81
735701,60,85.81
735801,60,85.81
735901,60,85.81
736001,60,85.81
736101,60,85.81
736201,60,85.81
736301,60,85.81
736401,60,85.81
736501,60,85.81
736601,60,85.81
736701,60,85.81
736801,60,85.81
736901,60,85.81
737001,60,85.81
737101,60,85.81
737201,60,85.81
737301,60,85.81
737401,60,85.81
737501,60,85.81
737601,60,85.81
737701,60,85.81
737801,60,85.81
737901,60,85.81
738001,60,85.81
738101,60,85.81
738201,60,85.81
738301,60,85.81
738401,60,85.81
738501,60,85.81
738601,60,85.81
738701,60,85.81
738801,60,85.81
738901,60,85.81
739001,60,85.81
739101,60,85.81
739201,60,85.81
739301,60,85.81
739401,60,85.81
739501,60,85.81
739601,60,85.81
739701,60,85.81
739801,60,85.81
739901,60,85.81
740001,60,85.81
740101,60,85.81
740201,60,85.81
740301,60,85.81
740401,60,85.81
740501,60,85.81
740601,60,85.81
740701,60,85.81
740801,60,85.81
740901,60,85.81
741001,60,85.81
741101,60,85.81
741201,60,85.81
741301,60,85.81
741401,60,85.81
741501,60,85.81
741601,60,85.81
741701,60,85.81
741801,60,85.81
741901,60,85.81
742001,60,85.81
742101,60,85.81
742201,60,85.81
742301,60,85.81
742401,60,85.81
742501,60,85.81
742601,60,85.81
742701,60,85.81
742801,60,85.81
742901,60,85.81
743001,60,85.81
743101,60,85.81
743201,60,85.81
743301,60,85.81
743401,60,85.81
743501,60,85.81
743601,60,85.81
743701,60,85.81
743801,60,85.81
743901,60,85.81
744001,60,85.81
744101,60,85.81
744201,60,85.81
744301,60,85.81
744401,60,85.81
744501,60,85.81
744601,60,85.81
744701,60,85.81
744801,60,85.81
744901,60,85.81
745001,60,85.81
745101,60,85.81
745201,60,85.81
745301,60,85.81
745401,60,85.81
745501,60,85.81
745601,60,85.81
745701,60,85.81
745801,60,85.81
745901,60,85.81
746001,60,85.81
746101,60,85.95
746201,60,85.95
746301,60,85.95
746401,60,85.95
746501,60,85.95
746601,60,85.95
746701,60,85.95
746801,60,85.95
746901,60,85.95
747001,60,85.95
747101,60,85.95
747201,60,85.95
747301,60,85.95
747401,60,85.95
747501,60,85.95
747601,60,85.95
747701,60,85.95
747801,60,85.95
747901,60,85.95
748001,60,85.95
748101,60,85.95
748201,60,85.95
748301,60,85.95
748401,60,85.95
748501,60,85.95
748601,60,85.95
748701,60,85.95
748801,60,86.10
748901,60,85.95
749001,60,85.95
749101,60,85.95
749201,60,86.10
749301,60,86.10
749401,60,85.95
749501,60,86.10
749601,60,85.95
749701,60,85.95
749801,60,85.95
749901,60,85.95
750001,60,85.95
750101,60,85.95
750201,60,85.95
750301,60,86.10
750401,60,85.95
750501,60,86.10
750601,60,86.10
750701,60,86.10
750801,60,86.10
750901,60,86.10
751001,60,86.10
751101,60,86.10
751201,60,86.10
751301,60,86.10
751401,60,86.10
751501,60,86.10
751601,60,86.10
751701,60,86.10
751801,60,86.10
751901,60,86.10
752001,60,86.10
752101,60,86.10
752201,60,86.10
752301,60,86.10
752401,60,86.10
752501,60,86.10
752601,60,86.10
752701,60,86.10
752801,60,86.10
752901,60,86.10
753001,60,86.10
753101,60,86.10
753201,60,86.10
753301,60,86.10
753401,60,86.24
753501,60,86.10
753601,60,86.24
753701,60,86.24
753801,60,86.24
753901,60,86.24
754001,60,86.24
754101,60,86.24
754201,60,86.24
754301,60,86.24
754401,60,86.24
754501,60,86.24
754601,60,86.10
754701,60,86.24
754801,60,86.10
754901,60,86.10
755001,60,86.10
755101,60,86.10
755201,60,86.10
755301,60,86.10
755401,60,86.24
755501,60,86.10
755601,60,86.10
755701,60,86.10
755801,60,86.24
755901,60,86.24
756001,60,86.24
756101,60,86.24
756201,60,86.24
756301,60,86.24
756401,60,86.24
756501,60,86.24
756601,60,86.24
756701,60,86.24
756801,60,86.24
756901,60,86.24
757001,60,86.24
757101,60,86.10
757201,60,86.24
757301,60,86.24
757401,60,86.24
757501,60,86.24
757601,60,86.24
757701,60,86.24
757801,60,86.24
757901,60,86.10
758001,60,86.24
758101,60,86.24
758201,60,86.24
758301,60,86.24
758401,60,86.24
758501,60,86.24
758601,60,86.24
758701,60,86.24
758801,60,86.24
758901,60,86.24
759001,60,86.24
759101,60,86.24
759201,60,86.24
759301,60,86.24
759401,60,86.24
759501,60,86.24
759601,60,86.24
759701,60,86.24
759801,60,86.24
759901,60,86.24
760001,60,86.24
760101,60,86.24
760201,60,86.24
760301,60,86.24
760401,60,86.24
760501,60,86.24
760601,60,86.24
760701,60,86.24
760801,60,86.24
760901,60,86.24
761001,60,86.24
761101,60,86.24
761201,60,86.24
761301,60,86.24
761401,60,86.24
761501,60,86.24
761601,60,86.24
761701,60,86.24
761801,60,86.24
761901,60,86.24
762001,60,86.24
762101,60,86.24
762201,60,86.24
762301,60,86.24
762401,60,86.24
762501,60,86.24
762601,60,86.24
762701,60,86.24
762801,60,86.24
762901,60,86.24
763001,60,86.24
763101,60,86.24
763201,60,86.24
763301,60,86.24
763401,60,86.24
763501,60,86.24
763601,60,86.24
763701,60,86.24
763801,60,86.24
763901,60,86.24
764001,60,86.24
764101,60,86.24
764201,60,86.24
764301,60,86.24
764401,60,86.24
764501,60,86.24
764601,60,86.24
764701,60,86.24
764801,60,86.24
764901,60,86.24
765001,60,86.24
765101,60,86.24
765201,60,86.24
765301,60,86.24
765401,60,86.10
765501,60,86.10
765601,60,86.10
765701,60,86.10
765801,60,86.10
765901,60,86.10
766001,60,86.10
766101,60,86.10
766201,60,86.10
766301,60,86.24
766401,60,86.10
766501,60,86.10
766601,60,86.10
766701,60,86.10
766801,60,86.10
766901,60,86.24
767001,60,86.10
767101,60,86.10
767201,60,86.10
767301,60,86.24
767401,60,86.24
767501,60,86.10
767601,60,86.10
767701,60,86.10
767801,60,86.10
767901,60,86.10
768001,60,86.10
768101,60,86.10
768201,60,86.10
768301,60,86.10
768401,60,86.10
768501,60,86.10
768601,60,86.10
768701,60,86.10
768801,60,86.10
768901,60,86.24
769001,60,86.10
769101,60,86.24
769201,60,86.24
769301,60,86.10
769401,60,86.24
769501,60,86.24
769601,60,86.24
769701,60,86.24
769801,60,86.24
769901,60,86.24
770001,60,86.24
770101,60,86.24
770201,60,86.24
770301,60,86.10
770401,60,86.24
770501,60,86.24
770601,60,86.10
770701,60,86.24
770801,60,86.24
770901,60,86.24
771001,60,86.24
771101,60,86.24
771201,60,86.24
771301,60,86.24
771401,60,86.24
771501,60,86.24
771601,60,86.24
771701,60,86.24
771801,60,86.24
771901,60,86.24
772001,60,86.24
772101,60,86.24
772201,60,86.24
772301,60,86.24
772401,60,86.24
772501,60,86.24
772601,60,86.24
772701,60,86.24
772801,60,86.24
772901,60,86.24
773001,60,86.24
773101,60,86.24
773201,60,86.24
773301,60,86.24
773401,60,86.24
773501,60,86.24
773601,60,86.24
773701,60,86.24
773801,60,86.24
773901,60,86.24
774001,60,86.24
774101,60,86.24
774201,60,86.24
774301,60,86.39
774401,60,86.39
774501,60,86.39
774601,60,86.39
774701,60,86.39
774801,60,86.39
774901,60,86.39
775001,60,86.39
775101,60,86.39
775201,60,86.39
775301,60,86.39
775401,60,86.39
775501,60,86.39
775601,60,86.39
775701,60,86.39
775801,60,86.24
775901,60,86.39
776001,60,86.39
776101,60,86.24
776201,60,86.39
776301,60,86.24
776401,60,86.24
776501,60,86.39
776601,60,86.39
776701,60,86.39
776801,60,86.39
776901,60,86.39
777001,60,86.39
777101,60,86.39
777201,60,86.39
777301,60,86.39
777401,60,86.39
777501,60,86.39
777601,60,86.39
777701,60,86.39
777801,60,86.39
777901,60,86.39
778001,60,86.39
778101,60,86.39
778201,60,86.39
778301,60,86.39
778401,60,86.39
778501,60,86.39
778601,60,86.39
778701,60,86.39
778801,60,86.39
778901,60,86.39
779001,60,86.39
779101,60,86.39
779201,60,86.39
779301,60,86.39
779401,60,86.39
779501,60,86.39
779601,60,86.39
779701,60,86.53
779801,60,86.53
779901,60,86.53
780001,60,86.53
780101,60,86.53
780201,60,86.53
780301,60,86.53
780401,60,86.53
780501,60,86.53
780601,60,86.39
780701,60,86.53
780801,60,86.39
780901,60,86.53
781001,60,86.53
781101,60,86.53
781201,60,86.53
781301,60,86.53
781401,60,86.53
781501,60,86.39
781601,60,86.53
781701,60,86.53
781801,60,86.53
781901,60,86.53
782001,60,86.53
782101,60,86.53
782201,60,86.53
782301,60,86.53
782401,60,86.53
782501,60,86.53
782601,60,86.53
782701,60,86.53
782801,60,86.53
782901,60,86.53
783001,60,86.53
783101,60,86.53
783201,60,86.53
783301,60,86.53
783401,60,86.53
783501,60,86.53
783601,60,86.53
783701,60,86.53
783801,60,86.53
783901,60,86.53
784001,60,86.53
784101,60,86.53
784201,60,86.53
784301,60,86.53
784401,60,86.53
784501,60,86.53
784601,60,86.53
784701,60,86.53
784801,60,86.53
784901,60,86.53
785001,60,86.53
785101,60,86.53
785201,60,86.53
785301,60,86.53
785401,60,86.53
785501,60,86.53
785601,60,86.53
785701,60,86.53
785801,60,86.53
785901,60,86.53
786001,60,86.53
786101,60,86.53
786201,60,86.53
786301,60,86.53
786401,60,86.53
786501,60,86.53
786601,60,86.53
786701,60,86.53
786801,60,86.53
786901,60,86.53
787001,60,86.53
787101,60,86.53
787201,60,86.53
787301,60,86.53
787401,60,86.53
787501,60,86.53
787601,60,86.53
787701,60,86.53
787801,60,86.53
787901,60,86.53
788001,60,86.53
788101,60,86.53
788201,60,86.53
788301,60,86.53
788401,60,86.53
788501,60,86.53
788601,60,86.53
788701,60,86.53
788801,60,86.53
788901,60,86.53
789001,60,86.53
789101,60,86.53
789201,60,86.53
789301,60,86.53
789401,60,86.53
789501,60,86.53
789601,60,86.53
789701,60,86.53
789801,60,86.53
789901,60,86.53
790001,60,86.53
790101,60,86.53
790201,60,86.53
790301,60,86.53
790401,60,86.53
790501,60,86.53
790601,60,86.53
790701,60,86.53
790801,60,86.53
790901,60,86.53
791001,60,86.53
791101,60,86.53
791201,60,86.53
791301,60,86.53
791401,60,86.53
791501,60,86.53
791601,60,86.53
791701,60,86.53
791801,60,86.53
791901,60,86.53
792001,60,86.53
792101,60,86.53
792201,60,86.53
792301,60,86.53
792401,60,86.53
792501,60,86.53
792601,60,86.53
792701,60,86.53
792801,60,86.53
792901,60,86.53
793001,60,86.53
793101,60,86.53
793201,60,86.53
793301,60,86.53
793401,60,86.53
793501,60,86.53
793601,60,86.53
793701,60,86.53
793801,60,86.53
793901,60,86.53
794001,60,86.53
794101,60,86.53
794201,60,86.53
794301,60,86.53
794401,60,86.53
794501,60,86.53
794601,60,86.53
794701,60,86.53
794801,60,86.68
794901,60,86.53
795001,60,86.53
795101,60,86.53
795201,60,86.53
795301,60,86.53
795401,60,86.53
795501,60,86.53
795601,60,86.53
795701,60,86.53
795801,60,86.53
795901,60,86.53
796001,60,86.53
796101,60,86.53
796201,60,86.53
796301,60,86.53
796401,60,86.53
796501,60,86.53
796601,60,86.53
796701,60,86.53
796801,60,86.53
796901,60,86.53
797001,60,86.53
797101,60,86.53
797201,60,86.68
797301,60,86.68
797401,60,86.68
797501,60,86.53
797601,60,86.68
797701,60,86.68
797801,60,86.53
797901,60,86.68
798001,60,86.53
798101,60,86.53
798201,60,86.53
798301,60,86.68
798401,60,86.53
798501,60,86.53
798601,60,86.53
798701,60,86.53
798801,60,86.53
798901,60,86.53
799001,60,86.53
799101,60,86.53
799201,60,86.53
799301,60,86.53
799401,60,86.68
799501,60,86.53
799601,60,86.68
799701,60,86.68
799801,60,86.68
799901,60,86.68
800001,60,86.68
800101,60,86.68
800201,60,86.68
800301,60,86.68
800401,60,86.68
800501,60,86.68
800601,60,86.68
800701,60,86.68
800801,60,86.68
800901,60,86.68
801001,60,86.68
801101,60,86.68
801201,60,86.68
801301,60,86.68
801401,60,86.68
801501,60,86.68
801601,60,86.68
801701,60,86.68
801801,60,86.68
801901,60,86.68
802001,60,86.68
802101,60,86.68
802201,60,86.68
802301,60,86.68
802401,60,86.68
802501,60,86.68
802601,60,86.68
802701,60,86.68
802801,60,86.68
802901,60,86.83
803001,60,86.83
803101,60,86.68
803201,60,86.83
803301,60,86.68
803401,60,86.83
803501,60,86.68
803601,60,86.68
803701,60,86.68
803801,60,86.68
803901,60,86.68
804001,60,86.68
804101,60,86.83
804201,60,86.68
804301,60,86.68
804401,60,86.68
804501,60,86.83
804601,60,86.83
804701,60,86.83
804801,60,86.83
804901,60,86.83
805001,60,86.83
805101,60,86.83
805201,60,86.83
805301,60,86.83
805401,60,86.83
805501,60,86.83
805601,60,86.83
805701,60,86.83
805801,60,86.83
805901,60,86.83
806001,60,86.83
806101,60,86.83
806201,60,86.83
806301,60,86.83
806401,60,86.83
806501,60,86.83
806601,60,86.83
806701,60,86.83
806801,60,86.83
806901,60,86.83
807001,60,86.83
807101,60,86.83
807201,60,86.83
807301,60,86.83
807401,60,86.83
807501,60,86.83
807601,60,86.83
807701,60,86.83
807801,60,86.83
807901,60,86.83
808001,60,86.83
808101,60,86.83
808201,60,86.83
808301,60,86.83
808401,60,86.83
808501,60,86.83
808601,60,86.83
808701,60,86.83
808801,60,86.83
808901,60,86.83
809001,60,86.83
809101,60,86.83
809201,60,86.83
809301,60,86.83
809401,60,86.83
809501,60,86.83
809601,60,86.83
809701,60,86.83
809801,60,86.83
809901,60,86.83
810001,60,86.83
810101,60,86.83
810201,60,86.83
810301,60,86.83
810401,60,86.83
810501,60,86.83
810601,60,86.83
810701,60,86.83
810801,60,86.83
810901,60,86.83
811001,60,86.83
811101,60,86.83
811201,60,86.83
811301,60,86.83
811401,60,86.83
811501,60,86.83
811601,60,86.83
811701,60,86.83
811801,60,86.83
811901,60,86.83
812001,60,86.83
812101,60,86.83
812201,60,86.83
812301,60,86.83
812401,60,86.83
812501,60,86.83
812601,60,86.83
812701,60,86.83
812801,60,86.83
812901,60,86.83
813001,60,86.83
813101,60,86.83
813201,60,86.83
813301,60,86.83
813401,60,86.83
813501,60,86.83
813601,60,86.83
813701,60,86.83
813801,60,86.83
813901,60,86.83
814001,60,86.83
814101,60,86.83
814201,60,86.83
814301,60,86.83
814401,60,86.83
814501,60,86.83
814601,60,86.83
814701,60,86.83
814801,60,86.83
814901,60,86.83
815001,60,86.83
815101,60,86.83
815201,60,86.83
815301,60,86.83
815401,60,86.83
815501,60,86.83
815601,60,86.83
815701,60,86.83
815801,60,86.83
815901,60,86.83
816001,60,86.83
816101,60,86.83
816201,60,86.83
816301,60,86.83
816401,60,86.83
816501,60,86.83
816601,60,86.83
816701,60,86.83
816801,60,86.83
816901,60,86.83
817001,60,86.83
817101,60,86.83
817201,60,86.83
817301,60,86.83
817401,60,86.83
817501,60,86.83
817601,60,86.83
817701,60,86.83
817801,60,86.83
817901,60,86.83
818001,60,86.83
818101,60,86.83
818201,60,86.83
818301,60,86.83
818401,60,86.83
818501,60,86.83
818601,60,86.97
818701,60,86.83
818801,60,86.83
818901,60,86.83
819001,60,86.83
819101,60,86.83
819201,60,86.83
819301,60,86.83
819401,60,86.83
819501,60,86.83
819601,60,86.83
819701,60,86.83
819801,60,86.83
819901,60,86.83
820001,60,86.83
820101,60,86.83
820201,60,86.83
820301,60,86.83
820401,60,86.83
820501,60,86.83
820601,60,86.83
820701,60,86.97
820801,60,86.97
820901,60,86.97
821001,60,86.97
821101,60,86.97
821201,60,86.97
821301,60,86.97
821401,60,86.97
821501,60,86.97
821601,60,86.97
821701,60,86.97
821801,60,86.83
821901,60,86.97
822001,60,86.83
822101,60,86.83
822201,60,86.83
822301,60,86.83
822401,60,86.83
822501,60,86.83
822601,60,86.83
822701,60,86.97
822801,60,86.97
822901,60,86.83
823001,60,86.97
823101,60,86.97
823201,60,86.97
823301,60,86.97
823401,60,86.97
823501,60,86.97
823601,60,86.97
823701,60,86.97
823801,60,86.97
823901,60,86.97
824001,60,86.97
824101,60,86.97
824201,60,86.97
824301,60,86.97
824401,60,86.97
824501,60,86.97
824601,60,86.97
824701,60,86.97
824801,60,86.97
824901,60,86.97
825001,60,86.97
825101,60,86.97
825201,60,86.97
825301,60,86.97
825401,60,86.97
825501,60,87.11
825601,60,86.97
825701,60,87.11
825801,60,87.11
825901,60,87.11
826001,60,87.11
826101,60,87.11
826201,60,87.11
826301,60,87.11
826401,60,87.11
826501,60,87.11
826601,60,87.11
826701,60,87.11
826801,60,87.11
826901,60,87.11
827001,60,87.11
827101,60,86.97
827201,60,87.11
827301,60,86.97
827401,60,87.11
827501,60,87.11
827601,60,87.11
827701,60,86.97
827801,60,87.11
827901,60,87.11
828001,60,87.11
828101,60,87.11
828201,60,87.11
828301,60,87.11
828401,60,87.11
828501,60,87.11
828601,60,87.11
828701,60,87.11
828801,60,87.11
828901,60,87.11
829001,60,87.11
829101,60,87.11
829201,60,87.11
829301,60,87.11
829401,60,87.11
829501,60,87.11
829601,60,87.11
829701,60,87.11
829801,60,87.11
829901,60,87.11
830001,60,87.11
830101,60,87.11
830201,60,87.11
830301,60,87.11
830401,60,87.11
830501,60,87.11
830601,60,87.11
830701,60,87.11
830801,60,87.11
830901,60,87.11
831001,60,87.11
831101,60,87.11
831201,60,87.11
831301,60,87.11
831401,60,87.11
831501,60,87.11
831601,60,86.97
831701,60,87.11
831801,60,87.11
831901,60,87.11
832001,60,87.11
832101,60,87.11
832201,60,86.97
832301,60,86.97
832401,60,86.97
832501,60,86.97
832601,60,87.11
832701,60,87.11
832801,60,86.97
832901,60,87.11
833001,60,87.11
833101,60,86.97
833201,60,87.11
833301,60,87.11
833401,60,86.97
833501,60,87.11
833601,60,87.11
833701,60,87.11
833801,60,87.11
833901,60,87.11
834001,60,87.11
834101,60,87.11
834201,60,87.11
834301,60,87.11
834401,60,87.11
834501,60,87.11
834601,60,86.97
834701,60,87.11
834801,60,87.11
834901,60,87.11
835001,60,86.97
835101,60,87.11
835201,60,87.11
835301,60,86.97
835401,60,86.97
835501,60,87.11
835601,60,87.11
835701,60,87.11
835801,60,87.11
835901,60,87.11
836001,60,87.11
836101,60,87.11
836201,60,87.11
836301,60,87.11
836401,60,87.11
836501,60,87.11
836601,60,87.11
836701,60,87.11
836801,60,87.11
836901,60,87.11
837001,60,86.97
837101,60,87.11
837201,60,86.97
837301,60,87.11
837401,60,86.97
837501,60,86.97
837601,60,86.97
837701,60,86.97
837801,60,86.97
837901,60,86.97
838001,60,86.97
838101,60,86.97
838201,60,86.97
838301,60,86.97
838401,60,87.11
838501,60,86.97
838601,60,87.11
838701,60,87.11
838801,60,87.11
838901,60,87.11
839001,60,87.11
839101,60,87.11
839201,60,87.11
839301,60,87.11
839401,60,87.11
839501,60,87.11
839601,60,87.11
839701,60,87.11
839801,60,87.11
839901,60,87.11
840001,60,87.11
840101,60,87.11
840201,60,87.11
840301,60,87.11
840401,60,87.11
840501,60,87.11
840601,60,87.11
840701,60,87.11
840801,60,87.11
840901,60,87.11
841001,60,87.11
841101,60,87.11
841201,60,87.11
841301,60,87.11
841401,60,87.11
841501,60,87.11
841601,60,87.11
841701,60,87.11
841801,60,87.11
841901,60,87.11
842001,60,87.11
842101,60,87.11
842201,60,87.11
842301,60,87.11
842401,60,87.11
842501,60,87.11
842601,60,87.11
842701,60,87.11
842801,60,87.26
842901,60,87.26
843001,60,87.26
843101,60,87.26
843201,60,87.26
843301,60,87.26
843401,60,87.26
843501,60,87.26
843601,60,87.26
843701,60,87.26
843801,60,87.26
843901,60,87.26
844001,60,87.26
844101,60,87.26
844201,60,87.26
844301,60,87.26
844401,60,87.26
844501,60,87.26
844601,60,87.26
844701,60,87.26
844801,60,87.26
844901,60,87.26
845001,60,87.26
845101,60,87.26
845201,60,87.26
845301,60,87.26
845401,60,87.26
845501,60,87.26
845601,60,87.26
845701,60,87.26
845801,60,87.26
845901,60,87.26
846001,60,87.26
846101,60,87.26
846201,60,87.40
846301,60,87.26
846401,60,87.26
846501,60,87.26
846601,60,87.26
846701,60,87.26
846801,60,87.26
846901,60,87.26
847001,60,87.26
847101,60,87.26
847201,60,87.26
847301,60,87.26
847401,60,87.26
847501,60,87.26
847601,60,87.26
847701,60,87.26
847801,60,87.26
847901,60,87.26
848001,60,87.26
848101,60,87.26
848201,60,87.40
848301,60,87.40
848401,60,87.26
848501,60,87.40
848601,60,87.40
848701,60,87.26
848801,60,87.40
848901,60,87.40
849001,60,87.40
849101,60,87.40
849201,60,87.40
849301,60,87.40
849401,60,87.40
849501,60,87.40
849601,60,87.40
849701,60,87.40
849801,60,87.26
849901,60,87.40
850001,60,87.40
850101,60,87.40
850201,60,87.40
850301,60,87.40
850401,60,87.40
850501,60,87.40
850601,60,87.40
850701,60,87.40
850801,60,87.40
850901,60,87.40
851001,60,87.40
851101,60,87.40
851201,60,87.40
851301,60,87.40
851401,60,87.40
851501,60,87.40
851601,60,87.40
851701,60,87.40
851801,60,87.40
851901,60,87.40
852001,60,87.40
852101,60,87.40
852201,60,87.40
852301,60,87.40
852401,60,87.40
852501,60,87.40
852601,60,87.40
852701,60,87.40
852801,60,87.40
852901,60,87.40
853001,60,87.40
853101,60,87.40
853201,60,87.40
853301,60,87.40
853401,60,87.40
853501,60,87.40
853601,60,87.40
853701,60,87.40
853801,60,87.40
853901,60,87.40
854001,60,87.40
854101,60,87.40
854201,60,87.40
854301,60,87.40
854401,60,87.40
854501,60,87.40
854601,60,87.40
854701,60,87.40
854801,60,87.40
854901,60,87.40
855001,60,87.40
855101,60,87.40
855201,60,87.40
855301,60,87.40
855401,60,87.40
855501,60,87.40
855601,60,87.40
855701,60,87.55
855801,60,87.55
855901,60,87.55
856001,60,87.55
856101,60,87.55
856201,60,87.55
856301,60,87.55
856401,60,87.55
856501,60,87.55
856601,60,87.55
856701,60,87.55
856801,60,87.55
856901,60,87.55
857001,60,87.40
857101,60,87.55
857201,60,87.40
857301,60,87.40
857401,60,87.40
857501,60,87.40
857601,60,87.40
857701,60,87.40
857801,60,87.40
857901,60,87.55
858001,60,87.40
858101,60,87.55
858201,60,87.55
858301,60,87.55
858401,60,87.55
858501,60,87.55
858601,60,87.55
858701,60,87.55
858801,60,87.55
858901,60,87.55
859001,60,87.55
859101,60,87.55
859201,60,87.55
859301,60,87.40
859401,60,87.40
859501,60,87.40
859601,60,87.40
859701,60,87.40
859801,60,87.55
859901,60,87.40
860001,60,87.40
860101,60,87.40
860201,60,87.55
860301,60,87.40
860401,60,87.55
860501,60,87.55
860601,60,87.40
860701,60,87.55
860801,60,87.55
860901,60,87.55
861001,60,87.55
861101,60,87.55
861201,60,87.55
861301,60,87.55
861401,60,87.55
861501,60,87.55
861601,60,87.55
861701,60,87.55
861801,60,87.55
861901,60,87.55
862001,60,87.40
862101,60,87.40
862201,60,87.55
862301,60,87.55
862401,60,87.55
862501,60,87.55
862601,60,87.55
862701,60,87.55
862801,60,87.40
862901,60,87.55
863001,60,87.55
863101,60,87.55
863201,60,87.55
863301,60,87.55
863401,60,87.55
863501,60,87.55
863601,60,87.55
863701,60,87.55
863801,60,87.55
863901,60,87.55
864001,60,87.55
864101,60,87.55
864201,60,87.55
864301,60,87.55
864401,60,87.55
864501,60,87.55
864601,60,87.55
864701,60,87.55
864801,60,87.55
864901,60,87.55
865001,60,87.55
865101,60,87.55
865201,60,87.55
865301,60,87.55
865401,60,87.55
865501,60,87.55
865601,60,87.55
865701,60,87.55
865801,60,87.55
865901,60,87.55
866001,60,87.55
866101,60,87.55
866201,60,87.55
866301,60,87.55
866401,60,87.55
866501,60,87.55
866601,60,87.55
866701,60,87.55
866801,60,87.55
866901,60,87.55
867001,60,87.55
867101,60,87.55
867201,60,87.55
867301,60,87.55
867401,60,87.55
867501,60,87.55
867601,60,87.55
867701,60,87.55
867801,60,87.55
867901,60,87.55
868001,60,87.55
868101,60,87.55
868201,60,87.55
868301,60,87.55
868401,60,87.55
868501,60,87.55
868601,60,87.55
868701,60,87.55
868801,60,87.55
868901,60,87.55
869001,60,87.55
869101,60,87.55
869201,60,87.55
869301,60,87.55
869401,60,87.55
869501,60,87.55
869601,60,87.55
869701,60,87.55
869801,60,87.55
869901,60,87.55
870001,60,87.55
870101,60,87.55
870201,60,87.55
870301,60,87.55
870401,60,87.55
870501,60,87.55
870601,60,87.55
870701,60,87.55
870801,60,87.55
870901,60,87.55
871001,60,87.69
871101,60,87.55
871201,60,87.69
871301,60,87.55
871401,60,87.55
871501,60,87.69
871601,60,87.69
871701,60,87.69
871801,60,87.55
871901,60,87.55
872001,60,87.55
872101,60,87.55
872201,60,87.55
872301,60,87.69
872401,60,87.55
872501,60,87.55
872601,60,87.55
872701,60,87.55
872801,60,87.55
872901,60,87.55
873001,60,87.55
873101,60,87.55
873201,60,87.69
873301,60,87.69
873401,60,87.69
873501,60,87.69
873601,60,87.69
873701,60,87.69
873801,60,87.69
873901,60,87.69
874001,60,87.69
874101,60,87.69
874201,60,87.69
874301,60,87.69
874401,60,87.55
874501,60,87.55
874601,60,87.55
874701,60,87.55
874801,60,87.55
874901,60,87.55
875001,60,87.55
875101,60,87.55
875201,60,87.55
875301,60,87.69
875401,60,87.55
875501,60,87.69
875601,60,87.69
875701,60,87.69
875801,60,87.69
875901,60,87.69
876001,60,87.69
876101,60,87.69
876201,60,87.69
876301,60,87.69
876401,60,87.69
876501,60,87.69
876601,60,87.69
876701,60,87.69
876801,60,87.69
876901,60,87.69
877001,60,87.69
877101,60,87.69
877201,60,87.69
877301,60,87.55
877401,60,87.69
877501,60,87.69
877601,60,87.55
877701,60,87.69
877801,60,87.69
877901,60,87.69
878001,60,87.69
878101,60,87.69
878201,60,87.69
878301,60,87.69
878401,60,87.69
878501,60,87.69
878601,60,87.69
878701,60,87.69
878801,60,87.69
878901,60,87.69
879001,60,87.69
879101,60,87.69
879201,60,87.69
879301,60,87.69
879401,60,87.69
879501,60,87.69
879601,60,87.69
879701,60,87.69
879801,60,87.69
879901,60,87.69
880001,60,87.69
880101,60,87.69
880201,60,87.69
880301,60,87.69
880401,60,87.69
880501,60,87.69
880601,60,87.69
880701,60,87.69
880801,60,87.69
880901,60,87.69
881001,60,87.69
881101,60,87.69
881201,60,87.69
881301,60,87.69
881401,60,87.69
881501,60,87.69
881601,60,87.69
881701,60,87.69
881801,60,87.69
881901,60,87.69
882001,60,87.69
882101,60,87.69
882201,60,87.69
882301,60,87.69
882401,60,87.69
882501,60,87.69
882601,60,87.69
882701,60,87.69
882801,60,87.69
882901,60,87.69
883001,60,87.69
883101,60,87.69
883201,60,87.69
883301,60,87.69
883401,60,87.69
883501,60,87.69
883601,60,87.69
883701,60,87.69
883801,60,87.69
883901,60,87.69
884001,60,87.69
884101,60,87.69
884201,60,87.69
884301,60,87.69
884401,60,87.69
884501,60,87.69
884601,60,87.69
884701,60,87.69
884801,60,87.69
884901,60,87.69
885001,60,87.69
885101,60,87.69
885201,60,87.69
885301,60,87.69
885401,60,87.69
885501,60,87.69
885601,60,87.69
885701,60,87.69
885801,60,87.84
885901,60,87.84
886001,60,87.84
886101,60,87.84
886201,60,87.84
886301,60,87.84
886401,60,87.84
886501,60,87.84
886601,60,87.84
886701,60,87.84
886801,60,87.84
886901,60,87.84
887001,60,87.84
887101,60,87.84
887201,60,87.84
887301,60,87.84
887401,60,87.69
887501,60,87.84
887601,60,87.84
887701,60,87.84
887801,60,87.84
887901,60,87.84
888001,60,87.84
888101,60,87.84
888201,60,87.84
888301,60,87.84
888401,60,87.84
888501,60,87.84
888601,60,87.84
888701,60,87.84
888801,60,87.84
888901,60,87.84
889001,60,87.84
889101,60,87.84
889201,60,87.84
889301,60,87.84
889401,60,87.84
889501,60,87.84
889601,60,87.84
889701,60,87.84
889801,60,87.84
889901,60,87.84
890001,60,87.84
890101,60,87.84
890201,60,87.84
890301,60,87.84
890401,60,87.84
890501,60,87.84
890601,60,87.84
890701,60,87.84
890801,60,87.84
890901,60,87.84
891001,60,87.84
891101,60,87.84
891201,60,87.84
891301,60,87.84
891401,60,87.84
891501,60,87.84
891601,60,87.84
891701,60,87.84
891801,60,87.84
891901,60,87.84
892001,60,87.84
892101,60,87.84
892201,60,87.84
892301,60,87.84
892401,60,87.84
892501,60,87.84
892601,60,87.84
892701,60,87.84
892801,60,87.84
892901,60,87.84
893001,60,87.84
893101,60,87.84
893201,60,87.84
893301,60,87.84
893401,60,87.84
893501,60,87.84
893601,60,87.84
893701,60,87.84
893801,60,87.98
893901,60,87.98
894001,60,87.98
894101,60,87.84
894201,60,87.98
894301,60,87.98
894401,60,87.84
894501,60,87.98
894601,60,87.98
894701,60,87.84
894801,60,87.98
894901,60,87.84
895001,60,87.98
895101,60,87.84
895201,60,87.98
895301,60,87.98
895401,60,87.84
895501,60,87.84
895601,60,87.98
895701,60,87.98
895801,60,87.98
895901,60,87.98
896001,60,87.98
896101,60,87.98
896201,60,87.98
896301,60,87.98
896401,60,87.98
896501,60,87.98
896601,60,87.98
896701,60,87.98
896801,60,87.98
896901,60,87.98
897001,60,87.98
897101,60,87.98
897201,60,87.98
897301,60,87.98
897401,60,87.98
897501,60,87.98
897601,60,87.98
897701,60,87.98
897801,60,87.98
897901,60,87.98
898001,60,87.98
898101,60,87.98
898201,60,87.98
898301,60,87.98
898401,60,87.98
898501,60,87.98
898601,60,87.98
898701,60,87.98
898801,60,87.98
898901,60,87.98
899001,60,87.98
899101,60,87.98
899201,60,88.12
899301,60,87.98
899401,60,87.98
899501,60,87.98
899601,60,88.12
899701,60,87.98
899801,60,87.98
899901,60,87.98
# Experimento completo
