t_ms,pwm,rpm
100,155,1.7
200,155,6.8
300,155,17.7
400,155,33.5
500,155,42.9
600,155,48.3
700,155,51.8
800,155,52.6
900,155,52.0
1000,155,52.3
1100,155,51.7
1200,155,50.4
1300,155,44.3
1400,155,32.1
1500,190,28.2
1600,190,31.2
1700,190,29.7
1800,190,38.1
1900,190,48.3
2000,190,54.2
2100,190,55.4
2200,190,56.4
2300,190,56.2
2400,190,55.6
2500,190,55.0
2600,190,51.1
2700,190,39.7
2800,190,38.4
2900,190,37.1
3000,255,32.0
3100,255,51.0
3200,255,61.9
3300,255,63.4
3400,255,63.5
3500,255,62.8
3600,255,63.1
3700,255,62.4
3800,255,56.4
3900,255,54.5
4000,255,51.3
4100,255,54.3
4200,255,62.0
4300,255,63.1
4400,255,62.8
4500,225,63.5
4600,225,60.8
4700,225,56.9
4800,225,52.3
4900,225,44.3
5000,225,37.5
5100,225,31.6
5200,225,39.3
5300,225,50.8
5400,225,56.5
5500,225,57.9
5600,225,57.7
5700,225,58.0
5800,225,57.9
5900,225,56.2
6000,120,52.6
6100,120,34.3
6200,120,20.9
6300,120,18.9
6400,120,17.9
6500,120,13.1
6600,120,0.4
6700,120,0.0
6800,120,0.0
6900,120,0.0
7000,120,0.0
7100,120,0.0
7200,120,0.0
7300,120,0.0
7400,120,0.0
7500,190,0.0
7600,190,10.1
7700,190,27.2
7800,190,42.9
7900,190,50.6
8000,190,55.1
8100,190,56.4
8200,190,55.9
8300,190,56.4
8400,190,56.0
8500,190,53.8
8600,190,46.4
8700,190,36.7
8800,190,38.0
8900,190,34.3
9000,255,35.2
9100,255,55.2
9200,255,62.9
9300,255,63.4
9400,255,62.8
9500,255,63.1
9600,255,62.1
9700,255,61.6
9800,255,55.4
9900,255,53.3
10000,255,52.4
10100,255,60.3
10200,255,62.8
10300,255,63.6
10400,255,63.5
10500,225,62.8
10600,225,60.5
10700,225,57.1
10800,225,49.6
10900,225,42.7
11000,225,43.7
11100,225,38.6
11200,225,48.9
11300,225,55.6
11400,225,57.3
11500,225,58.3
11600,225,58.3
11700,225,57.4
11800,225,57.0
11900,225,54.8
12000,255,44.9
12100,255,51.5
12200,255,52.8
12300,255,55.7
12400,255,62.5
12500,255,63.6
12600,255,62.9
12700,255,63.4
12800,255,62.6
12900,255,62.1
13000,255,58.3
13100,255,54.2
13200,255,52.0
13300,255,55.2
13400,255,60.7
13500,120,63.5
13600,120,59.7
13700,120,53.3
13800,120,50.5
13900,120,47.8
14000,120,44.9
14100,120,41.8
14200,120,24.9
14300,120,14.7
14400,120,11.2
14500,120,9.8
14600,120,7.8
14700,120,6.5
14800,120,8.2
14900,120,7.0
15000,190,0.6
15100,190,10.6
15200,190,23.3
15300,190,39.2
15400,190,49.7
15500,190,54.1
15600,190,56.4
15700,190,56.6
15800,190,56.0
15900,190,56.1
16000,190,54.5
16100,190,52.3
16200,190,42.1
16300,190,38.8
16400,190,38.0
16500,225,37.4
16600,225,49.4
16700,225,56.4
16800,225,58.0
16900,225,57.8
17000,225,58.3
17100,225,58.0
17200,225,56.2
17300,225,54.6
17400,225,46.0
17500,225,45.4
17600,225,42.0
17700,225,47.1
17800,225,54.0
17900,225,57.7
18000,190,58.4
18100,190,57.1
18200,190,56.9
18300,190,56.0
18400,190,54.1
18500,190,49.5
18600,190,41.2
18700,190,38.8
18800,190,33.2
18900,190,42.0
19000,190,50.6
19100,190,55.2
19200,190,55.9
19300,190,56.5
19400,190,56.2
19500,255,55.4
19600,255,60.2
19700,255,59.4
19800,255,55.5
19900,255,54.1
20000,255,58.9
20100,255,62.4
20200,255,63.8
20300,255,63.5
20400,255,62.9
20500,255,63.3
20600,255,62.5
20700,255,58.9
20800,255,56.1
20900,255,54.7
21000,120,58.7
21100,120,58.2
21200,120,53.6
21300,120,50.5
21400,120,49.9
21500,120,48.7
21600,120,47.1
21700,120,45.7
21800,120,43.6
21900,120,35.2
22000,120,21.9
22100,120,17.0
22200,120,13.4
22300,120,12.2
22400,120,12.8
22500,190,6.6
22600,190,13.0
22700,190,28.7
22800,190,45.5
22900,190,52.6
23000,190,55.2
23100,190,56.8
23200,190,56.8
23300,190,56.0
23400,190,55.9
23500,190,54.2
23600,190,46.3
23700,190,36.0
23800,190,30.2
23900,190,30.7
24000,225,33.0
24100,225,46.0
24200,225,53.6
24300,225,57.5
24400,225,58.4
24500,225,57.8
24600,225,58.2
24700,225,57.3
24800,225,52.3
24900,225,39.4
25000,225,39.2
25100,225,39.8
25200,225,37.1
25300,225,46.8
25400,225,53.3
25500,255,57.1
25600,255,61.2
25700,255,63.4
25800,255,63.4
25900,255,62.1
26000,255,60.3
26100,255,54.7
26200,255,54.0
26300,255,55.7
26400,255,61.4
26500,255,62.8
26600,255,63.6
26700,255,63.5
26800,255,62.8
26900,255,62.8
27000,190,61.5
27100,190,46.4
27200,190,39.7
27300,190,32.0
27400,190,36.6
27500,190,47.1
27600,190,52.7
27700,190,55.2
27800,190,56.6
27900,190,56.8
28000,190,56.1
28100,190,55.6
28200,190,53.8
28300,190,44.1
28400,190,34.4
28500,120,30.1
28600,120,17.6
28700,120,3.4
28800,120,0.1
28900,120,0.0
29000,120,0.0
29100,120,0.0
29200,120,0.0
29300,120,0.0
29400,120,0.0
29500,120,0.0
29600,120,0.0
29700,120,0.0
29800,120,0.0
29900,120,0.0
30000,225,0.0
30100,225,24.0
30200,225,47.2
30300,225,53.6
30400,225,57.5
30500,225,58.2
30600,225,57.4
30700,225,57.8
30800,225,57.0
30900,225,52.2
31000,225,40.7
31100,225,39.2
31200,225,40.2
31300,225,35.6
31400,225,34.7
31500,255,37.0
31600,255,54.8
31700,255,63.0
31800,255,63.0
31900,255,63.5
32000,255,62.5
32100,255,61.4
32200,255,52.9
32300,255,50.0
32400,255,49.2
32500,255,49.6
32600,255,53.3
32700,255,61.6
32800,255,63.5
32900,255,62.9
33000,225,63.5
33100,225,60.2
33200,225,50.8
33300,225,37.6
33400,225,29.2
33500,225,29.0
33600,225,26.7
33700,225,26.0
33800,225,32.5
33900,225,34.7
34000,225,40.7
34100,225,51.8
34200,225,57.1
34300,225,58.2
34400,225,57.7
34500,155,57.8
34600,155,49.5
34700,155,31.9
34800,155,18.2
34900,155,7.9
35000,155,10.5
35100,155,15.8
35200,155,16.6
35300,155,15.6
35400,155,14.3
35500,155,4.0
35600,155,0.1
35700,155,0.1
35800,155,0.0
35900,155,0.0
36000,120,0.0
36100,120,0.0
36200,120,0.0
36300,120,0.0
36400,120,0.0
36500,120,0.0
36600,120,0.0
36700,120,0.0
36800,120,0.0
36900,120,0.0
37000,120,0.0
37100,120,0.0
37200,120,0.0
37300,120,0.0
37400,120,0.0
37500,190,0.0
37600,190,4.5
37700,190,13.9
37800,190,24.5
37900,190,29.8
38000,190,32.1
38100,190,37.9
38200,190,48.1
38300,190,54.3
38400,190,55.5
38500,190,56.5
38600,190,56.2
38700,190,51.5
38800,190,42.5
38900,190,31.0
39000,155,32.5
39100,155,30.2
39200,155,17.1
39300,155,16.2
39400,155,24.2
39500,155,27.8
39600,155,30.4
39700,155,36.5
39800,155,45.2
39900,155,50.0
40000,155,52.3
40100,155,52.9
40200,155,52.2
40300,155,50.1
40400,155,41.2
40500,190,29.1
40600,190,25.4
40700,190,32.8
40800,190,31.4
40900,190,29.3
41000,190,39.3
41100,190,43.5
41200,190,49.5
41300,190,54.6
41400,190,55.7
41500,190,56.8
41600,190,56.0
41700,190,55.0
41800,190,47.7
41900,190,37.8
42000,120,36.6
42100,120,30.2
42200,120,10.5
42300,120,0.1
42400,120,0.0
42500,120,0.0
42600,120,0.0
42700,120,0.0
42800,120,0.0
42900,120,0.0
43000,120,0.0
43100,120,0.0
43200,120,0.0
43300,120,0.0
43400,120,0.0
43500,225,0.0
43600,225,20.3
43700,225,40.3
43800,225,48.1
43900,225,53.3
44000,225,56.5
44100,225,58.2
44200,225,58.3
44300,225,57.4
44400,225,55.9
44500,225,49.6
44600,225,41.6
44700,225,42.9
44800,225,38.1
44900,225,39.3
45000,255,43.5
45100,255,57.3
45200,255,63.3
45300,255,63.5
45400,255,62.8
45500,255,63.1
45600,255,61.0
45700,255,55.1
45800,255,54.2
45900,255,52.6
46000,255,57.0
46100,255,61.2
46200,255,63.4
46300,255,63.0
46400,255,63.5
46500,155,63.5
46600,155,56.4
46700,155,45.8
46800,155,31.4
46900,155,29.3
47000,155,30.5
47100,155,22.1
47200,155,22.2
47300,155,32.8
47400,155,38.1
47500,155,43.4
47600,155,49.2
47700,155,51.8
47800,155,52.3
47900,155,53.1
48000,190,52.2
48100,190,51.4
48200,190,48.1
48300,190,38.3
48400,190,38.6
48500,190,34.3
48600,190,33.4
48700,190,40.1
48800,190,45.5
48900,190,52.4
49000,190,55.9
49100,190,56.6
49200,190,56.2
49300,190,56.4
49400,190,53.7
49500,225,47.1
49600,225,40.8
49700,225,43.4
49800,225,37.0
49900,225,45.8
50000,225,51.3
50100,225,55.2
50200,225,57.9
50300,225,58.3
50400,225,57.8
50500,225,57.9
50600,225,55.1
50700,225,50.1
50800,225,45.9
50900,225,47.6
51000,155,42.2
51100,155,45.4
51200,155,45.5
51300,155,50.1
51400,155,52.4
51500,155,52.6
51600,155,53.1
51700,155,52.8
51800,155,50.1
51900,155,46.4
52000,155,36.0
52100,155,34.1
52200,155,36.6
52300,155,24.9
52400,155,32.3
52500,120,39.7
52600,120,42.0
52700,120,43.7
52800,120,46.0
52900,120,46.9
53000,120,46.7
53100,120,47.1
53200,120,46.3
53300,120,43.1
53400,120,39.2
53500,120,27.8
53600,120,19.6
53700,120,21.7
53800,120,23.3
53900,120,15.6
54000,225,0.3
54100,225,19.6
54200,225,42.5
54300,225,50.5
54400,225,54.6
54500,225,57.7
54600,225,58.3
54700,225,57.7
54800,225,57.9
54900,225,56.4
55000,225,52.7
55100,225,45.7
55200,225,46.6
55300,225,39.7
55400,225,47.6
55500,155,52.7
55600,155,54.0
55700,155,53.8
55800,155,53.4
55900,155,52.3
56000,155,52.6
56100,155,50.6
56200,155,46.6
56300,155,37.1
56400,155,32.4
56500,155,27.6
56600,155,16.7
56700,155,13.5
56800,155,18.5
56900,155,20.4
57000,255,24.1
57100,255,51.9
57200,255,63.0
57300,255,63.5
57400,255,62.9
57500,255,63.4
57600,255,61.6
57700,255,60.2
57800,255,54.5
57900,255,51.3
58000,255,52.0
58100,255,56.4
58200,255,62.1
58300,255,63.6
58400,255,63.5
58500,190,62.9
58600,190,59.7
58700,190,53.8
58800,190,38.4
58900,190,28.7
59000,190,27.2
59100,190,21.9
59200,190,20.7
59300,190,33.7
59400,190,38.5
59500,190,46.0
59600,190,53.4
59700,190,55.5
59800,190,56.5
59900,190,56.5
60000,155,55.5
60100,155,52.3
60200,155,44.1
60300,155,30.9
60400,155,28.2
60500,155,24.6
60600,155,8.7
60700,155,0.6
60800,155,0.0
60900,155,0.0
61000,155,0.0
61100,155,0.0
61200,155,0.0
61300,155,0.0
61400,155,0.0
61500,225,0.0
61600,225,19.4
61700,225,38.6
61800,225,44.6
61900,225,52.8
62000,225,56.5
62100,225,58.2
62200,225,58.4
62300,225,57.4
62400,225,56.8
62500,225,53.3
62600,225,43.5
62700,225,40.7
62800,225,33.8
62900,225,37.6
63000,255,44.9
63100,255,57.9
63200,255,62.6
63300,255,63.5
63400,255,63.5
63500,255,62.6
63600,255,62.1
63700,255,58.4
63800,255,54.0
63900,255,50.5
64000,255,56.8
64100,255,60.8
64200,255,63.3
64300,255,63.0
64400,255,63.6
64500,225,63.5
64600,225,59.1
64700,225,53.8
64800,225,45.4
64900,225,43.1
65000,225,33.7
65100,225,42.2
65200,225,45.7
65300,225,50.3
65400,225,56.2
65500,225,57.3
65600,225,58.2
65700,225,58.0
65800,225,55.7
65900,225,49.5
66000,120,42.3
66100,120,32.9
66200,120,21.2
66300,120,1.8
66400,120,0.0
66500,120,0.0
66600,120,0.0
66700,120,0.0
66800,120,0.0
66900,120,0.0
67000,120,0.0
67100,120,0.0
67200,120,0.0
67300,120,0.0
67400,120,0.0
67500,255,0.0
67600,255,36.7
67700,255,56.9
67800,255,58.7
67900,255,62.8
68000,255,63.5
68100,255,62.8
68200,255,63.3
68300,255,62.0
68400,255,58.8
68500,255,56.4
68600,255,52.9
68700,255,56.5
68800,255,59.9
68900,255,62.9
69000,155,63.0
69100,155,60.2
69200,155,55.9
69300,155,52.3
69400,155,47.4
69500,155,40.6
69600,155,31.5
69700,155,31.6
69800,155,22.1
69900,155,10.2
70000,155,20.3
70100,155,32.0
70200,155,37.0
70300,155,41.3
70400,155,46.4
70500,120,51.4
70600,120,51.0
70700,120,49.2
70800,120,48.3
70900,120,45.9
71000,120,39.5
71100,120,32.9
71200,120,19.6
71300,120,16.1
71400,120,15.9
71500,120,14.7
71600,120,12.8
71700,120,8.5
71800,120,0.0
71900,120,0.0
72000,225,0.0
72100,225,16.8
72200,225,33.9
72300,225,45.8
72400,225,49.7
72500,225,53.8
72600,225,57.5
72700,225,58.3
72800,225,57.7
72900,225,57.4
73000,225,53.3
73100,225,49.1
73200,225,43.5
73300,225,38.0
73400,225,35.5
73500,190,47.3
73600,190,49.6
73700,190,53.2
73800,190,55.9
73900,190,56.1
74000,190,56.6
74100,190,56.2
74200,190,52.7
74300,190,49.5
74400,190,41.8
74500,190,42.6
74600,190,31.0
74700,190,36.2
74800,190,42.1
74900,190,49.1
75000,155,53.8
75100,155,54.1
75200,155,54.0
75300,155,53.4
75400,155,51.9
75500,155,49.0
75600,155,44.0
75700,155,31.9
75800,155,26.8
75900,155,22.3
76000,155,12.5
76100,155,9.6
76200,155,20.9
76300,155,32.9
76400,155,38.8
76500,255,42.1
76600,255,57.1
76700,255,63.5
76800,255,63.0
76900,255,63.5
77000,255,62.0
77100,255,59.1
77200,255,56.8
77300,255,54.2
77400,255,56.1
77500,255,59.6
77600,255,62.9
77700,255,63.0
77800,255,63.6
77900,255,63.5
78000,155,61.5
78100,155,53.1
78200,155,37.6
78300,155,32.8
78400,155,29.2
78500,155,16.7
78600,155,24.6
78700,155,34.4
78800,155,38.1
78900,155,42.7
79000,155,48.9
79100,155,51.3
79200,155,51.9
79300,155,52.4
79400,155,52.2
79500,225,47.6
79600,225,46.4
79700,225,43.4
79800,225,44.6
79900,225,37.9
80000,225,42.5
80100,225,47.6
80200,225,53.3
80300,225,56.6
80400,225,58.2
80500,225,58.3
80600,225,57.5
80700,225,54.2
80800,225,48.3
80900,225,42.6
81000,190,43.5
81100,190,33.2
81200,190,34.6
81300,190,40.7
81400,190,44.6
81500,190,51.1
81600,190,55.6
81700,190,56.6
81800,190,56.2
81900,190,56.2
82000,190,51.4
82100,190,46.6
82200,190,39.9
82300,190,38.5
82400,190,29.5
82500,225,34.4
82600,225,44.1
82700,225,49.1
82800,225,55.0
82900,225,57.8
83000,225,57.8
83100,225,58.4
83200,225,56.5
83300,225,52.7
83400,225,48.0
83500,225,44.0
83600,225,40.7
83700,225,40.3
83800,225,48.0
83900,225,51.4
84000,155,55.7
84100,155,55.4
84200,155,54.6
84300,155,53.7
84400,155,51.9
84500,155,46.3
84600,155,40.2
84700,155,30.9
84800,155,32.3
84900,155,31.9
85000,155,20.4
85100,155,27.2
85200,155,34.7
85300,155,41.5
85400,155,46.2
85500,120,50.4
85600,120,50.1
85700,120,49.4
85800,120,48.3
85900,120,46.8
86000,120,42.9
86100,120,37.5
86200,120,26.1
86300,120,19.8
86400,120,20.0
86500,120,17.9
86600,120,14.3
86700,120,5.1
86800,120,0.0
86900,120,0.0
87000,225,0.0
87100,225,17.7
87200,225,35.3
87300,225,43.5
87400,225,49.7
87500,225,55.9
87600,225,57.3
87700,225,58.4
87800,225,58.3
87900,225,57.0
88000,225,54.6
88100,225,47.7
88200,225,43.2
88300,225,38.5
88400,225,39.2
88500,120,45.3
88600,120,43.2
88700,120,43.2
88800,120,44.9
88900,120,46.7
89000,120,47.2
89100,120,46.7
89200,120,46.9
89300,120,43.6
89400,120,37.6
89500,120,26.4
89600,120,12.9
89700,120,15.2
89800,120,16.8
89900,120,16.8
90000,255,14.0
90100,255,40.3
90200,255,57.7
90300,255,61.0
90400,255,63.3
90500,255,62.9
90600,255,63.4
90700,255,63.3
90800,255,61.2
90900,255,59.3
91000,255,56.5
91100,255,53.2
91200,255,58.0
91300,255,61.1
91400,255,62.6
91500,225,63.6
91600,225,61.4
91700,225,58.4
91800,225,56.8
91900,225,53.4
92000,225,45.0
92100,225,45.5
92200,225,38.5
92300,225,47.4
92400,225,52.4
92500,225,55.9
92600,225,57.4
92700,225,58.5
92800,225,57.8
92900,225,58.0
93000,155,55.4
93100,155,47.2
93200,155,36.2
93300,155,37.8
93400,155,25.5
93500,155,28.8
93600,155,38.5
93700,155,43.4
93800,155,47.8
93900,155,51.5
94000,155,52.3
94100,155,53.2
94200,155,53.2
94300,155,51.3
94400,155,47.8
94500,120,41.7
94600,120,30.2
94700,120,26.3
94800,120,20.5
94900,120,1.8
95000,120,0.0
95100,120,0.0
95200,120,0.0
95300,120,0.0
95400,120,0.0
95500,120,0.0
95600,120,0.0
95700,120,0.0
95800,120,0.0
95900,120,0.0
96000,255,0.0
96100,255,39.5
96200,255,59.9
96300,255,61.7
96400,255,63.6
96500,255,63.6
96600,255,63.0
96700,255,63.4
96800,255,61.7
96900,255,58.3
97000,255,57.8
97100,255,54.7
97200,255,59.8
97300,255,62.4
97400,255,63.4
97500,120,63.0
97600,120,59.6
97700,120,53.6
97800,120,47.7
97900,120,42.9
98000,120,33.3
98100,120,24.9
98200,120,24.7
98300,120,21.8
98400,120,4.1
98500,120,0.0
98600,120,0.0
98700,120,0.0
98800,120,0.0
98900,120,0.0
99000,255,0.0
99100,255,39.3
99200,255,59.1
99300,255,62.5
99400,255,63.6
99500,255,63.1
99600,255,63.6
99700,255,63.4
99800,255,61.2
99900,255,59.1
100000,255,57.8
100100,255,52.4
100200,255,56.2
100300,255,61.7
100400,255,62.9
100500,155,63.9
100600,155,60.2
100700,155,55.4
100800,155,52.0
100900,155,48.3
101000,155,37.5
101100,155,30.1
101200,155,25.6
101300,155,13.5
101400,155,7.5
101500,155,15.3
101600,155,19.6
101700,155,20.5
101800,155,21.0
101900,155,29.0
102000,190,42.5
102100,190,50.6
102200,190,54.5
102300,190,56.1
102400,190,55.7
102500,190,55.5
102600,190,53.3
102700,190,46.2
102800,190,34.6
102900,190,27.9
103000,190,19.6
103100,190,29.7
103200,190,38.3
103300,190,42.1
103400,190,50.3
103500,120,54.8
103600,120,53.2
103700,120,50.9
103800,120,49.6
103900,120,47.2
104000,120,44.3
104100,120,37.4
104200,120,23.9
104300,120,18.5
104400,120,18.1
104500,120,15.9
104600,120,9.4
104700,120,0.0
104800,120,0.0
104900,120,0.0
105000,255,0.0
105100,255,36.1
105200,255,57.8
105300,255,61.6
105400,255,62.6
105500,255,63.8
105600,255,63.0
105700,255,63.5
105800,255,62.4
105900,255,60.1
106000,255,57.1
106100,255,52.7
106200,255,57.1
106300,255,61.1
106400,255,63.4
106500,155,63.0
106600,155,60.3
106700,155,56.2
106800,155,52.7
106900,155,50.0
107000,155,42.5
107100,155,36.2
107200,155,32.1
107300,155,8.8
107400,155,0.1
107500,155,0.0
107600,155,0.1
107700,155,0.0
107800,155,0.0
107900,155,0.0
108000,225,0.0
108100,225,20.9
108200,225,43.4
108300,225,50.5
108400,225,56.1
108500,225,58.0
108600,225,58.0
108700,225,58.5
108800,225,57.9
108900,225,56.8
109000,225,53.6
109100,225,46.2
109200,225,41.8
109300,225,36.0
109400,225,46.9
109500,120,53.7
109600,120,53.6
109700,120,50.4
109800,120,49.5
109900,120,48.6
110000,120,47.6
110100,120,46.7
110200,120,42.0
110300,120,29.5
110400,120,14.5
110500,120,8.0
110600,120,13.3
110700,120,20.4
110800,120,21.3
110900,120,14.5
111000,190,0.4
111100,190,6.4
111200,190,11.6
111300,190,30.2
111400,190,43.5
111500,190,49.6
111600,190,54.3
111700,190,56.4
111800,190,56.2
111900,190,56.9
112000,190,55.9
112100,190,53.7
112200,190,48.6
112300,190,41.5
112400,190,40.2
112500,155,26.3
112600,155,35.2
112700,155,42.5
112800,155,47.4
112900,155,50.0
113000,155,52.4
113100,155,53.2
113200,155,52.7
113300,155,53.1
113400,155,50.6
113500,155,46.9
113600,155,38.6
113700,155,37.6
113800,155,27.7
113900,155,15.3
114000,190,26.1
114100,190,36.9
114200,190,47.2
114300,190,52.2
114400,190,54.7
114500,190,56.4
114600,190,56.5
114700,190,55.9
114800,190,54.2
114900,190,51.1
115000,190,44.6
115100,190,40.8
115200,190,29.5
115300,190,39.4
115400,190,47.1
115500,225,51.1
115600,225,55.7
115700,225,57.9
115800,225,57.9
115900,225,58.4
116000,225,56.6
116100,225,53.4
116200,225,48.0
116300,225,47.6
116400,225,39.0
116500,225,47.8
116600,225,54.2
116700,225,56.5
116800,225,58.4
116900,225,58.7
117000,255,58.0
117100,255,61.6
117200,255,61.9
117300,255,57.5
117400,255,58.0
117500,255,55.6
117600,255,61.5
117700,255,63.6
117800,255,63.9
117900,255,63.1
118000,255,63.8
118100,255,63.0
118200,255,61.2
118300,255,58.3
118400,255,57.1
118500,155,57.1
118600,155,57.9
118700,155,54.7
118800,155,54.7
118900,155,54.3
119000,155,53.3
119100,155,53.6
119200,155,51.9
119300,155,48.5
119400,155,42.5
119500,155,37.8
119600,155,35.5
119700,155,25.0
119800,155,35.8
119900,155,43.9
120000,190,49.6
120100,190,53.2
120200,190,55.5
120300,190,56.8
120400,190,57.0
120500,190,55.0
120600,190,53.6
120700,190,48.2
120800,190,43.5
120900,190,38.8
121000,190,38.9
121100,190,47.7
121200,190,54.3
121300,190,56.6
121400,190,56.5
121500,155,57.1
121600,155,55.1
121700,155,52.8
121800,155,49.6
121900,155,44.1
122000,155,36.9
122100,155,34.6
122200,155,22.7
122300,155,29.2
122400,155,41.2
122500,155,47.6
122600,155,51.9
122700,155,53.3
122800,155,52.9
122900,155,53.6
123000,225,53.1
123100,225,52.9
123200,225,53.3
123300,225,48.0
123400,225,48.3
123500,225,41.2
123600,225,46.4
123700,225,54.7
123800,225,57.9
123900,225,58.5
124000,225,57.8
124100,225,58.2
124200,225,56.8
124300,225,53.6
124400,225,49.9
124500,190,47.3
124600,190,37.6
124700,190,33.3
124800,190,35.7
124900,190,49.1
125000,190,55.1
125100,190,56.1
125200,190,56.9
125300,190,56.9
125400,190,55.6
125500,190,54.3
125600,190,51.7
125700,190,44.3
125800,190,37.8
125900,190,32.0
126000,225,43.6
126100,225,53.4
126200,225,57.7
126300,225,57.9
126400,225,58.5
126500,225,58.5
126600,225,57.4
126700,225,56.8
126800,225,52.4
126900,225,48.6
127000,225,47.4
127100,225,48.5
127200,225,54.7
127300,225,57.9
127400,225,58.7
127500,190,58.3
127600,190,57.9
127700,190,56.6
127800,190,54.6
127900,190,53.3
128000,190,46.0
128100,190,47.7
128200,190,40.8
128300,190,49.5
128400,190,54.3
128500,190,56.5
128600,190,56.5
128700,190,57.0
128800,190,56.9
128900,190,55.2
129000,255,55.2
129100,255,57.0
129200,255,59.1
129300,255,57.0
129400,255,62.6
129500,255,63.1
129600,255,63.9
129700,255,63.9
129800,255,63.0
129900,255,63.1
130000,255,62.5
130100,255,58.0
130200,255,58.3
130300,255,58.9
130400,255,62.5
130500,155,64.0
130600,155,60.6
130700,155,56.1
130800,155,54.8
130900,155,53.1
131000,155,50.8
131100,155,46.3
131200,155,37.4
131300,155,40.7
131400,155,31.1
131500,155,36.4
131600,155,45.3
131700,155,50.6
131800,155,52.4
131900,155,53.6
132000,120,53.6
132100,120,51.4
132200,120,48.7
132300,120,45.8
132400,120,42.2
132500,120,32.5
132600,120,26.3
132700,120,23.9
132800,120,20.0
132900,120,2.9
133000,120,0.0
133100,120,0.0
133200,120,0.0
133300,120,0.0
133400,120,0.0
133500,225,0.0
133600,225,21.3
133700,225,46.9
133800,225,55.1
133900,225,57.3
134000,225,58.7
134100,225,58.7
134200,225,57.7
134300,225,57.7
134400,225,55.4
134500,225,49.9
134600,225,46.9
134700,225,47.3
134800,225,46.8
134900,225,54.0
135000,190,56.9
135100,190,57.9
135200,190,57.5
135300,190,56.6
135400,190,56.8
135500,190,55.2
135600,190,52.4
135700,190,45.8
135800,190,44.1
135900,190,36.5
136000,190,45.8
136100,190,52.6
136200,190,55.4
136300,190,57.0
136400,190,57.3
136500,255,56.6
136600,255,61.2
136700,255,61.6
136800,255,57.8
136900,255,57.7
137000,255,55.5
137100,255,59.7
137200,255,62.9
137300,255,63.9
137400,255,63.1
137500,255,63.8
137600,255,62.6
137700,255,61.9
137800,255,58.3
137900,255,57.8
138000,225,56.2
138100,225,58.9
138200,225,58.0
138300,225,59.1
138400,225,58.9
138500,225,58.2
138600,225,58.3
138700,225,56.1
138800,225,51.9
138900,225,45.8
139000,225,46.6
139100,225,41.2
139200,225,51.8
139300,225,56.6
139400,225,57.4
139500,190,58.7
139600,190,58.0
139700,190,56.8
139800,190,56.0
139900,190,51.9
140000,190,44.4
140100,190,41.8
140200,190,42.1
140300,190,38.1
140400,190,49.0
140500,190,54.3
140600,190,56.1
140700,190,57.3
140800,190,56.6
140900,190,56.9
141000,120,55.7
141100,120,48.7
141200,120,37.6
141300,120,21.8
141400,120,20.9
141500,120,21.4
141600,120,18.7
141700,120,4.6
141800,120,0.0
141900,120,0.0
142000,120,0.0
142100,120,0.0
142200,120,0.0
142300,120,0.0
142400,120,0.0
142500,190,0.0
142600,190,10.3
142700,190,28.6
142800,190,43.4
142900,190,50.9
143000,190,55.4
143100,190,56.8
143200,190,56.6
143300,190,56.9
143400,190,56.2
143500,190,51.7
143600,190,46.3
143700,190,37.9
143800,190,39.2
143900,190,34.1
144000,255,39.2
144100,255,57.4
144200,255,63.5
144300,255,63.3
144400,255,63.6
144500,255,63.5
144600,255,61.7
144700,255,59.3
144800,255,56.5
144900,255,56.9
145000,255,55.7
145100,255,61.1
145200,255,63.0
145300,255,63.9
145400,255,63.8
145500,225,63.1
145600,225,59.8
145700,225,53.8
145800,225,48.5
145900,225,47.4
146000,225,43.7
146100,225,45.5
146200,225,53.4
146300,225,57.4
146400,225,58.2
146500,225,58.8
146600,225,58.7
146700,225,57.4
146800,225,54.5
146900,225,51.4
147000,120,48.0
147100,120,40.6
147200,120,18.9
147300,120,21.2
147400,120,27.6
147500,120,34.2
147600,120,40.3
147700,120,44.1
147800,120,45.8
147900,120,47.2
148000,120,47.6
148100,120,47.1
148200,120,46.0
148300,120,40.3
148400,120,34.4
148500,225,30.0
148600,225,36.6
148700,225,46.0
148800,225,43.0
148900,225,51.8
149000,225,55.9
149100,225,58.2
149200,225,58.8
149300,225,58.0
149400,225,58.4
149500,225,56.4
149600,225,52.7
149700,225,49.5
149800,225,48.7
149900,225,42.5
150000,120,49.2
150100,120,51.1
150200,120,48.7
150300,120,49.0
150400,120,48.1
150500,120,48.3
150600,120,47.8
150700,120,45.8
150800,120,42.0
150900,120,38.0
151000,120,30.2
151100,120,25.5
151200,120,26.9
151300,120,22.6
151400,120,5.4
151500,155,0.0
151600,155,4.0
151700,155,18.7
151800,155,33.9
151900,155,42.6
152000,155,48.9
152100,155,52.2
152200,155,52.7
152300,155,53.6
152400,155,53.6
152500,155,51.8
152600,155,48.6
152700,155,45.3
152800,155,38.0
152900,155,39.4
153000,190,31.6
153100,190,36.4
153200,190,48.6
153300,190,53.7
153400,190,55.5
153500,190,57.0
153600,190,56.5
153700,190,56.9
153800,190,55.0
153900,190,51.7
154000,190,48.0
154100,190,45.3
154200,190,40.4
154300,190,41.6
154400,190,50.1
154500,120,54.2
154600,120,53.8
154700,120,51.1
154800,120,48.6
154900,120,48.0
155000,120,46.4
155100,120,42.3
155200,120,39.3
155300,120,33.2
155400,120,24.5
155500,120,26.3
155600,120,24.2
155700,120,7.8
155800,120,0.0
155900,120,0.0
156000,190,0.0
156100,190,11.9
156200,190,34.3
156300,190,45.4
156400,190,52.9
156500,190,56.1
156600,190,56.5
156700,190,57.1
156800,190,56.4
156900,190,54.8
157000,190,51.0
157100,190,46.7
157200,190,43.2
157300,190,42.6
157400,190,39.5
157500,155,49.1
157600,155,52.3
157700,155,52.7
157800,155,53.8
157900,155,53.8
158000,155,53.1
158100,155,52.2
158200,155,48.9
158300,155,45.4
158400,155,38.3
158500,155,37.0
158600,155,32.1
158700,155,31.1
158800,155,39.9
158900,155,46.4
159000,120,51.3
159100,120,51.5
159200,120,49.2
159300,120,48.9
159400,120,48.0
159500,120,45.2
159600,120,42.3
159700,120,39.0
159800,120,30.1
159900,120,26.1
160000,120,27.0
160100,120,20.3
160200,120,4.8
160300,120,6.3
160400,120,18.6
160500,190,28.6
160600,190,41.8
160700,190,52.3
160800,190,56.1
160900,190,56.4
161000,190,57.1
161100,190,57.0
161200,190,54.8
161300,190,52.9
161400,190,45.5
161500,190,43.1
161600,190,41.5
161700,190,43.7
161800,190,50.4
161900,190,54.7
162000,155,55.9
162100,155,55.1
162200,155,54.5
162300,155,53.8
162400,155,51.4
162500,155,48.9
162600,155,39.5
162700,155,32.9
162800,155,36.4
162900,155,28.3
163000,155,32.3
163100,155,40.2
163200,155,46.8
163300,155,51.1
163400,155,53.1
163500,120,53.2
163600,120,51.9
163700,120,49.2
163800,120,45.0
163900,120,40.2
164000,120,33.7
164100,120,20.5
164200,120,20.5
164300,120,21.3
164400,120,21.8
164500,120,8.2
164600,120,0.3
164700,120,0.0
164800,120,0.0
164900,120,0.0
165000,155,0.0
165100,155,0.9
165200,155,4.5
165300,155,16.2
165400,155,32.7
165500,155,41.8
165600,155,47.8
165700,155,52.2
165800,155,53.3
165900,155,53.1
166000,155,53.4
166100,155,52.7
166200,155,48.9
166300,155,41.8
166400,155,27.9
166500,225,23.5
166600,225,32.5
166700,225,32.9
166800,225,43.1
166900,225,53.4
167000,225,56.9
167100,225,58.5
167200,225,58.8
167300,225,57.8
167400,225,58.0
167500,225,55.7
167600,225,51.3
167700,225,45.2
167800,225,48.1
167900,225,42.9
168000,190,48.6
168100,190,54.6
168200,190,56.0
168300,190,57.3
168400,190,57.3
168500,190,56.4
168600,190,55.6
168700,190,53.3
168800,190,45.4
168900,190,40.2
169000,190,38.5
169100,190,34.9
169200,190,46.3
169300,190,53.3
169400,190,55.9
169500,155,57.3
169600,155,55.6
169700,155,54.7
169800,155,53.8
169900,155,52.2
170000,155,48.1
170100,155,36.2
170200,155,37.1
170300,155,32.3
170400,155,30.5
170500,155,37.0
170600,155,44.8
170700,155,50.6
170800,155,52.3
170900,155,53.6
171000,120,53.8
171100,120,51.5
171200,120,49.4
171300,120,46.6
171400,120,36.7
171500,120,21.8
171600,120,22.1
171700,120,22.3
171800,120,18.0
171900,120,6.5
172000,120,1.5
172100,120,0.4
172200,120,0.1
172300,120,0.1
172400,120,0.0
172500,255,0.0
172600,255,41.7
172700,255,61.5
172800,255,63.0
172900,255,64.0
173000,255,63.8
173100,255,63.1
173200,255,63.5
173300,255,62.6
173400,255,56.9
173500,255,58.5
173600,255,57.3
173700,255,61.4
173800,255,63.8
173900,255,63.9
174000,120,63.3
174100,120,59.6
174200,120,53.8
174300,120,49.4
174400,120,44.4
174500,120,32.0
174600,120,33.4
174700,120,23.3
174800,120,4.3
174900,120,0.1
175000,120,0.0
175100,120,0.0
175200,120,0.1
175300,120,0.1
175400,120,0.0
175500,155,0.0
175600,155,7.4
175700,155,17.9
175800,155,20.7
175900,155,22.8
176000,155,24.7
176100,155,33.5
176200,155,45.8
176300,155,50.1
176400,155,52.7
176500,155,53.2
176600,155,52.8
176700,155,53.2
176800,155,50.9
176900,155,36.7
177000,190,28.2
177100,190,30.4
177200,190,29.5
177300,190,38.9
177400,190,47.6
177500,190,53.2
177600,190,56.4
177700,190,57.1
177800,190,56.6
177900,190,57.0
178000,190,56.9
178100,190,55.1
178200,190,50.5
178300,190,46.6
178400,190,37.8
178500,225,44.8
178600,225,52.0
178700,225,56.4
178800,225,58.5
178900,225,58.7
179000,225,57.8
179100,225,58.3
179200,225,57.3
179300,225,56.6
179400,225,51.1
179500,225,44.6
179600,225,47.2
179700,225,53.4
179800,225,56.9
179900,225,58.7
180000,120,58.8
180100,120,55.4
180200,120,52.0
180300,120,49.6
180400,120,47.1
180500,120,41.5
180600,120,35.6
180700,120,29.6
180800,120,11.4
180900,120,12.0
181000,120,24.0
181100,120,32.1
181200,120,38.0
181300,120,42.3
181400,120,45.8
181500,255,47.1
181600,255,58.3
181700,255,63.6
181800,255,63.6
181900,255,62.6
182000,255,60.5
182100,255,58.5
182200,255,56.6
182300,255,61.0
182400,255,63.1
182500,255,63.9
182600,255,63.9
182700,255,63.1
182800,255,63.6
182900,255,63.3
183000,225,57.8
183100,225,48.0
183200,225,43.6
183300,225,47.1
183400,225,54.1
183500,225,57.9
183600,225,58.2
183700,225,58.8
183800,225,58.7
183900,225,57.9
184000,225,57.7
184100,225,49.6
184200,225,45.2
184300,225,40.8
184400,225,49.1
184500,255,53.6
184600,255,61.2
184700,255,63.8
184800,255,63.3
184900,255,63.8
185000,255,63.5
185100,255,62.1
185200,255,58.2
185300,255,55.0
185400,255,59.3
185500,255,63.0
185600,255,63.4
185700,255,64.0
185800,255,63.8
185900,255,63.0
186000,120,63.6
186100,120,57.3
186200,120,40.4
186300,120,30.4
186400,120,8.3
186500,120,0.1
186600,120,0.0
186700,120,0.0
186800,120,0.0
186900,120,0.0
187000,120,0.0
187100,120,0.0
187200,120,0.0
187300,120,0.0
187400,120,0.0
187500,155,0.0
187600,155,0.1
187700,155,0.1
187800,155,0.0
187900,155,0.0
188000,155,0.0
188100,155,0.0
188200,155,0.0
188300,155,0.0
188400,155,0.0
188500,155,0.0
188600,155,0.0
188700,155,0.0
188800,155,0.0
188900,155,0.0
189000,225,0.0
189100,225,21.0
189200,225,45.8
189300,225,53.6
189400,225,56.9
189500,225,58.9
189600,225,58.9
189700,225,58.2
189800,225,58.7
189900,225,58.4
190000,225,55.5
190100,225,50.8
190200,225,43.2
190300,225,46.4
190400,225,51.8
190500,155,56.6
190600,155,56.2
190700,155,55.1
190800,155,54.1
190900,155,52.9
191000,155,53.3
191100,155,52.7
191200,155,45.5
191300,155,41.6
191400,155,31.0
191500,155,22.6
191600,155,21.2
191700,155,18.5
191800,155,20.0
191900,155,26.0
192000,225,39.2
192100,225,52.3
192200,225,57.4
192300,225,57.9
192400,225,58.7
192500,225,58.5
192600,225,56.4
192700,225,45.7
192800,225,41.6
192900,225,34.8
193000,225,43.4
193100,225,47.7
193200,225,53.3
193300,225,57.8
193400,225,58.7
193500,120,58.3
193600,120,56.0
193700,120,51.8
193800,120,48.1
193900,120,38.4
194000,120,28.6
194100,120,23.9
194200,120,13.6
194300,120,0.5
194400,120,0.0
194500,120,0.0
194600,120,0.0
194700,120,0.0
194800,120,0.0
194900,120,0.0
195000,225,0.0
195100,225,19.0
195200,225,39.4
195300,225,48.9
195400,225,54.1
195500,225,57.1
195600,225,58.7
195700,225,58.9
195800,225,58.2
195900,225,58.4
196000,225,56.9
196100,225,48.7
196200,225,46.4
196300,225,38.5
196400,225,48.3
196500,255,53.2
196600,255,61.5
196700,255,63.3
196800,255,63.9
196900,255,63.9
197000,255,63.1
197100,255,62.9
197200,255,59.1
197300,255,54.8
197400,255,60.2
197500,255,63.0
197600,255,63.0
197700,255,64.0
197800,255,63.9
197900,255,63.3
198000,120,63.8
198100,120,58.2
198200,120,42.9
198300,120,37.5
198400,120,15.6
198500,120,9.6
198600,120,15.3
198700,120,18.0
198800,120,21.3
198900,120,29.2
199000,120,37.9
199100,120,43.4
199200,120,46.2
199300,120,46.8
199400,120,47.7
199500,255,47.7
199600,255,58.2
199700,255,63.1
199800,255,59.8
199900,255,56.2
200000,255,57.1
200100,255,61.7
200200,255,63.3
200300,255,64.0
200400,255,63.9
200500,255,63.3
200600,255,63.8
200700,255,62.9
200800,255,58.5
200900,255,55.7
201000,155,59.1
201100,155,57.3
201200,155,55.7
201300,155,55.0
201400,155,53.8
201500,155,53.7
201600,155,52.9
201700,155,53.2
201800,155,52.0
201900,155,44.3
202000,155,41.6
202100,155,27.6
202200,155,33.7
202300,155,39.8
202400,155,47.1
202500,255,50.8
202600,255,60.5
202700,255,63.8
202800,255,63.3
202900,255,63.8
203000,255,63.1
203100,255,59.3
203200,255,57.1
203300,255,59.8
203400,255,62.6
203500,255,64.2
203600,255,64.0
203700,255,63.3
203800,255,63.8
203900,255,63.6
204000,155,62.1
204100,155,52.2
204200,155,39.8
204300,155,32.3
204400,155,42.7
204500,155,48.6
204600,155,51.9
204700,155,53.7
204800,155,53.4
204900,155,54.0
205000,155,53.7
205100,155,52.9
205200,155,52.3
205300,155,46.2
205400,155,43.7
205500,255,30.1
205600,255,52.6
205700,255,61.6
205800,255,63.9
205900,255,64.2
206000,255,63.3
206100,255,63.9
206200,255,63.8
206300,255,62.4
206400,255,60.1
206500,255,55.9
206600,255,59.3
206700,255,63.1
206800,255,63.6
206900,255,63.3
207000,225,63.9
207100,225,61.6
207200,225,58.8
207300,225,57.7
207400,225,51.5
207500,225,45.5
207600,225,46.0
207700,225,54.1
207800,225,56.9
207900,225,58.8
208000,225,58.4
208100,225,58.9
208200,225,58.7
208300,225,57.9
208400,225,57.1
208500,255,51.9
208600,255,54.1
208700,255,58.8
208800,255,62.8
208900,255,63.5
209000,255,64.0
209100,255,64.0
209200,255,63.1
209300,255,63.6
209400,255,62.9
209500,255,59.2
209600,255,55.5
209700,255,61.2
209800,255,62.8
209900,255,64.0
210000,120,64.0
210100,120,59.1
210200,120,54.0
210300,120,50.5
210400,120,47.3
210500,120,41.7
210600,120,35.3
210700,120,31.2
210800,120,9.4
210900,120,1.5
211000,120,0.3
211100,120,0.1
211200,120,0.1
211300,120,1.0
211400,120,5.9
211500,255,17.5
211600,255,50.6
211700,255,62.6
211800,255,63.4
211900,255,63.9
212000,255,63.8
212100,255,63.0
212200,255,63.5
212300,255,62.4
212400,255,58.9
212500,255,55.1
212600,255,60.1
212700,255,62.9
212800,255,64.2
212900,255,64.0
213000,225,63.3
213100,225,61.5
213200,225,59.2
213300,225,56.0
213400,225,50.6
213500,225,44.0
213600,225,47.3
213700,225,55.5
213800,225,58.2
213900,225,58.4
214000,225,59.1
214100,225,58.9
214200,225,58.2
214300,225,58.3
214400,225,55.6
214500,190,51.7
214600,190,44.3
214700,190,45.5
214800,190,52.7
214900,190,56.1
215000,190,56.8
215100,190,57.5
215200,190,57.4
215300,190,56.6
215400,190,57.0
215500,190,55.7
215600,190,48.9
215700,190,47.6
215800,190,42.2
215900,190,50.1
216000,120,55.1
216100,120,53.3
216200,120,50.5
216300,120,49.6
216400,120,48.9
216500,120,47.8
216600,120,47.7
216700,120,46.2
216800,120,39.5
216900,120,35.2
217000,120,32.0
217100,120,13.0
217200,120,16.8
217300,120,29.1
217400,120,36.6
217500,190,42.2
217600,190,49.1
217700,190,55.2
217800,190,56.8
217900,190,56.5
218000,190,57.0
218100,190,56.5
218200,190,54.1
218300,190,48.5
218400,190,45.9
218500,190,43.9
218600,190,52.7
218700,190,56.0
218800,190,56.8
218900,190,57.5
219000,255,57.5
219100,255,61.0
219200,255,63.5
219300,255,62.4
219400,255,58.8
219500,255,57.3
219600,255,62.4
219700,255,63.1
219800,255,64.0
219900,255,64.0
220000,255,63.1
220100,255,63.6
220200,255,63.3
220300,255,60.2
220400,255,60.2
220500,190,57.8
220600,190,57.8
220700,190,57.7
220800,190,57.1
220900,190,57.7
221000,190,57.4
221100,190,56.6
221200,190,56.9
221300,190,55.5
221400,190,48.9
221500,190,48.1
221600,190,41.5
221700,190,50.5
221800,190,55.4
221900,190,57.1
222000,120,57.0
222100,120,55.1
222200,120,51.8
222300,120,49.1
222400,120,48.1
222500,120,45.8
222600,120,35.5
222700,120,34.8
222800,120,26.7
222900,120,14.4
223000,120,26.4
223100,120,35.5
223200,120,40.3
223300,120,44.4
223400,120,46.7
223500,155,47.2
223600,155,49.7
223700,155,51.9
223800,155,52.4
223900,155,52.7
224000,155,50.1
224100,155,42.7
224200,155,43.2
224300,155,32.8
224400,155,42.9
224500,155,48.6
224600,155,51.1
224700,155,53.4
224800,155,54.0
224900,155,53.3
225000,120,53.8
225100,120,51.9
225200,120,47.7
225300,120,42.1
225400,120,35.5
225500,120,35.5
225600,120,19.6
225700,120,25.5
225800,120,34.2
225900,120,40.3
226000,120,44.1
226100,120,44.9
226200,120,46.9
226300,120,47.6
226400,120,47.2
226500,225,47.8
226600,225,52.8
226700,225,55.5
226800,225,51.9
226900,225,51.7
227000,225,47.2
227100,225,55.4
227200,225,57.4
227300,225,59.1
227400,225,59.1
227500,225,58.3
227600,225,58.7
227700,225,58.5
227800,225,56.1
227900,225,50.5
228000,120,50.5
228100,120,41.6
228200,120,43.4
228300,120,45.5
228400,120,46.7
228500,120,48.1
228600,120,48.3
228700,120,47.7
228800,120,48.1
228900,120,47.8
229000,120,46.2
229100,120,41.3
229200,120,32.1
229300,120,35.3
229400,120,29.2
229500,255,16.8
229600,255,51.1
229700,255,63.1
229800,255,64.0
229900,255,63.3
230000,255,63.8
230100,255,63.6
230200,255,62.8
230300,255,62.8
230400,255,59.8
230500,255,57.8
230600,255,61.6
230700,255,63.0
230800,255,64.0
230900,255,63.9
231000,225,63.3
231100,225,61.5
231200,225,59.2
231300,225,56.1
231400,225,52.8
231500,225,48.5
231600,225,50.1
231700,225,56.0
231800,225,58.3
231900,225,58.4
232000,225,59.1
232100,225,58.9
232200,225,58.2
232300,225,58.2
232400,225,55.1
232500,120,52.4
232600,120,39.0
232700,120,34.2
232800,120,37.5
232900,120,42.6
233000,120,45.5
233100,120,46.6
233200,120,47.7
233300,120,48.0
233400,120,47.3
233500,120,47.7
233600,120,46.8
233700,120,45.2
233800,120,36.5
233900,120,35.5
234000,255,26.9
234100,255,46.3
234200,255,60.5
234300,255,63.9
234400,255,64.2
234500,255,63.3
234600,255,63.8
234700,255,63.8
234800,255,62.8
234900,255,60.2
235000,255,57.5
235100,255,56.8
235200,255,62.0
235300,255,63.9
235400,255,63.3
235500,190,63.9
235600,190,61.1
235700,190,57.9
235800,190,56.9
235900,190,50.3
236000,190,46.3
236100,190,39.2
236200,190,44.6
236300,190,50.8
236400,190,55.7
236500,190,57.1
236600,190,56.9
236700,190,57.4
236800,190,56.6
236900,190,57.0
237000,155,55.5
237100,155,45.7
237200,155,41.2
237300,155,31.6
237400,155,40.4
237500,155,47.8
237600,155,52.0
237700,155,52.9
237800,155,53.8
237900,155,53.8
238000,155,53.2
238100,155,53.4
238200,155,52.2
238300,155,46.4
238400,155,43.9
238500,255,37.9
238600,255,52.8
238700,255,63.0
238800,255,63.9
238900,255,63.3
239000,255,63.8
239100,255,63.8
239200,255,63.0
239300,255,63.1
239400,255,59.4
239500,255,57.1
239600,255,61.1
239700,255,63.5
239800,255,63.3
239900,255,64.0
240000,190,63.4
240100,190,61.1
240200,190,58.3
240300,190,54.7
240400,190,47.7
240500,190,48.6
240600,190,43.0
240700,190,51.9
240800,190,55.4
240900,190,56.5
241000,190,57.5
241100,190,57.5
241200,190,56.6
241300,190,57.1
241400,190,55.9
241500,255,49.0
241600,255,56.9
241700,255,58.0
241800,255,62.2
241900,255,63.9
242000,255,64.0
242100,255,63.3
242200,255,64.0
242300,255,63.8
242400,255,62.2
242500,255,59.4
242600,255,59.2
242700,255,59.8
242800,255,63.6
242900,255,64.2
243000,120,63.5
243100,120,60.1
243200,120,54.0
243300,120,51.5
243400,120,48.7
243500,120,44.1
243600,120,33.9
243700,120,37.0
243800,120,24.9
243900,120,24.6
244000,120,35.1
244100,120,40.2
244200,120,44.3
244300,120,45.2
244400,120,46.2
244500,225,47.6
244600,225,52.8
244700,225,56.5
244800,225,57.9
244900,225,56.5
245000,225,49.9
245100,225,49.7
245200,225,51.0
245300,225,56.0
245400,225,58.4
245500,225,59.1
245600,225,58.5
245700,225,58.9
245800,225,58.8
245900,225,57.5
246000,155,54.2
246100,155,49.1
246200,155,42.3
246300,155,40.8
246400,155,47.6
246500,155,51.1
246600,155,53.2
246700,155,53.3
246800,155,54.0
246900,155,54.0
247000,155,53.2
247100,155,53.2
247200,155,50.8
247300,155,45.5
247400,155,43.6
247500,190,39.5
247600,190,48.3
247700,190,54.5
247800,190,56.8
247900,190,56.8
248000,190,57.3
248100,190,57.0
248200,190,56.4
248300,190,56.5
248400,190,52.3
248500,190,51.4
248600,190,45.0
248700,190,50.9
248800,190,54.1
248900,190,56.9
249000,120,57.5
249100,120,54.6
249200,120,51.9
249300,120,49.6
249400,120,48.1
249500,120,46.9
249600,120,38.3
249700,120,39.8
249800,120,30.2
249900,120,26.7
250000,120,36.0
250100,120,40.6
250200,120,43.7
250300,120,46.6
250400,120,47.7
250500,155,47.4
250600,155,50.0
250700,155,52.2
250800,155,52.3
250900,155,52.4
251000,155,45.5
251100,155,46.0
251200,155,37.9
251300,155,44.6
251400,155,48.7
251500,155,52.3
251600,155,53.7
251700,155,53.4
251800,155,54.0
251900,155,53.7
252000,225,53.1
252100,225,55.0
252200,225,52.7
252300,225,53.1
252400,225,49.1
252500,225,55.2
252600,225,57.1
252700,225,58.9
252800,225,58.4
252900,225,59.1
253000,225,58.8
253100,225,58.0
253200,225,57.1
253300,225,52.9
253400,225,50.8
253500,255,51.0
253600,255,60.8
253700,255,63.0
253800,255,63.9
253900,255,64.0
254000,255,63.3
254100,255,63.8
254200,255,63.4
254300,255,60.3
254400,255,59.4
254500,255,62.0
254600,255,62.9
254700,255,64.0
254800,255,64.0
254900,255,63.1
255000,190,63.9
255100,190,60.8
255200,190,56.4
255300,190,51.4
255400,190,48.6
255500,190,48.0
255600,190,54.2
255700,190,56.5
255800,190,56.9
255900,190,57.7
256000,190,56.9
256100,190,57.3
256200,190,56.9
256300,190,55.4
256400,190,51.1
256500,225,49.7
256600,225,49.0
256700,225,56.1
256800,225,58.3
256900,225,58.4
257000,225,58.9
257100,225,58.7
257200,225,57.8
257300,225,58.3
257400,225,56.6
257500,225,53.1
257600,225,50.1
257700,225,52.7
257800,225,55.7
257900,225,58.5
258000,190,59.2
258100,190,57.9
258200,190,57.8
258300,190,57.4
258400,190,56.1
258500,190,54.0
258600,190,52.2
258700,190,46.2
258800,190,50.5
258900,190,54.7
259000,190,56.2
259100,190,57.7
259200,190,56.9
259300,190,57.4
259400,190,57.3
259500,120,56.1
259600,120,52.3
259700,120,43.1
259800,120,39.8
259900,120,28.7
260000,120,36.1
260100,120,40.6
260200,120,44.4
260300,120,46.7
260400,120,47.3
260500,120,48.2
260600,120,48.1
260700,120,47.6
260800,120,47.6
260900,120,46.6
261000,190,43.2
261100,190,44.5
261200,190,46.4
261300,190,47.1
261400,190,53.3
261500,190,56.1
261600,190,56.8
261700,190,57.4
261800,190,57.4
261900,190,56.8
262000,190,56.8
262100,190,56.1
262200,190,51.0
262300,190,50.1
262400,190,46.9
262500,155,53.7
262600,155,54.7
262700,155,54.0
262800,155,54.5
262900,155,54.3
263000,155,53.4
263100,155,53.7
263200,155,52.7
263300,155,49.0
263400,155,47.8
263500,155,41.2
263600,155,42.9
263700,155,48.5
263800,155,51.8
263900,155,52.9
264000,225,54.1
264100,225,56.2
264200,225,57.5
264300,225,58.3
264400,225,57.8
264500,225,53.8
264600,225,53.7
264700,225,50.0
264800,225,54.8
264900,225,57.8
265000,225,59.1
265100,225,58.5
265200,225,59.1
265300,225,58.8
265400,225,57.8
265500,190,57.8
265600,190,51.8
265700,190,49.4
265800,190,48.9
265900,190,53.7
266000,190,56.5
266100,190,57.3
266200,190,56.8
266300,190,57.1
266400,190,57.0
266500,190,56.0
266600,190,55.7
266700,190,51.0
266800,190,49.7
266900,190,47.4
267000,155,52.3
267100,155,54.0
267200,155,54.6
267300,155,54.3
267400,155,53.6
267500,155,54.0
267600,155,53.6
267700,155,52.3
267800,155,49.7
267900,155,48.0
268000,155,41.7
268100,155,43.9
268200,155,49.4
268300,155,51.7
268400,155,53.7
268500,120,54.2
268600,120,51.9
268700,120,50.4
268800,120,48.7
268900,120,47.8
269000,120,46.2
269100,120,38.6
269200,120,40.8
269300,120,28.3
269400,120,33.3
269500,120,40.1
269600,120,44.0
269700,120,46.0
269800,120,47.7
269900,120,48.2
270000,225,47.8
270100,225,52.8
270200,225,57.1
270300,225,56.9
270400,225,54.3
270500,225,54.3
270600,225,49.5
270700,225,56.0
270800,225,58.3
270900,225,58.4
271000,225,59.3
271100,225,59.1
271200,225,58.3
271300,225,58.8
271400,225,57.9
271500,120,53.2
271600,120,47.7
271700,120,38.1
271800,120,41.5
271900,120,44.6
272000,120,45.5
272100,120,46.9
272200,120,47.8
272300,120,47.4
272400,120,48.0
272500,120,47.8
272600,120,47.2
272700,120,46.6
272800,120,39.2
272900,120,40.3
273000,155,30.1
273100,155,36.4
273200,155,45.9
273300,155,50.5
273400,155,53.1
273500,155,53.3
273600,155,54.0
273700,155,53.8
273800,155,53.2
273900,155,53.4
274000,155,51.7
274100,155,46.2
274200,155,45.0
274300,155,41.8
274400,155,47.8
274500,190,51.1
274600,190,54.6
274700,190,56.1
274800,190,57.3
274900,190,57.3
275000,190,56.6
275100,190,56.8
275200,190,52.4
275300,190,52.4
275400,190,46.4
275500,190,51.7
275600,190,55.2
275700,190,57.0
275800,190,56.8
275900,190,57.4
276000,255,57.1
276100,255,61.0
276200,255,63.4
276300,255,61.2
276400,255,59.8
276500,255,60.7
276600,255,63.1
276700,255,63.5
276800,255,64.0
276900,255,63.9
277000,255,63.3
277100,255,63.9
277200,255,63.1
277300,255,60.6
277400,255,59.4
277500,155,62.9
277600,155,59.8
277700,155,57.1
277800,155,55.6
277900,155,54.2
278000,155,54.2
278100,155,54.0
278200,155,52.9
278300,155,49.9
278400,155,46.9
278500,155,42.2
278600,155,43.5
278700,155,48.3
278800,155,51.8
278900,155,53.6
279000,190,53.7
279100,190,55.2
279200,190,56.6
279300,190,56.4
279400,190,56.5
279500,190,52.0
279600,190,50.5
279700,190,45.4
279800,190,51.5
279900,190,54.3
280000,190,57.0
280100,190,57.5
280200,190,57.0
280300,190,57.4
280400,190,57.3
280500,120,56.1
280600,120,48.7
280700,120,40.1
280800,120,34.2
280900,120,25.8
281000,120,34.9
281100,120,39.7
281200,120,43.6
281300,120,45.2
281400,120,46.0
281500,120,47.4
281600,120,47.3
281700,120,48.0
281800,120,47.8
281900,120,46.4
282000,255,42.0
282100,255,53.3
282200,255,58.2
282300,255,62.0
282400,255,63.5
282500,255,63.4
282600,255,63.9
282700,255,63.9
282800,255,63.3
282900,255,63.6
283000,255,61.5
283100,255,60.6
283200,255,58.9
283300,255,62.6
283400,255,63.0
283500,120,64.2
283600,120,60.1
283700,120,54.0
283800,120,51.5
283900,120,49.7
284000,120,47.1
284100,120,39.8
284200,120,37.6
284300,120,33.4
284400,120,24.0
284500,120,33.3
284600,120,38.0
284700,120,42.1
284800,120,44.9
284900,120,46.9
285000,255,47.7
285100,255,58.2
285200,255,63.5
285300,255,63.5
285400,255,61.0
285500,255,61.0
285600,255,58.8
285700,255,61.6
285800,255,63.6
285900,255,64.0
286000,255,63.3
286100,255,63.9
286200,255,63.8
286300,255,62.6
286400,255,60.5
286500,190,61.1
286600,190,52.6
286700,190,53.8
286800,190,55.7
286900,190,56.6
287000,190,57.5
287100,190,57.5
287200,190,56.6
287300,190,57.1
287400,190,55.9
287500,190,50.1
287600,190,50.9
287700,190,44.9
287800,190,50.0
287900,190,54.2
288000,120,56.1
288100,120,55.1
288200,120,51.9
288300,120,49.5
288400,120,49.1
288500,120,48.5
288600,120,45.7
288700,120,36.9
288800,120,37.1
288900,120,30.1
289000,120,24.9
289100,120,33.3
289200,120,37.1
289300,120,41.2
289400,120,44.9
289500,225,46.4
289600,225,52.8
289700,225,57.3
289800,225,57.8
289900,225,58.4
290000,225,56.4
290100,225,51.0
290200,225,50.0
290300,225,51.1
290400,225,54.5
290500,225,57.1
290600,225,58.2
290700,225,58.3
290800,225,58.8
290900,225,58.8
291000,255,57.9
291100,255,60.2
291200,255,60.3
291300,255,58.3
291400,255,62.2
291500,255,62.9
291600,255,64.0
291700,255,64.0
291800,255,63.3
291900,255,63.8
292000,255,63.6
292100,255,60.2
292200,255,60.7
292300,255,59.4
292400,255,61.7
292500,120,64.0
292600,120,60.5
292700,120,54.3
292800,120,51.8
292900,120,49.9
293000,120,48.5
293100,120,47.2
293200,120,39.5
293300,120,37.0
293400,120,32.0
293500,120,26.3
293600,120,34.8
293700,120,39.5
293800,120,43.4
293900,120,45.7
294000,155,47.6
294100,155,49.9
294200,155,51.7
294300,155,52.8
294400,155,52.7
294500,155,52.2
294600,155,46.3
294700,155,46.6
294800,155,39.9
294900,155,44.3
295000,155,47.3
295100,155,51.9
295200,155,53.4
295300,155,53.3
295400,155,54.0
295500,225,54.0
295600,225,55.5
295700,225,57.0
295800,225,52.9
295900,225,52.6
296000,225,50.9
296100,225,55.6
296200,225,57.3
296300,225,59.1
296400,225,59.2
296500,225,58.4
296600,225,58.9
296700,225,58.7
296800,225,56.5
296900,225,52.3
297000,190,51.3
297100,190,51.0
297200,190,54.3
297300,190,56.5
297400,190,56.9
297500,190,57.7
297600,190,56.9
297700,190,57.3
297800,190,57.0
297900,190,54.5
298000,190,49.9
298100,190,48.2
298200,190,48.0
298300,190,53.4
298400,190,56.1
298500,155,56.9
298600,155,56.5
298700,155,55.0
298800,155,53.7
298900,155,54.0
299000,155,52.6
299100,155,45.3
299200,155,45.7
299300,155,38.3
299400,155,43.4
299500,155,48.6
299600,155,51.7
299700,155,52.8
299800,155,54.0
299900,155,54.0
300000,225,53.3
300100,225,56.0
300200,225,57.0
300300,225,51.8
300400,225,52.6
300500,225,49.1
300600,225,54.8
300700,225,57.8
300800,225,58.3
300900,225,59.2
301000,225,59.1
301100,225,58.3
301200,225,58.8
301300,225,57.4
301400,225,51.3
301500,255,52.0
301600,255,57.9
301700,255,62.8
301800,255,64.0
301900,255,64.2
302000,255,63.3
302100,255,63.9
302200,255,63.8
302300,255,62.4
302400,255,60.3
302500,255,59.6
302600,255,61.9
302700,255,63.6
302800,255,64.2
302900,255,63.4
303000,155,63.9
303100,155,60.5
303200,155,55.6
303300,155,52.9
303400,155,45.0
303500,155,45.3
303600,155,38.9
303700,155,45.4
303800,155,49.0
303900,155,52.7
304000,155,53.2
304100,155,54.0
304200,155,54.1
304300,155,53.3
304400,155,53.7
304500,255,52.2
304600,255,56.0
304700,255,60.1
304800,255,61.7
304900,255,63.0
305000,255,64.2
305100,255,64.0
305200,255,63.3
305300,255,64.0
305400,255,63.6
305500,255,61.7
305600,255,60.1
305700,255,59.1
305800,255,62.2
305900,255,63.8
306000,225,64.2
306100,225,61.2
306200,225,59.9
306300,225,59.1
306400,225,58.0
306500,225,56.4
306600,225,51.8
306700,225,50.0
306800,225,52.8
306900,225,56.9
307000,225,58.0
307100,225,59.1
307200,225,58.5
307300,225,59.1
307400,225,58.9
307500,190,57.8
307600,190,53.7
307700,190,51.5
307800,190,46.6
307900,190,51.4
308000,190,55.1
308100,190,55.6
308200,190,56.9
308300,190,57.4
308400,190,56.8
308500,190,57.3
308600,190,56.9
308700,190,53.4
308800,190,51.5
308900,190,48.3
309000,155,50.3
309100,155,52.8
309200,155,53.6
309300,155,53.7
309400,155,54.3
309500,155,54.1
309600,155,53.4
309700,155,53.6
309800,155,52.3
309900,155,46.0
310000,155,46.9
310100,155,39.7
310200,155,44.6
310300,155,49.4
310400,155,51.1
310500,255,53.6
310600,255,61.0
310700,255,63.1
310800,255,63.9
310900,255,63.6
311000,255,60.5
311100,255,61.7
311200,255,60.1
311300,255,62.8
311400,255,64.0
311500,255,64.2
311600,255,63.3
311700,255,63.8
311800,255,63.9
311900,255,62.6
312000,225,60.6
312100,225,56.5
312200,225,52.9
312300,225,56.2
312400,225,58.3
312500,225,58.5
312600,225,59.1
312700,225,59.1
312800,225,58.3
312900,225,58.5
313000,225,55.5
313100,225,52.9
313200,225,50.8
313300,225,54.7
313400,225,57.0
313500,155,58.9
313600,155,57.0
313700,155,55.6
313800,155,54.6
313900,155,53.7
314000,155,53.4
314100,155,50.5
314200,155,45.3
314300,155,44.3
314400,155,42.1
314500,155,48.3
314600,155,52.2
314700,155,53.6
314800,155,53.6
314900,155,54.2
315000,255,54.2
315100,255,60.2
315200,255,63.4
315300,255,60.8
315400,255,60.5
315500,255,61.2
315600,255,63.6
315700,255,63.5
315800,255,64.2
315900,255,64.2
316000,255,63.3
316100,255,63.9
316200,255,63.1
316300,255,60.2
316400,255,60.1
316500,120,62.9
316600,120,59.2
316700,120,54.1
316800,120,51.1
316900,120,50.1
317000,120,49.0
317100,120,48.0
317200,120,48.1
317300,120,46.8
317400,120,39.3
317500,120,39.2
317600,120,34.2
317700,120,29.8
317800,120,37.8
317900,120,42.3
318000,255,44.9
318100,255,58.8
318200,255,63.8
318300,255,63.3
318400,255,63.8
318500,255,63.6
318600,255,60.7
318700,255,62.0
318800,255,59.9
318900,255,62.8
319000,255,64.0
319100,255,64.0
319200,255,63.4
319300,255,63.8
319400,255,63.9
319500,120,62.8
319600,120,52.9
319700,120,46.8
319800,120,34.2
319900,120,38.6
320000,120,42.2
320100,120,45.3
320200,120,47.2
320300,120,47.4
320400,120,48.1
320500,120,47.7
320600,120,47.1
320700,120,47.6
320800,120,46.6
320900,120,41.7
321000,255,38.1
321100,255,53.8
321200,255,60.5
321300,255,63.4
321400,255,64.2
321500,255,63.4
321600,255,63.9
321700,255,63.9
321800,255,63.1
321900,255,62.6
322000,255,61.0
322100,255,59.1
322200,255,62.9
322300,255,63.9
322400,255,63.4
322500,225,64.0
322600,225,61.7
322700,225,59.1
322800,225,58.5
322900,225,56.0
323000,225,53.3
323100,225,50.9
323200,225,53.6
323300,225,57.3
323400,225,58.8
323500,225,58.5
323600,225,59.2
323700,225,58.9
323800,225,58.3
323900,225,58.0
324000,255,54.1
324100,255,58.8
324200,255,59.7
324300,255,63.1
324400,255,63.3
324500,255,64.0
324600,255,63.9
324700,255,63.3
324800,255,63.9
324900,255,63.1
325000,255,59.8
325100,255,59.9
325200,255,61.6
325300,255,63.0
325400,255,63.8
325500,120,64.0
325600,120,59.4
325700,120,54.5
325800,120,51.3
325900,120,48.0
326000,120,43.4
326100,120,36.2
326200,120,35.6
326300,120,24.5
326400,120,30.6
326500,120,37.2
326600,120,42.0
326700,120,44.9
326800,120,47.2
326900,120,47.8
327000,190,47.6
327100,190,52.0
327200,190,55.7
327300,190,55.2
327400,190,51.9
327500,190,50.4
327600,190,46.3
327700,190,49.4
327800,190,54.0
327900,190,56.1
328000,190,57.5
328100,190,57.7
328200,190,56.8
328300,190,57.3
328400,190,56.8
328500,120,54.3
328600,120,46.4
328700,120,39.9
328800,120,30.1
328900,120,36.6
329000,120,40.9
329100,120,44.1
329200,120,46.7
329300,120,47.7
329400,120,47.4
329500,120,47.7
329600,120,47.1
329700,120,47.1
329800,120,45.7
329900,120,41.5
330000,190,37.2
330100,190,42.9
330200,190,42.1
330300,190,47.8
330400,190,53.8
330500,190,56.1
330600,190,57.5
330700,190,57.5
330800,190,56.8
330900,190,57.1
331000,190,56.0
331100,190,51.7
331200,190,50.1
331300,190,44.1
331400,190,48.3
331500,120,53.8
331600,120,54.0
331700,120,51.3
331800,120,50.5
331900,120,49.6
332000,120,48.3
332100,120,48.0
332200,120,46.4
332300,120,43.9
332400,120,37.2
332500,120,36.5
332600,120,22.3
332700,120,25.0
332800,120,28.7
332900,120,33.4
333000,155,40.3
333100,155,46.3
333200,155,51.4
333300,155,53.1
333400,155,53.1
333500,155,53.7
333600,155,53.6
333700,155,51.8
333800,155,45.3
333900,155,42.5
334000,155,33.2
334100,155,38.9
334200,155,44.4
334300,155,49.5
334400,155,53.1
334500,255,54.0
334600,255,60.2
334700,255,63.8
334800,255,63.9
334900,255,62.2
335000,255,59.9
335100,255,57.8
335200,255,59.3
335300,255,63.0
335400,255,64.0
335500,255,63.4
335600,255,64.0
335700,255,63.9
335800,255,63.1
335900,255,62.4
336000,190,59.7
336100,190,49.7
336200,190,50.1
336300,190,53.1
336400,190,56.6
336500,190,57.5
336600,190,56.9
336700,190,57.4
336800,190,57.3
336900,190,56.5
337000,190,54.1
337100,190,50.0
337200,190,43.1
337300,190,48.0
337400,190,52.0
337500,225,55.4
337600,225,58.0
337700,225,58.9
337800,225,58.4
337900,225,58.9
338000,225,58.8
338100,225,56.2
338200,225,53.4
338300,225,47.8
338400,225,52.3
338500,225,56.2
338600,225,58.4
338700,225,58.5
338800,225,59.1
338900,225,58.7
339000,255,58.2
339100,255,62.0
339200,255,60.8
339300,255,60.5
339400,255,59.7
339500,255,62.2
339600,255,64.0
339700,255,64.2
339800,255,63.3
339900,255,63.9
340000,255,63.9
340100,255,62.9
340200,255,61.4
340300,255,58.9
340400,255,61.4
340500,120,63.6
340600,120,60.3
340700,120,54.7
340800,120,52.2
340900,120,50.4
341000,120,49.5
341100,120,49.0
341200,120,47.3
341300,120,39.8
341400,120,40.8
341500,120,27.8
341600,120,31.5
341700,120,38.0
341800,120,42.0
341900,120,44.8
342000,155,47.3
342100,155,50.0
342200,155,51.9
342300,155,53.3
342400,155,53.2
342500,155,53.4
342600,155,50.1
342700,155,47.4
342800,155,42.0
342900,155,43.5
343000,155,48.0
343100,155,51.4
343200,155,53.4
343300,155,53.6
343400,155,54.2
343500,190,54.2
343600,190,54.7
343700,190,56.4
343800,190,53.4
343900,190,51.8
344000,190,45.3
344100,190,51.7
344200,190,54.6
344300,190,57.0
344400,190,57.7
344500,190,57.0
344600,190,57.5
344700,190,57.5
344800,190,56.5
344900,190,54.0
345000,255,52.6
345100,255,55.2
345200,255,62.9
345300,255,63.8
345400,255,63.5
345500,255,64.0
345600,255,63.4
345700,255,63.9
345800,255,63.8
345900,255,61.1
346000,255,61.4
346100,255,59.9
346200,255,62.1
346300,255,64.0
346400,255,64.2
346500,190,63.5
346600,190,61.4
346700,190,58.7
346800,190,56.8
346900,190,53.3
347000,190,51.9
347100,190,44.8
347200,190,51.9
347300,190,55.4
347400,190,56.5
347500,190,57.5
347600,190,57.4
347700,190,56.6
347800,190,57.0
347900,190,56.8
348000,255,52.9
348100,255,58.8
348200,255,59.3
348300,255,62.1
348400,255,64.0
348500,255,64.3
348600,255,63.4
348700,255,63.9
348800,255,63.4
348900,255,63.5
349000,255,61.4
349100,255,59.4
349200,255,61.9
349300,255,63.6
349400,255,63.5
349500,155,64.2
349600,155,60.7
349700,155,56.2
349800,155,55.2
349900,155,53.7
350000,155,48.5
350100,155,48.9
350200,155,40.4
350300,155,45.3
350400,155,49.9
350500,155,52.3
350600,155,53.3
350700,155,54.2
350800,155,54.2
350900,155,53.4
351000,225,54.0
351100,225,55.5
351200,225,53.4
351300,225,53.7
351400,225,50.9
351500,225,55.9
351600,225,58.2
351700,225,59.2
351800,225,58.7
351900,225,59.1
352000,225,58.3
352100,225,58.8
352200,225,57.4
352300,225,53.2
352400,225,50.8
352500,120,53.4
352600,120,53.1
352700,120,50.8
352800,120,49.6
352900,120,48.7
353000,120,49.0
353100,120,48.6
353200,120,48.0
353300,120,48.0
353400,120,46.4
353500,120,38.5
353600,120,40.6
353700,120,28.4
353800,120,32.5
353900,120,39.3
354000,225,43.1
354100,225,51.4
354200,225,57.7
354300,225,58.7
354400,225,58.3
354500,225,58.8
354600,225,58.5
354700,225,55.5
354800,225,54.7
354900,225,49.7
355000,225,54.6
355100,225,57.8
355200,225,58.4
355300,225,59.3
355400,225,59.2
355500,255,58.4
355600,255,62.4
355700,255,63.4
355800,255,60.5
355900,255,59.6
356000,255,61.5
356100,255,62.5
356200,255,64.0
356300,255,64.0
356400,255,63.3
356500,255,63.8
356600,255,63.8
356700,255,61.9
356800,255,61.6
356900,255,58.8
357000,225,61.9
357100,225,61.4
357200,225,60.2
357300,225,58.9
357400,225,59.3
357500,225,59.1
357600,225,58.3
357700,225,57.5
357800,225,53.8
357900,225,50.3
358000,225,53.2
358100,225,57.1
358200,225,58.2
358300,225,59.3
358400,225,58.7
358500,190,59.2
358600,190,58.2
358700,190,56.8
358800,190,54.1
358900,190,51.4
359000,190,45.4
359100,190,51.0
359200,190,55.0
359300,190,56.4
359400,190,57.7
359500,190,57.7
359600,190,57.0
359700,190,57.4
359800,190,57.0
359900,190,53.8
360000,225,51.8
360100,225,48.7
360200,225,52.7
360300,225,56.9
360400,225,58.7
360500,225,58.8
360600,225,59.1
360700,225,58.9
360800,225,58.3
360900,225,58.4
361000,225,54.8
361100,225,54.1
361200,225,49.7
361300,225,55.5
361400,225,57.1
361500,190,58.5
361600,190,57.8
361700,190,57.8
361800,190,57.5
361900,190,56.9
362000,190,56.6
362100,190,52.0
362200,190,51.7
362300,190,45.9
362400,190,52.9
362500,190,55.2
362600,190,57.4
362700,190,57.8
362800,190,57.0
362900,190,57.5
363000,120,57.4
363100,120,53.7
363200,120,45.2
363300,120,41.6
363400,120,34.2
363500,120,30.0
363600,120,38.0
363700,120,41.8
363800,120,45.3
363900,120,47.3
364000,120,47.6
364100,120,48.3
364200,120,48.3
364300,120,47.7
364400,120,48.1
364500,155,47.1
364600,155,43.0
364700,155,46.2
364800,155,39.7
364900,155,44.5
365000,155,50.0
365100,155,52.3
365200,155,53.8
365300,155,54.1
365400,155,53.3
365500,155,53.6
365600,155,53.6
365700,155,52.3
365800,155,48.9
365900,155,48.0
366000,225,40.2
366100,225,48.5
366200,225,55.1
366300,225,57.7
366400,225,59.1
366500,225,59.2
366600,225,58.4
366700,225,58.9
366800,225,58.5
366900,225,55.2
367000,225,54.5
367100,225,49.7
367200,225,54.3
367300,225,57.8
367400,225,59.1
367500,255,58.8
367600,255,62.5
367700,255,63.9
367800,255,63.3
367900,255,63.3
368000,255,60.7
368100,255,59.4
368200,255,62.9
368300,255,63.3
368400,255,64.3
368500,255,64.2
368600,255,63.4
368700,255,63.9
368800,255,63.8
368900,255,61.4
369000,120,62.1
369100,120,49.9
369200,120,47.3
369300,120,48.0
369400,120,48.6
369500,120,48.5
369600,120,48.9
369700,120,48.7
369800,120,48.0
369900,120,48.2
370000,120,47.7
370100,120,44.6
370200,120,39.3
370300,120,39.3
370400,120,27.4
370500,155,35.7
370600,155,43.6
370700,155,49.4
370800,155,51.5
370900,155,53.2
371000,155,53.3
371100,155,54.0
371200,155,53.3
371300,155,53.7
371400,155,51.4
371500,155,47.1
371600,155,44.6
371700,155,43.2
371800,155,48.3
371900,155,51.4
372000,120,53.6
372100,120,52.0
372200,120,50.8
372300,120,49.4
372400,120,48.2
372500,120,48.2
372600,120,47.2
372700,120,40.9
372800,120,41.7
372900,120,32.0
373000,120,32.9
373100,120,39.9
373200,120,43.7
373300,120,45.8
373400,120,47.8
373500,255,48.3
373600,255,58.7
373700,255,63.8
373800,255,63.9
373900,255,62.4
374000,255,61.9
374100,255,59.3
374200,255,62.5
374300,255,63.9
374400,255,63.5
374500,255,64.2
374600,255,63.9
374700,255,63.3
374800,255,63.8
374900,255,61.7
375000,120,61.0
375100,120,51.5
375200,120,47.2
375300,120,46.8
375400,120,48.3
375500,120,48.7
375600,120,48.2
375700,120,48.6
375800,120,48.3
375900,120,47.8
376000,120,47.6
376100,120,44.4
376200,120,40.7
376300,120,38.1
376400,120,30.1
376500,155,37.9
376600,155,45.2
376700,155,50.5
376800,155,52.6
376900,155,53.8
377000,155,54.0
377100,155,53.3
377200,155,54.0
377300,155,53.4
377400,155,49.4
377500,155,49.1
377600,155,40.9
377700,155,45.5
377800,155,50.3
377900,155,52.4
378000,225,54.1
378100,225,56.5
378200,225,57.8
378300,225,58.8
378400,225,58.8
378500,225,57.4
378600,225,54.5
378700,225,52.2
378800,225,53.4
378900,225,57.4
379000,225,58.9
379100,225,58.8
379200,225,59.3
379300,225,59.2
379400,225,58.4
379500,120,58.5
379600,120,52.6
379700,120,45.9
379800,120,37.4
379900,120,35.6
380000,120,40.3
380100,120,44.1
380200,120,46.4
380300,120,47.4
380400,120,48.2
380500,120,48.5
380600,120,47.8
380700,120,48.2
380800,120,47.3
380900,120,46.7
381000,225,40.9
381100,225,47.6
381200,225,48.7
381300,225,55.4
381400,225,57.3
381500,225,59.2
381600,225,59.2
381700,225,58.7
381800,225,58.9
381900,225,58.9
382000,225,57.5
382100,225,54.6
382200,225,52.3
382300,225,52.7
382400,225,57.1
382500,190,58.8
382600,190,58.2
382700,190,58.0
382800,190,57.8
382900,190,56.9
383000,190,57.1
383100,190,55.4
383200,190,52.3
383300,190,48.6
383400,190,51.4
383500,190,54.5
383600,190,57.0
383700,190,57.5
383800,190,57.0
383900,190,57.3
384000,155,56.5
384100,155,55.5
384200,155,52.4
384300,155,47.7
384400,155,46.0
384500,155,43.4
384600,155,46.9
384700,155,50.9
384800,155,53.1
384900,155,53.3
385000,155,54.2
385100,155,54.1
385200,155,53.4
385300,155,53.7
385400,155,51.9
385500,225,48.1
385600,225,48.7
385700,225,53.2
385800,225,56.1
385900,225,58.5
386000,225,59.3
386100,225,58.7
386200,225,59.1
386300,225,58.9
386400,225,58.2
386500,225,56.2
386600,225,55.1
386700,225,49.6
386800,225,55.9
386900,225,58.0
387000,155,58.5
387100,155,57.8
387200,155,55.1
387300,155,54.7
387400,155,54.3
387500,155,53.2
387600,155,50.6
387700,155,49.1
387800,155,42.2
387900,155,45.8
388000,155,49.9
388100,155,51.7
388200,155,53.7
388300,155,54.3
388400,155,53.7
388500,190,54.1
388600,190,55.2
388700,190,55.7
388800,190,53.3
388900,190,53.1
389000,190,46.9
389100,190,52.3
389200,190,55.1
389300,190,56.5
389400,190,57.7
389500,190,57.7
389600,190,56.9
389700,190,57.4
389800,190,56.8
389900,190,52.7
390000,155,52.3
390100,155,44.1
390200,155,47.1
390300,155,50.5
390400,155,52.4
390500,155,54.1
390600,155,54.3
390700,155,53.6
390800,155,54.0
390900,155,54.0
391000,155,52.2
391100,155,47.3
391200,155,46.0
391300,155,40.2
391400,155,47.4
391500,225,51.1
391600,225,55.1
391700,225,58.4
391800,225,59.1
391900,225,58.4
392000,225,59.1
392100,225,58.5
392200,225,54.8
392300,225,55.2
392400,225,50.3
392500,225,54.3
392600,225,57.1
392700,225,58.9
392800,225,58.7
392900,225,59.1
393000,255,58.8
393100,255,61.5
393200,255,63.3
393300,255,61.2
393400,255,58.8
393500,255,62.4
393600,255,63.0
393700,255,64.4
393800,255,64.2
393900,255,63.5
394000,255,64.0
394100,255,63.9
394200,255,61.6
394300,255,62.2
394400,255,60.2
394500,190,62.6
394600,190,61.5
394700,190,59.3
394800,190,57.9
394900,190,58.0
395000,190,57.7
395100,190,56.6
395200,190,55.5
395300,190,52.8
395400,190,48.0
395500,190,50.8
395600,190,54.0
395700,190,56.0
395800,190,57.7
395900,190,57.9
396000,225,57.1
396100,225,58.2
396200,225,58.8
396300,225,56.2
396400,225,54.7
396500,225,50.6
396600,225,53.6
396700,225,56.9
396800,225,58.3
396900,225,59.4
397000,225,59.3
397100,225,58.7
397200,225,59.2
397300,225,58.5
397400,225,54.8
397500,155,54.5
397600,155,46.8
397700,155,48.6
397800,155,51.0
397900,155,52.6
398000,155,53.2
398100,155,54.2
398200,155,54.2
398300,155,53.6
398400,155,54.0
398500,155,52.4
398600,155,47.2
398700,155,45.3
398800,155,40.9
398900,155,44.0
399000,120,47.7
399100,120,50.0
399200,120,49.6
399300,120,50.1
399400,120,50.1
399500,120,48.9
399600,120,48.9
399700,120,48.3
399800,120,42.2
399900,120,35.3
400000,120,33.4
400100,120,22.1
400200,120,29.7
400300,120,37.5
400400,120,42.3
400500,190,45.5
400600,190,51.0
400700,190,56.0
400800,190,57.3
400900,190,56.9
401000,190,57.5
401100,190,56.9
401200,190,52.4
401300,190,52.0
401400,190,49.0
401500,190,53.7
401600,190,56.5
401700,190,57.7
401800,190,57.1
401900,190,57.7
402000,225,57.4
402100,225,57.4
402200,225,57.8
402300,225,54.6
402400,225,52.9
402500,225,53.1
402600,225,55.6
402700,225,57.8
402800,225,59.2
402900,225,59.3
403000,225,58.7
403100,225,59.2
403200,225,58.3
403300,225,56.8
403400,225,55.4
403500,190,50.6
403600,190,54.6
403700,190,56.4
403800,190,57.0
403900,190,58.0
404000,190,58.0
404100,190,57.1
404200,190,57.7
404300,190,57.0
404400,190,53.3
404500,190,53.4
404600,190,48.3
404700,190,53.1
404800,190,56.1
404900,190,57.7
405000,155,57.4
405100,155,56.9
405200,155,55.4
405300,155,54.1
405400,155,53.8
405500,155,50.6
405600,155,48.6
405700,155,43.6
405800,155,46.3
405900,155,49.4
406000,155,52.3
406100,155,54.0
406200,155,54.0
406300,155,54.5
406400,155,53.8
406500,225,54.3
406600,225,55.7
406700,225,54.1
406800,225,55.1
406900,225,51.9
407000,225,55.6
407100,225,58.2
407200,225,59.4
407300,225,58.8
407400,225,59.3
407500,225,59.2
407600,225,58.4
407700,225,57.7
407800,225,54.7
407900,225,51.7
408000,255,54.8
408100,255,61.7
408200,255,63.5
408300,255,64.3
408400,255,64.2
408500,255,63.4
408600,255,64.0
408700,255,63.1
408800,255,61.2
408900,255,60.1
409000,255,63.3
409100,255,63.4
409200,255,64.4
409300,255,64.3
409400,255,63.5
409500,225,64.2
409600,225,61.0
409700,225,56.9
409800,225,55.7
409900,225,50.5
410000,225,56.0
410100,225,58.0
410200,225,58.7
410300,225,59.4
410400,225,59.2
410500,225,58.3
410600,225,58.9
410700,225,58.0
410800,225,54.0
410900,225,53.6
411000,190,52.2
411100,190,54.0
411200,190,56.6
411300,190,57.8
411400,190,57.4
411500,190,57.8
411600,190,57.7
411700,190,57.0
411800,190,56.2
411900,190,52.0
412000,190,49.5
412100,190,50.3
412200,190,54.3
412300,190,56.0
412400,190,57.8
412500,255,58.0
412600,255,61.4
412700,255,64.0
412800,255,63.1
412900,255,62.1
413000,255,62.0
413100,255,59.8
413200,255,63.6
413300,255,64.4
413400,255,63.6
413500,255,64.3
413600,255,64.2
413700,255,63.4
413800,255,63.4
413900,255,61.5
414000,225,59.8
414100,225,59.2
414200,225,58.8
414300,225,58.8
414400,225,59.6
414500,225,59.6
414600,225,58.7
414700,225,59.3
414800,225,58.7
414900,225,54.5
415000,225,54.8
415100,225,51.1
415200,225,55.9
415300,225,58.4
415400,225,59.3
415500,120,58.9
415600,120,56.8
415700,120,52.9
415800,120,50.3
415900,120,49.2
416000,120,43.4
416100,120,41.2
416200,120,36.5
416300,120,32.0
416400,120,39.4
416500,120,43.4
416600,120,45.8
416700,120,48.0
416800,120,48.6
416900,120,48.3
417000,255,48.7
417100,255,59.3
417200,255,62.9
417300,255,61.6
417400,255,61.7
417500,255,60.3
417600,255,63.8
417700,255,64.4
417800,255,63.6
417900,255,64.3
418000,255,64.0
418100,255,63.4
418200,255,63.5
418300,255,61.6
418400,255,59.3
418500,120,62.9
418600,120,59.7
418700,120,54.6
418800,120,52.4
418900,120,50.9
419000,120,49.2
419100,120,49.0
419200,120,48.0
419300,120,47.1
419400,120,40.8
419500,120,40.3
419600,120,33.5
419700,120,32.7
419800,120,37.2
419900,120,41.2
420000,190,45.0
420100,190,50.4
420200,190,55.9
420300,190,57.1
420400,190,56.9
420500,190,57.7
420600,190,56.8
420700,190,51.4
420800,190,52.3
420900,190,48.5
421000,190,53.3
421100,190,56.2
421200,190,57.7
421300,190,57.4
421400,190,57.9
421500,120,57.9
421600,120,54.7
421700,120,51.0
421800,120,43.6
421900,120,41.5
422000,120,34.8
422100,120,33.3
422200,120,39.4
422300,120,43.2
422400,120,45.7
422500,120,48.0
422600,120,48.6
422700,120,48.2
422800,120,48.6
422900,120,48.5
423000,155,48.0
423100,155,49.0
423200,155,45.8
423300,155,46.8
423400,155,41.8
423500,155,48.6
423600,155,51.4
423700,155,53.7
423800,155,54.5
423900,155,54.0
424000,155,54.5
424100,155,54.3
424200,155,53.4
424300,155,52.2
424400,155,47.3
424500,190,46.0
424600,190,46.3
424700,190,53.7
424800,190,55.7
424900,190,57.0
425000,190,57.8
425100,190,57.1
425200,190,57.7
425300,190,57.7
425400,190,56.1
425500,190,52.2
425600,190,51.4
425700,190,49.1
425800,190,54.7
425900,190,56.2
426000,225,57.9
426100,225,58.5
426200,225,58.7
426300,225,59.2
426400,225,59.1
426500,225,57.3
426600,225,54.1
426700,225,51.8
426800,225,53.4
426900,225,57.4
427000,225,58.9
427100,225,58.9
427200,225,59.6
427300,225,59.3
427400,225,58.7
427500,120,58.8
427600,120,51.7
427700,120,44.4
427800,120,36.2
427900,120,34.3
428000,120,39.8
428100,120,43.9
428200,120,46.4
428300,120,47.4
428400,120,48.5
428500,120,48.3
428600,120,47.6
428700,120,48.1
428800,120,47.3
428900,120,46.8
429000,155,39.8
429100,155,43.4
429200,155,38.5
429300,155,44.4
429400,155,47.6
429500,155,51.9
429600,155,53.8
429700,155,53.8
429800,155,54.5
429900,155,54.2
430000,155,53.6
430100,155,53.3
430200,155,48.6
430300,155,48.2
430400,155,41.1
430500,120,46.0
430600,120,47.4
430700,120,48.5
430800,120,49.1
430900,120,48.7
431000,120,49.1
431100,120,48.9
431200,120,48.2
431300,120,48.5
431400,120,47.1
431500,120,39.4
431600,120,40.9
431700,120,30.2
431800,120,33.4
431900,120,39.5
432000,190,42.6
432100,190,50.5
432200,190,56.0
432300,190,56.6
432400,190,57.7
432500,190,57.7
432600,190,56.9
432700,190,55.7
432800,190,52.4
432900,190,48.3
433000,190,50.9
433100,190,55.1
433200,190,56.5
433300,190,58.0
433400,190,58.0
433500,225,57.4
433600,225,58.3
433700,225,58.8
433800,225,56.2
433900,225,55.1
434000,225,50.6
434100,225,54.3
434200,225,57.5
434300,225,58.7
434400,225,58.7
434500,225,59.3
434600,225,59.2
434700,225,58.7
434800,225,58.5
434900,225,54.7
435000,255,54.0
435100,255,57.1
435200,255,62.2
435300,255,64.2
435400,255,64.3
435500,255,63.6
435600,255,64.2
435700,255,64.2
435800,255,63.0
435900,255,61.4
436000,255,60.1
436100,255,61.7
436200,255,63.9
436300,255,64.3
436400,255,63.6
436500,225,64.3
436600,225,62.0
436700,225,59.3
436800,225,58.2
436900,225,54.3
437000,225,51.3
437100,225,53.3
437200,225,56.9
437300,225,58.2
437400,225,59.4
437500,225,59.4
437600,225,58.4
437700,225,59.1
437800,225,58.7
437900,225,55.4
438000,120,55.1
438100,120,43.4
438200,120,41.2
438300,120,42.1
438400,120,44.5
438500,120,47.4
438600,120,48.3
438700,120,48.2
438800,120,48.7
438900,120,48.6
439000,120,48.1
439100,120,47.6
439200,120,42.5
439300,120,40.7
439400,120,35.3
439500,255,31.9
439600,255,54.5
439700,255,63.4
439800,255,64.4
439900,255,63.5
440000,255,64.2
440100,255,64.0
440200,255,63.1
440300,255,61.9
440400,255,61.9
440500,255,59.6
440600,255,63.6
440700,255,64.2
440800,255,63.6
440900,255,64.2
441000,225,64.2
441100,225,61.2
441200,225,59.4
441300,225,55.1
441400,225,53.6
441500,225,50.6
441600,225,55.5
441700,225,58.2
441800,225,59.3
441900,225,58.9
442000,225,59.4
442100,225,59.3
442200,225,58.5
442300,225,57.8
442400,225,54.2
442500,190,50.5
442600,190,51.9
442700,190,55.0
442800,190,56.0
442900,190,57.5
443000,190,57.9
443100,190,57.3
443200,190,57.7
443300,190,57.5
443400,190,54.8
443500,190,52.8
443600,190,48.3
443700,190,50.1
443800,190,54.8
443900,190,57.0
444000,120,57.4
444100,120,55.6
444200,120,52.4
444300,120,50.1
444400,120,49.7
444500,120,48.3
444600,120,42.3
444700,120,41.5
444800,120,33.2
444900,120,31.4
445000,120,38.5
445100,120,41.8
445200,120,45.4
445300,120,47.6
445400,120,48.0
445500,255,48.7
445600,255,59.3
445700,255,63.3
445800,255,63.8
445900,255,61.6
446000,255,59.8
446100,255,61.9
446200,255,63.5
446300,255,63.6
446400,255,64.3
446500,255,64.0
446600,255,63.3
446700,255,64.0
446800,255,63.0
446900,255,61.1
447000,120,59.7
447100,120,56.4
447200,120,50.9
447300,120,50.8
447400,120,50.0
447500,120,49.1
447600,120,49.1
447700,120,49.0
447800,120,48.2
447900,120,48.0
448000,120,43.4
448100,120,40.8
448200,120,36.4
448300,120,30.0
448400,120,37.9
448500,225,42.2
448600,225,51.0
448700,225,57.8
448800,225,59.1
448900,225,58.5
449000,225,59.2
449100,225,59.2
449200,225,57.1
449300,225,54.1
449400,225,51.1
449500,225,53.3
449600,225,57.1
449700,225,58.9
449800,225,59.1
449900,225,59.4
450000,190,59.4
450100,190,57.9
450200,190,57.7
450300,190,54.2
450400,190,52.3
450500,190,46.7
450600,190,51.9
450700,190,54.2
450800,190,57.0
450900,190,57.9
451000,190,57.3
451100,190,57.8
451200,190,57.0
451300,190,57.3
451400,190,54.2
451500,225,52.4
451600,225,48.3
451700,225,54.1
451800,225,56.2
451900,225,58.2
452000,225,59.2
452100,225,58.7
452200,225,59.2
452300,225,59.2
452400,225,58.2
452500,225,55.2
452600,225,54.0
452700,225,50.1
452800,225,56.0
452900,225,58.2
453000,255,58.8
453100,255,62.8
453200,255,64.2
453300,255,63.4
453400,255,63.9
453500,255,62.1
453600,255,61.2
453700,255,59.8
453800,255,63.5
453900,255,63.5
454000,255,64.4
454100,255,64.3
454200,255,63.5
454300,255,64.0
454400,255,63.1
454500,190,61.6
454600,190,55.5
454700,190,50.9
454800,190,54.7
454900,190,56.9
455000,190,57.1
455100,190,57.9
455200,190,57.5
455300,190,56.8
455400,190,57.4
455500,190,56.0
455600,190,51.5
455700,190,48.3
455800,190,49.0
455900,190,51.9
456000,255,56.0
456100,255,61.9
456200,255,63.4
456300,255,64.2
456400,255,64.2
456500,255,63.0
456600,255,61.6
456700,255,61.0
456800,255,60.3
456900,255,63.3
457000,255,64.2
457100,255,63.8
457200,255,64.2
457300,255,64.2
457400,255,63.4
457500,120,63.6
457600,120,53.8
457700,120,44.0
457800,120,35.3
457900,120,39.7
458000,120,42.6
458100,120,45.4
458200,120,47.1
458300,120,48.5
458400,120,48.7
458500,120,48.2
458600,120,48.6
458700,120,48.5
458800,120,47.1
458900,120,41.1
459000,225,41.3
459100,225,41.3
459200,225,53.1
459300,225,57.0
459400,225,58.3
459500,225,59.6
459600,225,59.4
459700,225,58.7
459800,225,59.2
459900,225,58.8
460000,225,54.8
460100,225,55.0
460200,225,50.4
460300,225,55.0
460400,225,57.8
460500,120,58.4
460600,120,55.7
460700,120,53.1
460800,120,50.5
460900,120,50.0
461000,120,49.5
461100,120,46.2
461200,120,40.7
461300,120,39.9
461400,120,29.2
461500,120,36.9
461600,120,41.7
461700,120,44.1
461800,120,47.1
461900,120,48.5
462000,225,48.3
462100,225,53.8
462200,225,57.8
462300,225,58.0
462400,225,57.7
462500,225,54.6
462600,225,50.6
462700,225,54.2
462800,225,57.1
462900,225,58.2
463000,225,59.4
463100,225,59.4
463200,225,58.7
463300,225,59.2
463400,225,58.8
463500,255,55.1
463600,255,59.6
463700,255,59.9
463800,255,62.6
463900,255,64.3
464000,255,63.6
464100,255,64.0
464200,255,63.9
464300,255,63.3
464400,255,63.6
464500,255,61.2
464600,255,59.3
464700,255,61.7
464800,255,63.4
464900,255,63.6
465000,155,64.4
465100,155,61.0
465200,155,56.8
465300,155,55.5
465400,155,54.0
465500,155,48.5
465600,155,48.6
465700,155,40.3
465800,155,45.9
465900,155,49.9
466000,155,52.4
466100,155,53.6
466200,155,54.5
466300,155,54.5
466400,155,53.7
466500,120,54.2
466600,120,51.8
466700,120,43.5
466800,120,43.0
466900,120,31.1
467000,120,33.3
467100,120,39.5
467200,120,42.3
467300,120,45.8
467400,120,47.8
467500,120,47.8
467600,120,48.6
467700,120,48.6
467800,120,48.0
467900,120,48.3
468000,255,47.1
468100,255,55.4
468200,255,59.4
468300,255,62.2
468400,255,62.9
468500,255,64.3
468600,255,64.3
468700,255,63.4
468800,255,64.2
468900,255,63.9
469000,255,61.7
469100,255,62.0
469200,255,59.6
469300,255,62.4
469400,255,64.0
469500,190,64.4
469600,190,61.1
469700,190,59.1
469800,190,58.0
469900,190,57.0
470000,190,55.1
470100,190,52.6
470200,190,46.9
470300,190,51.3
470400,190,54.3
470500,190,57.0
470600,190,57.9
470700,190,57.3
470800,190,57.8
470900,190,57.7
471000,225,57.0
471100,225,55.7
471200,225,54.7
471300,225,49.5
471400,225,54.3
471500,225,57.0
471600,225,58.2
471700,225,59.4
471800,225,59.4
471900,225,58.7
472000,225,59.3
472100,225,58.7
472200,225,54.5
472300,225,54.1
472400,225,50.4
472500,190,55.4
472600,190,57.0
472700,190,57.9
472800,190,57.4
472900,190,57.7
473000,190,57.4
473100,190,56.8
473200,190,56.5
473300,190,52.0
473400,190,50.5
473500,190,47.3
473600,190,50.9
473700,190,55.0
473800,190,57.3
473900,190,57.1
474000,120,57.8
474100,120,55.4
474200,120,51.7
474300,120,49.6
474400,120,45.2
474500,120,40.8
474600,120,36.5
474700,120,29.0
474800,120,36.5
474900,120,41.6
475000,120,44.8
475100,120,46.6
475200,120,48.2
475300,120,48.6
475400,120,48.2
475500,155,48.7
475600,155,50.0
475700,155,51.1
475800,155,48.1
475900,155,48.1
476000,155,39.2
476100,155,45.5
476200,155,49.5
476300,155,51.4
476400,155,53.7
476500,155,54.3
476600,155,53.7
476700,155,54.2
476800,155,53.6
476900,155,53.3
477000,120,49.0
477100,120,46.0
477200,120,33.2
477300,120,36.1
477400,120,40.4
477500,120,43.6
477600,120,46.4
477700,120,47.4
477800,120,48.6
477900,120,48.6
478000,120,48.1
478100,120,48.3
478200,120,48.0
478300,120,45.4
478400,120,39.9
478500,225,39.8
478600,225,39.4
478700,225,53.8
478800,225,57.3
478900,225,57.7
479000,225,59.2
479100,225,59.2
479200,225,58.4
479300,225,59.2
479400,225,58.5
479500,225,53.8
479600,225,53.6
479700,225,50.8
479800,225,55.6
479900,225,58.0
480000,120,58.8
480100,120,56.9
480200,120,53.3
480300,120,50.4
480400,120,49.6
480500,120,48.5
480600,120,44.3
480700,120,40.3
480800,120,37.9
480900,120,29.2
481000,120,37.0
481100,120,41.6
481200,120,44.1
481300,120,47.1
481400,120,48.2
481500,225,48.2
481600,225,53.7
481700,225,57.7
481800,225,57.9
481900,225,57.0
482000,225,54.5
482100,225,49.7
482200,225,53.7
482300,225,57.0
482400,225,58.0
482500,225,59.3
482600,225,59.4
482700,225,58.3
482800,225,58.8
482900,225,58.3
483000,155,54.2
483100,155,52.2
483200,155,40.9
483300,155,45.7
483400,155,48.9
483500,155,51.7
483600,155,53.8
483700,155,54.2
483800,155,53.8
483900,155,54.2
484000,155,54.1
484100,155,52.7
484200,155,48.1
484300,155,48.0
484400,155,39.5
484500,120,46.3
484600,120,48.2
484700,120,48.0
484800,120,49.0
484900,120,49.1
485000,120,48.6
485100,120,48.9
485200,120,48.6
485300,120,47.7
485400,120,46.6
485500,120,39.3
485600,120,40.4
485700,120,30.0
485800,120,33.4
485900,120,39.4
486000,255,43.4
486100,255,58.4
486200,255,63.5
486300,255,64.2
486400,255,63.5
486500,255,64.0
486600,255,63.4
486700,255,60.6
486800,255,59.4
486900,255,62.6
487000,255,63.1
487100,255,64.3
487200,255,64.3
487300,255,63.5
487400,255,64.0
487500,120,64.0
487600,120,56.5
487700,120,46.6
487800,120,38.3
487900,120,32.5
488000,120,39.2
488100,120,42.7
488200,120,44.6
488300,120,45.9
488400,120,47.4
488500,120,47.6
488600,120,48.2
488700,120,48.2
488800,120,47.8
488900,120,47.2
489000,255,40.8
489100,255,54.7
489200,255,59.2
489300,255,63.3
489400,255,63.5
489500,255,64.4
489600,255,63.5
489700,255,64.2
489800,255,64.2
489900,255,63.0
490000,255,61.2
490100,255,59.9
490200,255,61.0
490300,255,63.6
490400,255,64.2
490500,190,63.8
490600,190,61.6
490700,190,59.1
490800,190,57.5
490900,190,56.9
491000,190,51.9
491100,190,50.9
491200,190,46.9
491300,190,53.1
491400,190,55.0
491500,190,57.4
491600,190,57.9
491700,190,57.1
491800,190,57.5
491900,190,57.4
492000,255,56.0
492100,255,58.7
492200,255,60.5
492300,255,60.7
492400,255,63.1
492500,255,64.2
492600,255,63.6
492700,255,64.2
492800,255,63.5
492900,255,64.0
493000,255,63.3
493100,255,60.7
493200,255,59.3
493300,255,63.0
493400,255,63.1
493500,190,64.4
493600,190,61.7
493700,190,58.5
493800,190,58.2
493900,190,57.7
494000,190,55.7
494100,190,51.4
494200,190,48.7
494300,190,48.6
494400,190,54.2
494500,190,56.4
494600,190,57.1
494700,190,57.9
494800,190,57.8
494900,190,57.0
495000,255,57.7
495100,255,60.8
495200,255,60.6
495300,255,59.3
495400,255,62.9
495500,255,63.0
495600,255,64.4
495700,255,64.3
495800,255,63.5
495900,255,64.0
496000,255,63.3
496100,255,61.5
496200,255,61.6
496300,255,59.6
496400,255,63.1
496500,155,64.2
496600,155,60.7
496700,155,57.5
496800,155,55.7
496900,155,54.2
497000,155,54.2
497100,155,52.0
497200,155,45.7
497300,155,44.3
497400,155,40.8
497500,155,47.4
497600,155,51.3
497700,155,53.4
497800,155,53.7
497900,155,54.5
498000,120,54.3
498100,120,52.2
498200,120,50.5
498300,120,47.7
498400,120,38.4
498500,120,40.4
498600,120,29.3
498700,120,32.5
498800,120,38.9
498900,120,42.3
499000,120,44.8
499100,120,47.4
499200,120,47.7
499300,120,48.5
499400,120,48.5
499500,255,48.1
499600,255,59.1
499700,255,61.5
499800,255,61.4
499900,255,59.8
500000,255,63.4
500100,255,63.4
500200,255,64.2
500300,255,64.2
500400,255,63.3
500500,255,63.9
500600,255,63.6
500700,255,60.6
500800,255,60.2
500900,255,61.4
501000,225,62.8
501100,225,62.0
501200,225,60.3
501300,225,59.2
501400,225,59.3
501500,225,59.2
501600,225,57.9
501700,225,54.2
501800,225,53.8
501900,225,49.6
502000,225,56.0
502100,225,58.0
502200,225,58.7
502300,225,59.6
502400,225,58.8
502500,120,59.2
502600,120,56.4
502700,120,51.0
502800,120,42.0
502900,120,42.0
503000,120,30.1
503100,120,33.9
503200,120,39.9
503300,120,43.0
503400,120,46.0
503500,120,47.8
503600,120,48.0
503700,120,48.6
503800,120,48.6
503900,120,48.0
504000,225,48.3
504100,225,51.8
504200,225,52.2
504300,225,50.8
504400,225,54.0
504500,225,56.5
504600,225,58.7
504700,225,59.4
504800,225,58.9
504900,225,59.3
505000,225,59.2
505100,225,58.3
505200,225,55.4
505300,225,54.6
505400,225,48.7
505500,120,55.2
505600,120,53.7
505700,120,51.1
505800,120,49.7
505900,120,48.9
506000,120,49.0
506100,120,48.7
506200,120,48.1
506300,120,47.6
506400,120,42.9
506500,120,39.8
506600,120,35.8
506700,120,29.3
506800,120,37.2
506900,120,42.0
507000,155,44.8
507100,155,48.9
507200,155,52.8
507300,155,53.8
507400,155,53.6
507500,155,54.1
507600,155,53.6
507700,155,50.6
507800,155,47.3
507900,155,43.9
508000,155,42.3
508100,155,49.0
508200,155,51.8
508300,155,53.3
508400,155,54.3
508500,255,54.5
508600,255,60.5
508700,255,63.9
508800,255,62.9
508900,255,61.2
509000,255,59.8
509100,255,61.6
509200,255,63.8
509300,255,64.3
509400,255,63.5
509500,255,64.2
509600,255,64.0
509700,255,63.3
509800,255,62.4
509900,255,61.9
510000,225,58.7
510100,225,59.3
510200,225,58.7
510300,225,58.8
510400,225,59.6
510500,225,59.4
510600,225,58.5
510700,225,59.1
510800,225,57.9
510900,225,53.3
511000,225,51.7
511100,225,52.7
511200,225,56.0
511300,225,58.5
511400,225,59.6
511500,155,59.1
511600,155,57.8
511700,155,55.7
511800,155,54.1
511900,155,52.3
512000,155,47.1
512100,155,44.3
512200,155,41.5
512300,155,47.3
512400,155,50.9
512500,155,53.3
512600,155,53.7
512700,155,54.5
512800,155,54.5
512900,155,53.7
513000,255,54.0
513100,255,59.1
513200,255,61.0
513300,255,59.2
513400,255,63.1
513500,255,63.3
513600,255,64.4
513700,255,64.3
513800,255,63.5
513900,255,64.2
514000,255,63.9
514100,255,60.8
514200,255,60.6
514300,255,61.2
514400,255,62.8
514500,120,63.9
514600,120,60.5
514700,120,54.8
514800,120,52.3
514900,120,50.6
515000,120,49.1
515100,120,47.7
515200,120,40.3
515300,120,41.3
515400,120,28.8
515500,120,33.4
515600,120,39.3
515700,120,42.7
515800,120,45.4
515900,120,47.7
516000,155,48.6
516100,155,50.1
516200,155,52.9
516300,155,53.7
516400,155,53.1
516500,155,50.0
516600,155,48.3
516700,155,40.1
516800,155,44.0
516900,155,48.6
517000,155,50.9
517100,155,53.6
517200,155,54.3
517300,155,53.8
517400,155,54.3
517500,255,54.5
517600,255,60.1
517700,255,61.4
517800,255,60.3
517900,255,60.7
518000,255,63.4
518100,255,64.3
518200,255,63.6
518300,255,64.0
518400,255,63.3
518500,255,64.0
518600,255,63.1
518700,255,61.0
518800,255,59.2
518900,255,62.1
519000,225,63.1
519100,225,62.2
519200,225,60.5
519300,225,59.1
519400,225,59.4
519500,225,59.2
519600,225,57.5
519700,225,54.5
519800,225,50.8
519900,225,51.8
520000,225,56.1
520100,225,58.3
520200,225,58.8
520300,225,59.6
520400,225,59.3
520500,155,58.8
520600,155,57.3
520700,155,52.3
520800,155,47.4
520900,155,41.2
521000,155,42.6
521100,155,47.6
521200,155,50.9
521300,155,53.4
521400,155,53.8
521500,155,54.6
521600,155,53.8
521700,155,54.3
521800,155,54.0
521900,155,50.6
522000,255,48.6
522100,255,54.8
522200,255,61.5
522300,255,63.6
522400,255,64.4
522500,255,63.6
522600,255,64.2
522700,255,64.2
522800,255,63.4
522900,255,62.2
523000,255,61.7
523100,255,58.7
523200,255,63.0
523300,255,63.6
523400,255,63.4
523500,120,64.3
523600,120,60.3
523700,120,54.3
523800,120,51.8
523900,120,48.1
524000,120,40.7
524100,120,39.3
524200,120,26.9
524300,120,33.2
524400,120,38.1
524500,120,42.0
524600,120,44.9
524700,120,47.6
524800,120,47.8
524900,120,48.6
525000,225,48.7
525100,225,53.3
525200,225,57.5
525300,225,55.4
525400,225,54.1
525500,225,49.5
525600,225,55.2
525700,225,56.8
525800,225,59.1
525900,225,59.4
526000,225,58.9
526100,225,59.2
526200,225,59.2
526300,225,57.9
526400,225,54.7
526500,155,52.6
526600,155,47.2
526700,155,49.6
526800,155,51.4
526900,155,52.9
527000,155,54.2
527100,155,54.2
527200,155,53.3
527300,155,53.8
527400,155,53.4
527500,155,50.4
527600,155,48.0
527700,155,41.1
527800,155,41.5
527900,155,46.4
528000,120,50.0
528100,120,51.5
528200,120,50.5
528300,120,49.0
528400,120,49.2
528500,120,48.9
528600,120,48.2
528700,120,47.7
528800,120,42.6
528900,120,41.1
529000,120,32.4
529100,120,29.8
529200,120,36.6
529300,120,40.9
529400,120,44.1
529500,225,46.4
529600,225,53.1
529700,225,57.8
529800,225,58.2
529900,225,59.1
530000,225,58.7
530100,225,54.7
530200,225,54.5
530300,225,49.7
530400,225,54.7
530500,225,57.4
530600,225,59.2
530700,225,58.9
530800,225,59.3
530900,225,59.3
531000,155,58.5
531100,155,56.5
531200,155,49.1
531300,155,46.0
531400,155,39.7
531500,155,46.2
531600,155,49.6
531700,155,52.4
531800,155,53.4
531900,155,54.5
532000,155,54.5
532100,155,53.7
532200,155,54.2
532300,155,53.1
532400,155,47.4
532500,120,45.7
532600,120,36.5
532700,120,39.9
532800,120,42.9
532900,120,45.0
533000,120,45.9
533100,120,47.8
533200,120,48.3
533300,120,48.0
533400,120,48.5
533500,120,48.6
533600,120,46.9
533700,120,42.1
533800,120,42.0
533900,120,30.7
534000,225,31.0
534100,225,46.3
534200,225,55.0
534300,225,58.5
534400,225,58.7
534500,225,59.4
534600,225,59.2
534700,225,58.5
534800,225,58.7
534900,225,55.2
535000,225,53.2
535100,225,50.1
535200,225,55.9
535300,225,57.4
535400,225,59.4
535500,255,59.6
535600,255,62.0
535700,255,64.0
535800,255,64.0
535900,255,61.7
536000,255,61.9
536100,255,59.4
536200,255,62.8
536300,255,64.0
536400,255,64.4
536500,255,63.5
536600,255,64.0
536700,255,64.0
536800,255,63.0
536900,255,61.7
537000,225,60.1
537100,225,56.5
537200,225,56.8
537300,225,58.7
537400,225,58.8
537500,225,59.4
537600,225,58.7
537700,225,59.2
537800,225,59.1
537900,225,55.6
538000,225,55.2
538100,225,49.0
538200,225,54.2
538300,225,57.3
538400,225,59.2
538500,120,59.1
538600,120,57.0
538700,120,53.1
538800,120,50.5
538900,120,49.4
539000,120,46.4
539100,120,40.9
539200,120,38.4
539300,120,26.7
539400,120,32.9
539500,120,38.4
539600,120,42.5
539700,120,45.4
539800,120,47.8
539900,120,48.5
540000,190,48.3
540100,190,52.0
540200,190,55.9
540300,190,56.0
540400,190,53.3
540500,190,52.2
540600,190,44.9
540700,190,51.7
540800,190,54.5
540900,190,57.1
541000,190,58.0
541100,190,57.3
541200,190,57.8
541300,190,57.7
541400,190,56.6
541500,225,53.7
541600,225,53.4
541700,225,48.7
541800,225,54.5
541900,225,57.3
542000,225,57.5
542100,225,59.2
542200,225,59.2
542300,225,58.5
542400,225,59.3
542500,225,58.5
542600,225,54.5
542700,225,51.8
542800,225,50.6
542900,225,55.1
543000,190,58.2
543100,190,58.7
543200,190,57.8
543300,190,57.9
543400,190,57.8
543500,190,57.1
543600,190,56.6
543700,190,52.6
543800,190,47.2
543900,190,48.9
544000,190,53.4
544100,190,56.4
544200,190,57.8
544300,190,57.5
544400,190,57.9
544500,225,57.8
544600,225,57.7
544700,225,57.9
544800,225,55.0
544900,225,49.9
545000,225,52.9
545100,225,56.6
545200,225,58.0
545300,225,59.4
545400,225,59.3
545500,225,58.3
545600,225,58.8
545700,225,58.7
545800,225,55.7
545900,225,54.7
546000,120,48.5
546100,120,47.7
546200,120,46.0
546300,120,47.3
546400,120,48.0
546500,120,49.0
546600,120,48.9
546700,120,48.3
546800,120,48.6
546900,120,48.5
547000,120,46.9
547100,120,41.6
547200,120,39.5
547300,120,25.5
547400,120,31.6
547500,255,37.9
547600,255,56.8
547700,255,64.0
547800,255,63.6
547900,255,64.3
548000,255,64.2
548100,255,63.4
548200,255,63.1
548300,255,62.1
548400,255,58.2
548500,255,62.9
548600,255,63.9
548700,255,63.8
548800,255,64.3
548900,255,64.2
549000,120,63.5
549100,120,59.9
549200,120,51.5
549300,120,45.7
549400,120,33.0
549500,120,30.2
549600,120,37.0
549700,120,41.3
549800,120,44.8
549900,120,46.8
550000,120,48.3
550100,120,48.6
550200,120,48.2
550300,120,48.6
550400,120,48.1
550500,190,48.0
550600,190,48.1
550700,190,50.4
550800,190,44.5
550900,190,51.7
551000,190,54.5
551100,190,56.4
551200,190,57.7
551300,190,57.1
551400,190,57.7
551500,190,57.8
551600,190,56.8
551700,190,54.6
551800,190,53.2
551900,190,45.0
552000,155,51.9
552100,155,53.7
552200,155,53.8
552300,155,54.7
552400,155,54.7
552500,155,54.1
552600,155,54.3
552700,155,54.1
552800,155,52.4
552900,155,49.1
553000,155,43.7
553100,155,40.6
553200,155,47.2
553300,155,50.6
553400,155,52.7
553500,120,54.5
553600,120,52.7
553700,120,51.0
553800,120,49.5
553900,120,48.5
554000,120,48.2
554100,120,43.4
554200,120,41.3
554300,120,26.7
554400,120,28.8
554500,120,35.7
554600,120,40.6
554700,120,44.3
554800,120,46.3
554900,120,48.1
555000,155,48.5
555100,155,49.9
555200,155,52.3
555300,155,53.2
555400,155,52.3
555500,155,48.5
555600,155,44.5
555700,155,37.2
555800,155,45.0
555900,155,49.1
556000,155,51.8
556100,155,54.0
556200,155,54.5
556300,155,54.0
556400,155,54.3
556500,120,54.2
556600,120,51.4
556700,120,45.0
556800,120,42.6
556900,120,28.3
557000,120,32.4
557100,120,37.8
557200,120,41.5
557300,120,44.9
557400,120,46.8
557500,120,48.2
557600,120,48.6
557700,120,48.1
557800,120,48.6
557900,120,48.3
558000,225,47.2
558100,225,49.2
558200,225,51.0
558300,225,49.1
558400,225,55.6
558500,225,58.0
558600,225,58.7
558700,225,59.6
558800,225,59.4
558900,225,58.8
559000,225,59.2
559100,225,58.2
559200,225,54.6
559300,225,49.5
559400,225,53.2
559500,120,56.2
559600,120,55.6
559700,120,52.9
559800,120,50.6
559900,120,50.4
560000,120,49.5
560100,120,49.7
560200,120,48.6
560300,120,44.9
560400,120,42.7
560500,120,33.5
560600,120,25.6
560700,120,34.3
560800,120,38.9
560900,120,42.5
561000,190,46.2
561100,190,51.9
561200,190,55.6
561300,190,57.3
561400,190,57.5
561500,190,56.9
561600,190,55.9
561700,190,52.7
561800,190,43.9
561900,190,49.1
562000,190,53.8
562100,190,55.9
562200,190,57.8
562300,190,57.9
562400,190,57.3
562500,225,57.8
562600,225,58.2
562700,225,57.0
562800,225,55.2
562900,225,48.7
563000,225,53.1
563100,225,56.9
563200,225,58.0
563300,225,59.4
563400,225,59.6
563500,225,58.8
563600,225,59.2
563700,225,59.1
563800,225,55.9
563900,225,54.7
564000,190,49.1
564100,190,53.6
564200,190,56.0
564300,190,57.5
564400,190,57.4
564500,190,57.8
564600,190,57.5
564700,190,56.8
564800,190,56.9
564900,190,54.0
565000,190,51.1
565100,190,44.8
565200,190,50.5
565300,190,53.7
565400,190,57.0
565500,155,57.9
565600,155,56.1
565700,155,55.4
565800,155,54.6
565900,155,53.6
566000,155,51.8
566100,155,49.2
566200,155,38.6
566300,155,41.8
566400,155,47.3
566500,155,51.3
566600,155,53.6
566700,155,53.7
566800,155,54.5
566900,155,54.3
567000,120,54.0
567100,120,52.4
567200,120,48.2
567300,120,42.9
567400,120,36.2
567500,120,25.8
567600,120,34.3
567700,120,39.8
567800,120,43.4
567900,120,45.8
568000,120,47.8
568100,120,48.5
568200,120,48.2
568300,120,48.6
568400,120,48.6
568500,255,47.8
568600,255,57.5
568700,255,61.6
568800,255,58.5
568900,255,63.0
569000,255,64.2
569100,255,63.8
569200,255,64.3
569300,255,64.2
569400,255,63.4
569500,255,63.9
569600,255,61.5
569700,255,59.2
569800,255,61.6
569900,255,62.9
570000,190,64.3
570100,190,61.9
570200,190,58.7
570300,190,58.3
570400,190,57.9
570500,190,56.8
570600,190,54.1
570700,190,51.3
570800,190,44.9
570900,190,51.9
571000,190,55.2
571100,190,56.8
571200,190,57.9
571300,190,57.9
571400,190,57.1
571500,155,57.8
571600,155,56.0
571700,155,50.6
571800,155,49.2
571900,155,38.1
572000,155,44.4
572100,155,49.2
572200,155,52.2
572300,155,53.3
572400,155,54.5
572500,155,54.5
572600,155,53.8
572700,155,54.3
572800,155,53.1
572900,155,50.1
573000,190,48.2
573100,190,39.9
573200,190,49.7
573300,190,54.0
573400,190,56.0
573500,190,57.7
573600,190,57.7
573700,190,56.9
573800,190,57.4
573900,190,57.1
574000,190,54.6
574100,190,53.3
574200,190,44.1
574300,190,48.6
574400,190,52.7
574500,255,56.0
574600,255,61.4
574700,255,64.2
574800,255,64.2
574900,255,63.5
575000,255,63.8
575100,255,62.0
575200,255,58.2
575300,255,61.1
575400,255,63.3
575500,255,63.6
575600,255,64.4
575700,255,64.3
575800,255,63.5
575900,255,64.2
576000,120,62.5
576100,120,54.6
576200,120,37.4
576300,120,30.2
576400,120,36.0
576500,120,39.9
576600,120,43.5
576700,120,46.7
576800,120,48.1
576900,120,48.0
577000,120,48.6
577100,120,48.5
577200,120,48.0
577300,120,47.8
577400,120,44.1
577500,155,41.7
577600,155,33.4
577700,155,36.2
577800,155,44.3
577900,155,49.4
578000,155,52.6
578100,155,53.4
578200,155,54.3
578300,155,54.5
578400,155,53.7
578500,155,54.2
578600,155,53.1
578700,155,48.1
578800,155,43.5
578900,155,36.6
579000,190,41.7
579100,190,48.5
579200,190,53.8
579300,190,56.4
579400,190,57.4
579500,190,57.1
579600,190,57.7
579700,190,57.7
579800,190,55.2
579900,190,51.8
580000,190,44.5
580100,190,45.8
580200,190,50.3
580300,190,54.8
580400,190,56.6
580500,225,57.9
580600,225,58.4
580700,225,58.3
580800,225,59.1
580900,225,58.0
581000,225,53.6
581100,225,48.3
581200,225,50.9
581300,225,54.8
581400,225,58.2
581500,225,59.4
581600,225,58.9
581700,225,59.3
581800,225,59.3
581900,225,58.5
582000,190,57.1
582100,190,53.1
582200,190,43.4
582300,190,48.9
582400,190,52.6
582500,190,56.2
582600,190,57.7
582700,190,57.3
582800,190,57.5
582900,190,57.4
583000,190,56.8
583100,190,56.0
583200,190,52.7
583300,190,44.6
583400,190,47.7
583500,120,51.9
583600,120,52.2
583700,120,51.5
583800,120,50.4
583900,120,49.1
584000,120,49.2
584100,120,49.0
584200,120,48.1
584300,120,47.4
584400,120,42.2
584500,120,39.8
584600,120,23.9
584700,120,27.3
584800,120,33.4
584900,120,37.8
585000,255,42.3
585100,255,57.8
585200,255,64.0
585300,255,64.2
585400,255,63.4
585500,255,64.0
585600,255,62.4
585700,255,61.0
585800,255,57.1
585900,255,60.3
586000,255,63.5
586100,255,64.3
586200,255,63.6
586300,255,64.2
586400,255,64.2
586500,120,63.4
586600,120,54.5
586700,120,42.9
586800,120,26.7
586900,120,22.3
587000,120,29.6
587100,120,32.7
587200,120,37.1
587300,120,42.3
587400,120,45.5
587500,120,47.4
587600,120,48.2
587700,120,48.0
587800,120,48.5
587900,120,48.5
588000,225,46.9
588100,225,48.5
588200,225,48.9
588300,225,45.9
588400,225,53.8
588500,225,57.0
588600,225,57.7
588700,225,59.2
588800,225,58.7
588900,225,59.2
589000,225,59.2
589100,225,58.0
589200,225,55.6
589300,225,50.6
589400,225,49.0
589500,120,54.8
589600,120,54.6
589700,120,51.8
589800,120,51.0
589900,120,50.0
590000,120,49.0
590100,120,49.0
590200,120,48.6
590300,120,46.9
590400,120,42.0
590500,120,38.9
590600,120,22.4
590700,120,24.2
590800,120,32.1
590900,120,36.4
591000,155,41.8
591100,155,48.0
591200,155,51.7
591300,155,53.6
591400,155,54.1
591500,155,53.6
591600,155,54.1
591700,155,53.4
591800,155,48.1
591900,155,42.2
592000,155,34.7
592100,155,43.0
592200,155,47.3
592300,155,50.9
592400,155,53.6
592500,255,54.3
592600,255,60.2
592700,255,63.8
592800,255,63.8
592900,255,62.0
593000,255,60.6
593100,255,57.7
593200,255,61.1
593300,255,63.9
593400,255,64.4
593500,255,63.6
593600,255,64.2
593700,255,64.2
593800,255,63.4
593900,255,62.0
594000,120,58.2
594100,120,46.0
594200,120,38.4
594300,120,38.3
594400,120,42.7
594500,120,46.3
594600,120,47.7
594700,120,47.7
594800,120,48.5
594900,120,48.5
595000,120,48.0
595100,120,46.9
595200,120,37.6
595300,120,33.5
595400,120,21.7
595500,255,11.1
595600,255,48.0
595700,255,61.4
595800,255,63.3
595900,255,64.3
596000,255,64.3
596100,255,63.5
596200,255,64.0
596300,255,63.9
596400,255,60.7
596500,255,57.1
596600,255,59.3
596700,255,61.9
596800,255,64.3
596900,255,64.3
597000,225,63.6
597100,225,61.9
597200,225,59.9
597300,225,58.3
597400,225,54.8
597500,225,47.8
597600,225,47.3
597700,225,53.1
597800,225,57.0
597900,225,57.4
598000,225,58.9
598100,225,59.3
598200,225,58.5
598300,225,59.2
598400,225,57.9
598500,255,54.1
598600,255,53.8
598700,255,60.3
598800,255,63.3
598900,255,64.3
599000,255,63.6
599100,255,64.2
599200,255,64.2
599300,255,63.4
599400,255,63.4
599500,255,61.6
599600,255,56.0
599700,255,62.1
599800,255,63.8
599900,255,63.8
600000,155,64.3
600100,155,61.0
600200,155,56.5
600300,155,55.2
600400,155,53.7
600500,155,49.0
600600,155,40.4
600700,155,34.6
600800,155,43.6
600900,155,48.7
601000,155,52.3
601100,155,53.3
601200,155,54.1
601300,155,54.0
601400,155,53.2
601500,255,54.0
601600,255,59.7
601700,255,61.7
601800,255,56.9
601900,255,60.7
602000,255,63.4
602100,255,64.4
602200,255,63.6
602300,255,64.3
602400,255,64.0
602500,255,63.4
602600,255,63.0
602700,255,61.6
602800,255,56.8
602900,255,61.9
603000,120,64.0
603100,120,60.1
603200,120,55.6
603300,120,52.4
603400,120,50.1
603500,120,49.6
603600,120,48.6
603700,120,44.9
603800,120,40.2
603900,120,29.1
604000,120,15.4
604100,120,25.4
604200,120,34.8
604300,120,39.2
604400,120,43.7
604500,225,46.8
604600,225,53.1
604700,225,58.0
604800,225,58.4
604900,225,59.2
605000,225,58.8
605100,225,55.7
605200,225,53.2
605300,225,47.4
605400,225,54.1
605500,225,57.8
605600,225,59.2
605700,225,58.9
605800,225,59.4
605900,225,59.3
606000,190,58.7
606100,190,57.8
606200,190,54.1
606300,190,48.0
606400,190,45.7
606500,190,51.8
606600,190,54.7
606700,190,56.2
606800,190,57.4
606900,190,57.3
607000,190,57.7
607100,190,57.7
607200,190,56.5
607300,190,54.2
607400,190,49.7
607500,120,43.6
607600,120,47.7
607700,120,47.2
607800,120,48.0
607900,120,49.0
608000,120,48.7
608100,120,49.1
608200,120,48.9
608300,120,48.2
608400,120,48.3
608500,120,46.7
608600,120,42.0
608700,120,34.2
608800,120,20.4
608900,120,27.7
609000,155,34.3
609100,155,42.3
609200,155,49.1
609300,155,52.8
609400,155,54.0
609500,155,53.7
609600,155,54.2
609700,155,54.3
609800,155,53.2
609900,155,50.8
610000,155,47.2
610100,155,34.8
610200,155,42.5
610300,155,47.8
610400,155,50.9
610500,120,53.7
610600,120,53.1
610700,120,50.5
610800,120,50.0
610900,120,49.4
611000,120,48.1
611100,120,47.6
611200,120,42.2
611300,120,38.6
611400,120,22.1
611500,120,27.8
611600,120,35.1
611700,120,38.9
611800,120,43.1
611900,120,46.7
612000,190,48.2
612100,190,51.8
612200,190,56.2
612300,190,57.3
612400,190,56.9
612500,190,55.9
612600,190,53.3
612700,190,42.7
612800,190,49.9
612900,190,54.5
613000,190,56.4
613100,190,58.2
613200,190,58.3
613300,190,57.5
613400,190,58.0
613500,255,58.0
613600,255,60.2
613700,255,61.4
613800,255,58.8
613900,255,62.4
614000,255,64.3
614100,255,64.5
614200,255,63.8
614300,255,64.4
614400,255,63.6
614500,255,64.0
614600,255,62.5
614700,255,58.5
614800,255,61.5
614900,255,63.8
615000,225,63.9
615100,225,62.5
615200,225,60.7
615300,225,59.3
615400,225,59.7
615500,225,59.1
615600,225,55.7
615700,225,51.1
615800,225,50.0
615900,225,55.1
616000,225,58.4
616100,225,59.7
616200,225,59.3
616300,225,59.7
616400,225,59.6
616500,155,58.8
616600,155,56.5
616700,155,51.0
616800,155,39.8
616900,155,40.7
617000,155,47.7
617100,155,50.5
617200,155,53.7
617300,155,54.7
617400,155,54.3
617500,155,54.7
617600,155,54.2
617700,155,54.3
617800,155,52.8
617900,155,49.5
618000,225,40.1
618100,225,46.6
618200,225,54.7
618300,225,58.4
618400,225,59.7
618500,225,59.4
618600,225,59.7
618700,225,59.7
618800,225,58.9
618900,225,58.0
619000,225,55.9
619100,225,47.4
619200,225,53.8
619300,225,57.3
619400,225,58.7
619500,155,59.9
619600,155,58.2
619700,155,55.4
619800,155,54.8
619900,155,54.3
620000,155,51.7
620100,155,49.6
620200,155,38.5
620300,155,41.3
620400,155,46.7
620500,155,51.3
620600,155,53.3
620700,155,54.8
620800,155,54.3
620900,155,54.8
621000,120,54.8
621100,120,52.3
621200,120,48.9
621300,120,44.4
621400,120,35.7
621500,120,29.5
621600,120,37.2
621700,120,41.6
621800,120,45.5
621900,120,47.7
622000,120,48.3
622100,120,49.4
622200,120,49.5
622300,120,48.7
622400,120,49.1
622500,225,48.5
622600,225,49.6
622700,225,53.2
622800,225,50.8
622900,225,55.9
623000,225,58.7
623100,225,59.8
623200,225,59.4
623300,225,59.9
623400,225,59.7
623500,225,58.9
623600,225,58.7
623700,225,56.0
623800,225,50.5
623900,225,54.3
624000,190,57.3
624100,190,58.7
624200,190,58.9
624300,190,58.0
624400,190,58.4
624500,190,58.2
624600,190,57.1
624700,190,55.7
624800,190,54.1
624900,190,47.6
625000,190,52.9
625100,190,56.1
625200,190,56.4
625300,190,57.9
625400,190,58.2
625500,120,57.7
625600,120,55.9
625700,120,52.4
625800,120,48.1
625900,120,45.0
626000,120,37.5
626100,120,33.3
626200,120,40.2
626300,120,44.0
626400,120,46.3
626500,120,48.5
626600,120,49.2
626700,120,49.1
626800,120,49.4
626900,120,49.1
627000,155,48.6
627100,155,49.9
627200,155,48.1
627300,155,46.6
627400,155,42.7
627500,155,48.2
627600,155,52.2
627700,155,54.2
627800,155,54.5
627900,155,55.1
628000,155,55.0
628100,155,54.2
628200,155,54.6
628300,155,52.8
628400,155,49.6
628500,225,43.2
628600,225,49.6
628700,225,56.1
628800,225,58.9
628900,225,59.9
629000,225,59.2
629100,225,59.3
629200,225,59.2
629300,225,58.4
629400,225,57.3
629500,225,55.9
629600,225,50.0
629700,225,54.3
629800,225,57.4
629900,225,58.7
630000,255,59.9
630100,255,62.9
630200,255,63.6
630300,255,64.3
630400,255,63.0
630500,255,62.5
630600,255,59.8
630700,255,62.8
630800,255,64.3
630900,255,64.7
631000,255,63.9
631100,255,64.4
631200,255,64.4
631300,255,63.4
631400,255,62.6
631500,225,61.2
631600,225,56.5
631700,225,58.3
631800,225,59.3
631900,225,59.4
632000,225,59.9
632100,225,59.7
632200,225,59.1
632300,225,59.4
632400,225,57.4
632500,225,55.5
632600,225,51.4
632700,225,56.2
632800,225,57.8
632900,225,59.7
633000,190,60.2
633100,190,58.7
633200,190,58.5
633300,190,58.2
633400,190,56.9
633500,190,54.6
633600,190,51.4
633700,190,49.7
633800,190,54.6
633900,190,56.0
634000,190,57.1
634100,190,58.2
634200,190,57.7
634300,190,58.0
634400,190,57.9
634500,120,56.9
634600,120,51.3
634700,120,44.0
634800,120,35.2
634900,120,40.8
635000,120,44.3
635100,120,46.0
635200,120,48.5
635300,120,49.2
635400,120,48.9
635500,120,49.4
635600,120,49.2
635700,120,48.6
635800,120,48.1
635900,120,43.6
636000,155,41.7
636100,155,36.4
636200,155,45.3
636300,155,49.6
636400,155,52.8
636500,155,54.5
636600,155,54.5
636700,155,55.1
636800,155,54.2
636900,155,54.8
637000,155,54.0
637100,155,50.0
637200,155,48.7
637300,155,43.0
637400,155,48.1
637500,190,51.5
637600,190,55.1
637700,190,57.0
637800,190,58.0
637900,190,57.7
638000,190,57.0
638100,190,57.3
638200,190,55.2
638300,190,53.3
638400,190,47.8
638500,190,52.0
638600,190,54.5
638700,190,57.4
638800,190,58.3
638900,190,57.7
639000,155,58.2
639100,155,56.9
639200,155,54.7
639300,155,52.3
639400,155,50.1
639500,155,43.0
639600,155,47.2
639700,155,51.0
639800,155,52.8
639900,155,54.8
640000,155,54.6
640100,155,55.1
640200,155,54.8
640300,155,54.2
640400,155,54.1
640500,120,50.6
640600,120,46.6
640700,120,37.8
640800,120,41.6
640900,120,44.3
641000,120,46.9
641100,120,48.7
641200,120,49.0
641300,120,49.7
641400,120,49.5
641500,120,48.7
641600,120,49.1
641700,120,48.2
641800,120,43.6
641900,120,42.7
642000,255,34.1
642100,255,54.7
642200,255,63.6
642300,255,64.5
642400,255,63.9
642500,255,64.3
642600,255,64.3
642700,255,63.6
642800,255,63.4
642900,255,62.2
643000,255,59.7
643100,255,63.4
643200,255,63.6
643300,255,64.5
643400,255,64.4
643500,155,63.8
643600,155,61.2
643700,155,57.1
643800,155,52.6
643900,155,50.1
644000,155,43.6
644100,155,46.9
644200,155,50.6
644300,155,53.1
644400,155,54.1
644500,155,55.1
644600,155,55.1
644700,155,54.3
644800,155,54.7
644900,155,54.0
645000,190,50.4
645100,190,50.9
645200,190,49.1
645300,190,53.6
645400,190,56.4
645500,190,58.0
645600,190,57.9
645700,190,58.3
645800,190,58.2
645900,190,57.4
646000,190,57.5
646100,190,54.3
646200,190,50.9
646300,190,50.4
646400,190,54.3
646500,155,56.8
646600,155,57.0
646700,155,55.5
646800,155,55.2
646900,155,54.5
647000,155,53.7
647100,155,53.6
647200,155,50.3
647300,155,48.7
647400,155,43.0
647500,155,47.3
647600,155,50.1
647700,155,53.4
647800,155,54.7
647900,155,54.5
648000,225,55.0
648100,225,56.9
648200,225,58.2
648300,225,58.0
648400,225,56.1
648500,225,51.5
648600,225,55.4
648700,225,57.8
648800,225,58.7
648900,225,59.9
649000,225,60.1
649100,225,59.1
649200,225,59.6
649300,225,59.1
649400,225,56.0
649500,255,54.6
649600,255,57.9
649700,255,63.5
649800,255,64.3
649900,255,63.9
650000,255,64.5
650100,255,64.3
650200,255,63.8
650300,255,63.9
650400,255,62.5
650500,255,59.7
650600,255,63.0
650700,255,64.0
650800,255,63.8
650900,255,64.5
651000,225,64.4
651100,225,61.6
651200,225,60.2
651300,225,58.4
651400,225,55.6
651500,225,51.5
651600,225,55.2
651700,225,57.3
651800,225,58.5
651900,225,59.4
652000,225,59.3
652100,225,59.6
652200,225,59.6
652300,225,58.5
652400,225,56.8
652500,155,54.7
652600,155,49.0
652700,155,51.5
652800,155,52.7
652900,155,54.8
653000,155,55.2
653100,155,54.6
653200,155,55.0
653300,155,54.8
653400,155,53.8
653500,155,51.9
653600,155,50.5
653700,155,42.6
653800,155,47.3
653900,155,50.6
654000,120,52.7
654100,120,53.1
654200,120,51.7
654300,120,50.0
654400,120,49.7
654500,120,49.5
654600,120,48.3
654700,120,46.9
654800,120,43.5
654900,120,38.9
655000,120,33.9
655100,120,40.1
655200,120,43.4
655300,120,46.3
655400,120,48.2
655500,155,48.6
655600,155,51.1
655700,155,52.9
655800,155,53.2
655900,155,53.7
656000,155,51.8
656100,155,49.9
656200,155,44.0
656300,155,44.5
656400,155,48.3
656500,155,51.3
656600,155,53.2
656700,155,54.7
656800,155,54.8
656900,155,54.1
657000,120,54.6
657100,120,52.7
657200,120,47.7
657300,120,44.8
657400,120,37.1
657500,120,33.8
657600,120,39.5
657700,120,42.6
657800,120,45.0
657900,120,48.0
658000,120,48.9
658100,120,48.7
658200,120,49.1
658300,120,49.2
658400,120,48.6
658500,225,48.1
658600,225,49.9
658700,225,51.7
658800,225,53.8
658900,225,57.7
659000,225,58.5
659100,225,59.9
659200,225,59.4
659300,225,59.7
659400,225,59.6
659500,225,58.8
659600,225,57.5
659700,225,56.2
659800,225,51.8
659900,225,56.5
660000,155,58.5
660100,155,57.5
660200,155,56.6
660300,155,55.9
660400,155,54.6
660500,155,54.8
660600,155,54.3
660700,155,51.5
660800,155,50.5
660900,155,43.4
661000,155,46.9
661100,155,51.3
661200,155,53.6
661300,155,54.2
661400,155,55.1
661500,120,55.0
661600,120,52.8
661700,120,51.4
661800,120,49.4
661900,120,45.0
662000,120,44.0
662100,120,35.2
662200,120,36.7
662300,120,42.1
662400,120,44.8
662500,120,47.6
662600,120,49.0
662700,120,48.9
662800,120,49.5
662900,120,49.2
663000,155,48.7
663100,155,50.4
663200,155,50.3
663300,155,49.1
663400,155,43.6
663500,155,47.1
663600,155,50.9
663700,155,53.7
663800,155,55.0
663900,155,54.6
664000,155,55.0
664100,155,54.8
664200,155,54.1
664300,155,54.0
664400,155,50.9
664500,255,48.6
664600,255,56.1
664700,255,63.6
664800,255,63.8
664900,255,64.5
665000,255,64.4
665100,255,63.5
665200,255,64.0
665300,255,63.8
665400,255,61.7
665500,255,60.6
665600,255,61.6
665700,255,63.8
665800,255,64.5
665900,255,63.9
666000,120,64.5
666100,120,60.6
666200,120,54.7
666300,120,51.5
666400,120,46.0
666500,120,43.6
666600,120,34.7
666700,120,38.9
666800,120,42.7
666900,120,45.9
667000,120,48.1
667100,120,48.6
667200,120,49.5
667300,120,49.4
667400,120,48.7
667500,190,49.1
667600,190,52.3
667700,190,52.8
667800,190,53.1
667900,190,50.0
668000,190,54.2
668100,190,57.0
668200,190,58.2
668300,190,57.8
668400,190,58.3
668500,190,58.2
668600,190,57.4
668700,190,57.3
668800,190,54.0
668900,190,51.9
669000,155,51.3
669100,155,53.4
669200,155,54.6
669300,155,55.4
669400,155,54.7
669500,155,55.1
669600,155,54.8
669700,155,54.1
669800,155,54.1
669900,155,51.0
670000,155,49.1
670100,155,43.4
670200,155,48.5
670300,155,50.9
670400,155,52.7
670500,225,53.6
670600,225,56.1
670700,225,58.8
670800,225,59.3
670900,225,58.5
671000,225,57.9
671100,225,56.2
671200,225,51.5
671300,225,56.2
671400,225,58.5
671500,225,59.1
671600,225,59.9
671700,225,59.8
671800,225,58.9
671900,225,59.4
672000,120,58.3
672100,120,52.9
672200,120,45.9
672300,120,36.4
672400,120,41.5
672500,120,44.6
672600,120,46.7
672700,120,48.6
672800,120,49.4
672900,120,49.0
673000,120,49.2
673100,120,49.1
673200,120,48.5
673300,120,48.2
673400,120,44.0
673500,255,42.0
673600,255,54.0
673700,255,63.4
673800,255,63.6
673900,255,64.4
674000,255,64.4
674100,255,63.4
674200,255,64.2
674300,255,63.9
674400,255,62.0
674500,255,61.1
674600,255,62.0
674700,255,62.9
674800,255,64.5
674900,255,64.5
675000,190,63.9
675100,190,61.7
675200,190,58.5
675300,190,57.8
675400,190,55.0
675500,190,51.0
675600,190,51.0
675700,190,55.2
675800,190,56.6
675900,190,58.3
676000,190,58.5
676100,190,57.8
676200,190,58.2
676300,190,58.0
676400,190,56.5
676500,255,54.5
676600,255,57.4
676700,255,62.5
676800,255,64.3
676900,255,64.5
677000,255,63.8
677100,255,64.4
677200,255,64.3
677300,255,63.4
677400,255,63.0
677500,255,62.1
677600,255,60.3
677700,255,63.8
677800,255,64.4
677900,255,63.8
678000,155,64.4
678100,155,61.2
678200,155,57.0
678300,155,55.5
678400,155,52.2
678500,155,51.1
678600,155,43.6
678700,155,47.3
678800,155,51.0
678900,155,52.9
679000,155,53.2
679100,155,54.7
679200,155,54.7
679300,155,54.1
679400,155,54.6
679500,190,54.2
679600,190,52.0
679700,190,51.5
679800,190,49.5
679900,190,54.0
680000,190,57.1
680100,190,58.2
680200,190,57.9
680300,190,58.4
680400,190,58.2
680500,190,57.4
680600,190,57.4
680700,190,54.7
680800,190,50.1
680900,190,51.3
681000,120,55.2
681100,120,54.3
681200,120,52.9
681300,120,51.5
681400,120,50.0
681500,120,49.6
681600,120,48.9
681700,120,48.9
681800,120,47.4
681900,120,43.5
682000,120,39.8
682100,120,34.1
682200,120,39.8
682300,120,43.7
682400,120,46.4
682500,255,47.8
682600,255,59.6
682700,255,64.0
682800,255,63.4
682900,255,64.0
683000,255,63.4
683100,255,61.9
683200,255,60.2
683300,255,63.0
683400,255,63.6
683500,255,64.5
683600,255,64.4
683700,255,63.8
683800,255,64.3
683900,255,64.2
684000,155,62.1
684100,155,55.7
684200,155,49.0
684300,155,51.4
684400,155,53.6
684500,155,55.0
684600,155,54.7
684700,155,55.2
684800,155,54.3
684900,155,54.7
685000,155,54.5
685100,155,51.3
685200,155,49.7
685300,155,43.2
685400,155,47.7
685500,120,51.7
685600,120,52.3
685700,120,50.9
685800,120,50.6
685900,120,50.3
686000,120,49.7
686100,120,50.3
686200,120,49.9
686300,120,46.9
686400,120,44.9
686500,120,38.0
686600,120,35.3
686700,120,41.5
686800,120,44.8
686900,120,46.7
687000,225,48.9
687100,225,54.2
687200,225,57.8
687300,225,59.2
687400,225,59.4
687500,225,58.3
687600,225,56.5
687700,225,52.4
687800,225,54.0
687900,225,57.7
688000,225,58.0
688100,225,59.3
688200,225,59.7
688300,225,59.1
688400,225,59.6
688500,155,59.4
688600,155,54.8
688700,155,51.8
688800,155,44.8
688900,155,48.5
689000,155,51.7
689100,155,54.0
689200,155,54.5
689300,155,55.1
689400,155,55.1
689500,155,54.2
689600,155,54.7
689700,155,53.8
689800,155,49.9
689900,155,47.1
690000,255,44.9
690100,255,58.4
690200,255,64.2
690300,255,64.7
690400,255,63.8
690500,255,64.4
690600,255,64.3
690700,255,63.4
690800,255,62.9
690900,255,60.8
691000,255,61.9
691100,255,64.0
691200,255,63.8
691300,255,64.5
691400,255,64.3
691500,225,63.5
691600,225,62.0
691700,225,59.3
691800,225,55.9
691900,225,52.2
692000,225,54.3
692100,225,56.4
692200,225,59.2
692300,225,59.8
692400,225,59.3
692500,225,59.7
692600,225,59.6
692700,225,58.7
692800,225,57.1
692900,225,55.7
693000,255,51.4
693100,255,61.2
693200,255,64.2
693300,255,63.9
693400,255,64.5
693500,255,64.4
693600,255,63.5
693700,255,63.9
693800,255,62.8
693900,255,60.5
694000,255,62.2
694100,255,64.0
694200,255,63.9
694300,255,64.5
694400,255,63.6
694500,120,64.4
694600,120,60.5
694700,120,54.1
694800,120,48.0
694900,120,43.6
695000,120,34.6
695100,120,40.3
695200,120,44.0
695300,120,45.9
695400,120,48.3
695500,120,49.2
695600,120,49.0
695700,120,49.4
695800,120,49.2
695900,120,48.7
696000,190,48.3
696100,190,49.2
696200,190,51.0
696300,190,49.1
696400,190,54.3
696500,190,56.1
696600,190,57.0
696700,190,57.9
696800,190,57.5
696900,190,58.0
697000,190,58.0
697100,190,56.9
697200,190,55.0
697300,190,52.0
697400,190,50.0
697500,255,55.2
697600,255,61.2
697700,255,64.4
697800,255,64.5
697900,255,63.6
698000,255,64.3
698100,255,63.9
698200,255,62.0
698300,255,60.8
698400,255,62.4
698500,255,63.4
698600,255,64.5
698700,255,64.5
698800,255,63.8
698900,255,64.4
699000,225,64.3
699100,225,60.8
699200,225,57.3
699300,225,52.4
699400,225,55.1
699500,225,58.2
699600,225,59.4
699700,225,59.2
699800,225,59.7
699900,225,59.3
700000,225,58.4
700100,225,58.7
700200,225,56.5
700300,225,54.5
700400,225,52.0
700500,255,55.7
700600,255,61.4
700700,255,64.4
700800,255,63.8
700900,255,64.4
701000,255,64.3
701100,255,63.4
701200,255,62.8
701300,255,61.1
701400,255,61.2
701500,255,63.9
701600,255,64.5
701700,255,63.9
701800,255,64.4
701900,255,64.3
702000,120,63.6
702100,120,59.8
702200,120,50.8
702300,120,42.3
702400,120,36.5
702500,120,41.1
702600,120,44.1
702700,120,46.9
702800,120,48.7
702900,120,48.7
703000,120,49.5
703100,120,49.4
703200,120,48.9
703300,120,49.1
703400,120,48.1
703500,225,43.7
703600,225,48.6
703700,225,52.0
703800,225,56.4
703900,225,58.9
704000,225,59.3
704100,225,60.1
704200,225,59.8
704300,225,59.1
704400,225,59.6
704500,225,58.3
704600,225,56.0
704700,225,51.0
704800,225,55.2
704900,225,57.4
705000,255,58.8
705100,255,62.5
705200,255,63.5
705300,255,64.3
705400,255,64.3
705500,255,63.1
705600,255,62.6
705700,255,60.1
705800,255,62.8
705900,255,64.3
706000,255,64.7
706100,255,63.8
706200,255,64.4
706300,255,64.3
706400,255,63.4
706500,190,62.9
706600,190,57.7
706700,190,50.6
706800,190,55.0
706900,190,57.0
707000,190,57.7
707100,190,58.5
707200,190,57.8
707300,190,58.3
707400,190,58.0
707500,190,56.9
707600,190,54.8
707700,190,50.4
707800,190,50.1
707900,190,55.0
708000,120,57.1
708100,120,55.5
708200,120,53.3
708300,120,51.3
708400,120,49.0
708500,120,49.2
708600,120,48.5
708700,120,46.2
708800,120,43.9
708900,120,37.4
709000,120,31.9
709100,120,38.0
709200,120,41.3
709300,120,44.5
709400,120,47.6
709500,255,48.7
709600,255,58.9
709700,255,64.2
709800,255,64.3
709900,255,63.4
710000,255,62.6
710100,255,59.9
710200,255,62.2
710300,255,64.2
710400,255,63.9
710500,255,64.5
710600,255,64.4
710700,255,63.6
710800,255,64.3
710900,255,63.0
711000,120,61.6
711100,120,51.4
711200,120,48.7
711300,120,48.1
711400,120,49.2
711500,120,49.9
711600,120,49.9
711700,120,50.0
711800,120,50.1
711900,120,49.9
712000,120,49.7
712100,120,46.9
712200,120,44.4
712300,120,34.7
712400,120,34.4
712500,155,40.2
712600,155,46.6
712700,155,51.9
712800,155,53.7
712900,155,54.8
713000,155,54.8
713100,155,54.3
713200,155,54.7
713300,155,54.2
713400,155,50.6
713500,155,47.2
713600,155,43.0
713700,155,49.2
713800,155,52.4
713900,155,52.7
714000,120,54.3
714100,120,53.4
714200,120,50.9
714300,120,50.5
714400,120,50.3
714500,120,48.7
714600,120,45.2
714700,120,42.5
714800,120,31.6
714900,120,37.6
715000,120,42.1
715100,120,44.6
715200,120,47.7
715300,120,49.0
715400,120,49.0
715500,225,49.4
715600,225,54.2
715700,225,57.5
715800,225,58.5
715900,225,56.4
716000,225,51.0
716100,225,53.7
716200,225,57.5
716300,225,58.5
716400,225,60.1
716500,225,59.9
716600,225,59.1
716700,225,59.6
716800,225,58.7
716900,225,57.3
717000,120,55.6
717100,120,43.9
717200,120,44.9
717300,120,46.2
717400,120,47.3
717500,120,49.1
717600,120,49.4
717700,120,48.7
717800,120,48.9
717900,120,48.6
718000,120,48.0
718100,120,47.4
718200,120,43.6
718300,120,40.2
718400,120,30.5
718500,155,36.9
718600,155,42.6
718700,155,49.5
718800,155,52.9
718900,155,54.0
719000,155,54.8
719100,155,54.8
719200,155,54.1
719300,155,54.5
719400,155,52.7
719500,155,49.6
719600,155,42.2
719700,155,45.5
719800,155,50.0
719900,155,52.9
720000,190,54.1
720100,190,56.4
720200,190,57.8
720300,190,57.4
720400,190,58.0
720500,190,57.4
720600,190,54.2
720700,190,50.3
720800,190,50.0
720900,190,54.3
721000,190,57.0
721100,190,58.3
721200,190,57.9
721300,190,58.4
721400,190,58.2
721500,255,57.7
721600,255,61.6
721700,255,62.4
721800,255,59.1
721900,255,63.4
722000,255,64.3
722100,255,63.9
722200,255,64.5
722300,255,64.4
722400,255,63.8
722500,255,64.2
722600,255,62.9
722700,255,60.5
722800,255,61.5
722900,255,63.6
723000,155,63.5
723100,155,61.4
723200,155,57.4
723300,155,56.2
723400,155,55.4
723500,155,54.2
723600,155,52.9
723700,155,50.5
723800,155,41.2
723900,155,45.5
724000,155,50.0
724100,155,52.0
724200,155,54.5
724300,155,55.1
724400,155,54.6
724500,190,55.0
724600,190,56.1
724700,190,56.5
724800,190,54.8
724900,190,51.8
725000,190,47.8
725100,190,54.1
725200,190,56.5
725300,190,57.5
725400,190,58.5
725500,190,58.4
725600,190,57.7
725700,190,58.2
725800,190,57.5
725900,190,54.2
726000,120,50.6
726100,120,44.9
726200,120,45.2
726300,120,46.7
726400,120,47.7
726500,120,49.1
726600,120,49.6
726700,120,48.6
726800,120,48.6
726900,120,48.5
727000,120,47.7
727100,120,46.3
727200,120,43.9
727300,120,35.2
727400,120,30.7
727500,190,37.8
727600,190,45.9
727700,190,54.7
727800,190,57.7
727900,190,57.7
728000,190,58.2
728100,190,58.2
728200,190,57.4
728300,190,57.3
728400,190,54.5
728500,190,48.0
728600,190,51.0
728700,190,55.1
728800,190,56.6
728900,190,58.3
729000,120,58.5
729100,120,55.6
729200,120,52.9
729300,120,51.0
729400,120,48.6
729500,120,45.3
729600,120,42.3
729700,120,31.1
729800,120,36.1
729900,120,40.8
730000,120,44.4
730100,120,47.1
730200,120,48.2
730300,120,49.4
730400,120,49.4
730500,190,48.9
730600,190,53.1
730700,190,56.1
730800,190,54.2
730900,190,52.8
731000,190,47.6
731100,190,52.7
731200,190,56.1
731300,190,57.9
731400,190,57.9
731500,190,58.4
731600,190,58.2
731700,190,57.5
731800,190,57.7
731900,190,55.0
732000,255,51.4
732100,255,57.1
732200,255,63.4
732300,255,63.4
732400,255,64.4
732500,255,64.4
732600,255,63.8
732700,255,64.3
732800,255,63.4
732900,255,62.8
733000,255,59.6
733100,255,62.2
733200,255,63.9
733300,255,64.5
733400,255,63.9
733500,190,64.4
733600,190,61.9
733700,190,58.7
733800,190,57.5
733900,190,54.8
734000,190,47.7
734100,190,51.3
734200,190,55.1
734300,190,56.5
734400,190,58.4
734500,190,58.5
734600,190,57.8
734700,190,58.2
734800,190,58.0
734900,190,56.1
735000,120,54.5
735100,120,41.5
735200,120,40.1
735300,120,43.1
735400,120,45.4
735500,120,47.2
735600,120,49.0
735700,120,49.2
735800,120,48.6
735900,120,48.7
736000,120,48.1
736100,120,48.1
736200,120,45.9
736300,120,43.2
736400,120,33.9
736500,225,30.7
736600,225,45.4
736700,225,55.5
736800,225,58.7
736900,225,59.2
737000,225,59.9
737100,225,59.8
737200,225,59.1
737300,225,59.2
737400,225,57.0
737500,225,53.8
737600,225,51.9
737700,225,56.8
737800,225,57.8
737900,225,59.7
738000,255,59.9
738100,255,62.2
738200,255,64.3
738300,255,64.3
738400,255,62.4
738500,255,61.6
738600,255,60.1
738700,255,62.8
738800,255,64.2
738900,255,64.5
739000,255,63.6
739100,255,64.3
739200,255,63.6
739300,255,64.0
739400,255,62.6
739500,155,59.1
739600,155,57.5
739700,155,55.1
739800,155,54.5
739900,155,55.5
740000,155,55.4
740100,155,54.6
740200,155,55.0
740300,155,54.8
740400,155,53.2
740500,155,51.0
740600,155,44.6
740700,155,42.5
740800,155,48.6
740900,155,51.9
741000,120,52.4
741100,120,52.7
741200,120,51.3
741300,120,49.9
741400,120,49.9
741500,120,49.6
741600,120,48.0
741700,120,44.8
741800,120,42.6
741900,120,29.6
742000,120,34.6
742100,120,40.1
742200,120,43.0
742300,120,46.3
742400,120,47.8
742500,255,49.2
742600,255,59.7
742700,255,63.4
742800,255,64.3
742900,255,63.3
743000,255,61.5
743100,255,59.4
743200,255,63.4
743300,255,63.5
743400,255,64.5
743500,255,64.5
743600,255,63.6
743700,255,64.4
743800,255,64.0
743900,255,62.1
744000,225,60.2
744100,225,57.8
744200,225,57.4
744300,225,59.2
744400,225,59.9
744500,225,59.3
744600,225,59.4
744700,225,59.3
744800,225,58.4
744900,225,57.1
745000,225,55.4
745100,225,49.5
745200,225,55.1
745300,225,57.4
745400,225,58.7
745500,120,59.9
745600,120,56.9
745700,120,53.8
745800,120,51.7
745900,120,49.5
746000,120,47.3
746100,120,44.4
746200,120,34.3
746300,120,29.6
746400,120,37.5
746500,120,41.5
746600,120,44.9
746700,120,47.6
746800,120,48.3
746900,120,49.2
747000,255,49.4
747100,255,58.9
747200,255,63.9
747300,255,63.0
747400,255,61.0
747500,255,60.1
747600,255,63.5
747700,255,63.6
747800,255,64.5
747900,255,64.4
748000,255,63.8
748100,255,64.3
748200,255,64.0
748300,255,62.0
748400,255,59.4
748500,120,62.5
748600,120,58.8
748700,120,55.1
748800,120,52.6
748900,120,51.5
749000,120,50.6
749100,120,49.5
749200,120,50.0
749300,120,49.2
749400,120,45.2
749500,120,43.4
749600,120,29.8
749700,120,32.5
749800,120,38.8
749900,120,42.6
750000,190,45.4
750100,190,52.3
750200,190,56.6
750300,190,57.0
750400,190,57.9
750500,190,58.0
750600,190,56.8
750700,190,54.5
750800,190,48.5
750900,190,48.6
751000,190,54.1
751100,190,56.5
751200,190,57.4
751300,190,58.4
751400,190,58.3
751500,155,57.7
751600,155,56.9
751700,155,54.8
751800,155,50.6
751900,155,45.0
752000,155,41.2
752100,155,48.0
752200,155,51.3
752300,155,53.2
752400,155,54.7
752500,155,55.1
752600,155,54.5
752700,155,54.8
752800,155,54.6
752900,155,52.6
753000,225,50.3
753100,225,46.4
753200,225,52.4
753300,225,56.8
753400,225,58.7
753500,225,59.2
753600,225,59.8
753700,225,59.3
753800,225,58.5
753900,225,59.2
754000,225,57.1
754100,225,54.6
754200,225,49.5
754300,225,55.0
754400,225,56.8
754500,155,59.4
754600,155,58.2
754700,155,56.0
754800,155,55.5
754900,155,55.1
755000,155,53.8
755100,155,51.9
755200,155,48.9
755300,155,39.5
755400,155,45.3
755500,155,49.0
755600,155,52.2
755700,155,54.2
755800,155,54.5
755900,155,55.0
756000,255,55.0
756100,255,60.5
756200,255,63.8
756300,255,62.5
756400,255,58.3
756500,255,62.6
756600,255,63.6
756700,255,63.8
756800,255,64.4
756900,255,64.3
757000,255,63.6
757100,255,64.2
757200,255,63.1
757300,255,60.7
757400,255,59.7
757500,155,63.4
757600,155,60.3
757700,155,58.0
757800,155,56.5
757900,155,55.0
758000,155,55.0
758100,155,54.7
758200,155,53.3
758300,155,50.1
758400,155,43.9
758500,155,39.7
758600,155,46.8
758700,155,50.3
758800,155,53.3
758900,155,54.7
759000,190,54.5
759100,190,56.1
759200,190,57.5
759300,190,57.0
759400,190,56.5
759500,190,54.2
759600,190,45.9
759700,190,51.1
759800,190,54.6
759900,190,56.2
760000,190,58.2
760100,190,58.3
760200,190,57.5
760300,190,57.9
760400,190,57.8
760500,225,55.7
760600,225,54.7
760700,225,48.1
760800,225,53.7
760900,225,57.3
761000,225,59.1
761100,225,59.3
761200,225,59.8
761300,225,59.6
761400,225,58.9
761500,225,58.9
761600,225,56.0
761700,225,52.8
761800,225,50.4
761900,225,55.5
762000,255,58.2
762100,255,62.8
762200,255,63.6
762300,255,64.2
762400,255,64.0
762500,255,63.4
762600,255,62.8
762700,255,60.7
762800,255,59.7
762900,255,63.0
763000,255,64.3
763100,255,63.8
763200,255,64.4
763300,255,64.3
763400,255,63.5
763500,190,63.9
763600,190,58.8
763700,190,49.1
763800,190,49.2
763900,190,54.2
764000,190,55.9
764100,190,58.0
764200,190,58.4
764300,190,57.7
764400,190,58.0
764500,190,58.0
764600,190,56.5
764700,190,54.3
764800,190,46.7
764900,190,49.1
765000,120,54.1
765100,120,53.2
765200,120,52.2
765300,120,51.3
765400,120,49.9
765500,120,49.7
765600,120,49.5
765700,120,48.5
765800,120,47.6
765900,120,43.6
766000,120,37.6
766100,120,26.4
766200,120,34.6
766300,120,39.4
766400,120,43.2
766500,190,46.3
766600,190,51.5
766700,190,56.5
766800,190,57.7
766900,190,57.3
767000,190,57.8
767100,190,56.6
767200,190,53.7
767300,190,46.3
767400,190,49.7
767500,190,53.4
767600,190,56.4
767700,190,57.9
767800,190,57.8
767900,190,58.2
768000,255,57.5
768100,255,62.0
768200,255,63.0
768300,255,61.1
768400,255,59.3
768500,255,63.3
768600,255,63.4
768700,255,64.4
768800,255,64.4
768900,255,63.6
769000,255,64.2
769100,255,63.9
769200,255,62.0
769300,255,59.3
769400,255,62.0
769500,190,63.1
769600,190,61.7
769700,190,59.8
769800,190,58.2
769900,190,58.4
770000,190,58.2
770100,190,56.9
770200,190,55.1
770300,190,52.2
770400,190,45.8
770500,190,52.6
770600,190,55.5
770700,190,57.0
770800,190,58.2
770900,190,58.2
771000,255,57.3
771100,255,62.1
771200,255,63.0
771300,255,62.5
771400,255,58.7
771500,255,61.4
771600,255,63.5
771700,255,64.3
771800,255,63.6
771900,255,64.3
772000,255,64.2
772100,255,63.4
772200,255,63.1
772300,255,61.7
772400,255,58.4
772500,120,63.1
772600,120,59.7
772700,120,55.0
772800,120,53.1
772900,120,51.4
773000,120,49.9
773100,120,49.7
773200,120,49.1
773300,120,46.8
773400,120,43.4
773500,120,36.2
773600,120,26.4
773700,120,35.1
773800,120,40.2
773900,120,42.7
774000,155,46.4
774100,155,50.0
774200,155,52.6
774300,155,54.2
774400,155,54.0
774500,155,54.6
774600,155,54.0
774700,155,50.3
774800,155,45.7
774900,155,39.5
775000,155,46.3
775100,155,50.5
775200,155,53.4
775300,155,54.2
775400,155,55.1
775500,120,55.1
775600,120,52.8
775700,120,51.4
775800,120,49.6
775900,120,44.8
776000,120,41.1
776100,120,27.0
776200,120,32.4
776300,120,38.4
776400,120,42.2
776500,120,44.6
776600,120,46.8
776700,120,48.2
776800,120,48.3
776900,120,49.1
777000,255,49.2
777100,255,58.8
777200,255,62.9
777300,255,61.2
777400,255,59.2
777500,255,63.3
777600,255,63.5
777700,255,64.5
777800,255,64.4
777900,255,63.8
778000,255,64.3
778100,255,64.0
778200,255,62.0
778300,255,59.1
778400,255,62.1
778500,155,63.0
778600,155,61.6
778700,155,58.3
778800,155,56.0
778900,155,55.6
779000,155,55.1
779100,155,54.1
779200,155,52.3
779300,155,49.2
779400,155,37.9
779500,155,43.5
779600,155,48.6
779700,155,51.7
779800,155,54.2
779900,155,54.8
780000,225,54.2
780100,225,56.5
780200,225,58.4
780300,225,57.9
780400,225,56.4
780500,225,52.6
780600,225,50.6
780700,225,55.4
780800,225,57.3
780900,225,59.4
781000,225,59.8
781100,225,59.3
781200,225,59.7
781300,225,59.4
781400,225,57.8
781500,255,56.4
781600,255,56.2
781700,255,61.9
781800,255,63.8
781900,255,64.5
782000,255,63.8
782100,255,64.4
782200,255,64.2
782300,255,63.5
782400,255,63.0
782500,255,61.2
782600,255,59.2
782700,255,63.3
782800,255,64.3
782900,255,63.9
783000,225,64.5
783100,225,62.2
783200,225,59.8
783300,225,59.4
783400,225,57.0
783500,225,52.9
783600,225,50.5
783700,225,56.0
783800,225,57.5
783900,225,59.7
784000,225,59.4
784100,225,59.9
784200,225,59.7
784300,225,58.9
784400,225,58.7
784500,255,56.1
784600,255,55.6
784700,255,61.4
784800,255,63.5
784900,255,63.1
785000,255,64.5
785100,255,64.4
785200,255,63.6
785300,255,64.3
785400,255,63.1
785500,255,61.0
785600,255,59.6
785700,255,63.0
785800,255,63.6
785900,255,64.5
786000,120,64.4
786100,120,60.1
786200,120,55.5
786300,120,52.4
786400,120,48.6
786500,120,44.9
786600,120,36.4
786700,120,29.7
786800,120,37.5
786900,120,41.6
787000,120,44.5
787100,120,47.4
787200,120,48.2
787300,120,49.2
787400,120,49.2
787500,155,48.9
787600,155,51.4
787700,155,52.7
787800,155,50.1
787900,155,47.7
788000,155,40.7
788100,155,46.2
788200,155,51.0
788300,155,53.6
788400,155,54.2
788500,155,55.1
788600,155,54.8
788700,155,54.0
788800,155,54.3
788900,155,53.6
789000,190,50.1
789100,190,48.3
789200,190,48.5
789300,190,52.0
789400,190,56.0
789500,190,57.9
789600,190,57.9
789700,190,58.4
789800,190,58.3
789900,190,57.5
790000,190,57.4
790100,190,54.6
790200,190,49.1
790300,190,49.9
790400,190,54.0
790500,255,57.0
790600,255,62.5
790700,255,63.8
790800,255,64.4
790900,255,64.2
791000,255,63.4
791100,255,62.8
791200,255,60.8
791300,255,61.2
791400,255,63.8
791500,255,64.5
791600,255,63.9
791700,255,64.4
791800,255,64.3
791900,255,63.5
792000,120,63.8
792100,120,57.1
792200,120,43.5
792300,120,40.3
792400,120,43.2
792500,120,44.9
792600,120,47.7
792700,120,49.1
792800,120,49.0
792900,120,50.1
793000,120,50.4
793100,120,49.7
793200,120,49.6
793300,120,47.2
793400,120,44.3
793500,155,35.8
793600,155,38.0
793700,155,46.8
793800,155,50.6
793900,155,52.9
794000,155,54.8
794100,155,55.1
794200,155,54.5
794300,155,55.0
794400,155,54.7
794500,155,52.9
794600,155,50.5
794700,155,44.4
794800,155,45.9
794900,155,50.8
795000,255,53.3
795100,255,60.6
795200,255,64.3
795300,255,64.4
795400,255,63.6
795500,255,64.2
795600,255,62.9
795700,255,61.0
795800,255,61.6
795900,255,63.5
796000,255,63.8
796100,255,64.5
796200,255,64.5
796300,255,63.6
796400,255,64.4
796500,155,63.9
796600,155,57.4
796700,155,48.3
796800,155,46.7
796900,155,51.0
797000,155,53.2
797100,155,54.2
797200,155,55.2
797300,155,55.0
797400,155,54.0
797500,155,54.5
797600,155,54.1
797700,155,51.0
797800,155,49.2
797900,155,42.2
798000,120,46.7
798100,120,47.7
798200,120,48.6
798300,120,49.0
798400,120,50.1
798500,120,50.3
798600,120,49.5
798700,120,50.3
798800,120,50.1
798900,120,48.2
799000,120,44.6
799100,120,39.8
799200,120,33.9
799300,120,39.9
799400,120,43.2
799500,225,45.8
799600,225,53.4
799700,225,58.3
799800,225,58.8
799900,225,59.6
800000,225,58.9
800100,225,59.1
800200,225,56.6
800300,225,52.0
800400,225,54.7
800500,225,57.5
800600,225,58.5
800700,225,60.1
800800,225,60.1
800900,225,59.3
801000,190,59.8
801100,190,58.8
801200,190,55.7
801300,190,54.1
801400,190,48.6
801500,190,53.2
801600,190,56.1
801700,190,57.9
801800,190,57.9
801900,190,58.5
802000,190,58.3
802100,190,57.5
802200,190,57.8
802300,190,55.4
802400,190,52.0
802500,155,49.5
802600,155,52.4
802700,155,52.8
802800,155,53.6
802900,155,54.6
803000,155,54.5
803100,155,55.0
803200,155,54.2
803300,155,54.6
803400,155,52.7
803500,155,50.4
803600,155,43.5
803700,155,46.9
803800,155,50.3
803900,155,53.2
804000,255,55.0
804100,255,60.8
804200,255,64.2
804300,255,64.2
804400,255,63.5
804500,255,63.0
804600,255,61.4
804700,255,60.7
804800,255,63.5
804900,255,64.4
805000,255,63.8
805100,255,64.4
805200,255,64.3
805300,255,63.5
805400,255,63.9
805500,190,62.8
805600,190,53.7
805700,190,53.8
805800,190,55.6
805900,190,57.0
806000,190,58.4
806100,190,58.4
806200,190,57.4
806300,190,57.7
806400,190,56.9
806500,190,55.9
806600,190,54.3
806700,190,47.7
806800,190,51.9
806900,190,54.6
807000,120,56.8
807100,120,56.1
807200,120,53.3
807300,120,51.0
807400,120,50.6
807500,120,49.9
807600,120,48.5
807700,120,45.7
807800,120,43.4
807900,120,32.8
808000,120,37.5
808100,120,41.7
808200,120,44.1
808300,120,47.3
808400,120,48.7
808500,255,48.9
808600,255,59.6
808700,255,64.2
808800,255,63.5
808900,255,63.1
809000,255,61.7
809100,255,60.2
809200,255,63.5
809300,255,64.4
809400,255,63.9
809500,255,64.5
809600,255,63.6
809700,255,64.4
809800,255,63.9
809900,255,62.1
810000,120,60.1
810100,120,57.5
810200,120,52.0
810300,120,51.3
810400,120,51.1
810500,120,50.3
810600,120,50.1
810700,120,49.7
810800,120,49.2
810900,120,49.0
811000,120,46.9
811100,120,44.0
811200,120,37.1
811300,120,34.9
811400,120,40.1
811500,190,43.2
811600,190,50.5
811700,190,55.1
811800,190,57.8
811900,190,58.0
812000,190,57.7
812100,190,58.0
812200,190,57.3
812300,190,54.3
812400,190,49.0
812500,190,51.7
812600,190,54.6
812700,190,57.4
812800,190,57.8
812900,190,58.5
813000,255,58.5
813100,255,61.6
813200,255,64.0
813300,255,63.0
813400,255,60.8
813500,255,61.5
813600,255,63.6
813700,255,63.8
813800,255,64.7
813900,255,64.4
814000,255,63.8
814100,255,64.3
814200,255,64.0
814300,255,62.1
814400,255,59.9
814500,190,63.1
814600,190,60.7
814700,190,59.7
814800,190,59.1
814900,190,58.0
815000,190,57.9
815100,190,57.8
815200,190,56.8
815300,190,55.1
815400,190,51.5
815500,190,49.2
815600,190,53.4
815700,190,56.4
815800,190,57.5
815900,190,58.5
816000,155,57.9
816100,155,57.3
816200,155,55.9
816300,155,54.1
816400,155,51.5
816500,155,47.8
816600,155,43.4
816700,155,49.1
816800,155,51.7
816900,155,53.6
817000,155,55.1
817100,155,55.4
817200,155,54.6
817300,155,55.1
817400,155,54.8
817500,225,52.9
817600,225,54.0
817700,225,51.1
817800,225,55.0
817900,225,57.7
818000,225,59.4
818100,225,59.4
818200,225,60.2
818300,225,59.9
818400,225,59.1
818500,225,59.4
818600,225,57.1
818700,225,53.7
818800,225,52.9
818900,225,57.0
819000,190,58.2
819100,190,59.3
819200,190,58.3
819300,190,58.7
819400,190,58.3
819500,190,57.7
819600,190,57.3
819700,190,54.8
819800,190,48.2
819900,190,51.8
820000,190,55.2
820100,190,56.2
820200,190,57.4
820300,190,58.2
820400,190,57.7
820500,255,58.3
820600,255,62.2
820700,255,62.4
820800,255,62.0
820900,255,61.1
821000,255,63.0
821100,255,64.4
821200,255,64.7
821300,255,63.8
821400,255,64.4
821500,255,64.3
821600,255,63.3
821700,255,62.8
821800,255,60.2
821900,255,62.2
822000,225,64.2
822100,225,62.6
822200,225,60.5
822300,225,60.2
822400,225,59.3
822500,225,59.8
822600,225,59.2
822700,225,56.1
822800,225,51.9
822900,225,54.5
823000,225,56.9
823100,225,59.1
823200,225,60.1
823300,225,59.3
823400,225,59.4
823500,190,59.4
823600,190,57.9
823700,190,56.2
823800,190,54.1
823900,190,47.4
824000,190,52.4
824100,190,55.2
824200,190,57.0
824300,190,58.4
824400,190,58.4
824500,190,57.7
824600,190,58.3
824700,190,57.8
824800,190,55.2
824900,190,53.4
825000,155,49.2
825100,155,52.2
825200,155,53.4
825300,155,54.8
825400,155,54.8
825500,155,55.5
825600,155,54.6
825700,155,55.0
825800,155,54.7
825900,155,52.4
826000,155,51.0
826100,155,42.9
826200,155,46.2
826300,155,50.9
826400,155,53.2
826500,190,54.3
826600,190,56.5
826700,190,57.9
826800,190,57.4
826900,190,58.0
827000,190,57.4
827100,190,54.5
827200,190,49.9
827300,190,51.8
827400,190,54.8
827500,190,57.3
827600,190,58.4
827700,190,57.9
827800,190,58.4
827900,190,58.3
828000,155,57.7
828100,155,55.9
828200,155,51.8
828300,155,44.5
828400,155,46.6
828500,155,50.5
828600,155,52.2
828700,155,53.3
828800,155,54.1
828900,155,55.0
829000,155,55.0
829100,155,54.5
829200,155,54.5
829300,155,52.2
829400,155,49.6
829500,190,43.0
829600,190,50.5
829700,190,54.5
829800,190,57.4
829900,190,58.4
830000,190,57.9
830100,190,58.3
830200,190,58.2
830300,190,57.4
830400,190,56.0
830500,190,54.0
830600,190,47.7
830700,190,53.7
830800,190,56.2
830900,190,57.4
831000,155,58.5
831100,155,57.4
831200,155,55.5
831300,155,55.5
831400,155,54.8
831500,155,51.9
831600,155,50.5
831700,155,42.7
831800,155,47.6
831900,155,51.7
832000,155,53.2
832100,155,55.0
832200,155,55.2
832300,155,54.3
832400,155,54.6
832500,120,54.6
832600,120,51.8
832700,120,47.1
832800,120,43.4
832900,120,32.9
833000,120,38.3
833100,120,40.6
833200,120,43.5
833300,120,47.1
833400,120,48.7
833500,120,48.7
833600,120,49.4
833700,120,49.4
833800,120,48.7
833900,120,48.7
834000,255,46.7
834100,255,56.4
834200,255,59.8
834300,255,63.4
834400,255,63.6
834500,255,64.7
834600,255,64.4
834700,255,63.8
834800,255,64.3
834900,255,64.2
835000,255,62.2
835100,255,60.5
835200,255,61.9
835300,255,63.8
835400,255,64.5
835500,120,64.0
835600,120,61.0
835700,120,55.9
835800,120,52.3
835900,120,51.0
836000,120,47.7
836100,120,44.8
836200,120,35.6
836300,120,35.8
836400,120,40.9
836500,120,43.9
836600,120,46.8
836700,120,48.1
836800,120,49.4
836900,120,49.9
837000,155,49.1
837100,155,51.3
837200,155,53.3
837300,155,52.0
837400,155,51.0
837500,155,42.3
837600,155,45.9
837700,155,50.3
837800,155,52.8
837900,155,53.1
838000,155,54.7
838100,155,55.0
838200,155,54.3
838300,155,54.8
838400,155,54.1
838500,190,52.3
838600,190,51.0
838700,190,47.2
838800,190,53.6
838900,190,56.2
839000,190,57.4
839100,190,58.7
839200,190,58.5
839300,190,57.8
839400,190,58.2
839500,190,57.8
839600,190,55.1
839700,190,52.4
839800,190,50.0
839900,190,54.1
840000,225,56.6
840100,225,58.9
840200,225,59.2
840300,225,59.8
840400,225,59.7
840500,225,59.1
840600,225,58.9
840700,225,57.0
840800,225,50.9
840900,225,55.2
841000,225,57.5
841100,225,58.5
841200,225,59.9
841300,225,59.8
841400,225,58.8
841500,190,59.4
841600,190,58.0
841700,190,56.1
841800,190,53.3
841900,190,47.6
842000,190,52.8
842100,190,55.6
842200,190,57.1
842300,190,58.4
842400,190,58.3
842500,190,57.7
842600,190,58.2
842700,190,57.8
842800,190,55.1
842900,190,52.3
843000,255,49.7
843100,255,59.7
843200,255,64.0
843300,255,64.7
843400,255,63.9
843500,255,64.4
843600,255,64.4
843700,255,63.4
843800,255,63.0
843900,255,60.3
844000,255,61.9
844100,255,63.8
844200,255,64.5
844300,255,64.0
844400,255,64.4
844500,155,64.4
844600,155,60.7
844700,155,57.0
844800,155,52.3
844900,155,45.8
845000,155,44.6
845100,155,49.1
845200,155,52.3
845300,155,54.3
845400,155,54.6
845500,155,55.4
845600,155,55.1
845700,155,54.5
845800,155,54.7
845900,155,52.8
846000,225,50.4
846100,225,47.2
846200,225,54.8
846300,225,56.8
846400,225,58.3
846500,225,59.2
846600,225,59.2
846700,225,59.8
846800,225,59.8
846900,225,58.8
847000,225,57.5
847100,225,54.2
847200,225,52.2
847300,225,56.8
847400,225,58.5
847500,190,59.4
847600,190,59.4
847700,190,58.8
847800,190,57.8
847900,190,58.3
848000,190,56.8
848100,190,55.1
848200,190,48.5
848300,190,51.1
848400,190,55.0
848500,190,57.1
848600,190,57.8
848700,190,58.5
848800,190,58.3
848900,190,57.7
849000,155,58.2
849100,155,55.6
849200,155,51.4
849300,155,42.9
849400,155,46.6
849500,155,50.0
849600,155,53.1
849700,155,54.7
849800,155,54.7
849900,155,55.0
850000,155,54.6
850100,155,54.0
850200,155,54.2
850300,155,51.9
850400,155,48.7
850500,120,42.2
850600,120,45.2
850700,120,44.1
850800,120,46.9
850900,120,48.9
851000,120,48.9
851100,120,49.9
851200,120,49.0
851300,120,49.5
851400,120,49.4
851500,120,48.0
851600,120,45.3
851700,120,40.9
851800,120,31.5
851900,120,37.9
852000,225,41.3
852100,225,50.8
852200,225,58.0
852300,225,59.4
852400,225,59.2
852500,225,59.7
852600,225,59.7
852700,225,58.5
852800,225,56.8
852900,225,51.7
853000,225,54.1
853100,225,57.3
853200,225,59.2
853300,225,59.4
853400,225,60.1
853500,255,59.9
853600,255,62.1
853700,255,64.0
853800,255,63.0
853900,255,59.8
854000,255,62.2
854100,255,63.6
854200,255,63.9
854300,255,64.7
854400,255,63.9
854500,255,64.4
854600,255,64.4
854700,255,63.3
854800,255,62.8
854900,255,59.9
855000,155,62.9
855100,155,60.7
855200,155,57.9
855300,155,56.0
855400,155,55.9
855500,155,55.2
855600,155,54.6
855700,155,54.6
855800,155,52.2
855900,155,48.7
856000,155,42.3
856100,155,48.3
856200,155,50.1
856300,155,53.4
856400,155,54.8
856500,120,54.7
856600,120,53.7
856700,120,51.7
856800,120,50.1
856900,120,49.4
857000,120,45.9
857100,120,43.1
857200,120,32.8
857300,120,37.6
857400,120,41.5
857500,120,44.5
857600,120,46.8
857700,120,49.0
857800,120,49.5
857900,120,49.2
858000,155,49.6
858100,155,51.1
858200,155,52.3
858300,155,51.7
858400,155,49.7
858500,155,42.0
858600,155,47.8
858700,155,50.5
858800,155,52.6
858900,155,54.7
859000,155,55.0
859100,155,54.2
859200,155,54.5
859300,155,54.5
859400,155,53.3
859500,225,51.4
859600,225,50.1
859700,225,51.5
859800,225,55.6
859900,225,58.3
860000,225,59.2
860100,225,60.1
860200,225,59.9
860300,225,59.2
860400,225,59.7
860500,225,58.7
860600,225,55.9
860700,225,51.4
860800,225,55.4
860900,225,57.7
861000,190,59.6
861100,190,58.9
861200,190,58.9
861300,190,58.4
861400,190,57.7
861500,190,57.8
861600,190,55.9
861700,190,52.2
861800,190,48.6
861900,190,53.8
862000,190,55.6
862100,190,58.0
862200,190,58.5
862300,190,57.9
862400,190,58.3
862500,155,58.2
862600,155,55.9
862700,155,52.9
862800,155,48.3
862900,155,42.7
863000,155,48.9
863100,155,51.5
863200,155,53.3
863300,155,55.0
863400,155,55.2
863500,155,54.6
863600,155,55.1
863700,155,55.0
863800,155,53.2
863900,155,51.1
864000,255,43.5
864100,255,57.1
864200,255,63.4
864300,255,63.4
864400,255,64.4
864500,255,64.3
864600,255,63.8
864700,255,64.4
864800,255,63.9
864900,255,62.0
865000,255,59.9
865100,255,63.3
865200,255,63.4
865300,255,64.5
865400,255,64.5
865500,120,63.9
865600,120,60.7
865700,120,55.6
865800,120,50.9
865900,120,46.9
866000,120,38.9
866100,120,35.3
866200,120,40.9
866300,120,43.5
866400,120,46.0
866500,120,48.6
866600,120,49.5
866700,120,49.5
866800,120,49.6
866900,120,49.5
867000,225,49.0
867100,225,53.2
867200,225,55.0
867300,225,51.9
867400,225,55.5
867500,225,56.9
867600,225,59.3
867700,225,59.9
867800,225,59.2
867900,225,59.3
868000,225,59.4
868100,225,58.5
868200,225,57.3
868300,225,54.7
868400,225,52.4
868500,255,56.1
868600,255,62.0
868700,255,63.8
868800,255,64.5
868900,255,64.3
869000,255,63.6
869100,255,64.2
869200,255,63.1
869300,255,60.5
869400,255,62.1
869500,255,63.5
869600,255,63.8
869700,255,64.5
869800,255,64.4
869900,255,63.8
870000,120,64.3
870100,120,59.9
870200,120,51.0
870300,120,42.2
870400,120,36.9
870500,120,41.8
870600,120,44.4
870700,120,46.7
870800,120,48.9
870900,120,49.6
871000,120,49.1
871100,120,49.6
871200,120,49.4
871300,120,48.9
871400,120,48.3
871500,225,45.0
871600,225,47.3
871700,225,53.1
871800,225,57.4
871900,225,58.7
872000,225,60.2
872100,225,60.2
872200,225,59.4
872300,225,59.8
872400,225,59.6
872500,225,57.8
872600,225,56.9
872700,225,53.4
872800,225,56.5
872900,225,58.8
873000,155,59.2
873100,155,57.7
873200,155,56.5
873300,155,55.6
873400,155,54.6
873500,155,54.6
873600,155,52.3
873700,155,51.4
873800,155,46.3
873900,155,49.7
874000,155,52.7
874100,155,54.5
874200,155,54.7
874300,155,55.4
874400,155,55.2
874500,190,54.5
874600,190,55.9
874700,190,56.4
874800,190,54.7
874900,190,51.1
875000,190,54.3
875100,190,56.1
875200,190,58.2
875300,190,58.7
875400,190,58.0
875500,190,58.4
875600,190,58.2
875700,190,57.3
875800,190,56.4
875900,190,55.0
876000,155,51.0
876100,155,54.1
876200,155,54.6
876300,155,54.8
876400,155,55.5
876500,155,55.2
876600,155,54.2
876700,155,54.5
876800,155,53.6
876900,155,52.7
877000,155,51.5
877100,155,46.3
877200,155,49.2
877300,155,51.1
877400,155,53.1
877500,255,55.1
877600,255,61.5
877700,255,63.6
877800,255,64.3
877900,255,64.2
878000,255,62.6
878100,255,62.0
878200,255,62.8
878300,255,63.5
878400,255,64.5
878500,255,64.7
878600,255,63.8
878700,255,64.3
878800,255,64.3
878900,255,63.3
879000,155,63.0
879100,155,55.2
879200,155,53.1
879300,155,54.2
879400,155,55.1
879500,155,54.8
879600,155,55.5
879700,155,55.2
879800,155,54.5
879900,155,54.7
880000,155,53.1
880100,155,51.8
880200,155,48.0
880300,155,49.1
880400,155,52.6
880500,255,54.3
880600,255,60.8
880700,255,64.3
880800,255,64.4
880900,255,63.8
881000,255,64.2
881100,255,63.3
881200,255,61.2
881300,255,63.0
881400,255,64.2
881500,255,63.9
881600,255,64.5
881700,255,64.4
881800,255,63.6
881900,255,64.3
882000,120,63.9
882100,120,57.5
882200,120,46.8
882300,120,45.8
882400,120,46.8
882500,120,48.5
882600,120,49.7
882700,120,49.2
882800,120,49.7
882900,120,50.3
883000,120,49.7
883100,120,50.0
883200,120,48.9
883300,120,46.2
883400,120,44.0
883500,155,38.6
883600,155,45.9
883700,155,51.4
883800,155,53.3
883900,155,55.1
884000,155,55.2
884100,155,54.5
884200,155,54.8
884300,155,54.8
884400,155,53.6
884500,155,52.0
884600,155,48.7
884700,155,48.1
884800,155,51.8
884900,155,53.7
885000,190,54.5
885100,190,56.4
885200,190,57.5
885300,190,57.0
885400,190,57.5
885500,190,57.4
885600,190,55.0
885700,190,53.2
885800,190,52.9
885900,190,54.5
886000,190,57.1
886100,190,58.3
886200,190,57.9
886300,190,58.5
886400,190,57.7
886500,225,58.2
886600,225,57.9
886700,225,56.5
886800,225,54.1
886900,225,56.9
887000,225,58.2
887100,225,59.8
887200,225,60.2
887300,225,59.6
887400,225,59.8
887500,225,59.6
887600,225,58.5
887700,225,57.5
887800,225,55.5
887900,225,55.0
888000,190,58.4
888100,190,58.8
888200,190,58.3
888300,190,58.8
888400,190,58.4
888500,190,57.5
888600,190,58.0
888700,190,57.0
888800,190,55.1
888900,190,51.0
889000,190,54.6
889100,190,56.2
889200,190,58.2
889300,190,58.7
889400,190,58.0
889500,120,58.4
889600,120,55.4
889700,120,52.7
889800,120,49.2
889900,120,46.2
890000,120,40.3
890100,120,41.2
890200,120,43.9
890300,120,46.6
890400,120,46.8
890500,120,47.6
890600,120,49.0
890700,120,49.4
890800,120,48.9
890900,120,49.4
891000,225,48.9
891100,225,51.9
891200,225,55.7
891300,225,53.7
891400,225,56.8
891500,225,58.8
891600,225,59.9
891700,225,59.6
891800,225,60.1
891900,225,59.8
892000,225,59.1
892100,225,59.1
892200,225,57.1
892300,225,53.4
892400,225,56.2
892500,155,58.4
892600,155,57.5
892700,155,56.9
892800,155,55.4
892900,155,55.4
893000,155,55.1
893100,155,54.2
893200,155,53.6
893300,155,51.7
893400,155,46.4
893500,155,48.9
893600,155,51.5
893700,155,52.9
893800,155,55.0
893900,155,55.2
894000,255,54.5
894100,255,61.1
894200,255,64.0
894300,255,62.8
894400,255,62.9
894500,255,61.2
894600,255,62.6
894700,255,64.4
894800,255,64.5
894900,255,63.9
895000,255,64.3
895100,255,64.3
895200,255,63.5
895300,255,63.1
895400,255,61.9
895500,155,62.5
895600,155,61.0
895700,155,57.9
895800,155,56.2
895900,155,56.0
896000,155,55.0
896100,155,55.2
896200,155,54.8
896300,155,52.9
896400,155,51.7
896500,155,47.1
896600,155,48.6
896700,155,51.9
896800,155,54.0
896900,155,54.6
897000,255,55.4
897100,255,61.5
897200,255,63.5
897300,255,64.3
897400,255,63.3
897500,255,62.1
897600,255,62.0
897700,255,64.2
897800,255,63.9
897900,255,64.5
898000,255,64.4
898100,255,63.8
898200,255,64.3
898300,255,64.0
898400,255,62.4
898500,155,61.7
898600,155,59.6
898700,155,56.0
898800,155,56.0
898900,155,56.0
899000,155,55.0
899100,155,55.2
899200,155,54.5
899300,155,54.7
899400,155,53.7
899500,155,51.1
899600,155,47.2
899700,155,49.4
899800,155,51.9
899900,155,54.1
900000,255,55.1
900100,255,60.8
900200,255,64.3
900300,255,64.3
900400,255,63.4
900500,255,63.1
900600,255,62.2
900700,255,62.0
900800,255,64.2
900900,255,64.5
901000,255,63.9
901100,255,64.5
901200,255,64.4
901300,255,63.6
901400,255,63.9
901500,155,63.1
901600,155,55.1
901700,155,53.4
901800,155,54.1
901900,155,54.5
902000,155,55.5
902100,155,55.4
902200,155,54.3
902300,155,54.5
902400,155,53.7
902500,155,53.6
902600,155,51.4
902700,155,47.7
902800,155,48.1
902900,155,50.6
903000,120,52.8
903100,120,53.2
903200,120,51.9
903300,120,50.4
903400,120,50.5
903500,120,50.0
903600,120,49.5
903700,120,48.9
903800,120,45.2
903900,120,42.3
904000,120,38.9
904100,120,43.4
904200,120,45.5
904300,120,47.8
904400,120,49.4
904500,190,49.2
904600,190,53.1
904700,190,56.8
904800,190,57.0
904900,190,57.4
905000,190,55.5
905100,190,53.3
905200,190,52.4
905300,190,56.1
905400,190,56.9
905500,190,58.5
905600,190,58.0
905700,190,58.5
905800,190,58.3
905900,190,57.5
906000,255,57.4
906100,255,60.7
906200,255,60.5
906300,255,63.6
906400,255,64.4
906500,255,64.0
906600,255,64.5
906700,255,64.4
906800,255,63.6
906900,255,64.2
907000,255,63.1
907100,255,61.6
907200,255,62.4
907300,255,63.9
907400,255,63.8
907500,120,64.7
907600,120,61.0
907700,120,55.4
907800,120,52.9
907900,120,50.9
908000,120,47.8
908100,120,45.5
908200,120,41.3
908300,120,39.3
908400,120,43.9
908500,120,46.3
908600,120,47.7
908700,120,49.4
908800,120,49.1
908900,120,50.0
909000,255,50.4
909100,255,59.2
909200,255,63.9
909300,255,62.9
909400,255,60.7
909500,255,63.5
909600,255,64.3
909700,255,63.9
909800,255,64.5
909900,255,64.4
910000,255,63.6
910100,255,64.2
910200,255,63.4
910300,255,62.0
910400,255,61.9
910500,225,64.0
910600,225,61.9
910700,225,61.1
910800,225,60.3
910900,225,58.9
911000,225,59.3
911100,225,59.1
911200,225,56.9
911300,225,56.5
911400,225,53.8
911500,225,55.6
911600,225,58.3
911700,225,59.7
911800,225,59.4
911900,225,60.1
912000,155,59.2
912100,155,58.0
912200,155,55.6
912300,155,51.7
912400,155,49.5
912500,155,48.3
912600,155,51.4
912700,155,53.6
912800,155,55.0
912900,155,55.0
913000,155,55.4
913100,155,55.1
913200,155,54.5
913300,155,54.6
913400,155,52.4
913500,190,50.6
913600,190,48.6
913700,190,54.6
913800,190,56.2
913900,190,58.3
914000,190,58.7
914100,190,58.0
914200,190,58.3
914300,190,58.2
914400,190,57.1
914500,190,55.7
914600,190,53.8
914700,190,51.1
914800,190,55.9
914900,190,57.4
915000,255,57.9
915100,255,62.5
915200,255,63.6
915300,255,64.3
915400,255,64.3
915500,255,62.5
915600,255,62.5
915700,255,62.1
915800,255,63.3
915900,255,64.5
916000,255,64.5
916100,255,63.6
916200,255,64.3
916300,255,64.3
916400,255,63.3
916500,190,63.0
916600,190,56.5
916700,190,55.1
916800,190,57.1
916900,190,58.2
917000,190,58.0
917100,190,58.5
917200,190,58.3
917300,190,57.7
917400,190,57.9
917500,190,56.1
917600,190,54.2
917700,190,51.7
917800,190,55.5
917900,190,56.5
918000,120,58.4
918100,120,56.5
918200,120,53.1
918300,120,51.7
918400,120,49.9
918500,120,49.4
918600,120,48.0
918700,120,44.6
918800,120,41.6
918900,120,38.5
919000,120,42.6
919100,120,45.7
919200,120,47.7
919300,120,48.5
919400,120,49.5
919500,155,49.4
919600,155,50.0
919700,155,52.8
919800,155,53.4
919900,155,51.4
920000,155,50.6
920100,155,45.8
920200,155,47.8
920300,155,50.1
920400,155,52.8
920500,155,54.0
920600,155,55.0
920700,155,55.0
920800,155,54.3
920900,155,54.7
921000,120,54.2
921100,120,49.2
921200,120,45.9
921300,120,38.9
921400,120,42.3
921500,120,45.3
921600,120,46.9
921700,120,49.0
921800,120,49.7
921900,120,49.6
922000,120,50.3
922100,120,50.0
922200,120,49.4
922300,120,48.7
922400,120,45.3
922500,190,42.5
922600,190,44.0
922700,190,53.2
922800,190,55.7
922900,190,58.0
923000,190,58.5
923100,190,57.9
923200,190,58.3
923300,190,58.3
923400,190,57.0
923500,190,55.4
923600,190,53.6
923700,190,51.7
923800,190,55.9
923900,190,57.4
924000,255,57.9
924100,255,62.2
924200,255,64.3
924300,255,63.6
924400,255,64.2
924500,255,63.1
924600,255,61.6
924700,255,62.0
924800,255,63.3
924900,255,64.0
925000,255,64.3
925100,255,63.8
925200,255,64.4
925300,255,64.3
925400,255,63.3
925500,190,63.0
925600,190,56.1
925700,190,55.1
925800,190,57.0
925900,190,58.0
926000,190,58.0
926100,190,58.7
926200,190,58.4
926300,190,57.7
926400,190,57.9
926500,190,55.7
926600,190,54.2
926700,190,51.5
926800,190,55.5
926900,190,56.4
927000,120,58.4
927100,120,56.5
927200,120,53.1
927300,120,51.7
927400,120,50.4
927500,120,48.9
927600,120,48.0
927700,120,45.0
927800,120,41.1
927900,120,38.0
928000,120,42.3
928100,120,45.4
928200,120,47.6
928300,120,48.6
928400,120,49.5
928500,255,49.6
928600,255,58.8
928700,255,63.9
928800,255,63.8
928900,255,62.0
929000,255,60.8
929100,255,62.9
929200,255,63.3
929300,255,64.5
929400,255,64.5
929500,255,63.8
929600,255,64.4
929700,255,64.2
929800,255,62.5
929900,255,62.4
930000,120,61.9
930100,120,59.1
930200,120,55.1
930300,120,53.2
930400,120,51.4
930500,120,51.0
930600,120,50.4
930700,120,49.2
930800,120,49.4
930900,120,47.4
931000,120,44.6
931100,120,40.6
931200,120,37.8
931300,120,42.7
931400,120,45.4
931500,190,47.1
931600,190,52.9
931700,190,57.0
931800,190,57.3
931900,190,58.0
932000,190,58.0
932100,190,56.5
932200,190,55.0
932300,190,51.4
932400,190,53.4
932500,190,56.2
932600,190,57.8
932700,190,58.0
932800,190,58.5
932900,190,58.4
933000,155,57.7
933100,155,56.9
933200,155,53.7
933300,155,51.3
933400,155,46.0
933500,155,49.1
933600,155,51.1
933700,155,53.7
933800,155,54.8
933900,155,54.6
934000,155,55.1
934100,155,55.0
934200,155,54.2
934300,155,54.1
934400,155,50.6
934500,120,49.0
934600,120,44.3
934700,120,45.4
934800,120,47.1
934900,120,48.7
935000,120,49.1
935100,120,50.3
935200,120,50.3
935300,120,49.5
935400,120,50.3
935500,120,49.7
935600,120,46.7
935700,120,45.5
935800,120,38.5
935900,120,39.3
936000,255,43.6
936100,255,58.4
936200,255,63.6
936300,255,64.5
936400,255,64.4
936500,255,63.8
936600,255,64.3
936700,255,63.1
936800,255,61.7
936900,255,61.9
937000,255,63.9
937100,255,63.9
937200,255,64.5
937300,255,64.4
937400,255,63.4
937500,190,64.2
937600,190,60.5
937700,190,56.5
937800,190,53.1
937900,190,52.2
938000,190,54.5
938100,190,56.9
938200,190,57.7
938300,190,58.5
938400,190,58.4
938500,190,57.7
938600,190,58.0
938700,190,57.1
938800,190,54.5
938900,190,51.7
939000,255,54.2
939100,255,60.7
939200,255,64.4
939300,255,64.5
939400,255,63.8
939500,255,64.3
939600,255,64.2
939700,255,63.0
939800,255,62.8
939900,255,61.0
940000,255,63.0
940100,255,64.3
940200,255,64.5
940300,255,63.8
940400,255,64.4
940500,155,64.4
940600,155,60.3
940700,155,55.2
940800,155,51.7
940900,155,46.3
941000,155,50.0
941100,155,51.8
941200,155,54.3
941300,155,55.2
941400,155,54.7
941500,155,55.1
941600,155,55.1
941700,155,54.3
941800,155,54.0
941900,155,51.4
942000,120,47.4
942100,120,45.9
942200,120,46.4
942300,120,47.1
942400,120,47.3
942500,120,48.5
942600,120,48.6
942700,120,49.4
942800,120,49.2
942900,120,48.7
943000,120,48.6
943100,120,46.3
943200,120,44.6
943300,120,37.2
943400,120,39.4
943500,190,43.0
943600,190,50.5
943700,190,56.5
943800,190,57.5
943900,190,58.4
944000,190,57.7
944100,190,58.2
944200,190,57.8
944300,190,55.0
944400,190,53.8
944500,190,51.8
944600,190,54.8
944700,190,57.1
944800,190,58.4
944900,190,58.0
945000,225,58.5
945100,225,58.8
945200,225,58.8
945300,225,58.8
945400,225,56.8
945500,225,53.2
945600,225,56.1
945700,225,58.2
945800,225,58.9
945900,225,60.2
946000,225,59.9
946100,225,58.8
946200,225,59.3
946300,225,58.9
946400,225,56.6
946500,255,55.9
946600,255,59.2
946700,255,62.6
946800,255,64.3
946900,255,64.5
947000,255,63.8
947100,255,64.4
947200,255,63.5
947300,255,64.0
947400,255,62.9
947500,255,60.6
947600,255,63.4
947700,255,64.3
947800,255,63.9
947900,255,64.5
948000,225,64.4
948100,225,61.6
948200,225,60.5
948300,225,58.8
948400,225,56.4
948500,225,53.4
948600,225,56.8
948700,225,57.9
948800,225,59.8
948900,225,60.3
949000,225,59.6
949100,225,59.8
949200,225,59.7
949300,225,58.7
949400,225,57.0
949500,120,54.6
949600,120,50.3
949700,120,49.2
949800,120,49.2
949900,120,49.4
950000,120,50.0
950100,120,50.1
950200,120,49.6
950300,120,50.1
950400,120,49.5
950500,120,49.2
950600,120,45.7
950700,120,43.4
950800,120,37.1
950900,120,41.5
951000,155,43.6
951100,155,48.7
951200,155,52.2
951300,155,53.6
951400,155,54.6
951500,155,54.8
951600,155,54.2
951700,155,54.5
951800,155,52.4
951900,155,50.5
952000,155,45.8
952100,155,49.7
952200,155,51.4
952300,155,54.1
952400,155,55.2
952500,120,54.8
952600,120,53.8
952700,120,51.8
952800,120,49.9
952900,120,48.9
953000,120,45.9
953100,120,44.3
953200,120,37.6
953300,120,41.3
953400,120,44.0
953500,120,46.7
953600,120,48.2
953700,120,49.5
953800,120,50.3
953900,120,49.7
954000,155,50.1
954100,155,51.8
954200,155,52.3
954300,155,50.6
954400,155,48.2
954500,155,45.8
954600,155,51.0
954700,155,53.1
954800,155,54.1
954900,155,55.2
955000,155,55.0
955100,155,54.0
955200,155,54.3
955300,155,54.1
955400,155,51.9
955500,120,51.4
955600,120,43.6
955700,120,42.9
955800,120,43.6
955900,120,46.0
956000,120,47.8
956100,120,49.4
956200,120,49.6
956300,120,49.1
956400,120,49.5
956500,120,49.4
956600,120,48.0
956700,120,45.9
956800,120,44.4
956900,120,38.0
957000,155,41.1
957100,155,46.0
957200,155,51.7
957300,155,54.2
957400,155,54.5
957500,155,55.2
957600,155,55.0
957700,155,54.3
957800,155,54.6
957900,155,52.6
958000,155,50.6
958100,155,45.7
958200,155,49.7
958300,155,51.4
958400,155,54.1
958500,190,55.4
958600,190,56.0
958700,190,57.8
958800,190,58.0
958900,190,57.4
959000,190,56.8
959100,190,55.1
959200,190,50.8
959300,190,54.7
959400,190,56.5
959500,190,57.4
959600,190,58.7
959700,190,58.5
959800,190,57.9
959900,190,58.2
960000,120,57.4
960100,120,53.3
960200,120,48.7
960300,120,39.7
960400,120,42.6
960500,120,44.6
960600,120,46.2
960700,120,46.9
960800,120,48.6
960900,120,48.7
961000,120,49.5
961100,120,49.4
961200,120,48.9
961300,120,48.7
961400,120,45.9
961500,225,44.3
961600,225,45.9
961700,225,55.4
961800,225,57.4
961900,225,59.7
962000,225,60.2
962100,225,59.4
962200,225,59.9
962300,225,59.7
962400,225,58.7
962500,225,57.3
962600,225,54.6
962700,225,54.6
962800,225,57.8
962900,225,59.3
963000,120,59.7
963100,120,57.7
963200,120,53.6
963300,120,51.9
963400,120,50.8
963500,120,48.9
963600,120,46.0
963700,120,44.3
963800,120,37.0
963900,120,41.6
964000,120,44.5
964100,120,46.4
964200,120,48.9
964300,120,49.5
964400,120,49.1
964500,225,49.2
964600,225,54.1
964700,225,57.1
964800,225,57.9
964900,225,56.6
965000,225,52.4
965100,225,55.6
965200,225,57.7
965300,225,58.9
965400,225,60.1
965500,225,59.9
965600,225,59.2
965700,225,59.8
965800,225,59.3
965900,225,56.8
966000,190,54.8
966100,190,54.1
966200,190,55.5
966300,190,57.7
966400,190,58.0
966500,190,58.7
966600,190,58.5
966700,190,57.7
966800,190,58.2
966900,190,57.3
967000,190,54.6
967100,190,50.9
967200,190,54.2
967300,190,55.6
967400,190,58.0
967500,255,58.8
967600,255,62.0
967700,255,64.3
967800,255,64.4
967900,255,63.5
968000,255,62.9
968100,255,61.0
968200,255,62.8
968300,255,64.2
968400,255,64.7
968500,255,63.9
968600,255,64.4
968700,255,64.4
968800,255,63.6
968900,255,63.4
969000,155,62.5
969100,155,55.0
969200,155,53.8
969300,155,54.1
969400,155,54.6
969500,155,55.4
969600,155,54.7
969700,155,55.1
969800,155,55.1
969900,155,54.1
970000,155,52.7
970100,155,51.0
970200,155,44.8
970300,155,49.6
970400,155,51.9
970500,225,53.6
970600,225,57.1
970700,225,59.4
970800,225,59.1
970900,225,59.8
971000,225,59.6
971100,225,57.4
971200,225,56.9
971300,225,54.8
971400,225,57.3
971500,225,59.2
971600,225,60.1
971700,225,59.4
971800,225,59.9
971900,225,59.8
972000,155,59.1
972100,155,57.3
972200,155,52.9
972300,155,47.8
972400,155,48.9
972500,155,51.8
972600,155,53.2
972700,155,55.0
972800,155,54.7
972900,155,55.0
973000,155,54.5
973100,155,54.0
973200,155,54.1
973300,155,51.9
973400,155,50.4
973500,120,47.2
973600,120,47.7
973700,120,47.1
973800,120,48.9
973900,120,49.5
974000,120,49.7
974100,120,50.1
974200,120,50.0
974300,120,49.7
974400,120,49.9
974500,120,47.8
974600,120,45.3
974700,120,41.5
974800,120,41.5
974900,120,44.3
975000,225,46.8
975100,225,53.4
975200,225,57.9
975300,225,59.6
975400,225,59.7
975500,225,59.1
975600,225,59.4
975700,225,57.5
975800,225,55.6
975900,225,55.5
976000,225,57.5
976100,225,59.4
976200,225,60.3
976300,225,59.6
976400,225,59.9
976500,120,59.8
976600,120,56.5
976700,120,52.4
976800,120,47.8
976900,120,42.5
977000,120,41.5
977100,120,44.8
977200,120,46.2
977300,120,48.5
977400,120,49.6
977500,120,49.1
977600,120,50.0
977700,120,49.5
977800,120,48.9
977900,120,48.9
978000,255,46.8
978100,255,57.1
978200,255,61.5
978300,255,63.8
978400,255,63.6
978500,255,64.5
978600,255,64.5
978700,255,63.8
978800,255,64.3
978900,255,64.3
979000,255,62.5
979100,255,62.1
979200,255,62.8
979300,255,64.3
979400,255,64.7
979500,190,64.0
979600,190,62.0
979700,190,59.6
979800,190,58.2
979900,190,58.0
980000,190,56.0
980100,190,52.7
980200,190,53.8
980300,190,56.5
980400,190,57.3
980500,190,58.7
980600,190,58.7
980700,190,57.9
980800,190,58.3
980900,190,58.2
981000,255,56.5
981100,255,60.7
981200,255,61.7
981300,255,63.3
981400,255,64.4
981500,255,64.7
981600,255,63.8
981700,255,64.3
981800,255,64.3
981900,255,63.4
982000,255,63.0
982100,255,61.9
982200,255,62.2
982300,255,63.9
982400,255,63.9
982500,225,64.7
982600,225,62.5
982700,225,60.1
982800,225,60.1
982900,225,59.4
983000,225,56.9
983100,225,54.8
983200,225,56.8
983300,225,57.9
983400,225,59.7
983500,225,60.2
983600,225,59.4
983700,225,59.9
983800,225,59.9
983900,225,58.9
984000,255,57.9
984100,255,60.2
984200,255,62.1
984300,255,64.0
984400,255,64.5
984500,255,64.0
984600,255,64.4
984700,255,64.4
984800,255,63.6
984900,255,64.0
985000,255,63.1
985100,255,61.1
985200,255,63.8
985300,255,64.5
985400,255,64.0
985500,120,64.7
985600,120,60.5
985700,120,55.9
985800,120,52.9
985900,120,50.1
986000,120,47.1
986100,120,44.1
986200,120,40.3
986300,120,43.9
986400,120,46.0
986500,120,47.6
986600,120,49.5
986700,120,50.4
986800,120,49.7
986900,120,49.9
987000,255,50.4
987100,255,59.2
987200,255,63.0
987300,255,62.1
987400,255,62.4
987500,255,64.2
987600,255,64.5
987700,255,63.9
987800,255,64.5
987900,255,64.4
988000,255,63.8
988100,255,63.9
988200,255,63.1
988300,255,61.0
988400,255,63.9
988500,225,64.5
988600,225,62.1
988700,225,61.1
988800,225,59.7
988900,225,59.9
989000,225,59.8
989100,225,58.2
989200,225,57.4
989300,225,54.3
989400,225,56.9
989500,225,58.8
989600,225,59.9
989700,225,59.6
989800,225,59.9
989900,225,59.4
990000,190,58.9
990100,190,58.4
990200,190,55.9
990300,190,52.2
990400,190,52.9
990500,190,54.8
990600,190,56.8
990700,190,58.4
990800,190,58.4
990900,190,57.8
991000,190,58.3
991100,190,58.3
991200,190,56.8
991300,190,55.6
991400,190,52.0
991500,155,54.3
991600,155,55.5
991700,155,55.7
991800,155,55.4
991900,155,55.6
992000,155,54.8
992100,155,55.1
992200,155,54.8
992300,155,53.4
992400,155,51.9
992500,155,48.1
992600,155,49.2
992700,155,52.0
992800,155,54.1
992900,155,54.6
993000,255,55.5
993100,255,61.5
993200,255,63.6
993300,255,64.3
993400,255,63.5
993500,255,62.2
993600,255,62.0
993700,255,63.9
993800,255,63.8
993900,255,64.5
994000,255,64.5
994100,255,63.8
994200,255,64.4
994300,255,64.2
994400,255,62.5
994500,120,61.5
994600,120,58.5
994700,120,53.3
994800,120,52.3
994900,120,51.7
995000,120,50.4
995100,120,50.4
995200,120,49.9
995300,120,50.1
995400,120,49.9
995500,120,46.9
995600,120,45.9
995700,120,39.4
995800,120,41.2
995900,120,44.6
996000,225,47.1
996100,225,53.2
996200,225,58.5
996300,225,59.7
996400,225,59.2
996500,225,59.7
996600,225,59.4
996700,225,57.0
996800,225,55.2
996900,225,55.6
997000,225,57.4
997100,225,59.4
997200,225,60.2
997300,225,59.6
997400,225,60.1
997500,155,59.9
997600,155,57.4
997700,155,54.8
997800,155,52.4
997900,155,46.2
998000,155,49.9
998100,155,52.0
998200,155,53.6
998300,155,55.1
998400,155,54.7
998500,155,55.0
998600,155,54.6
998700,155,54.1
998800,155,54.0
998900,155,51.5
999000,190,48.0
999100,190,49.9
999200,190,54.0
999300,190,56.2
999400,190,58.3
999500,190,58.5
999600,190,57.9
999700,190,58.3
999800,190,58.3
999900,190,57.1
1000000,190,55.6
1000100,190,52.2
1000200,190,53.4
1000300,190,56.2
1000400,190,57.9
1000500,155,58.0
1000600,155,57.7
1000700,155,56.2
1000800,155,54.8
1000900,155,55.1
1001000,155,54.2
1001100,155,51.3
1001200,155,47.3
1001300,155,48.9
1001400,155,51.3
1001500,155,53.8
1001600,155,54.6
1001700,155,55.5
1001800,155,55.4
1001900,155,54.7
1002000,190,55.1
1002100,190,56.0
1002200,190,54.7
1002300,190,52.9
1002400,190,52.0
1002500,190,55.0
1002600,190,57.4
1002700,190,58.4
1002800,190,57.9
1002900,190,58.4
1003000,190,58.3
1003100,190,57.5
1003200,190,57.5
1003300,190,55.5
1003400,190,50.9
1003500,155,53.3
1003600,155,54.3
1003700,155,54.5
1003800,155,55.5
1003900,155,55.4
1004000,155,54.7
1004100,155,55.0
1004200,155,55.0
1004300,155,53.8
1004400,155,52.0
1004500,155,48.5
1004600,155,46.9
1004700,155,50.8
1004800,155,52.6
1004900,155,54.7
1005000,255,55.5
1005100,255,60.8
1005200,255,64.2
1005300,255,64.4
1005400,255,63.3
1005500,255,63.0
1005600,255,61.1
1005700,255,63.0
1005800,255,64.3
1005900,255,64.7
1006000,255,63.8
1006100,255,64.4
1006200,255,64.3
1006300,255,63.5
1006400,255,63.3
1006500,225,61.7
1006600,225,58.5
1006700,225,58.8
1006800,225,59.6
1006900,225,59.6
1007000,225,60.1
1007100,225,59.7
1007200,225,58.8
1007300,225,59.2
1007400,225,57.8
1007500,225,55.7
1007600,225,53.1
1007700,225,55.7
1007800,225,57.4
1007900,225,59.6
1008000,155,59.6
1008100,155,58.4
1008200,155,56.5
1008300,155,55.0
1008400,155,54.7
1008500,155,52.2
1008600,155,49.0
1008700,155,45.9
1008800,155,50.5
1008900,155,51.9
1009000,155,54.3
1009100,155,55.2
1009200,155,54.7
1009300,155,55.1
1009400,155,55.0
1009500,225,54.2
1009600,225,55.6
1009700,225,56.2
1009800,225,52.4
1009900,225,56.8
1010000,225,58.4
1010100,225,59.2
1010200,225,60.2
1010300,225,60.1
1010400,225,59.4
1010500,225,59.8
1010600,225,59.4
1010700,225,56.9
1010800,225,54.2
1010900,225,55.6
1011000,120,57.3
1011100,120,56.6
1011200,120,53.4
1011300,120,52.3
1011400,120,51.1
1011500,120,49.5
1011600,120,49.6
1011700,120,49.2
1011800,120,46.6
1011900,120,45.4
1012000,120,37.6
1012100,120,39.2
1012200,120,42.7
1012300,120,45.3
1012400,120,46.2
1012500,225,48.0
1012600,225,53.6
1012700,225,57.7
1012800,225,59.2
1012900,225,59.6
1013000,225,58.2
1013100,225,57.1
1013200,225,52.9
1013300,225,55.7
1013400,225,58.2
1013500,225,59.7
1013600,225,59.6
1013700,225,60.1
1013800,225,59.8
1013900,225,59.2
1014000,155,59.4
1014100,155,55.5
1014200,155,49.7
1014300,155,47.2
1014400,155,50.5
1014500,155,52.8
1014600,155,54.6
1014700,155,54.8
1014800,155,55.4
1014900,155,55.2
1015000,155,54.5
1015100,155,54.7
1015200,155,53.1
1015300,155,51.0
1015400,155,45.3
1015500,255,49.1
1015600,255,58.9
1015700,255,64.4
1015800,255,64.5
1015900,255,63.8
1016000,255,64.2
1016100,255,64.2
1016200,255,63.1
1016300,255,62.8
1016400,255,60.6
1016500,255,62.4
1016600,255,64.0
1016700,255,64.5
1016800,255,63.9
1016900,255,64.4
1017000,225,64.4
1017100,225,61.5
1017200,225,58.9
1017300,225,56.4
1017400,225,53.2
1017500,225,57.0
1017600,225,58.0
1017700,225,59.8
1017800,225,60.2
1017900,225,59.4
1018000,225,59.8
1018100,225,59.8
1018200,225,58.4
1018300,225,57.0
1018400,225,52.9
1018500,255,55.6
1018600,255,61.7
1018700,255,64.4
1018800,255,63.8
1018900,255,64.3
1019000,255,64.3
1019100,255,63.6
1019200,255,63.6
1019300,255,62.6
1019400,255,60.3
1019500,255,63.4
1019600,255,64.3
1019700,255,63.9
1019800,255,64.5
1019900,255,64.3
1020000,155,63.8
1020100,155,61.1
1020200,155,55.4
1020300,155,50.9
1020400,155,46.0
1020500,155,49.9
1020600,155,51.7
1020700,155,53.4
1020800,155,53.8
1020900,155,55.0
1021000,155,55.1
1021100,155,54.5
1021200,155,54.7
1021300,155,53.8
1021400,155,51.1
1021500,120,48.1
1021600,120,47.1
1021700,120,47.2
1021800,120,48.5
1021900,120,49.9
1022000,120,50.1
1022100,120,50.4
1022200,120,49.9
1022300,120,49.2
1022400,120,49.9
1022500,120,48.7
1022600,120,45.2
1022700,120,44.8
1022800,120,39.5
1022900,120,42.6
1023000,255,45.5
1023100,255,59.1
1023200,255,63.5
1023300,255,64.4
1023400,255,64.3
1023500,255,63.8
1023600,255,64.0
1023700,255,63.0
1023800,255,61.4
1023900,255,63.3
1024000,255,63.4
1024100,255,64.5
1024200,255,64.5
1024300,255,63.6
1024400,255,64.2
1024500,120,64.3
1024600,120,58.4
1024700,120,51.7
1024800,120,44.8
1024900,120,43.0
1025000,120,43.7
1025100,120,45.9
1025200,120,47.6
1025300,120,49.2
1025400,120,49.6
1025500,120,49.6
1025600,120,49.9
1025700,120,49.4
1025800,120,48.3
1025900,120,46.3
1026000,225,45.5
1026100,225,48.0
1026200,225,56.1
1026300,225,58.7
1026400,225,59.2
1026500,225,60.3
1026600,225,60.2
1026700,225,59.3
1026800,225,59.8
1026900,225,59.4
1027000,225,56.9
1027100,225,56.1
1027200,225,55.7
1027300,225,58.5
1027400,225,59.7
1027500,190,59.7
1027600,190,59.6
1027700,190,58.8
1027800,190,57.8
1027900,190,58.2
1028000,190,56.6
1028100,190,55.4
1028200,190,53.2
1028300,190,55.9
1028400,190,56.9
1028500,190,58.5
1028600,190,58.8
1028700,190,58.0
1028800,190,58.4
1028900,190,58.3
1029000,225,57.3
1029100,225,56.8
1029200,225,56.1
1029300,225,55.7
1029400,225,58.3
1029500,225,59.6
1029600,225,59.7
1029700,225,60.2
1029800,225,59.9
1029900,225,59.2
1030000,225,59.6
1030100,225,58.3
1030200,225,56.9
1030300,225,55.4
1030400,225,57.5
1030500,190,59.6
1030600,190,59.6
1030700,190,58.4
1030800,190,58.7
1030900,190,58.4
1031000,190,57.7
1031100,190,57.8
1031200,190,56.0
1031300,190,53.2
1031400,190,55.2
1031500,190,57.1
1031600,190,57.7
1031700,190,58.8
1031800,190,58.8
1031900,190,57.9
1032000,255,58.4
1032100,255,62.1
1032200,255,62.6
1032300,255,62.8
1032400,255,63.3
1032500,255,63.6
1032600,255,64.7
1032700,255,64.7
1032800,255,63.8
1032900,255,64.3
1033000,255,64.2
1033100,255,63.3
1033200,255,63.3
1033300,255,62.0
1033400,255,62.6
1033500,225,64.3
1033600,225,62.1
1033700,225,61.1
1033800,225,60.3
1033900,225,59.4
1034000,225,59.8
1034100,225,58.7
1034200,225,57.0
1034300,225,55.2
1034400,225,57.9
1034500,225,58.5
1034600,225,60.1
1034700,225,60.3
1034800,225,59.6
1034900,225,59.9
1035000,120,59.9
1035100,120,56.2
1035200,120,50.8
1035300,120,46.9
1035400,120,43.0
1035500,120,45.9
1035600,120,47.6
1035700,120,48.5
1035800,120,50.4
1035900,120,50.4
1036000,120,49.6
1036100,120,49.7
1036200,120,50.1
1036300,120,49.1
1036400,120,47.8
1036500,155,46.8
1036600,155,44.4
1036700,155,49.0
1036800,155,51.5
1036900,155,54.1
1037000,155,55.2
1037100,155,54.8
1037200,155,55.5
1037300,155,55.1
1037400,155,54.6
1037500,155,54.6
1037600,155,52.7
1037700,155,50.5
1037800,155,49.9
1037900,155,52.4
1038000,190,53.4
1038100,190,56.2
1038200,190,58.0
1038300,190,57.8
1038400,190,58.3
1038500,190,58.3
1038600,190,57.3
1038700,190,56.1
1038800,190,54.5
1038900,190,54.1
1039000,190,56.9
1039100,190,58.2
1039200,190,58.3
1039300,190,58.8
1039400,190,58.7
1039500,120,57.9
1039600,120,56.0
1039700,120,52.2
1039800,120,48.0
1039900,120,44.5
1040000,120,43.0
1040100,120,45.9
1040200,120,47.4
1040300,120,48.6
1040400,120,49.9
1040500,120,49.9
1040600,120,49.6
1040700,120,50.1
1040800,120,50.1
1040900,120,49.4
1041000,190,47.7
1041100,190,50.8
1041200,190,51.1
1041300,190,55.5
1041400,190,57.4
1041500,190,57.9
1041600,190,58.7
1041700,190,58.4
1041800,190,57.4
1041900,190,58.0
1042000,190,57.7
1042100,190,55.4
1042200,190,54.3
1042300,190,53.8
1042400,190,54.7
1042500,225,57.4
1042600,225,59.2
1042700,225,59.3
1042800,225,59.9
1042900,225,59.9
1043000,225,59.2
1043100,225,58.8
1043200,225,57.1
1043300,225,55.4
1043400,225,57.8
1043500,225,58.4
1043600,225,59.9
1043700,225,60.3
1043800,225,59.7
1043900,225,60.1
1044000,190,60.1
1044100,190,58.0
1044200,190,56.5
1044300,190,53.8
1044400,190,54.2
1044500,190,56.9
1044600,190,58.2
1044700,190,58.3
1044800,190,58.8
1044900,190,58.5
1045000,190,57.9
1045100,190,58.3
1045200,190,57.0
1045300,190,55.4
1045400,190,52.9
1045500,155,56.0
1045600,155,55.6
1045700,155,56.1
1045800,155,56.1
1045900,155,55.1
1046000,155,55.5
1046100,155,55.2
1046200,155,54.3
1046300,155,53.4
1046400,155,51.8
1046500,155,48.5
1046600,155,51.0
1046700,155,52.4
1046800,155,53.6
1046900,155,54.5
1047000,255,54.6
1047100,255,61.4
1047200,255,64.3
1047300,255,63.6
1047400,255,63.4
1047500,255,62.6
1047600,255,62.5
1047700,255,64.2
1047800,255,64.7
1047900,255,64.0
1048000,255,64.5
1048100,255,64.4
1048200,255,63.6
1048300,255,64.0
1048400,255,63.3
1048500,120,61.5
1048600,120,59.7
1048700,120,55.1
1048800,120,52.7
1048900,120,52.0
1049000,120,51.1
1049100,120,50.0
1049200,120,50.0
1049300,120,50.0
1049400,120,49.4
1049500,120,47.2
1049600,120,44.5
1049700,120,41.6
1049800,120,44.6
1049900,120,46.3
1050000,225,48.5
1050100,225,54.1
1050200,225,57.9
1050300,225,59.3
1050400,225,59.2
1050500,225,58.7
1050600,225,58.4
1050700,225,57.5
1050800,225,54.3
1050900,225,56.5
1051000,225,58.3
1051100,225,59.2
1051200,225,60.3
1051300,225,60.2
1051400,225,59.3
1051500,190,59.8
1051600,190,58.9
1051700,190,55.9
1051800,190,54.0
1051900,190,54.3
1052000,190,56.1
1052100,190,58.0
1052200,190,58.8
1052300,190,58.3
1052400,190,58.5
1052500,190,58.5
1052600,190,57.7
1052700,190,57.1
1052800,190,55.4
1052900,190,52.8
1053000,225,55.6
1053100,225,57.3
1053200,225,59.7
1053300,225,60.1
1053400,225,59.4
1053500,225,59.9
1053600,225,59.8
1053700,225,58.8
1053800,225,57.8
1053900,225,55.9
1054000,225,55.9
1054100,225,58.4
1054200,225,59.7
1054300,225,59.6
1054400,225,60.1
1054500,255,59.9
1054600,255,62.1
1054700,255,64.2
1054800,255,63.3
1054900,255,61.6
1055000,255,63.1
1055100,255,64.2
1055200,255,64.0
1055300,255,64.5
1055400,255,64.4
1055500,255,63.6
1055600,255,64.4
1055700,255,63.6
1055800,255,62.5
1055900,255,62.0
1056000,120,63.4
1056100,120,60.8
1056200,120,56.5
1056300,120,53.3
1056400,120,52.0
1056500,120,51.0
1056600,120,49.6
1056700,120,49.6
1056800,120,47.8
1056900,120,45.8
1057000,120,42.3
1057100,120,42.7
1057200,120,45.0
1057300,120,47.1
1057400,120,48.9
1057500,190,49.5
1057600,190,53.8
1057700,190,56.9
1057800,190,57.3
1057900,190,58.0
1058000,190,57.1
1058100,190,55.5
1058200,190,53.1
1058300,190,55.6
1058400,190,56.4
1058500,190,58.4
1058600,190,58.7
1058700,190,57.9
1058800,190,58.0
1058900,190,57.9
1059000,255,57.1
1059100,255,61.1
1059200,255,61.5
1059300,255,62.9
1059400,255,63.8
1059500,255,64.0
1059600,255,64.7
1059700,255,64.5
1059800,255,63.8
1059900,255,64.4
1060000,255,63.9
1060100,255,62.6
1060200,255,62.1
1060300,255,63.8
1060400,255,63.6
1060500,120,64.8
1060600,120,61.2
1060700,120,55.7
1060800,120,53.3
1060900,120,51.4
1061000,120,49.1
1061100,120,46.7
1061200,120,45.3
1061300,120,40.4
1061400,120,44.1
1061500,120,46.2
1061600,120,47.6
1061700,120,49.4
1061800,120,50.3
1061900,120,49.7
1062000,255,50.1
1062100,255,59.8
1062200,255,63.3
1062300,255,63.3
1062400,255,61.6
1062500,255,63.4
1062600,255,64.0
1062700,255,63.9
1062800,255,64.7
1062900,255,64.5
1063000,255,63.6
1063100,255,64.4
1063200,255,63.8
1063300,255,62.8
1063400,255,62.2
1063500,225,64.0
1063600,225,61.2
1063700,225,60.1
1063800,225,60.2
1063900,225,59.2
1064000,225,59.7
1064100,225,59.6
1064200,225,57.8
1064300,225,57.5
1064400,225,55.1
1064500,225,57.1
1064600,225,59.1
1064700,225,59.9
1064800,225,59.6
1064900,225,60.1
1065000,120,59.9
1065100,120,56.8
1065200,120,53.6
1065300,120,49.1
1065400,120,46.2
1065500,120,42.1
1065600,120,44.5
1065700,120,46.9
1065800,120,48.5
1065900,120,49.1
1066000,120,49.9
1066100,120,50.0
1066200,120,49.7
1066300,120,50.3
1066400,120,50.0
1066500,225,48.5
1066600,225,52.3
1066700,225,54.1
1066800,225,56.6
1066900,225,58.9
1067000,225,59.9
1067100,225,59.7
1067200,225,60.2
1067300,225,59.6
1067400,225,58.9
1067500,225,59.3
1067600,225,57.5
1067700,225,55.6
1067800,225,56.1
1067900,225,57.4
1068000,120,58.7
1068100,120,57.8
1068200,120,54.6
1068300,120,51.9
1068400,120,51.1
1068500,120,50.4
1068600,120,49.0
1068700,120,47.3
1068800,120,45.9
1068900,120,41.7
1069000,120,44.0
1069100,120,45.9
1069200,120,48.0
1069300,120,49.5
1069400,120,49.5
1069500,255,50.0
1069600,255,59.8
1069700,255,63.5
1069800,255,64.3
1069900,255,63.3
1070000,255,61.5
1070100,255,63.6
1070200,255,64.4
1070300,255,64.0
1070400,255,64.7
1070500,255,64.4
1070600,255,63.6
1070700,255,64.3
1070800,255,63.6
1070900,255,62.6
1071000,120,62.5
1071100,120,60.2
1071200,120,55.0
1071300,120,53.6
1071400,120,52.2
1071500,120,50.8
1071600,120,50.6
1071700,120,49.7
1071800,120,49.1
1071900,120,48.5
1072000,120,45.9
1072100,120,43.4
1072200,120,42.7
1072300,120,44.6
1072400,120,46.9
1072500,155,48.7
1072600,155,51.1
1072700,155,54.1
1072800,155,54.7
1072900,155,54.2
1073000,155,54.8
1073100,155,54.5
1073200,155,51.9
1073300,155,49.7
1073400,155,49.7
1073500,155,51.9
1073600,155,54.1
1073700,155,55.2
1073800,155,55.0
1073900,155,55.5
1074000,255,55.5
1074100,255,60.7
1074200,255,63.9
1074300,255,63.1
1074400,255,61.5
1074500,255,63.9
1074600,255,64.4
1074700,255,64.0
1074800,255,64.7
1074900,255,64.4
1075000,255,63.6
1075100,255,64.4
1075200,255,62.8
1075300,255,62.8
1075400,255,63.1
1075500,225,63.6
1075600,225,62.8
1075700,225,61.2
1075800,225,59.8
1075900,225,59.7
1076000,225,59.4
1076100,225,58.8
1076200,225,57.8
1076300,225,56.6
1076400,225,55.1
1076500,225,57.3
1076600,225,59.1
1076700,225,59.4
1076800,225,60.2
1076900,225,59.9
1077000,255,59.3
1077100,255,62.6
1077200,255,63.3
1077300,255,62.2
1077400,255,62.8
1077500,255,64.2
1077600,255,63.9
1077700,255,64.7
1077800,255,64.5
1077900,255,63.6
1078000,255,64.4
1078100,255,64.0
1078200,255,62.6
1078300,255,62.1
1078400,255,63.3
1078500,190,64.3
1078600,190,62.5
1078700,190,59.6
1078800,190,59.2
1078900,190,58.7
1079000,190,57.8
1079100,190,57.9
1079200,190,56.1
1079300,190,53.4
1079400,190,55.1
1079500,190,57.1
1079600,190,57.7
1079700,190,58.8
1079800,190,58.7
1079900,190,57.9
1080000,255,58.5
1080100,255,62.4
1080200,255,62.6
1080300,255,62.6
1080400,255,63.0
1080500,255,63.5
1080600,255,64.5
1080700,255,64.5
1080800,255,63.8
1080900,255,64.5
1081000,255,64.4
1081100,255,63.4
1081200,255,63.3
1081300,255,62.1
1081400,255,63.4
1081500,225,64.5
1081600,225,62.2
1081700,225,61.1
1081800,225,60.3
1081900,225,59.3
1082000,225,59.8
1082100,225,58.7
1082200,225,57.1
1082300,225,55.4
1082400,225,57.8
1082500,225,58.4
1082600,225,59.9
1082700,225,60.2
1082800,225,59.4
1082900,225,59.8
1083000,120,59.8
1083100,120,56.2
1083200,120,51.0
1083300,120,47.1
1083400,120,42.9
1083500,120,45.5
1083600,120,47.1
1083700,120,48.2
1083800,120,49.6
1083900,120,50.4
1084000,120,49.5
1084100,120,49.6
1084200,120,49.2
1084300,120,48.3
1084400,120,47.2
1084500,190,45.8
1084600,190,46.6
1084700,190,52.9
1084800,190,54.8
1084900,190,57.5
1085000,190,58.5
1085100,190,58.0
1085200,190,58.4
1085300,190,58.3
1085400,190,57.5
1085500,190,56.9
1085600,190,56.1
1085700,190,52.6
1085800,190,55.6
1085900,190,57.1
1086000,120,57.7
1086100,120,56.6
1086200,120,53.6
1086300,120,51.3
1086400,120,50.5
1086500,120,50.3
1086600,120,48.9
1086700,120,46.6
1086800,120,44.3
1086900,120,41.1
1087000,120,44.8
1087100,120,46.7
1087200,120,47.8
1087300,120,49.5
1087400,120,49.7
1087500,225,49.9
1087600,225,54.8
1087700,225,58.4
1087800,225,58.4
1087900,225,57.4
1088000,225,55.2
1088100,225,56.5
1088200,225,58.5
1088300,225,59.2
1088400,225,60.2
1088500,225,60.1
1088600,225,59.3
1088700,225,59.9
1088800,225,59.6
1088900,225,57.5
1089000,255,57.4
1089100,255,60.5
1089200,255,63.3
1089300,255,64.2
1089400,255,64.4
1089500,255,63.8
1089600,255,64.3
1089700,255,64.3
1089800,255,63.4
1089900,255,63.3
1090000,255,62.1
1090100,255,63.0
1090200,255,64.3
1090300,255,64.5
1090400,255,63.9
1090500,190,64.4
1090600,190,61.9
1090700,190,58.8
1090800,190,57.8
1090900,190,56.2
1091000,190,52.4
1091100,190,55.4
1091200,190,56.5
1091300,190,58.2
1091400,190,58.7
1091500,190,58.0
1091600,190,58.4
1091700,190,58.3
1091800,190,57.5
1091900,190,56.5
1092000,120,55.5
1092100,120,49.5
1092200,120,49.2
1092300,120,49.1
1092400,120,49.5
1092500,120,50.6
1092600,120,50.1
1092700,120,49.0
1092800,120,49.1
1092900,120,49.0
1093000,120,48.2
1093100,120,46.9
1093200,120,46.2
1093300,120,40.9
1093400,120,42.6
1093500,190,43.7
1093600,190,50.0
1093700,190,56.2
1093800,190,58.2
1093900,190,57.8
1094000,190,58.3
1094100,190,58.2
1094200,190,57.4
1094300,190,56.4
1094400,190,53.8
1094500,190,54.1
1094600,190,56.6
1094700,190,57.3
1094800,190,58.7
1094900,190,58.8
1095000,120,58.0
1095100,120,56.2
1095200,120,53.2
1095300,120,50.3
1095400,120,47.2
1095500,120,45.2
1095600,120,41.1
1095700,120,44.8
1095800,120,46.6
1095900,120,47.8
1096000,120,49.7
1096100,120,49.7
1096200,120,49.5
1096300,120,50.3
1096400,120,50.1
1096500,190,49.5
1096600,190,52.4
1096700,190,54.7
1096800,190,51.9
1096900,190,55.5
1097000,190,57.1
1097100,190,57.8
1097200,190,58.8
1097300,190,58.8
1097400,190,57.9
1097500,190,58.4
1097600,190,57.4
1097700,190,56.5
1097800,190,55.0
1097900,190,52.9
1098000,155,56.1
1098100,155,56.4
1098200,155,55.6
1098300,155,56.0
1098400,155,55.6
1098500,155,54.7
1098600,155,55.1
1098700,155,54.6
1098800,155,52.2
1098900,155,51.4
1099000,155,48.9
1099100,155,51.3
1099200,155,53.6
1099300,155,55.0
1099400,155,55.0
1099500,225,55.5
1099600,225,57.1
1099700,225,58.5
1099800,225,59.2
1099900,225,58.0
1100000,225,56.2
1100100,225,55.7
1100200,225,58.4
1100300,225,58.8
1100400,225,60.2
1100500,225,60.2
1100600,225,59.4
1100700,225,59.8
1100800,225,59.1
1100900,225,58.8
1101000,190,57.8
1101100,190,53.3
1101200,190,56.1
1101300,190,57.4
1101400,190,57.9
1101500,190,58.7
1101600,190,58.4
1101700,190,57.4
1101800,190,57.9
1101900,190,57.8
1102000,190,55.7
1102100,190,54.3
1102200,190,53.3
1102300,190,54.6
1102400,190,57.3
1102500,225,58.5
1102600,225,58.5
1102700,225,59.7
1102800,225,59.8
1102900,225,59.2
1103000,225,58.9
1103100,225,58.0
1103200,225,54.5
1103300,225,57.5
1103400,225,58.9
1103500,225,59.3
1103600,225,60.2
1103700,225,60.1
1103800,225,59.2
1103900,225,59.7
1104000,255,58.9
1104100,255,61.7
1104200,255,61.7
1104300,255,63.1
1104400,255,64.3
1104500,255,64.7
1104600,255,63.9
1104700,255,64.5
1104800,255,64.3
1104900,255,63.6
1105000,255,63.5
1105100,255,62.9
1105200,255,61.9
1105300,255,64.2
1105400,255,64.5
1105500,120,64.0
1105600,120,61.0
1105700,120,55.9
1105800,120,52.4
1105900,120,51.3
1106000,120,49.2
1106100,120,46.7
1106200,120,43.4
1106300,120,42.1
1106400,120,44.3
1106500,120,46.7
1106600,120,47.4
1106700,120,47.8
1106800,120,49.2
1106900,120,49.2
1107000,225,48.7
1107100,225,53.8
1107200,225,57.3
1107300,225,57.7
1107400,225,56.4
1107500,225,55.2
1107600,225,58.3
1107700,225,59.6
1107800,225,59.6
1107900,225,60.2
1108000,225,59.9
1108100,225,59.2
1108200,225,59.6
1108300,225,58.5
1108400,225,57.1
1108500,155,55.0
1108600,155,55.7
1108700,155,54.6
1108800,155,55.6
1108900,155,55.7
1109000,155,55.0
1109100,155,55.2
1109200,155,55.1
1109300,155,54.2
1109400,155,53.4
1109500,155,52.3
1109600,155,47.4
1109700,155,50.8
1109800,155,52.9
1109900,155,54.0
1110000,120,55.4
1110100,120,54.0
1110200,120,51.1
1110300,120,50.3
1110400,120,49.1
1110500,120,48.9
1110600,120,46.7
1110700,120,45.4
1110800,120,40.3
1110900,120,42.5
1111000,120,43.5
1111100,120,46.4
1111200,120,48.5
1111300,120,49.1
1111400,120,49.7
1111500,225,49.9
1111600,225,54.0
1111700,225,58.3
1111800,225,58.4
1111900,225,57.1
1112000,225,54.8
1112100,225,57.4
1112200,225,58.3
1112300,225,59.9
1112400,225,60.3
1112500,225,59.6
1112600,225,59.9
1112700,225,59.8
1112800,225,58.9
1112900,225,57.8
1113000,120,55.2
1113100,120,52.6
1113200,120,50.9
1113300,120,50.3
1113400,120,50.0
1113500,120,50.1
1113600,120,49.2
1113700,120,49.9
1113800,120,50.4
1113900,120,49.7
1114000,120,49.1
1114100,120,46.8
1114200,120,43.1
1114300,120,41.5
1114400,120,44.6
1114500,255,46.2
1114600,255,59.3
1114700,255,64.3
1114800,255,63.8
1114900,255,64.4
1115000,255,64.3
1115100,255,63.3
1115200,255,63.4
1115300,255,61.9
1115400,255,63.1
1115500,255,64.2
1115600,255,64.2
1115700,255,63.8
1115800,255,64.3
1115900,255,64.3
1116000,190,63.5
1116100,190,60.3
1116200,190,56.4
1116300,190,52.6
1116400,190,56.1
1116500,190,57.5
1116600,190,58.0
1116700,190,58.8
1116800,190,58.0
1116900,190,58.4
1117000,190,58.3
1117100,190,57.1
1117200,190,56.2
1117300,190,53.3
1117400,190,54.0
1117500,155,56.8
1117600,155,56.9
1117700,155,55.9
1117800,155,55.9
1117900,155,55.5
1118000,155,54.7
1118100,155,55.1
1118200,155,54.3
1118300,155,51.8
1118400,155,49.5
1118500,155,50.0
1118600,155,52.2
1118700,155,54.1
1118800,155,55.1
1118900,155,54.8
1119000,255,55.4
1119100,255,61.0
1119200,255,63.3
1119300,255,63.8
1119400,255,63.3
1119500,255,61.1
1119600,255,63.3
1119700,255,64.3
1119800,255,64.0
1119900,255,64.5
1120000,255,63.8
1120100,255,64.4
1120200,255,64.3
1120300,255,62.8
1120400,255,62.2
1120500,155,63.4
1120600,155,60.3
1120700,155,58.0
1120800,155,56.9
1120900,155,55.6
1121000,155,55.6
1121100,155,55.4
1121200,155,54.6
1121300,155,53.8
1121400,155,52.3
1121500,155,48.5
1121600,155,50.4
1121700,155,52.6
1121800,155,53.7
1121900,155,55.2
1122000,255,55.6
1122100,255,61.0
1122200,255,64.3
1122300,255,64.3
1122400,255,62.8
1122500,255,62.8
1122600,255,62.5
1122700,255,63.4
1122800,255,64.5
1122900,255,64.7
1123000,255,63.9
1123100,255,64.4
1123200,255,63.8
1123300,255,64.2
1123400,255,63.1
1123500,190,61.2
1123600,190,60.6
1123700,190,58.8
1123800,190,57.4
1123900,190,58.5
1124000,190,58.5
1124100,190,57.9
1124200,190,58.4
1124300,190,57.9
1124400,190,55.6
1124500,190,55.1
1124600,190,54.8
1124700,190,56.4
1124800,190,58.2
1124900,190,58.8
1125000,225,58.3
1125100,225,59.1
1125200,225,59.6
1125300,225,59.2
1125400,225,58.7
1125500,225,57.8
1125600,225,55.7
1125700,225,58.2
1125800,225,59.4
1125900,225,59.6
1126000,225,60.3
1126100,225,60.1
1126200,225,59.4
1126300,225,59.8
1126400,225,58.8
1126500,255,57.5
1126600,255,60.8
1126700,255,63.3
1126800,255,64.4
1126900,255,64.7
1127000,255,63.9
1127100,255,64.3
1127200,255,64.2
1127300,255,63.5
1127400,255,63.3
1127500,255,63.3
1127600,255,62.2
1127700,255,63.6
1127800,255,64.7
1127900,255,64.0
1128000,225,64.8
1128100,225,62.4
1128200,225,60.1
1128300,225,59.8
1128400,225,57.5
1128500,225,56.4
1128600,225,57.1
1128700,225,58.8
1128800,225,59.3
1128900,225,60.3
1129000,225,60.3
1129100,225,59.4
1129200,225,59.8
1129300,225,59.6
1129400,225,57.8
1129500,155,57.7
1129600,155,53.4
1129700,155,54.2
1129800,155,54.8
1129900,155,55.1
1130000,155,55.9
1130100,155,55.5
1130200,155,54.7
1130300,155,55.2
1130400,155,54.7
1130500,155,52.6
1130600,155,52.6
1130700,155,50.0
1130800,155,51.5
1130900,155,53.7
1131000,120,55.1
1131100,120,53.7
1131200,120,52.3
1131300,120,51.1
1131400,120,49.9
1131500,120,49.9
1131600,120,49.4
1131700,120,46.4
1131800,120,46.3
1131900,120,43.6
1132000,120,45.2
1132100,120,47.2
1132200,120,48.6
1132300,120,49.5
1132400,120,50.6
1132500,225,50.3
1132600,225,53.6
1132700,225,58.2
1132800,225,58.5
1132900,225,57.9
1133000,225,57.1
1133100,225,56.5
1133200,225,58.9
1133300,225,59.8
1133400,225,59.7
1133500,225,60.2
1133600,225,60.1
1133700,225,59.2
1133800,225,59.7
1133900,225,58.5
1134000,190,57.1
1134100,190,55.6
1134200,190,57.1
1134300,190,57.5
1134400,190,58.9
1134500,190,58.9
1134600,190,58.2
1134700,190,58.5
1134800,190,58.4
1134900,190,57.3
1135000,190,56.1
1135100,190,54.6
1135200,190,55.2
1135300,190,57.4
1135400,190,58.4
1135500,255,58.4
1135600,255,62.5
1135700,255,64.0
1135800,255,63.5
1135900,255,64.0
1136000,255,62.6
1136100,255,62.5
1136200,255,63.1
1136300,255,63.5
1136400,255,64.7
1136500,255,64.7
1136600,255,63.8
1136700,255,64.4
1136800,255,64.3
1136900,255,62.9
1137000,225,63.3
1137100,225,59.8
1137200,225,58.8
1137300,225,59.9
1137400,225,60.5
1137500,225,59.8
1137600,225,60.2
1137700,225,59.9
1137800,225,59.3
1137900,225,58.5
1138000,225,57.7
1138100,225,55.1
1138200,225,58.0
1138300,225,59.3
1138400,225,59.7
1138500,255,60.5
1138600,255,63.0
1138700,255,63.6
1138800,255,64.4
1138900,255,63.6
1139000,255,62.6
1139100,255,62.8
1139200,255,63.5
1139300,255,64.5
1139400,255,64.7
1139500,255,63.9
1139600,255,64.4
1139700,255,64.4
1139800,255,63.5
1139900,255,63.4
1140000,225,62.5
1140100,225,60.6
1140200,225,60.1
1140300,225,60.3
1140400,225,59.8
1140500,225,60.3
1140600,225,59.9
1140700,225,59.3
1140800,225,59.7
1140900,225,57.9
1141000,225,55.7
1141100,225,57.0
1141200,225,58.9
1141300,225,59.3
1141400,225,60.3
1141500,155,60.2
1141600,155,58.0
1141700,155,56.6
1141800,155,55.6
1141900,155,53.3
1142000,155,52.4
1142100,155,49.7
1142200,155,51.3
1142300,155,53.4
1142400,155,54.3
1142500,155,55.6
1142600,155,55.6
1142700,155,54.7
1142800,155,55.1
1142900,155,55.1
1143000,190,53.8
1143100,190,54.1
1143200,190,53.8
1143300,190,55.0
1143400,190,57.3
1143500,190,58.4
1143600,190,58.3
1143700,190,58.7
1143800,190,57.9
1143900,190,57.3
1144000,190,57.8
1144100,190,56.5
1144200,190,55.2
1144300,190,53.8
1144400,190,55.0
1144500,225,56.4
1144600,225,59.1
1144700,225,59.9
1144800,225,59.3
1144900,225,59.8
1145000,225,59.8
1145100,225,58.8
1145200,225,57.7
1145300,225,56.2
1145400,225,57.1
1145500,225,59.1
1145600,225,59.4
1145700,225,60.3
1145800,225,60.3
1145900,225,59.3
1146000,255,60.1
1146100,255,62.6
1146200,255,62.6
1146300,255,62.6
1146400,255,63.8
1146500,255,63.6
1146600,255,64.7
1146700,255,64.5
1146800,255,63.8
1146900,255,64.4
1147000,255,64.3
1147100,255,62.9
1147200,255,63.1
1147300,255,62.8
1147400,255,63.5
1147500,155,64.8
1147600,155,61.7
1147700,155,57.9
1147800,155,56.6
1147900,155,55.7
1148000,155,54.7
1148100,155,54.1
1148200,155,52.4
1148300,155,49.2
1148400,155,51.0
1148500,155,52.8
1148600,155,53.2
1148700,155,54.2
1148800,155,54.3
1148900,155,54.8
1149000,190,54.7
1149100,190,55.4
1149200,190,56.8
1149300,190,55.6
1149400,190,53.8
1149500,190,55.4
1149600,190,57.0
1149700,190,57.5
1149800,190,58.7
1149900,190,58.7
1150000,190,57.9
1150100,190,58.2
1150200,190,58.0
1150300,190,56.1
1150400,190,56.0
1150500,225,54.0
1150600,225,56.2
1150700,225,58.7
1150800,225,59.8
1150900,225,59.6
1151000,225,60.2
1151100,225,59.8
1151200,225,59.2
1151300,225,59.4
1151400,225,57.7
1151500,225,55.6
1151600,225,57.4
1151700,225,58.8
1151800,225,59.2
1151900,225,60.1
1152000,255,59.3
1152100,255,62.6
1152200,255,64.2
1152300,255,63.4
1152400,255,63.3
1152500,255,62.5
1152600,255,62.6
1152700,255,64.0
1152800,255,64.5
1152900,255,63.9
1153000,255,64.5
1153100,255,64.3
1153200,255,63.5
1153300,255,63.4
1153400,255,63.1
1153500,225,62.4
1153600,225,62.0
1153700,225,60.7
1153800,225,59.9
1153900,225,60.3
1154000,225,59.9
1154100,225,59.2
1154200,225,59.4
1154300,225,58.4
1154400,225,57.1
1154500,225,56.0
1154600,225,58.4
1154700,225,58.8
1154800,225,60.2
1154900,225,60.3
1155000,255,59.4
1155100,255,62.8
1155200,255,63.5
1155300,255,63.5
1155400,255,63.3
1155500,255,62.2
1155600,255,64.0
1155700,255,64.5
1155800,255,63.9
1155900,255,64.4
1156000,255,64.3
1156100,255,63.8
1156200,255,64.0
1156300,255,63.4
1156400,255,61.9
1156500,120,63.9
1156600,120,60.5
1156700,120,55.7
1156800,120,53.8
1156900,120,52.0
1157000,120,49.7
1157100,120,49.5
1157200,120,49.7
1157300,120,48.3
1157400,120,46.7
1157500,120,45.5
1157600,120,42.1
1157700,120,45.3
1157800,120,46.9
1157900,120,48.1
1158000,155,49.9
1158100,155,52.3
1158200,155,53.4
1158300,155,54.6
1158400,155,54.1
1158500,155,54.6
1158600,155,52.8
1158700,155,51.3
1158800,155,50.0
1158900,155,52.4
1159000,155,53.4
1159100,155,55.1
1159200,155,55.6
1159300,155,55.0
1159400,155,55.2
1159500,225,55.1
1159600,225,56.2
1159700,225,57.5
1159800,225,57.4
1159900,225,55.6
1160000,225,58.4
1160100,225,59.6
1160200,225,59.6
1160300,225,60.1
1160400,225,59.6
1160500,225,58.7
1160600,225,59.3
1160700,225,58.5
1160800,225,57.1
1160900,225,55.4
1161000,255,56.5
1161100,255,61.4
1161200,255,64.5
1161300,255,64.7
1161400,255,63.8
1161500,255,64.4
1161600,255,63.6
1161700,255,63.5
1161800,255,63.1
1161900,255,62.2
1162000,255,64.2
1162100,255,64.5
1162200,255,63.9
1162300,255,64.4
1162400,255,64.4
1162500,155,63.8
1162600,155,61.1
1162700,155,55.5
1162800,155,51.7
1162900,155,50.9
1163000,155,52.9
1163100,155,53.7
1163200,155,55.2
1163300,155,55.5
1163400,155,55.0
1163500,155,55.2
1163600,155,55.1
1163700,155,54.1
1163800,155,52.8
1163900,155,52.0
1164000,255,49.1
1164100,255,60.2
1164200,255,64.2
1164300,255,64.0
1164400,255,64.5
1164500,255,64.4
1164600,255,63.6
1164700,255,64.3
1164800,255,62.6
1164900,255,62.6
1165000,255,63.3
1165100,255,63.5
1165200,255,64.4
1165300,255,64.5
1165400,255,63.8
1165500,190,64.4
1165600,190,61.9
1165700,190,58.4
1165800,190,56.5
1165900,190,54.3
1166000,190,55.1
1166100,190,57.1
1166200,190,58.3
1166300,190,58.3
1166400,190,58.7
1166500,190,58.5
1166600,190,57.8
1166700,190,58.2
1166800,190,56.6
1166900,190,55.5
1167000,255,54.0
1167100,255,61.4
1167200,255,63.6
1167300,255,64.7
1167400,255,64.5
1167500,255,63.8
1167600,255,64.4
1167700,255,64.2
1167800,255,62.6
1167900,255,62.5
1168000,255,62.8
1168100,255,64.3
1168200,255,64.7
1168300,255,63.8
1168400,255,64.3
1168500,155,64.3
1168600,155,60.5
1168700,155,56.9
1168800,155,53.2
1168900,155,50.1
1169000,155,50.3
1169100,155,50.9
1169200,155,52.7
1169300,155,55.0
1169400,155,55.4
1169500,155,54.7
1169600,155,55.1
1169700,155,55.0
1169800,155,54.0
1169900,155,52.7
1170000,255,51.8
1170100,255,58.3
1170200,255,63.9
1170300,255,64.5
1170400,255,63.9
1170500,255,64.5
1170600,255,64.3
1170700,255,63.8
1170800,255,64.2
1170900,255,63.3
1171000,255,61.7
1171100,255,63.6
1171200,255,63.8
1171300,255,64.7
1171400,255,64.5
1171500,155,63.8
1171600,155,61.2
1171700,155,57.8
1171800,155,55.0
1171900,155,52.7
1172000,155,50.1
1172100,155,50.8
1172200,155,53.2
1172300,155,54.6
1172400,155,55.0
1172500,155,55.6
1172600,155,55.4
1172700,155,54.7
1172800,155,55.1
1172900,155,54.6
1173000,190,52.0
1173100,190,52.9
1173200,190,54.2
1173300,190,55.9
1173400,190,58.0
1173500,190,58.8
1173600,190,58.2
1173700,190,58.7
1173800,190,58.4
1173900,190,57.8
1174000,190,57.4
1174100,190,56.2
1174200,190,53.6
1174300,190,55.9
1174400,190,56.9
1174500,120,58.7
1174600,120,56.9
1174700,120,53.6
1174800,120,51.9
1174900,120,50.8
1175000,120,49.1
1175100,120,49.0
1175200,120,46.7
1175300,120,45.2
1175400,120,42.9
1175500,120,45.3
1175600,120,46.7
1175700,120,48.7
1175800,120,50.0
1175900,120,50.1
1176000,255,50.3
1176100,255,59.8
1176200,255,63.4
1176300,255,63.9
1176400,255,63.5
1176500,255,62.0
1176600,255,64.0
1176700,255,64.4
1176800,255,63.9
1176900,255,64.4
1177000,255,64.0
1177100,255,63.5
1177200,255,64.2
1177300,255,63.4
1177400,255,62.1
1177500,190,63.1
1177600,190,60.5
1177700,190,59.7
1177800,190,59.3
1177900,190,58.4
1178000,190,58.7
1178100,190,58.3
1178200,190,57.4
1178300,190,56.8
1178400,190,56.2
1178500,190,53.7
1178600,190,56.6
1178700,190,57.9
1178800,190,58.2
1178900,190,58.8
1179000,225,58.8
1179100,225,58.4
1179200,225,59.6
1179300,225,59.3
1179400,225,57.3
1179500,225,56.2
1179600,225,57.9
1179700,225,58.5
1179800,225,60.1
1179900,225,60.5
1180000,225,59.4
1180100,225,59.9
1180200,225,59.8
1180300,225,58.9
1180400,225,58.0
1180500,155,57.0
1180600,155,54.6
1180700,155,54.7
1180800,155,54.7
1180900,155,55.7
1181000,155,55.7
1181100,155,55.0
1181200,155,55.2
1181300,155,55.1
1181400,155,54.1
1181500,155,52.8
1181600,155,51.5
1181700,155,49.9
1181800,155,52.4
1181900,155,54.0
1182000,120,53.2
1182100,120,53.3
1182200,120,51.8
1182300,120,50.4
1182400,120,50.1
1182500,120,49.6
1182600,120,48.3
1182700,120,46.6
1182800,120,44.9
1182900,120,43.2
1183000,120,46.0
1183100,120,47.8
1183200,120,48.6
1183300,120,50.1
1183400,120,50.4
1183500,155,49.5
1183600,155,51.7
1183700,155,53.6
1183800,155,53.6
1183900,155,52.6
1184000,155,51.3
1184100,155,50.1
1184200,155,52.4
1184300,155,53.4
1184400,155,55.2
1184500,155,55.7
1184600,155,55.0
1184700,155,55.2
1184800,155,55.2
1184900,155,54.3
1185000,255,53.4
1185100,255,59.8
1185200,255,62.0
1185300,255,64.2
1185400,255,64.5
1185500,255,64.0
1185600,255,64.4
1185700,255,64.0
1185800,255,63.6
1185900,255,64.0
1186000,255,63.3
1186100,255,61.7
1186200,255,63.1
1186300,255,64.2
1186400,255,63.9
1186500,120,64.7
1186600,120,61.0
1186700,120,55.4
1186800,120,53.2
1186900,120,50.9
1187000,120,47.1
1187100,120,46.6
1187200,120,42.7
1187300,120,45.5
1187400,120,47.2
1187500,120,48.2
1187600,120,49.6
1187700,120,50.0
1187800,120,49.6
1187900,120,50.1
1188000,155,50.1
1188100,155,51.1
1188200,155,52.3
1188300,155,52.0
1188400,155,49.2
1188500,155,51.9
1188600,155,53.6
1188700,155,54.3
1188800,155,55.6
1188900,155,55.7
1189000,155,54.8
1189100,155,55.2
1189200,155,55.1
1189300,155,53.8
1189400,155,52.4
1189500,190,50.6
1189600,190,52.4
1189700,190,56.4
1189800,190,58.2
1189900,190,58.2
1190000,190,58.8
1190100,190,58.5
1190200,190,57.9
1190300,190,58.3
1190400,190,56.6
1190500,190,56.4
1190600,190,54.1
1190700,190,55.5
1190800,190,57.4
1190900,190,57.5
1191000,225,57.8
1191100,225,59.2
1191200,225,59.6
1191300,225,59.1
1191400,225,59.3
1191500,225,57.8
1191600,225,56.2
1191700,225,57.0
1191800,225,58.7
1191900,225,59.2
1192000,225,60.3
1192100,225,60.3
1192200,225,59.3
1192300,225,59.8
1192400,225,59.7
1192500,120,57.7
1192600,120,54.5
1192700,120,47.4
1192800,120,47.2
1192900,120,48.5
1193000,120,49.4
1193100,120,50.0
1193200,120,50.4
1193300,120,49.9
1193400,120,49.4
1193500,120,50.0
1193600,120,48.7
1193700,120,47.7
1193800,120,46.6
1193900,120,42.9
1194000,190,44.1
1194100,190,50.6
1194200,190,55.5
1194300,190,58.0
1194400,190,58.5
1194500,190,57.7
1194600,190,57.9
1194700,190,57.9
1194800,190,56.8
1194900,190,55.9
1195000,190,54.5
1195100,190,54.2
1195200,190,56.2
1195300,190,58.0
1195400,190,58.2
1195500,255,58.9
1195600,255,62.5
1195700,255,63.5
1195800,255,64.2
1195900,255,63.4
1196000,255,62.1
1196100,255,63.6
1196200,255,64.3
1196300,255,64.0
1196400,255,64.7
1196500,255,64.5
1196600,255,63.8
1196700,255,64.3
1196800,255,63.0
1196900,255,63.3
1197000,155,62.5
1197100,155,60.2
1197200,155,57.8
1197300,155,56.9
1197400,155,55.7
1197500,155,55.6
1197600,155,55.4
1197700,155,54.6
1197800,155,54.7
1197900,155,52.8
1198000,155,51.3
1198100,155,50.5
1198200,155,52.9
1198300,155,53.7
1198400,155,55.4
1198500,120,55.7
1198600,120,53.6
1198700,120,52.2
1198800,120,50.9
1198900,120,49.4
1199000,120,48.6
1199100,120,46.7
1199200,120,44.1
1199300,120,44.0
1199400,120,45.7
1199500,120,46.9
1199600,120,47.6
1199700,120,48.5
1199800,120,48.7
1199900,120,49.1
1200000,155,48.5
1200100,155,50.9
1200200,155,52.8
1200300,155,51.5
1200400,155,51.9
1200500,155,49.7
1200600,155,51.9
1200700,155,54.1
1200800,155,55.1
1200900,155,55.1
1201000,155,55.5
1201100,155,55.4
1201200,155,54.7
1201300,155,55.0
1201400,155,53.6
1201500,190,52.2
1201600,190,51.8
1201700,190,55.4
1201800,190,56.8
1201900,190,58.5
1202000,190,58.9
1202100,190,58.2
1202200,190,58.4
1202300,190,58.4
1202400,190,57.5
1202500,190,56.5
1202600,190,55.9
1202700,190,54.2
1202800,190,57.0
1202900,190,58.0
1203000,225,58.3
1203100,225,59.4
1203200,225,58.9
1203300,225,59.2
1203400,225,59.3
1203500,225,57.9
1203600,225,57.7
1203700,225,55.7
1203800,225,56.2
1203900,225,58.4
1204000,225,59.9
1204100,225,59.8
1204200,225,60.2
1204300,225,59.9
1204400,225,59.3
1204500,190,59.6
1204600,190,57.1
1204700,190,54.6
1204800,190,55.5
1204900,190,57.1
1205000,190,57.7
1205100,190,58.9
1205200,190,58.9
1205300,190,58.2
1205400,190,58.4
1205500,190,58.3
1205600,190,56.5
1205700,190,56.4
1205800,190,54.3
1205900,190,55.9
1206000,155,57.8
1206100,155,57.7
1206200,155,56.1
1206300,155,56.0
1206400,155,55.0
1206500,155,55.2
1206600,155,54.8
1206700,155,52.8
1206800,155,52.7
1206900,155,50.4
1207000,155,52.0
1207100,155,54.0
1207200,155,55.1
1207300,155,55.1
1207400,155,55.5
1207500,120,55.4
1207600,120,53.2
1207700,120,51.8
1207800,120,50.1
1207900,120,47.1
1208000,120,45.0
1208100,120,43.9
1208200,120,45.4
1208300,120,47.4
1208400,120,47.7
1208500,120,48.0
1208600,120,49.4
1208700,120,49.1
1208800,120,48.5
1208900,120,49.1
1209000,155,49.0
1209100,155,48.6
1209200,155,50.9
1209300,155,48.9
1209400,155,50.9
1209500,155,53.3
1209600,155,54.3
1209700,155,55.6
1209800,155,55.6
1209900,155,54.8
1210000,155,55.1
1210100,155,55.0
1210200,155,53.8
1210300,155,52.6
1210400,155,50.6
1210500,225,51.0
1210600,225,55.6
1210700,225,59.1
1210800,225,59.4
1210900,225,60.2
1211000,225,59.9
1211100,225,59.2
1211200,225,59.6
1211300,225,58.5
1211400,225,57.1
1211500,225,55.9
1211600,225,58.3
1211700,225,58.9
1211800,225,60.3
1211900,225,60.2
1212000,120,59.2
1212100,120,56.6
1212200,120,53.2
1212300,120,50.3
1212400,120,47.2
1212500,120,46.0
1212600,120,41.8
1212700,120,43.6
1212800,120,44.8
1212900,120,47.4
1213000,120,49.2
1213100,120,49.1
1213200,120,49.7
1213300,120,50.3
1213400,120,49.7
1213500,255,50.1
1213600,255,59.3
1213700,255,62.6
1213800,255,62.6
1213900,255,64.2
1214000,255,63.9
1214100,255,64.8
1214200,255,64.5
1214300,255,63.8
1214400,255,64.4
1214500,255,64.2
1214600,255,62.6
1214700,255,62.5
1214800,255,63.6
1214900,255,63.8
1215000,190,64.8
1215100,190,62.4
1215200,190,59.4
1215300,190,58.9
1215400,190,58.5
1215500,190,57.4
1215600,190,56.1
1215700,190,54.6
1215800,190,54.6
1215900,190,57.1
1216000,190,57.8
1216100,190,58.9
1216200,190,58.8
1216300,190,58.0
1216400,190,58.4
1216500,255,58.3
1216600,255,60.8
1216700,255,63.0
1216800,255,62.8
1216900,255,63.4
1217000,255,64.0
1217100,255,64.4
1217200,255,63.8
1217300,255,64.3
1217400,255,64.3
1217500,255,63.4
1217600,255,63.1
1217700,255,62.2
1217800,255,63.3
1217900,255,64.4
1218000,120,64.7
1218100,120,60.5
1218200,120,56.1
1218300,120,53.1
1218400,120,50.9
1218500,120,50.0
1218600,120,47.7
1218700,120,46.2
1218800,120,42.3
1218900,120,44.1
1219000,120,45.9
1219100,120,48.0
1219200,120,48.9
1219300,120,50.5
1219400,120,50.3
1219500,190,49.4
1219600,190,53.4
1219700,190,56.6
1219800,190,56.0
1219900,190,55.9
1220000,190,53.7
1220100,190,55.4
1220200,190,57.4
1220300,190,58.5
1220400,190,58.2
1220500,190,58.5
1220600,190,57.9
1220700,190,57.3
1220800,190,57.5
1220900,190,56.0
1221000,255,54.8
1221100,255,59.9
1221200,255,63.5
1221300,255,63.8
1221400,255,64.5
1221500,255,64.4
1221600,255,63.6
1221700,255,64.3
1221800,255,64.0
1221900,255,62.5
1222000,255,62.2
1222100,255,63.8
1222200,255,63.8
1222300,255,64.7
1222400,255,63.9
1222500,190,64.4
1222600,190,61.9
1222700,190,58.8
1222800,190,57.5
1222900,190,56.1
1223000,190,53.3
1223100,190,56.0
1223200,190,57.5
1223300,190,57.9
1223400,190,58.9
1223500,190,58.5
1223600,190,57.8
1223700,190,58.3
1223800,190,57.9
1223900,190,55.6
1224000,255,55.6
1224100,255,60.5
1224200,255,63.4
1224300,255,64.7
1224400,255,64.5
1224500,255,63.8
1224600,255,64.3
1224700,255,64.3
1224800,255,63.4
1224900,255,63.1
1225000,255,62.4
1225100,255,63.1
1225200,255,64.3
1225300,255,64.7
1225400,255,63.8
1225500,190,64.3
1225600,190,61.2
1225700,190,59.3
1225800,190,57.4
1225900,190,55.5
1226000,190,53.8
1226100,190,56.1
1226200,190,57.0
1226300,190,58.5
1226400,190,58.8
1226500,190,58.0
1226600,190,58.5
1226700,190,58.3
1226800,190,57.4
1226900,190,56.1
1227000,225,55.5
1227100,225,54.8
1227200,225,58.4
1227300,225,59.6
1227400,225,59.6
1227500,225,60.1
1227600,225,59.8
1227700,225,59.1
1227800,225,59.6
1227900,225,58.3
1228000,225,57.1
1228100,225,55.9
1228200,225,58.0
1228300,225,58.8
1228400,225,60.2
1228500,155,60.3
1228600,155,57.5
1228700,155,55.9
1228800,155,54.3
1228900,155,54.3
1229000,155,52.0
1229100,155,50.8
1229200,155,49.0
1229300,155,50.8
1229400,155,52.4
1229500,155,54.7
1229600,155,55.4
1229700,155,54.8
1229800,155,55.2
1229900,155,55.0
1230000,225,54.2
1230100,225,55.5
1230200,225,56.9
1230300,225,55.0
1230400,225,58.2
1230500,225,59.4
1230600,225,59.6
1230700,225,60.3
1230800,225,60.1
1230900,225,59.2
1231000,225,59.7
1231100,225,59.1
1231200,225,57.0
1231300,225,56.0
1231400,225,57.7
1231500,190,58.5
1231600,190,59.4
1231700,190,59.2
1231800,190,58.3
1231900,190,58.4
1232000,190,57.8
1232100,190,57.9
1232200,190,56.2
1232300,190,54.8
1232400,190,54.2
1232500,190,56.8
1232600,190,57.4
1232700,190,58.7
1232800,190,58.7
1232900,190,58.0
1233000,155,58.3
1233100,155,57.3
1233200,155,54.7
1233300,155,52.6
1233400,155,50.8
1233500,155,50.1
1233600,155,52.4
1233700,155,54.2
1233800,155,54.7
1233900,155,55.5
1234000,155,55.4
1234100,155,54.6
1234200,155,55.1
1234300,155,54.5
1234400,155,51.8
1234500,225,51.8
1234600,225,53.3
1234700,225,57.3
1234800,225,59.4
1234900,225,60.1
1235000,225,59.6
1235100,225,60.1
1235200,225,59.3
1235300,225,59.7
1235400,225,58.8
1235500,225,57.3
1235600,225,55.7
1235700,225,57.9
1235800,225,58.5
1235900,225,60.2
1236000,155,60.5
1236100,155,58.0
1236200,155,56.6
1236300,155,55.6
1236400,155,54.2
1236500,155,52.8
1236600,155,51.9
1236700,155,49.2
1236800,155,52.7
1236900,155,54.0
1237000,155,54.6
1237100,155,55.5
1237200,155,55.2
1237300,155,54.1
1237400,155,54.5
1237500,120,54.3
1237600,120,50.6
1237700,120,48.3
1237800,120,44.0
1237900,120,43.4
1238000,120,44.5
1238100,120,46.8
1238200,120,48.2
1238300,120,49.6
1238400,120,49.7
1238500,120,50.1
1238600,120,50.0
1238700,120,49.7
1238800,120,49.9
1238900,120,47.2
1239000,155,45.9
1239100,155,45.2
1239200,155,50.6
1239300,155,52.4
1239400,155,54.6
1239500,155,55.4
1239600,155,55.0
1239700,155,55.4
1239800,155,55.1
1239900,155,54.3
1240000,155,54.0
1240100,155,52.3
1240200,155,49.2
1240300,155,51.3
1240400,155,53.4
1240500,120,54.2
1240600,120,54.1
1240700,120,52.3
1240800,120,50.6
1240900,120,50.6
1241000,120,50.1
1241100,120,49.2
1241200,120,47.6
1241300,120,46.4
1241400,120,42.6
1241500,120,44.3
1241600,120,45.9
1241700,120,48.1
1241800,120,49.4
1241900,120,49.5
1242000,255,50.3
1242100,255,59.9
1242200,255,63.5
1242300,255,64.2
1242400,255,63.3
1242500,255,62.2
1242600,255,63.5
1242700,255,64.2
1242800,255,63.9
1242900,255,64.5
1243000,255,64.4
1243100,255,63.6
1243200,255,64.3
1243300,255,63.8
1243400,255,62.8
1243500,120,62.8
1243600,120,59.9
1243700,120,55.1
1243800,120,53.7
1243900,120,52.3
1244000,120,50.8
1244100,120,50.6
1244200,120,50.1
1244300,120,49.5
1244400,120,49.1
1244500,120,46.4
1244600,120,44.6
1244700,120,43.7
1244800,120,45.7
1244900,120,47.6
1245000,155,49.4
1245100,155,51.0
1245200,155,53.8
1245300,155,54.6
1245400,155,54.2
1245500,155,54.8
1245600,155,54.1
1245700,155,51.7
1245800,155,51.3
1245900,155,51.8
1246000,155,52.9
1246100,155,54.7
1246200,155,55.5
1246300,155,55.0
1246400,155,55.1
1246500,255,54.6
1246600,255,60.3
1246700,255,63.6
1246800,255,63.1
1246900,255,61.7
1247000,255,63.4
1247100,255,64.3
1247200,255,64.0
1247300,255,64.7
1247400,255,64.4
1247500,255,63.6
1247600,255,64.3
1247700,255,63.4
1247800,255,62.2
1247900,255,63.4
1248000,120,63.6
1248100,120,61.2
1248200,120,56.6
1248300,120,53.3
1248400,120,51.9
1248500,120,50.8
1248600,120,49.7
1248700,120,49.4
1248800,120,46.6
1248900,120,45.7
1249000,120,43.4
1249100,120,45.8
1249200,120,46.8
1249300,120,48.7
1249400,120,49.7
1249500,225,49.5
1249600,225,54.7
1249700,225,58.4
1249800,225,58.8
1249900,225,59.2
1250000,225,57.7
1250100,225,56.0
1250200,225,57.5
1250300,225,59.1
1250400,225,59.3
1250500,225,60.2
1250600,225,60.1
1250700,225,59.3
1250800,225,59.8
1250900,225,59.6
1251000,190,57.4
1251100,190,56.4
1251200,190,54.5
1251300,190,56.6
1251400,190,57.7
1251500,190,56.5
1251600,190,58.2
1251700,190,58.2
1251800,190,57.4
1251900,190,58.2
1252000,190,57.4
1252100,190,55.2
1252200,190,54.5
1252300,190,55.9
1252400,190,56.8
1252500,225,58.5
1252600,225,59.3
1252700,225,59.2
1252800,225,59.8
1252900,225,59.8
1253000,225,58.8
1253100,225,57.9
1253200,225,57.4
1253300,225,56.1
1253400,225,58.7
1253500,225,59.7
1253600,225,59.7
1253700,225,60.3
1253800,225,59.9
1253900,225,59.2
1254000,120,59.8
1254100,120,55.7
1254200,120,50.3
1254300,120,45.5
1254400,120,45.5
1254500,120,47.4
1254600,120,48.7
1254700,120,49.2
1254800,120,49.9
1254900,120,49.9
1255000,120,49.0
1255100,120,49.0
1255200,120,48.9
1255300,120,48.0
1255400,120,45.8
1255500,190,45.5
1255600,190,47.3
1255700,190,53.7
1255800,190,56.5
1255900,190,57.7
1256000,190,58.8
1256100,190,58.7
1256200,190,57.8
1256300,190,58.3
1256400,190,57.9
1256500,190,55.5
1256600,190,55.2
1256700,190,55.2
1256800,190,56.6
1256900,190,58.2
1257000,120,58.9
1257100,120,56.2
1257200,120,53.8
1257300,120,51.8
1257400,120,50.3
1257500,120,49.6
1257600,120,46.4
1257700,120,46.6
1257800,120,43.7
1257900,120,45.3
1258000,120,47.6
1258100,120,49.0
1258200,120,49.4
1258300,120,50.0
1258400,120,50.1
1258500,255,49.6
1258600,255,59.9
1258700,255,64.0
1258800,255,62.6
1258900,255,63.0
1259000,255,63.9
1259100,255,63.6
1259200,255,64.7
1259300,255,64.7
1259400,255,63.8
1259500,255,64.4
1259600,255,64.4
1259700,255,63.0
1259800,255,63.5
1259900,255,63.0
1260000,120,63.4
1260100,120,60.3
1260200,120,55.0
1260300,120,52.4
1260400,120,51.3
1260500,120,50.1
1260600,120,49.2
1260700,120,49.1
1260800,120,47.1
1260900,120,46.4
1261000,120,44.5
1261100,120,44.6
1261200,120,46.9
1261300,120,48.5
1261400,120,49.4
1261500,225,50.8
1261600,225,54.7
1261700,225,57.9
1261800,225,59.4
1261900,225,59.6
1262000,225,57.5
1262100,225,57.5
1262200,225,56.9
1262300,225,58.2
1262400,225,59.8
1262500,225,60.2
1262600,225,59.7
1262700,225,59.9
1262800,225,59.8
1262900,225,59.1
1263000,120,58.8
1263100,120,55.0
1263200,120,48.3
1263300,120,48.3
1263400,120,48.7
1263500,120,49.0
1263600,120,50.4
1263700,120,50.3
1263800,120,49.4
1263900,120,49.1
1264000,120,48.6
1264100,120,48.7
1264200,120,48.0
1264300,120,45.5
1264400,120,45.0
1264500,255,44.0
1264600,255,57.1
1264700,255,64.2
1264800,255,64.5
1264900,255,63.9
1265000,255,64.4
1265100,255,64.3
1265200,255,63.5
1265300,255,63.4
1265400,255,62.9
1265500,255,63.0
1265600,255,64.4
1265700,255,64.7
1265800,255,63.9
1265900,255,64.5
1266000,225,64.4
1266100,225,61.7
1266200,225,59.9
1266300,225,58.2
1266400,225,56.1
1266500,225,58.2
1266600,225,59.4
1266700,225,59.6
1266800,225,60.3
1266900,225,60.2
1267000,225,59.4
1267100,225,59.8
1267200,225,58.8
1267300,225,57.9
1267400,225,57.0
1267500,255,57.3
1267600,255,62.5
1267700,255,64.5
1267800,255,63.9
1267900,255,64.4
1268000,255,64.4
1268100,255,63.6
1268200,255,63.9
1268300,255,63.4
1268400,255,62.0
1268500,255,63.9
1268600,255,64.2
1268700,255,63.5
1268800,255,64.5
1268900,255,64.3
1269000,155,63.6
1269100,155,61.0
1269200,155,55.7
1269300,155,53.1
1269400,155,50.6
1269500,155,52.8
1269600,155,53.6
1269700,155,55.2
1269800,155,55.6
1269900,155,55.0
1270000,155,55.4
1270100,155,54.8
1270200,155,54.1
1270300,155,53.3
1270400,155,52.2
1270500,190,51.0
1270600,190,54.3
1270700,190,56.4
1270800,190,58.4
1270900,190,58.8
1271000,190,58.3
1271100,190,58.4
1271200,190,58.3
1271300,190,57.4
1271400,190,56.5
1271500,190,56.0
1271600,190,54.5
1271700,190,57.0
1271800,190,58.2
1271900,190,58.3
1272000,225,58.8
1272100,225,58.7
1272200,225,58.4
1272300,225,59.3
1272400,225,58.8
1272500,225,57.1
1272600,225,56.2
1272700,225,56.9
1272800,225,57.8
1272900,225,59.9
1273000,225,60.2
1273100,225,59.4
1273200,225,59.9
1273300,225,59.7
1273400,225,58.8
1273500,255,57.9
1273600,255,60.6
1273700,255,63.6
1273800,255,64.3
1273900,255,64.0
1274000,255,64.7
1274100,255,64.5
1274200,255,63.8
1274300,255,64.3
1274400,255,63.8
1274500,255,62.9
1274600,255,63.0
1274700,255,64.3
1274800,255,63.9
1274900,255,64.8
1275000,120,64.5
1275100,120,60.3
1275200,120,55.9
1275300,120,52.8
1275400,120,49.5
1275500,120,47.8
1275600,120,44.9
1275700,120,44.8
1275800,120,47.1
1275900,120,48.6
1276000,120,49.1
1276100,120,50.0
1276200,120,50.3
1276300,120,49.6
1276400,120,50.1
1276500,155,50.3
1276600,155,50.8
1276700,155,51.0
1276800,155,50.6
1276900,155,51.5
1277000,155,52.9
1277100,155,53.6
1277200,155,53.8
1277300,155,54.7
1277400,155,54.5
1277500,155,54.6
1277600,155,54.7
1277700,155,54.1
1277800,155,52.8
1277900,155,52.4
1278000,120,49.9
1278100,120,50.9
1278200,120,50.1
1278300,120,49.9
1278400,120,50.3
1278500,120,50.5
1278600,120,49.7
1278700,120,49.7
1278800,120,50.4
1278900,120,49.5
1279000,120,48.0
1279100,120,47.2
1279200,120,43.5
1279300,120,45.4
1279400,120,47.2
1279500,225,48.2
1279600,225,54.7
1279700,225,58.8
1279800,225,59.1
1279900,225,59.8
1280000,225,59.1
1280100,225,59.3
1280200,225,57.9
1280300,225,56.0
1280400,225,58.0
1280500,225,59.3
1280600,225,59.6
1280700,225,60.3
1280800,225,59.9
1280900,225,58.9
1281000,155,59.4
1281100,155,57.4
1281200,155,53.3
1281300,155,52.4
1281400,155,50.8
1281500,155,50.9
1281600,155,53.6
1281700,155,55.1
1281800,155,55.0
1281900,155,55.5
1282000,155,55.4
1282100,155,54.6
1282200,155,54.8
1282300,155,53.3
1282400,155,52.2
1282500,255,50.3
1282600,255,60.1
1282700,255,63.6
1282800,255,64.7
1282900,255,64.5
1283000,255,63.8
1283100,255,64.4
1283200,255,63.6
1283300,255,63.5
1283400,255,63.1
1283500,255,62.8
1283600,255,64.3
1283700,255,64.7
1283800,255,64.0
1283900,255,64.5
1284000,120,64.5
1284100,120,60.2
1284200,120,55.5
1284300,120,50.3
1284400,120,47.3
1284500,120,45.2
1284600,120,46.9
1284700,120,47.7
1284800,120,49.4
1284900,120,50.0
1285000,120,49.7
1285100,120,50.0
1285200,120,50.1
1285300,120,49.7
1285400,120,49.9
1285500,255,48.3
1285600,255,57.9
1285700,255,62.8
1285800,255,64.0
1285900,255,63.4
1286000,255,64.3
1286100,255,64.4
1286200,255,63.4
1286300,255,64.3
1286400,255,63.5
1286500,255,63.3
1286600,255,62.9
1286700,255,63.1
1286800,255,64.3
1286900,255,64.7
1287000,120,64.0
1287100,120,60.8
1287200,120,56.0
1287300,120,52.4
1287400,120,51.1
1287500,120,48.3
1287600,120,46.9
1287700,120,44.3
1287800,120,46.0
1287900,120,47.1
1288000,120,48.9
1288100,120,50.1
1288200,120,49.9
1288300,120,50.0
1288400,120,49.7
1288500,190,49.6
1288600,190,53.4
1288700,190,55.5
1288800,190,55.4
1288900,190,54.6
1289000,190,56.6
1289100,190,57.3
1289200,190,58.7
1289300,190,58.8
1289400,190,57.8
1289500,190,57.7
1289600,190,57.3
1289700,190,57.7
1289800,190,56.2
1289900,190,54.7
1290000,225,54.7
1290100,225,56.4
1290200,225,58.5
1290300,225,60.2
1290400,225,60.2
1290500,225,59.6
1290600,225,59.9
1290700,225,59.8
1290800,225,57.9
1290900,225,57.9
1291000,225,56.5
1291100,225,58.0
1291200,225,59.7
1291300,225,60.3
1291400,225,59.8
1291500,120,60.3
1291600,120,57.7
1291700,120,53.6
1291800,120,51.5
1291900,120,47.8
1292000,120,46.4
1292100,120,44.5
1292200,120,46.6
1292300,120,47.4
1292400,120,49.2
1292500,120,50.4
1292600,120,50.0
1292700,120,50.0
1292800,120,49.2
1292900,120,50.1
1293000,255,50.3
1293100,255,58.5
1293200,255,63.1
1293300,255,63.3
1293400,255,63.6
1293500,255,64.5
1293600,255,64.7
1293700,255,63.8
1293800,255,64.4
1293900,255,64.4
1294000,255,63.4
1294100,255,63.3
1294200,255,62.8
1294300,255,63.3
1294400,255,64.2
1294500,120,64.5
1294600,120,60.5
1294700,120,55.9
1294800,120,52.7
1294900,120,50.6
1295000,120,49.6
1295100,120,47.1
1295200,120,46.2
1295300,120,43.9
1295400,120,45.8
1295500,120,46.9
1295600,120,48.9
1295700,120,50.0
1295800,120,50.0
1295900,120,50.1
1296000,155,49.4
1296100,155,51.7
1296200,155,53.6
1296300,155,52.6
1296400,155,52.4
1296500,155,50.8
1296600,155,51.5
1296700,155,53.7
1296800,155,55.0
1296900,155,55.1
1297000,155,55.6
1297100,155,55.4
1297200,155,54.6
1297300,155,55.1
1297400,155,54.3
1297500,225,52.0
1297600,225,53.8
1297700,225,57.0
1297800,225,58.4
1297900,225,59.9
1298000,225,60.3
1298100,225,59.3
1298200,225,59.4
1298300,225,59.3
1298400,225,58.4
1298500,225,57.7
1298600,225,57.3
1298700,225,55.9
1298800,225,57.7
1298900,225,59.3
1299000,155,59.7
1299100,155,58.7
1299200,155,56.2
1299300,155,55.7
1299400,155,55.2
1299500,155,53.8
1299600,155,52.3
1299700,155,51.3
1299800,155,50.6
1299900,155,53.2
1300000,155,54.5
1300100,155,54.7
1300200,155,55.5
1300300,155,55.4
1300400,155,54.6
1300500,255,55.0
1300600,255,61.1
1300700,255,62.5
1300800,255,62.8
1300900,255,63.9
1301000,255,63.8
1301100,255,64.5
1301200,255,64.4
1301300,255,63.6
1301400,255,64.3
1301500,255,64.3
1301600,255,62.8
1301700,255,63.3
1301800,255,63.3
1301900,255,63.6
1302000,120,64.7
1302100,120,61.4
1302200,120,55.9
1302300,120,53.3
1302400,120,51.0
1302500,120,50.5
1302600,120,49.1
1302700,120,45.8
1302800,120,45.8
1302900,120,44.0
1303000,120,45.3
1303100,120,47.3
1303200,120,48.9
1303300,120,49.5
1303400,120,50.5
1303500,255,49.9
1303600,255,59.1
1303700,255,64.2
1303800,255,63.8
1303900,255,62.8
1304000,255,62.9
1304100,255,64.2
1304200,255,63.9
1304300,255,64.7
1304400,255,64.5
1304500,255,63.6
1304600,255,64.3
1304700,255,64.2
1304800,255,62.6
1304900,255,63.0
1305000,120,63.8
1305100,120,60.1
1305200,120,56.4
1305300,120,53.8
1305400,120,51.7
1305500,120,51.0
1305600,120,50.0
1305700,120,49.9
1305800,120,49.6
1305900,120,46.8
1306000,120,46.8
1306100,120,43.7
1306200,120,45.4
1306300,120,47.6
1306400,120,48.9
1306500,190,49.4
1306600,190,53.8
1306700,190,56.6
1306800,190,56.5
1306900,190,57.5
1307000,190,57.4
1307100,190,55.4
1307200,190,55.2
1307300,190,55.0
1307400,190,55.4
1307500,190,57.9
1307600,190,58.7
1307700,190,58.2
1307800,190,58.7
1307900,190,58.3
1308000,255,57.8
1308100,255,61.6
1308200,255,63.5
1308300,255,62.4
1308400,255,64.2
1308500,255,64.7
1308600,255,63.9
1308700,255,64.4
1308800,255,63.6
1308900,255,64.3
1309000,255,64.2
1309100,255,62.6
1309200,255,62.9
1309300,255,63.9
1309400,255,63.8
1309500,155,64.8
1309600,155,61.7
1309700,155,57.7
1309800,155,56.5
1309900,155,55.5
1310000,155,54.3
1310100,155,52.9
1310200,155,52.4
1310300,155,51.0
1310400,155,53.3
1310500,155,54.6
1310600,155,54.8
1310700,155,55.6
1310800,155,55.5
1310900,155,54.6
1311000,255,55.1
1311100,255,61.2
1311200,255,62.6
1311300,255,62.9
1311400,255,63.8
1311500,255,63.6
1311600,255,64.7
1311700,255,64.5
1311800,255,63.6
1311900,255,64.3
1312000,255,63.6
1312100,255,63.6
1312200,255,63.4
1312300,255,62.4
1312400,255,64.3
1312500,120,64.7
1312600,120,60.7
1312700,120,56.5
1312800,120,53.3
1312900,120,50.9
1313000,120,50.5
1313100,120,49.5
1313200,120,46.7
1313300,120,46.8
1313400,120,44.3
1313500,120,45.8
1313600,120,47.8
1313700,120,49.1
1313800,120,49.2
1313900,120,50.0
1314000,190,50.3
1314100,190,52.8
1314200,190,56.6
1314300,190,57.7
1314400,190,55.7
1314500,190,55.9
1314600,190,55.4
1314700,190,56.6
1314800,190,58.3
1314900,190,58.9
1315000,190,58.2
1315100,190,58.2
1315200,190,57.1
1315300,190,57.8
1315400,190,57.3
1315500,155,55.6
1315600,155,53.1
1315700,155,52.3
1315800,155,52.7
1315900,155,54.6
1316000,155,55.5
1316100,155,55.0
1316200,155,55.2
1316300,155,55.1
1316400,155,54.3
1316500,155,54.2
1316600,155,52.4
1316700,155,50.8
1316800,155,51.7
1316900,155,53.3
1317000,120,54.2
1317100,120,54.1
1317200,120,52.6
1317300,120,50.8
1317400,120,50.4
1317500,120,50.4
1317600,120,49.4
1317700,120,48.3
1317800,120,46.8
1317900,120,44.1
1318000,120,45.2
1318100,120,46.9
1318200,120,47.8
1318300,120,49.6
1318400,120,50.0
1318500,255,50.4
1318600,255,59.8
1318700,255,63.4
1318800,255,64.2
1318900,255,63.4
1319000,255,62.2
1319100,255,63.8
1319200,255,64.3
1319300,255,63.9
1319400,255,64.7
1319500,255,64.5
1319600,255,63.8
1319700,255,64.3
1319800,255,63.8
1319900,255,62.9
1320000,120,63.0
1320100,120,59.8
1320200,120,55.0
1320300,120,53.6
1320400,120,52.3
1320500,120,50.9
1320600,120,50.8
1320700,120,49.9
1320800,120,49.1
1320900,120,48.6
1321000,120,46.3
1321100,120,44.8
1321200,120,44.3
1321300,120,46.4
1321400,120,47.4
1321500,190,49.5
1321600,190,53.3
1321700,190,57.1
1321800,190,58.0
1321900,190,57.7
1322000,190,58.0
1322100,190,56.9
1322200,190,55.7
1322300,190,54.5
1322400,190,56.6
1322500,190,57.3
1322600,190,58.8
1322700,190,58.9
1322800,190,58.2
1322900,190,58.4
1323000,120,58.4
1323100,120,55.2
1323200,120,50.3
1323300,120,48.0
1323400,120,44.1
1323500,120,46.4
1323600,120,47.8
1323700,120,48.7
1323800,120,49.9
1323900,120,50.1
1324000,120,49.5
1324100,120,49.5
1324200,120,49.1
1324300,120,48.2
1324400,120,47.4
1324500,225,45.9
1324600,225,49.4
1324700,225,55.5
1324800,225,57.3
1324900,225,59.7
1325000,225,60.2
1325100,225,59.7
1325200,225,60.1
1325300,225,59.7
1325400,225,58.8
1325500,225,58.2
1325600,225,57.5
1325700,225,56.2
1325800,225,58.7
1325900,225,59.7
1326000,190,59.9
1326100,190,59.6
1326200,190,58.9
1326300,190,57.9
1326400,190,58.3
1326500,190,57.1
1326600,190,55.5
1326700,190,54.5
1326800,190,56.2
1326900,190,57.0
1327000,190,58.5
1327100,190,58.8
1327200,190,58.2
1327300,190,58.4
1327400,190,58.4
1327500,155,57.5
1327600,155,55.0
1327700,155,53.1
1327800,155,50.3
1327900,155,52.8
1328000,155,53.7
1328100,155,55.2
1328200,155,55.6
1328300,155,55.0
1328400,155,55.2
1328500,155,55.0
1328600,155,54.1
1328700,155,53.1
1328800,155,52.6
1328900,155,49.6
1329000,225,51.9
1329100,225,55.9
1329200,225,57.4
1329300,225,59.4
1329400,225,59.9
1329500,225,59.2
1329600,225,59.7
1329700,225,59.4
1329800,225,57.1
1329900,225,57.0
1330000,225,57.1
1330100,225,58.4
1330200,225,59.9
1330300,225,60.5
1330400,225,59.7
1330500,190,60.1
1330600,190,59.2
1330700,190,57.8
1330800,190,56.6
1330900,190,56.0
1331000,190,53.8
1331100,190,56.8
1331200,190,57.4
1331300,190,58.8
1331400,190,58.8
1331500,190,58.0
1331600,190,58.4
1331700,190,58.4
1331800,190,57.3
1331900,190,56.0
1332000,255,55.1
1332100,255,60.3
1332200,255,64.2
1332300,255,64.7
1332400,255,63.9
1332500,255,64.3
1332600,255,64.2
1332700,255,63.4
1332800,255,63.6
1332900,255,63.3
1333000,255,61.7
1333100,255,63.3
1333200,255,64.5
1333300,255,64.0
1333400,255,64.7
1333500,190,64.4
1333600,190,61.2
1333700,190,59.3
1333800,190,56.9
1333900,190,55.5
1334000,190,54.6
1334100,190,56.9
1334200,190,57.4
1334300,190,58.8
1334400,190,58.2
1334500,190,58.7
1334600,190,58.4
1334700,190,57.8
1334800,190,57.7
1334900,190,56.0
1335000,225,54.5
1335100,225,56.6
1335200,225,58.8
1335300,225,59.3
1335400,225,60.2
1335500,225,60.1
1335600,225,59.3
1335700,225,59.9
1335800,225,59.6
1335900,225,57.4
1336000,225,57.4
1336100,225,56.8
1336200,225,58.2
1336300,225,59.8
1336400,225,60.3
1336500,255,59.7
1336600,255,63.0
1336700,255,64.3
1336800,255,63.6
1336900,255,63.4
1337000,255,62.9
1337100,255,62.8
1337200,255,64.2
1337300,255,64.0
1337400,255,63.8
1337500,255,64.4
1337600,255,63.6
1337700,255,64.3
1337800,255,63.9
1337900,255,62.8
1338000,225,62.9
1338100,225,62.0
1338200,225,60.1
1338300,225,60.7
1338400,225,60.5
1338500,225,59.7
1338600,225,59.9
1338700,225,59.7
1338800,225,58.3
1338900,225,57.8
1339000,225,56.4
1339100,225,57.5
1339200,225,59.4
1339300,225,60.2
1339400,225,59.7
1339500,155,60.2
1339600,155,58.4
1339700,155,55.9
1339800,155,55.4
1339900,155,53.1
1340000,155,51.7
1340100,155,50.5
1340200,155,52.9
1340300,155,53.8
1340400,155,55.4
1340500,155,55.6
1340600,155,54.7
1340700,155,54.5
1340800,155,53.8
1340900,155,54.2
1341000,120,52.9
1341100,120,49.7
1341200,120,45.4
1341300,120,44.9
1341400,120,45.3
1341500,120,48.0
1341600,120,49.4
1341700,120,49.6
1341800,120,50.4
1341900,120,50.0
1342000,120,49.7
1342100,120,50.1
1342200,120,49.5
1342300,120,46.3
1342400,120,45.5
1342500,155,44.1
1342600,155,48.1
1342700,155,52.8
1342800,155,54.6
1342900,155,54.8
1343000,155,55.5
1343100,155,55.4
1343200,155,54.6
1343300,155,55.0
1343400,155,53.4
1343500,155,52.2
1343600,155,50.1
1343700,155,51.8
1343800,155,53.1
1343900,155,55.0
1344000,255,55.1
1344100,255,61.7
1344200,255,64.3
1344300,255,63.8
1344400,255,64.3
1344500,255,63.3
1344600,255,62.4
1344700,255,63.9
1344800,255,64.4
1344900,255,64.0
1345000,255,64.7
1345100,255,64.5
1345200,255,63.8
1345300,255,64.4
1345400,255,63.6
1345500,225,63.0
1345600,225,60.2
1345700,225,59.2
1345800,225,58.9
1345900,225,59.2
1346000,225,59.9
1346100,225,59.1
1346200,225,59.4
1346300,225,59.6
1346400,225,58.3
1346500,225,57.9
1346600,225,56.8
1346700,225,57.8
1346800,225,59.4
1346900,225,60.2
1347000,120,59.8
1347100,120,57.8
1347200,120,53.6
1347300,120,52.0
1347400,120,50.8
1347500,120,48.2
1347600,120,47.4
1347700,120,44.8
1347800,120,45.3
1347900,120,47.4
1348000,120,48.7
1348100,120,49.4
1348200,120,50.5
1348300,120,50.0
1348400,120,49.2
1348500,190,50.4
1348600,190,53.6
1348700,190,55.5
1348800,190,55.7
1348900,190,55.1
1349000,190,55.9
1349100,190,57.9
1349200,190,58.7
1349300,190,58.3
1349400,190,58.5
1349500,190,57.8
1349600,190,57.1
1349700,190,57.7
1349800,190,56.2
1349900,190,55.4
1350000,155,55.0
1350100,155,53.8
1350200,155,54.1
1350300,155,55.5
1350400,155,55.2
1350500,155,55.6
1350600,155,55.2
1350700,155,54.6
1350800,155,54.7
1350900,155,53.1
1351000,155,52.2
1351100,155,51.0
1351200,155,53.1
1351300,155,53.8
1351400,155,55.4
1351500,190,55.7
1351600,190,56.1
1351700,190,57.8
1351800,190,58.3
1351900,190,57.4
1352000,190,56.6
1352100,190,56.0
1352200,190,54.6
1352300,190,57.1
1352400,190,58.2
1352500,190,58.3
1352600,190,58.9
1352700,190,58.7
1352800,190,57.8
1352900,190,58.4
1353000,155,57.7
1353100,155,54.5
1353200,155,52.3
1353300,155,52.7
1353400,155,53.4
1353500,155,55.1
1353600,155,55.1
1353700,155,55.7
1353800,155,55.6
1353900,155,54.6
1354000,155,55.1
1354100,155,54.6
1354200,155,52.2
1354300,155,51.5
1354400,155,51.0
1354500,190,52.2
1354600,190,55.1
1354700,190,56.5
1354800,190,57.5
1354900,190,58.0
1355000,190,57.9
1355100,190,57.7
1355200,190,57.7
1355300,190,56.0
1355400,190,54.3
1355500,190,56.1
1355600,190,57.5
1355700,190,57.9
1355800,190,58.9
1355900,190,58.8
1356000,155,58.0
1356100,155,57.3
1356200,155,55.9
1356300,155,53.3
1356400,155,53.1
1356500,155,51.0
1356600,155,52.2
1356700,155,54.1
1356800,155,54.7
1356900,155,55.7
1357000,155,55.7
1357100,155,54.8
1357200,155,55.2
1357300,155,55.0
1357400,155,53.4
1357500,225,52.8
1357600,225,54.0
1357700,225,56.8
1357800,225,59.1
1357900,225,60.1
1358000,225,59.8
1358100,225,59.8
1358200,225,59.3
1358300,225,58.8
1358400,225,59.1
1358500,225,57.7
1358600,225,56.2
1358700,225,56.6
1358800,225,57.8
1358900,225,58.9
1359000,155,60.3
1359100,155,58.8
1359200,155,56.2
1359300,155,55.7
1359400,155,55.4
1359500,155,53.7
1359600,155,52.8
1359700,155,51.0
1359800,155,51.5
1359900,155,53.6
1360000,155,54.2
1360100,155,55.6
1360200,155,55.6
1360300,155,54.8
1360400,155,55.2
1360500,120,55.2
1360600,120,52.6
1360700,120,48.7
1360800,120,47.2
1360900,120,44.8
1361000,120,46.9
1361100,120,48.3
1361200,120,49.1
1361300,120,50.6
1361400,120,50.4
1361500,120,49.4
1361600,120,49.9
1361700,120,50.4
1361800,120,49.5
1361900,120,48.1
1362000,190,47.2
1362100,190,48.2
1362200,190,54.6
1362300,190,57.1
1362400,190,57.9
1362500,190,58.9
1362600,190,58.8
1362700,190,57.9
1362800,190,58.4
1362900,190,58.0
1363000,190,55.9
1363100,190,56.0
1363200,190,54.7
1363300,190,56.6
1363400,190,57.9
1363500,225,58.3
1363600,225,59.4
1363700,225,59.8
1363800,225,59.3
1363900,225,59.8
1364000,225,58.9
1364100,225,57.5
1364200,225,56.8
1364300,225,58.3
1364400,225,58.8
1364500,225,60.2
1364600,225,60.3
1364700,225,59.7
1364800,225,59.9
1364900,225,59.8
1365000,155,58.8
1365100,155,56.0
1365200,155,52.8
1365300,155,51.7
1365400,155,53.7
1365500,155,55.0
1365600,155,55.1
1365700,155,55.7
1365800,155,55.5
1365900,155,54.6
1366000,155,55.1
1366100,155,54.7
1366200,155,52.0
1366300,155,51.9
1366400,155,50.9
1366500,225,53.3
1366600,225,56.6
1366700,225,58.9
1366800,225,59.9
1366900,225,59.6
1367000,225,58.5
1367100,225,59.3
1367200,225,58.5
1367300,225,57.1
1367400,225,56.5
1367500,225,57.0
1367600,225,58.0
1367700,225,59.9
1367800,225,60.3
1367900,225,59.7
1368000,190,60.1
1368100,190,59.2
1368200,190,57.8
1368300,190,56.4
1368400,190,55.5
1368500,190,55.0
1368600,190,57.3
1368700,190,58.3
1368800,190,58.3
1368900,190,58.8
1369000,190,58.7
1369100,190,57.9
1369200,190,58.3
1369300,190,57.3
1369400,190,55.9
1369500,120,54.6
1369600,120,53.4
1369700,120,52.0
1369800,120,51.5
1369900,120,50.6
1370000,120,50.8
1370100,120,50.5
1370200,120,49.6
1370300,120,50.1
1370400,120,50.0
1370500,120,47.3
1370600,120,47.1
1370700,120,44.1
1370800,120,45.4
1370900,120,47.4
1371000,225,49.0
1371100,225,53.8
1371200,225,58.5
1371300,225,59.6
1371400,225,59.2
1371500,225,59.7
1371600,225,58.9
1371700,225,57.3
1371800,225,56.6
1371900,225,57.8
1372000,225,58.4
1372100,225,60.1
1372200,225,60.3
1372300,225,59.6
1372400,225,60.1
1372500,190,59.9
1372600,190,58.3
1372700,190,56.5
1372800,190,55.0
1372900,190,55.6
1373000,190,57.3
1373100,190,57.8
1373200,190,58.9
1373300,190,58.8
1373400,190,58.0
1373500,190,58.4
1373600,190,58.2
1373700,190,56.5
1373800,190,56.2
1373900,190,54.6
1374000,225,56.1
1374100,225,58.3
1374200,225,59.8
1374300,225,59.4
1374400,225,60.1
1374500,225,59.8
1374600,225,59.2
1374700,225,59.3
1374800,225,57.8
1374900,225,56.4
1375000,225,57.9
1375100,225,59.2
1375200,225,59.3
1375300,225,60.2
1375400,225,59.9
1375500,120,58.7
1375600,120,56.6
1375700,120,52.8
1375800,120,49.0
1375900,120,47.6
1376000,120,44.0
1376100,120,44.4
1376200,120,45.2
1376300,120,46.9
1376400,120,49.1
1376500,120,49.7
1376600,120,49.6
1376700,120,50.3
1376800,120,50.0
1376900,120,49.6
1377000,255,50.0
1377100,255,58.7
1377200,255,62.0
1377300,255,63.9
1377400,255,64.4
1377500,255,64.0
1377600,255,64.5
1377700,255,64.5
1377800,255,63.8
1377900,255,64.4
1378000,255,63.5
1378100,255,62.9
1378200,255,63.3
1378300,255,64.2
1378400,255,63.9
1378500,155,64.8
1378600,155,61.6
1378700,155,57.4
1378800,155,56.2
1378900,155,55.4
1379000,155,53.1
1379100,155,52.9
1379200,155,50.5
1379300,155,52.7
1379400,155,54.1
1379500,155,54.5
1379600,155,55.6
1379700,155,55.5
1379800,155,54.7
1379900,155,55.1
1380000,225,55.0
1380100,225,55.4
1380200,225,57.0
1380300,225,56.2
1380400,225,57.3
1380500,225,59.1
1380600,225,60.1
1380700,225,59.7
1380800,225,60.3
1380900,225,59.9
1381000,225,59.2
1381100,225,59.3
1381200,225,57.7
1381300,225,56.2
1381400,225,57.8
1381500,255,59.2
1381600,255,62.2
1381700,255,64.5
1381800,255,64.4
1381900,255,63.8
1382000,255,64.3
1382100,255,63.9
1382200,255,62.8
1382300,255,62.9
1382400,255,63.5
1382500,255,64.5
1382600,255,64.7
1382700,255,63.9
1382800,255,64.4
1382900,255,64.4
1383000,120,63.6
1383100,120,58.5
1383200,120,52.4
1383300,120,46.8
1383400,120,48.0
1383500,120,48.7
1383600,120,49.2
1383700,120,49.9
1383800,120,49.9
1383900,120,49.2
1384000,120,49.0
1384100,120,48.9
1384200,120,48.1
1384300,120,46.9
1384400,120,45.8
1384500,225,43.4
1384600,225,50.4
1384700,225,56.4
1384800,225,58.4
1384900,225,60.1
1385000,225,60.1
1385100,225,59.3
1385200,225,59.7
1385300,225,59.6
1385400,225,57.8
1385500,225,57.9
1385600,225,56.1
1385700,225,58.5
1385800,225,59.7
1385900,225,59.6
1386000,255,60.3
1386100,255,63.0
1386200,255,63.6
1386300,255,64.4
1386400,255,63.5
1386500,255,62.8
1386600,255,63.3
1386700,255,64.3
1386800,255,64.0
1386900,255,64.7
1387000,255,64.5
1387100,255,63.8
1387200,255,64.4
1387300,255,64.2
1387400,255,62.5
1387500,120,62.9
1387600,120,59.9
1387700,120,54.8
1387800,120,53.3
1387900,120,52.0
1388000,120,50.6
1388100,120,50.4
1388200,120,49.9
1388300,120,49.2
1388400,120,49.1
1388500,120,46.6
1388600,120,46.0
1388700,120,44.0
1388800,120,45.2
1388900,120,46.9
1389000,225,47.7
1389100,225,52.2
1389200,225,58.0
1389300,225,59.3
1389400,225,58.8
1389500,225,59.6
1389600,225,58.9
1389700,225,57.1
1389800,225,56.6
1389900,225,58.2
1390000,225,58.8
1390100,225,60.2
1390200,225,60.3
1390300,225,59.6
1390400,225,59.8
1390500,190,59.8
1390600,190,58.2
1390700,190,56.5
1390800,190,55.4
1390900,190,55.0
1391000,190,57.3
1391100,190,58.4
1391200,190,58.3
1391300,190,58.8
1391400,190,58.4
1391500,190,57.7
1391600,190,58.0
1391700,190,56.9
1391800,190,55.6
1391900,190,54.8
1392000,225,56.1
1392100,225,58.4
1392200,225,59.9
1392300,225,59.6
1392400,225,59.8
1392500,225,59.2
1392600,225,58.7
1392700,225,59.1
1392800,225,57.4
1392900,225,56.2
1393000,225,56.8
1393100,225,58.0
1393200,225,59.1
1393300,225,60.1
1393400,225,60.1
1393500,190,59.3
1393600,190,59.1
1393700,190,58.4
1393800,190,56.0
1393900,190,56.0
1394000,190,54.8
1394100,190,56.2
1394200,190,58.0
1394300,190,58.8
1394400,190,58.3
1394500,190,58.5
1394600,190,58.4
1394700,190,57.7
1394800,190,57.7
1394900,190,55.9
1395000,155,54.5
1395100,155,54.8
1395200,155,54.3
1395300,155,55.5
1395400,155,55.9
1395500,155,55.2
1395600,155,55.5
1395700,155,55.2
1395800,155,54.3
1395900,155,54.3
1396000,155,52.8
1396100,155,51.0
1396200,155,51.8
1396300,155,53.6
1396400,155,54.1
1396500,225,55.6
1396600,225,57.4
1396700,225,58.5
1396800,225,59.6
1396900,225,59.7
1397000,225,58.5
1397100,225,58.2
1397200,225,57.0
1397300,225,57.4
1397400,225,59.2
1397500,225,58.7
1397600,225,59.1
1397700,225,59.8
1397800,225,59.4
1397900,225,59.1
1398000,255,59.4
1398100,255,61.6
1398200,255,62.2
1398300,255,64.0
1398400,255,63.9
1398500,255,64.7
1398600,255,64.5
1398700,255,63.9
1398800,255,64.4
1398900,255,64.4
1399000,255,62.9
1399100,255,63.5
1399200,255,63.4
1399300,255,63.6
1399400,255,64.7
1399500,190,64.8
1399600,190,61.6
1399700,190,59.7
1399800,190,58.8
1399900,190,57.7
1400000,190,56.8
1400100,190,56.2
1400200,190,55.0
1400300,190,57.1
1400400,190,58.2
1400500,190,58.2
1400600,190,58.5
1400700,190,58.0
1400800,190,57.0
1400900,190,57.8
1401000,255,57.4
1401100,255,60.5
1401200,255,62.8
1401300,255,63.4
1401400,255,63.8
1401500,255,64.7
1401600,255,63.9
1401700,255,64.5
1401800,255,64.3
1401900,255,63.6
1402000,255,63.4
1402100,255,63.3
1402200,255,63.0
1402300,255,64.3
1402400,255,64.7
1402500,190,64.0
1402600,190,62.1
1402700,190,59.8
1402800,190,58.2
1402900,190,58.2
1403000,190,56.2
1403100,190,55.4
1403200,190,55.7
1403300,190,57.4
1403400,190,57.8
1403500,190,58.9
1403600,190,58.8
1403700,190,58.0
1403800,190,58.3
1403900,190,58.2
1404000,225,56.8
1404100,225,57.3
1404200,225,56.5
1404300,225,57.7
1404400,225,59.4
1404500,225,60.2
1404600,225,59.7
1404700,225,60.1
1404800,225,59.3
1404900,225,59.8
1405000,225,59.4
1405100,225,57.4
1405200,225,57.0
1405300,225,57.9
1405400,225,58.3
1405500,255,58.8
1405600,255,62.6
1405700,255,63.6
1405800,255,64.2
1405900,255,64.4
1406000,255,63.4
1406100,255,63.5
1406200,255,63.0
1406300,255,63.4
1406400,255,64.4
1406500,255,64.7
1406600,255,63.8
1406700,255,64.4
1406800,255,64.3
1406900,255,63.5
1407000,190,63.5
1407100,190,60.3
1407200,190,56.5
1407300,190,57.8
1407400,190,58.5
1407500,190,58.3
1407600,190,58.8
1407700,190,58.4
1407800,190,57.8
1407900,190,58.2
1408000,190,56.8
1408100,190,56.5
1408200,190,55.1
1408300,190,56.1
1408400,190,57.8
1408500,120,58.7
1408600,120,56.2
1408700,120,53.6
1408800,120,50.8
1408900,120,49.0
1409000,120,49.1
1409100,120,48.3
1409200,120,45.8
1409300,120,45.7
1409400,120,44.0
1409500,120,43.6
1409600,120,46.0
1409700,120,48.3
1409800,120,49.0
1409900,120,49.7
1410000,155,49.9
1410100,155,51.3
1410200,155,53.7
1410300,155,54.1
1410400,155,52.3
1410500,155,52.7
1410600,155,51.1
1410700,155,52.4
1410800,155,54.3
1410900,155,55.2
1411000,155,55.1
1411100,155,55.5
1411200,155,54.7
1411300,155,55.1
1411400,155,54.8
1411500,190,53.2
1411600,190,54.3
1411700,190,54.2
1411800,190,55.9
1411900,190,57.8
1412000,190,58.7
1412100,190,58.3
1412200,190,58.7
1412300,190,58.4
1412400,190,57.9
1412500,190,58.0
1412600,190,56.5
1412700,190,55.2
1412800,190,55.7
1412900,190,57.3
1413000,225,57.8
1413100,225,59.4
1413200,225,59.9
1413300,225,59.3
1413400,225,59.8
1413500,225,59.7
1413600,225,58.0
1413700,225,58.2
1413800,225,57.0
1413900,225,57.7
1414000,225,59.4
1414100,225,60.3
1414200,225,59.6
1414300,225,60.1
1414400,225,59.2
1414500,120,59.8
1414600,120,56.6
1414700,120,50.8
1414800,120,47.4
1414900,120,46.3
1415000,120,47.2
1415100,120,48.7
1415200,120,49.9
1415300,120,49.9
1415400,120,50.5
1415500,120,50.0
1415600,120,49.6
1415700,120,50.3
1415800,120,49.7
1415900,120,46.7
1416000,225,46.8
1416100,225,50.9
1416200,225,56.6
1416300,225,59.3
1416400,225,60.2
1416500,225,59.6
1416600,225,60.1
1416700,225,59.8
1416800,225,59.2
1416900,225,59.2
1417000,225,58.0
1417100,225,56.4
1417200,225,58.2
1417300,225,59.3
1417400,225,59.6
1417500,190,60.5
1417600,190,58.7
1417700,190,58.3
1417800,190,57.9
1417900,190,57.1
1418000,190,56.1
1418100,190,55.6
1418200,190,54.2
1418300,190,55.7
1418400,190,57.7
1418500,190,58.2
1418600,190,58.8
1418700,190,58.7
1418800,190,57.8
1418900,190,58.3
1419000,120,57.5
1419100,120,53.2
1419200,120,48.6
1419300,120,47.7
1419400,120,47.8
1419500,120,49.0
1419600,120,50.4
1419700,120,50.1
1419800,120,49.9
1419900,120,49.6
1420000,120,49.7
1420100,120,50.4
1420200,120,49.6
1420300,120,46.6
1420400,120,46.2
1420500,225,44.8
1420600,225,51.9
1420700,225,57.9
1420800,225,59.2
1420900,225,60.1
1421000,225,60.2
1421100,225,59.3
1421200,225,59.8
1421300,225,59.4
1421400,225,57.4
1421500,225,56.9
1421600,225,58.0
1421700,225,58.5
1421800,225,60.1
1421900,225,60.2
1422000,120,59.6
1422100,120,57.5
1422200,120,54.0
1422300,120,51.3
1422400,120,49.1
1422500,120,47.6
1422600,120,44.3
1422700,120,45.4
1422800,120,46.6
1422900,120,47.4
1423000,120,47.3
1423100,120,48.7
1423200,120,48.9
1423300,120,49.1
1423400,120,49.2
1423500,225,48.9
1423600,225,53.6
1423700,225,56.5
1423800,225,56.1
1423900,225,57.5
1424000,225,58.4
1424100,225,59.9
1424200,225,60.3
1424300,225,59.6
1424400,225,59.9
1424500,225,59.9
1424600,225,59.1
1424700,225,58.4
1424800,225,57.8
1424900,225,56.5
1425000,190,58.9
1425100,190,59.1
1425200,190,58.5
1425300,190,59.1
1425400,190,58.7
1425500,190,57.8
1425600,190,58.3
1425700,190,57.5
1425800,190,56.1
1425900,190,55.0
1426000,190,56.5
1426100,190,57.1
1426200,190,58.7
1426300,190,58.9
1426400,190,57.9
1426500,225,58.0
1426600,225,58.5
1426700,225,58.4
1426800,225,57.8
1426900,225,57.3
1427000,225,56.4
1427100,225,57.8
1427200,225,58.9
1427300,225,60.2
1427400,225,60.2
1427500,225,59.4
1427600,225,59.9
1427700,225,59.7
1427800,225,57.9
1427900,225,58.2
1428000,190,57.1
1428100,190,57.4
1428200,190,58.4
1428300,190,58.9
1428400,190,58.3
1428500,190,58.7
1428600,190,58.4
1428700,190,57.8
1428800,190,58.0
1428900,190,56.5
1429000,190,54.7
1429100,190,56.1
1429200,190,57.5
1429300,190,57.9
1429400,190,59.1
1429500,155,58.8
1429600,155,57.0
1429700,155,56.1
1429800,155,55.5
1429900,155,53.6
1430000,155,53.1
1430100,155,51.1
1430200,155,52.0
1430300,155,54.1
1430400,155,54.6
1430500,155,55.7
1430600,155,55.6
1430700,155,54.7
1430800,155,55.2
1430900,155,55.1
1431000,255,53.6
1431100,255,60.2
1431200,255,62.8
1431300,255,63.3
1431400,255,64.3
1431500,255,64.5
1431600,255,63.9
1431700,255,64.3
1431800,255,64.3
1431900,255,63.5
1432000,255,63.5
1432100,255,63.1
1432200,255,63.1
1432300,255,64.4
1432400,255,64.7
1432500,155,64.0
1432600,155,61.5
1432700,155,58.0
1432800,155,55.9
1432900,155,55.4
1433000,155,53.4
1433100,155,51.9
1433200,155,51.4
1433300,155,53.3
1433400,155,54.0
1433500,155,55.4
1433600,155,55.1
1433700,155,55.6
1433800,155,55.2
1433900,155,54.6
1434000,225,55.1
1434100,225,55.6
1434200,225,56.8
1434300,225,57.1
1434400,225,58.8
1434500,225,59.2
1434600,225,60.3
1434700,225,60.3
1434800,225,58.9
1434900,225,59.2
1435000,225,59.2
1435100,225,57.9
1435200,225,57.9
1435300,225,56.8
1435400,225,56.4
1435500,255,58.8
1435600,255,63.0
1435700,255,63.9
1435800,255,64.5
1435900,255,64.3
1436000,255,63.6
1436100,255,63.5
1436200,255,63.5
1436300,255,62.8
1436400,255,64.3
1436500,255,64.7
1436600,255,64.0
1436700,255,64.5
1436800,255,63.8
1436900,255,64.4
1437000,155,64.2
1437100,155,58.7
1437200,155,54.5
1437300,155,53.6
1437400,155,53.7
1437500,155,55.1
1437600,155,55.7
1437700,155,55.2
1437800,155,55.5
1437900,155,55.2
1438000,155,54.5
1438100,155,54.5
1438200,155,52.6
1438300,155,51.4
1438400,155,51.9
1438500,190,53.7
1438600,190,55.5
1438700,190,58.2
1438800,190,58.7
1438900,190,57.9
1439000,190,58.4
1439100,190,58.3
1439200,190,57.1
1439300,190,56.4
1439400,190,55.1
1439500,190,55.5
1439600,190,57.4
1439700,190,57.1
1439800,190,57.3
1439900,190,58.3
1440000,255,57.4
1440100,255,62.2
1440200,255,64.0
1440300,255,62.5
1440400,255,63.0
1440500,255,63.9
1440600,255,63.6
1440700,255,64.5
1440800,255,64.5
1440900,255,63.8
1441000,255,64.3
1441100,255,64.3
1441200,255,63.0
1441300,255,63.5
1441400,255,63.1
1441500,155,63.6
1441600,155,61.6
1441700,155,58.7
1441800,155,56.4
1441900,155,56.1
1442000,155,55.5
1442100,155,54.6
1442200,155,54.6
1442300,155,52.4
1442400,155,51.3
1442500,155,52.2
1442600,155,53.6
1442700,155,54.2
1442800,155,55.4
1442900,155,55.5
1443000,255,54.5
1443100,255,61.0
1443200,255,63.4
1443300,255,63.6
1443400,255,63.4
1443500,255,62.1
1443600,255,63.5
1443700,255,64.4
1443800,255,64.0
1443900,255,64.5
1444000,255,64.5
1444100,255,63.6
1444200,255,64.3
1444300,255,63.5
1444400,255,62.5
1444500,120,64.0
1444600,120,60.6
1444700,120,55.9
1444800,120,54.0
1444900,120,52.3
1445000,120,50.6
1445100,120,50.5
1445200,120,49.9
1445300,120,49.0
1445400,120,46.9
1445500,120,46.7
1445600,120,44.3
1445700,120,46.4
1445800,120,48.0
1445900,120,48.7
1446000,190,50.6
1446100,190,53.8
1446200,190,56.4
1446300,190,57.8
1446400,190,57.7
1446500,190,57.8
1446600,190,56.2
1446700,190,54.7
1446800,190,56.2
1446900,190,57.5
1447000,190,57.9
1447100,190,58.9
1447200,190,58.9
1447300,190,57.9
1447400,190,58.4
1447500,155,58.3
1447600,155,55.0
1447700,155,53.7
1447800,155,51.5
1447900,155,52.2
1448000,155,54.1
1448100,155,55.2
1448200,155,55.1
1448300,155,55.6
1448400,155,55.4
1448500,155,54.7
1448600,155,55.0
1448700,155,53.6
1448800,155,52.4
1448900,155,51.0
1449000,190,52.6
1449100,190,54.7
1449200,190,57.9
1449300,190,58.7
1449400,190,58.2
1449500,190,58.4
1449600,190,57.8
1449700,190,58.2
1449800,190,56.6
1449900,190,55.6
1450000,190,55.0
1450100,190,57.0
1450200,190,57.5
1450300,190,58.8
1450400,190,58.8
1450500,120,58.2
1450600,120,56.2
1450700,120,53.3
1450800,120,50.8
1450900,120,48.0
1451000,120,47.1
1451100,120,44.0
1451200,120,46.4
1451300,120,47.8
1451400,120,48.7
1451500,120,49.7
1451600,120,50.0
1451700,120,49.5
1451800,120,49.5
1451900,120,49.1
1452000,190,48.3
1452100,190,51.5
1452200,190,54.6
1452300,190,53.7
1452400,190,55.0
1452500,190,56.6
1452600,190,57.7
1452700,190,58.7
1452800,190,58.2
1452900,190,58.4
1453000,190,58.3
1453100,190,57.5
1453200,190,56.5
1453300,190,56.1
1453400,190,54.7
1453500,155,57.1
1453600,155,57.0
1453700,155,56.0
1453800,155,56.2
1453900,155,55.6
1454000,155,54.7
1454100,155,55.1
1454200,155,54.7
1454300,155,52.2
1454400,155,52.3
1454500,155,51.5
1454600,155,52.8
1454700,155,54.6
1454800,155,55.6
1454900,155,55.1
1455000,255,55.6
1455100,255,61.4
1455200,255,63.5
1455300,255,64.0
1455400,255,63.4
1455500,255,62.4
1455600,255,64.0
1455700,255,64.4
1455800,255,64.0
1455900,255,64.5
1456000,255,63.8
1456100,255,64.3
1456200,255,64.3
1456300,255,62.8
1456400,255,63.3
1456500,225,63.6
1456600,225,61.4
1456700,225,60.8
1456800,225,60.6
1456900,225,59.7
1457000,225,59.9
1457100,225,59.8
1457200,225,58.9
1457300,225,58.2
1457400,225,57.7
1457500,225,56.8
1457600,225,58.8
1457700,225,59.8
1457800,225,59.8
1457900,225,60.2
1458000,190,60.1
1458100,190,58.4
1458200,190,58.4
1458300,190,57.1
1458400,190,55.9
1458500,190,55.1
1458600,190,56.8
1458700,190,57.3
1458800,190,58.5
1458900,190,58.7
1459000,190,57.9
1459100,190,58.3
1459200,190,57.5
1459300,190,57.9
1459400,190,56.4
1459500,255,55.2
1459600,255,61.2
1459700,255,64.2
1459800,255,63.9
1459900,255,64.5
1460000,255,64.4
1460100,255,63.4
1460200,255,64.2
1460300,255,63.8
1460400,255,62.8
1460500,255,62.8
1460600,255,63.1
1460700,255,63.8
1460800,255,64.7
1460900,255,64.5
1461000,225,63.9
1461100,225,62.2
1461200,225,60.3
1461300,225,57.8
1461400,225,57.9
1461500,225,57.0
1461600,225,58.2
1461700,225,59.7
1461800,225,60.5
1461900,225,59.7
1462000,225,60.2
1462100,225,59.8
1462200,225,59.2
1462300,225,58.8
1462400,225,57.5
1462500,120,57.0
1462600,120,55.7
1462700,120,52.4
1462800,120,52.0
1462900,120,51.4
1463000,120,50.3
1463100,120,50.1
1463200,120,49.7
1463300,120,49.2
1463400,120,49.1
1463500,120,46.8
1463600,120,46.3
1463700,120,44.4
1463800,120,46.0
1463900,120,46.8
1464000,190,48.9
1464100,190,53.4
1464200,190,56.5
1464300,190,57.9
1464400,190,58.0
1464500,190,57.7
1464600,190,57.7
1464700,190,56.1
1464800,190,54.7
1464900,190,56.0
1465000,190,57.1
1465100,190,56.6
1465200,190,57.8
1465300,190,58.3
1465400,190,57.4
1465500,255,58.2
1465600,255,61.5
1465700,255,63.4
1465800,255,63.4
1465900,255,63.0
1466000,255,64.4
1466100,255,64.5
1466200,255,63.9
1466300,255,64.4
1466400,255,64.4
1466500,255,63.6
1466600,255,64.0
1466700,255,63.5
1466800,255,62.4
1466900,255,64.2
1467000,155,64.8
1467100,155,61.1
1467200,155,58.4
1467300,155,56.6
1467400,155,55.1
1467500,155,55.2
1467600,155,54.8
1467700,155,52.3
1467800,155,52.0
1467900,155,52.0
1468000,155,52.9
1468100,155,54.7
1468200,155,55.5
1468300,155,55.0
1468400,155,55.1
1468500,190,54.3
1468600,190,55.0
1468700,190,56.9
1468800,190,55.2
1468900,190,55.6
1469000,190,55.1
1469100,190,55.4
1469200,190,57.7
1469300,190,58.5
1469400,190,58.2
1469500,190,58.4
1469600,190,58.3
1469700,190,57.7
1469800,190,57.4
1469900,190,56.4
1470000,255,54.7
1470100,255,61.5
1470200,255,64.3
1470300,255,63.9
1470400,255,64.7
1470500,255,64.4
1470600,255,63.8
1470700,255,64.3
1470800,255,63.5
1470900,255,62.8
1471000,255,63.4
1471100,255,64.3
1471200,255,63.9
1471300,255,64.7
1471400,255,64.4
1471500,190,63.8
1471600,190,62.0
1471700,190,59.2
1471800,190,56.0
1471900,190,55.9
1472000,190,55.5
1472100,190,57.5
1472200,190,58.4
1472300,190,58.2
1472400,190,58.7
1472500,190,58.5
1472600,190,57.8
1472700,190,58.2
1472800,190,57.0
1472900,190,56.0
1473000,225,55.5
1473100,225,57.1
1473200,225,58.4
1473300,225,58.5
1473400,225,59.7
1473500,225,59.2
1473600,225,59.4
1473700,225,59.6
1473800,225,58.5
1473900,225,57.8
1474000,225,57.1
1474100,225,57.4
1474200,225,59.2
1474300,225,60.1
1474400,225,59.8
1474500,120,60.3
1474600,120,57.4
1474700,120,53.2
1474800,120,51.8
1474900,120,49.0
1475000,120,46.8
1475100,120,45.4
1475200,120,45.3
1475300,120,47.3
1475400,120,48.6
1475500,120,49.2
1475600,120,50.6
1475700,120,50.3
1475800,120,49.2
1475900,120,50.0
1476000,255,49.7
1476100,255,58.7
1476200,255,63.3
1476300,255,63.0
1476400,255,63.4
1476500,255,64.5
1476600,255,64.7
1476700,255,63.9
1476800,255,64.0
1476900,255,64.2
1477000,255,63.4
1477100,255,63.4
1477200,255,63.3
1477300,255,62.5
1477400,255,63.9
1477500,120,64.7
1477600,120,60.7
1477700,120,56.4
1477800,120,53.3
1477900,120,51.0
1478000,120,50.3
1478100,120,48.7
1478200,120,46.2
1478300,120,45.8
1478400,120,44.8
1478500,120,47.1
1478600,120,48.3
1478700,120,49.0
1478800,120,49.9
1478900,120,50.0
1479000,225,49.7
1479100,225,54.7
1479200,225,58.4
1479300,225,58.2
1479400,225,57.7
1479500,225,57.1
1479600,225,57.7
1479700,225,59.3
1479800,225,60.1
1479900,225,59.7
1480000,225,60.2
1480100,225,59.9
1480200,225,59.2
1480300,225,59.6
1480400,225,57.9
1480500,155,57.0
1480600,155,56.0
1480700,155,55.4
1480800,155,55.1
1480900,155,56.0
1481000,155,55.9
1481100,155,55.0
1481200,155,55.2
1481300,155,55.1
1481400,155,54.0
1481500,155,52.6
1481600,155,51.4
1481700,155,52.0
1481800,155,53.2
1481900,155,53.6
1482000,120,53.8
1482100,120,53.4
1482200,120,51.0
1482300,120,49.9
1482400,120,49.5
1482500,120,48.7
1482600,120,48.1
1482700,120,46.3
1482800,120,44.6
1482900,120,45.3
1483000,120,47.1
1483100,120,48.0
1483200,120,49.5
1483300,120,50.5
1483400,120,49.6
1483500,225,50.0
1483600,225,54.7
1483700,225,57.8
1483800,225,58.5
1483900,225,57.8
1484000,225,56.4
1484100,225,58.4
1484200,225,59.4
1484300,225,59.6
1484400,225,60.2
1484500,225,60.1
1484600,225,59.3
1484700,225,59.8
1484800,225,58.8
1484900,225,57.8
1485000,255,57.3
1485100,255,61.1
1485200,255,64.3
1485300,255,64.7
1485400,255,63.9
1485500,255,64.3
1485600,255,64.0
1485700,255,63.5
1485800,255,63.5
1485900,255,63.4
1486000,255,62.2
1486100,255,63.4
1486200,255,64.5
1486300,255,64.0
1486400,255,64.5
1486500,155,64.4
1486600,155,60.7
1486700,155,57.7
1486800,155,54.3
1486900,155,52.8
1487000,155,51.8
1487100,155,53.3
1487200,155,54.0
1487300,155,55.4
1487400,155,55.6
1487500,155,54.8
1487600,155,55.2
1487700,155,55.0
1487800,155,54.2
1487900,155,53.6
1488000,225,52.4
1488100,225,54.1
1488200,225,57.8
1488300,225,58.7
1488400,225,60.2
1488500,225,60.3
1488600,225,59.6
1488700,225,59.9
1488800,225,59.9
1488900,225,58.8
1489000,225,58.0
1489100,225,57.1
1489200,225,57.5
1489300,225,59.3
1489400,225,60.1
1489500,155,59.8
1489600,155,58.8
1489700,155,56.8
1489800,155,55.2
1489900,155,55.2
1490000,155,53.6
1490100,155,52.4
1490200,155,51.3
1490300,155,52.6
1490400,155,53.2
1490500,155,53.3
1490600,155,54.2
1490700,155,54.3
1490800,155,54.7
1490900,155,54.7
1491000,225,54.3
1491100,225,55.9
1491200,225,56.6
1491300,225,56.8
1491400,225,58.4
1491500,225,58.9
1491600,225,60.2
1491700,225,60.5
1491800,225,59.6
1491900,225,59.9
1492000,225,59.9
1492100,225,58.9
1492200,225,57.9
1492300,225,57.1
1492400,225,57.4
1492500,155,59.3
1492600,155,58.5
1492700,155,56.6
1492800,155,56.2
1492900,155,55.5
1493000,155,54.6
1493100,155,55.0
1493200,155,53.8
1493300,155,52.2
1493400,155,51.3
1493500,155,52.4
1493600,155,53.3
1493700,155,55.0
1493800,155,55.6
1493900,155,55.0
1494000,225,54.7
1494100,225,56.5
1494200,225,57.9
1494300,225,58.3
1494400,225,57.1
1494500,225,56.8
1494600,225,57.0
1494700,225,58.0
1494800,225,59.9
1494900,225,60.3
1495000,225,59.7
1495100,225,59.9
1495200,225,59.8
1495300,225,58.9
1495400,225,58.0
1495500,120,57.3
1495600,120,54.3
1495700,120,52.4
1495800,120,51.5
1495900,120,50.8
1496000,120,51.0
1496100,120,50.6
1496200,120,49.6
1496300,120,50.0
1496400,120,50.1
1496500,120,48.7
1496600,120,47.4
1496700,120,45.4
1496800,120,45.4
1496900,120,47.3
1497000,225,48.7
1497100,225,54.0
1497200,225,58.8
1497300,225,59.6
1497400,225,59.2
1497500,225,59.8
1497600,225,58.9
1497700,225,57.9
1497800,225,57.4
1497900,225,57.5
1498000,225,59.2
1498100,225,60.1
1498200,225,59.9
1498300,225,60.2
1498400,225,60.2
1498500,190,59.3
1498600,190,58.9
1498700,190,56.9
1498800,190,55.7
1498900,190,55.7
1499000,190,56.9
1499100,190,56.9
1499200,190,57.4
1499300,190,58.3
1499400,190,57.7
1499500,190,58.0
1499600,190,58.0
1499700,190,56.9
1499800,190,56.1
1499900,190,55.1
1500000,155,55.9
1500100,155,56.5
1500200,155,56.2
1500300,155,55.5
1500400,155,55.7
1500500,155,55.4
1500600,155,54.6
1500700,155,55.1
1500800,155,53.4
1500900,155,52.7
1501000,155,51.5
1501100,155,52.2
1501200,155,54.0
1501300,155,55.1
1501400,155,55.1
1501500,190,55.6
1501600,190,56.5
1501700,190,57.1
1501800,190,57.9
1501900,190,57.3
1502000,190,55.9
1502100,190,55.4
1502200,190,56.6
1502300,190,57.1
1502400,190,58.7
1502500,190,58.8
1502600,190,57.9
1502700,190,57.7
1502800,190,57.7
1502900,190,57.1
1503000,255,56.1
1503100,255,60.8
1503200,255,62.4
1503300,255,63.9
1503400,255,64.5
1503500,255,64.0
1503600,255,64.5
1503700,255,64.4
1503800,255,63.6
1503900,255,64.2
1504000,255,62.8
1504100,255,62.9
1504200,255,64.0
1504300,255,63.8
1504400,255,64.7
1504500,155,64.5
1504600,155,61.0
1504700,155,57.9
1504800,155,56.2
1504900,155,54.0
1505000,155,52.9
1505100,155,51.7
1505200,155,52.2
1505300,155,54.1
1505400,155,55.1
1505500,155,55.2
1505600,155,55.7
1505700,155,55.5
1505800,155,54.6
1505900,155,55.1
1506000,255,54.5
1506100,255,59.6
1506200,255,62.9
1506300,255,64.2
1506400,255,63.8
1506500,255,64.7
1506600,255,64.5
1506700,255,63.8
1506800,255,64.3
1506900,255,64.3
1507000,255,62.8
1507100,255,63.3
1507200,255,62.9
1507300,255,64.2
1507400,255,63.9
1507500,155,63.8
1507600,155,61.4
1507700,155,57.7
1507800,155,55.5
1507900,155,55.1
1508000,155,53.1
1508100,155,52.2
1508200,155,51.1
1508300,155,53.1
1508400,155,53.7
1508500,155,55.4
1508600,155,55.6
1508700,155,55.0
1508800,155,55.2
1508900,155,55.1
1509000,190,54.5
1509100,190,54.8
1509200,190,55.9
1509300,190,54.3
1509400,190,56.8
1509500,190,57.9
1509600,190,58.2
1509700,190,58.9
1509800,190,58.7
1509900,190,57.8
1510000,190,58.4
1510100,190,58.0
1510200,190,55.9
1510300,190,55.6
1510400,190,55.2
1510500,120,57.4
1510600,120,56.1
1510700,120,53.3
1510800,120,52.3
1510900,120,50.5
1511000,120,48.7
1511100,120,49.0
1511200,120,48.7
1511300,120,46.6
1511400,120,46.2
1511500,120,44.4
1511600,120,43.9
1511700,120,44.8
1511800,120,47.1
1511900,120,48.3
1512000,255,49.9
1512100,255,60.1
1512200,255,63.5
1512300,255,64.3
1512400,255,64.2
1512500,255,62.9
1512600,255,63.0
1512700,255,63.9
1512800,255,63.8
1512900,255,64.5
1513000,255,64.5
1513100,255,63.8
1513200,255,64.4
1513300,255,64.3
1513400,255,63.0
1513500,190,63.5
1513600,190,59.2
1513700,190,58.5
1513800,190,58.5
1513900,190,58.3
1514000,190,58.8
1514100,190,58.5
1514200,190,57.8
1514300,190,58.3
1514400,190,57.7
1514500,190,55.6
1514600,190,55.2
1514700,190,56.5
1514800,190,57.1
1514900,190,58.7
1515000,155,58.9
1515100,155,57.0
1515200,155,56.2
1515300,155,55.6
1515400,155,54.6
1515500,155,53.4
1515600,155,52.8
1515700,155,50.5
1515800,155,52.4
1515900,155,53.6
1516000,155,54.3
1516100,155,55.6
1516200,155,55.5
1516300,155,54.7
1516400,155,55.1
1516500,190,55.0
1516600,190,54.6
1516700,190,55.7
1516800,190,54.5
1516900,190,56.5
1517000,190,57.8
1517100,190,58.0
1517200,190,58.9
1517300,190,58.7
1517400,190,57.8
1517500,190,58.3
1517600,190,58.0
1517700,190,55.9
1517800,190,56.0
1517900,190,55.6
1518000,155,56.8
1518100,155,57.1
1518200,155,56.6
1518300,155,55.6
1518400,155,55.7
1518500,155,55.2
1518600,155,54.6
1518700,155,54.7
1518800,155,52.7
1518900,155,51.7
1519000,155,52.0
1519100,155,53.4
1519200,155,54.0
1519300,155,55.4
1519400,155,55.6
1519500,225,54.5
1519600,225,56.5
1519700,225,58.4
1519800,225,58.2
1519900,225,57.7
1520000,225,56.6
1520100,225,56.9
1520200,225,57.9
1520300,225,58.9
1520400,225,60.3
1520500,225,60.2
1520600,225,59.4
1520700,225,59.9
1520800,225,59.7
1520900,225,57.8
1521000,255,58.0
1521100,255,61.2
1521200,255,63.5
1521300,255,64.5
1521400,255,64.7
1521500,255,63.9
1521600,255,64.4
1521700,255,64.5
1521800,255,63.5
1521900,255,63.4
1522000,255,63.1
1522100,255,63.4
1522200,255,64.4
1522300,255,64.7
1522400,255,63.9
1522500,155,64.5
1522600,155,61.4
1522700,155,57.1
1522800,155,55.2
1522900,155,53.3
1523000,155,51.1
1523100,155,52.8
1523200,155,53.4
1523300,155,55.1
1523400,155,55.6
1523500,155,55.1
1523600,155,55.4
1523700,155,55.2
1523800,155,54.5
1523900,155,54.6
1524000,255,52.8
1524100,255,59.2
1524200,255,63.5
1524300,255,64.3
1524400,255,63.1
1524500,255,64.4
1524600,255,64.2
1524700,255,63.5
1524800,255,64.3
1524900,255,63.5
1525000,255,62.9
1525100,255,63.3
1525200,255,64.3
1525300,255,63.9
1525400,255,64.5
1525500,120,64.5
1525600,120,60.2
1525700,120,55.7
1525800,120,52.7
1525900,120,49.0
1526000,120,47.8
1526100,120,45.7
1526200,120,45.8
1526300,120,47.6
1526400,120,48.2
1526500,120,50.0
1526600,120,50.6
1526700,120,49.6
1526800,120,49.6
1526900,120,49.6
1527000,255,49.0
1527100,255,59.3
1527200,255,63.3
1527300,255,62.4
1527400,255,64.0
1527500,255,64.4
1527600,255,63.9
1527700,255,64.5
1527800,255,64.0
1527900,255,63.4
1528000,255,64.0
1528100,255,63.4
1528200,255,62.5
1528300,255,63.0
1528400,255,63.9
1528500,225,63.9
1528600,225,62.6
1528700,225,61.0
1528800,225,59.6
1528900,225,59.8
1529000,225,59.4
1529100,225,57.4
1529200,225,57.5
1529300,225,58.0
1529400,225,58.7
1529500,225,59.9
1529600,225,59.7
1529700,225,60.2
1529800,225,59.9
1529900,225,59.3
1530000,190,59.8
1530100,190,57.4
1530200,190,56.1
1530300,190,55.7
1530400,190,57.1
1530500,190,57.5
1530600,190,58.9
1530700,190,58.8
1530800,190,57.9
1530900,190,58.4
1531000,190,58.3
1531100,190,57.0
1531200,190,56.5
1531300,190,55.2
1531400,190,55.9
1531500,225,57.7
1531600,225,59.2
1531700,225,59.4
1531800,225,59.9
1531900,225,59.9
1532000,225,59.3
1532100,225,59.6
1532200,225,58.2
1532300,225,57.0
1532400,225,57.7
1532500,225,58.7
1532600,225,58.3
1532700,225,59.3
1532800,225,59.2
1532900,225,59.6
1533000,255,59.7
1533100,255,62.0
1533200,255,63.3
1533300,255,63.4
1533400,255,63.0
1533500,255,64.3
1533600,255,64.7
1533700,255,64.0
1533800,255,64.4
1533900,255,64.2
1534000,255,63.6
1534100,255,63.9
1534200,255,63.6
1534300,255,62.4
1534400,255,64.2
1534500,155,64.5
1534600,155,61.4
1534700,155,58.5
1534800,155,56.6
1534900,155,55.1
1535000,155,55.2
1535100,155,54.6
1535200,155,52.0
1535300,155,52.3
1535400,155,52.2
1535500,155,53.2
1535600,155,54.7
1535700,155,55.5
1535800,155,55.0
1535900,155,54.8
1536000,225,53.8
1536100,225,56.5
1536200,225,58.3
1536300,225,57.0
1536400,225,57.3
1536500,225,57.0
1536600,225,57.3
1536700,225,59.6
1536800,225,60.1
1536900,225,59.6
1537000,225,60.1
1537100,225,59.8
1537200,225,58.9
1537300,225,58.3
1537400,225,58.0
1537500,155,56.8
1537600,155,57.1
1537700,155,56.2
1537800,155,55.6
1537900,155,56.0
1538000,155,55.6
1538100,155,54.7
1538200,155,55.1
1538300,155,54.7
1538400,155,52.6
1538500,155,52.7
1538600,155,51.8
1538700,155,52.9
1538800,155,54.6
1538900,155,55.5
1539000,255,55.1
1539100,255,61.5
1539200,255,63.5
1539300,255,64.4
1539400,255,63.9
1539500,255,63.0
1539600,255,63.1
1539700,255,64.2
1539800,255,63.9
1539900,255,64.5
1540000,255,64.5
1540100,255,63.6
1540200,255,64.4
1540300,255,64.2
1540400,255,62.8
1540500,120,63.4
1540600,120,59.3
1540700,120,54.0
1540800,120,52.7
1540900,120,51.9
1541000,120,50.8
1541100,120,50.6
1541200,120,50.0
1541300,120,49.5
1541400,120,50.3
1541500,120,48.7
1541600,120,46.9
1541700,120,45.3
1541800,120,46.0
1541900,120,47.1
1542000,255,48.9
1542100,255,59.8
1542200,255,63.6
1542300,255,64.3
1542400,255,63.8
1542500,255,64.3
1542600,255,63.5
1542700,255,62.8
1542800,255,63.5
1542900,255,64.3
1543000,255,64.0
1543100,255,64.5
1543200,255,64.4
1543300,255,63.8
1543400,255,64.3
1543500,155,64.0
1543600,155,58.8
1543700,155,54.6
1543800,155,53.8
1543900,155,53.8
1544000,155,55.2
1544100,155,55.7
1544200,155,55.0
1544300,155,54.5
1544400,155,54.2
1544500,155,53.6
1544600,155,53.8
1544700,155,52.3
1544800,155,51.0
1544900,155,51.1
1545000,225,51.8
1545100,225,55.6
1545200,225,59.3
1545300,225,59.9
1545400,225,59.3
1545500,225,59.8
1545600,225,59.1
1545700,225,58.8
1545800,225,58.0
1545900,225,56.5
1546000,225,58.7
1546100,225,59.6
1546200,225,59.7
1546300,225,60.2
1546400,225,60.1
1546500,155,59.4
1546600,155,58.2
1546700,155,56.0
1546800,155,52.7
1546900,155,52.6
1547000,155,52.2
1547100,155,53.1
1547200,155,54.7
1547300,155,55.5
1547400,155,55.0
1547500,155,55.4
1547600,155,55.1
1547700,155,54.5
1547800,155,54.7
1547900,155,52.8
1548000,255,52.0
1548100,255,59.7
1548200,255,64.2
1548300,255,63.9
1548400,255,64.7
1548500,255,64.4
1548600,255,63.6
1548700,255,64.3
1548800,255,63.4
1548900,255,63.4
1549000,255,63.1
1549100,255,63.1
1549200,255,64.2
1549300,255,63.8
1549400,255,63.8
1549500,190,64.4
1549600,190,61.7
1549700,190,58.8
1549800,190,57.5
1549900,190,56.4
1550000,190,54.8
1550100,190,56.8
1550200,190,57.8
1550300,190,58.0
1550400,190,58.8
1550500,190,58.5
1550600,190,57.8
1550700,190,58.2
1550800,190,57.9
1550900,190,55.9
1551000,155,56.2
1551100,155,54.6
1551200,155,54.1
1551300,155,55.1
1551400,155,55.7
1551500,155,55.1
1551600,155,55.4
1551700,155,55.0
1551800,155,54.5
1551900,155,54.7
1552000,155,52.3
1552100,155,52.6
1552200,155,51.4
1552300,155,52.7
1552400,155,54.3
1552500,225,55.4
1552600,225,56.8
1552700,225,58.8
1552800,225,58.8
1552900,225,58.4
1553000,225,59.1
1553100,225,57.7
1553200,225,56.6
1553300,225,57.0
1553400,225,57.9
1553500,225,59.1
1553600,225,60.2
1553700,225,60.1
1553800,225,59.3
1553900,225,59.8
1554000,155,59.6
1554100,155,56.0
1554200,155,54.2
1554300,155,52.3
1554400,155,53.1
1554500,155,54.6
1554600,155,55.5
1554700,155,55.1
1554800,155,55.6
1554900,155,55.2
1555000,155,54.5
1555100,155,54.8
1555200,155,52.8
1555300,155,52.8
1555400,155,51.5
1555500,225,52.6
1555600,225,56.5
1555700,225,59.3
1555800,225,59.6
1555900,225,60.1
1556000,225,59.9
1556100,225,59.3
1556200,225,59.6
1556300,225,57.9
1556400,225,56.9
1556500,225,58.0
1556600,225,59.3
1556700,225,59.4
1556800,225,60.2
1556900,225,60.1
1557000,120,59.6
1557100,120,57.3
1557200,120,53.7
1557300,120,49.6
1557400,120,48.1
1557500,120,45.9
1557600,120,45.8
1557700,120,47.1
1557800,120,48.2
1557900,120,46.9
1558000,120,48.6
1558100,120,49.4
1558200,120,48.6
1558300,120,49.2
1558400,120,48.6
1558500,225,48.7
1558600,225,51.9
1558700,225,55.7
1558800,225,57.3
1558900,225,58.9
1559000,225,59.3
1559100,225,60.3
1559200,225,60.2
1559300,225,59.4
1559400,225,59.8
1559500,225,59.7
1559600,225,57.9
1559700,225,58.2
1559800,225,57.1
1559900,225,58.2
1560000,155,59.8
1560100,155,58.9
1560200,155,56.5
1560300,155,56.0
1560400,155,55.4
1560500,155,54.7
1560600,155,54.8
1560700,155,52.8
1560800,155,51.9
1560900,155,51.9
1561000,155,53.4
1561100,155,54.1
1561200,155,55.5
1561300,155,55.6
1561400,155,54.5
1561500,225,54.6
1561600,225,55.7
1561700,225,58.4
1561800,225,57.8
1561900,225,56.9
1562000,225,57.1
1562100,225,57.9
1562200,225,58.9
1562300,225,60.2
1562400,225,60.2
1562500,225,59.4
1562600,225,59.9
1562700,225,59.7
1562800,225,57.9
1562900,225,58.2
1563000,190,57.4
1563100,190,57.5
1563200,190,58.5
1563300,190,58.9
1563400,190,58.2
1563500,190,58.5
1563600,190,58.4
1563700,190,57.8
1563800,190,57.7
1563900,190,56.2
1564000,190,55.0
1564100,190,56.5
1564200,190,57.7
1564300,190,58.0
1564400,190,58.9
1564500,155,58.8
1564600,155,56.8
1564700,155,56.1
1564800,155,54.8
1564900,155,53.7
1565000,155,53.2
1565100,155,51.3
1565200,155,53.1
1565300,155,54.2
1565400,155,54.6
1565500,155,55.6
1565600,155,55.5
1565700,155,54.7
1565800,155,55.2
1565900,155,54.8
1566000,225,53.4
1566100,225,55.2
1566200,225,56.4
1566300,225,57.1
1566400,225,59.1
1566500,225,58.4
1566600,225,59.1
1566700,225,59.8
1566800,225,59.6
1566900,225,59.2
1567000,225,59.3
1567100,225,57.8
1567200,225,56.8
1567300,225,58.0
1567400,225,59.1
1567500,120,59.6
1567600,120,58.0
1567700,120,54.6
1567800,120,51.8
1567900,120,51.0
1568000,120,49.7
1568100,120,49.2
1568200,120,46.9
1568300,120,46.3
1568400,120,45.5
1568500,120,47.1
1568600,120,47.7
1568700,120,49.4
1568800,120,49.9
1568900,120,49.6
1569000,155,50.0
1569100,155,51.8
1569200,155,53.2
1569300,155,54.2
1569400,155,52.8
1569500,155,52.3
1569600,155,51.8
1569700,155,53.3
1569800,155,54.0
1569900,155,55.4
1570000,155,55.6
1570100,155,54.6
1570200,155,54.5
1570300,155,54.3
1570400,155,53.7
1570500,225,53.1
1570600,225,55.1
1570700,225,55.1
1570800,225,56.9
1570900,225,58.9
1571000,225,59.4
1571100,225,60.2
1571200,225,59.6
1571300,225,59.9
1571400,225,59.7
1571500,225,58.7
1571600,225,58.0
1571700,225,57.0
1571800,225,57.7
1571900,225,59.2
1572000,255,60.2
1572100,255,62.4
1572200,255,64.5
1572300,255,64.3
1572400,255,63.8
1572500,255,63.9
1572600,255,63.6
1572700,255,62.4
1572800,255,64.2
1572900,255,64.5
1573000,255,63.9
1573100,255,64.5
1573200,255,64.4
1573300,255,63.6
1573400,255,64.3
1573500,225,63.6
1573600,225,59.9
1573700,225,58.8
1573800,225,59.4
1573900,225,59.6
1574000,225,60.3
1574100,225,60.2
1574200,225,59.6
1574300,225,59.8
1574400,225,59.1
1574500,225,58.4
1574600,225,57.9
1574700,225,56.9
1574800,225,58.4
1574900,225,58.9
1575000,190,58.5
1575100,190,59.2
1575200,190,58.4
1575300,190,57.5
1575400,190,58.0
1575500,190,57.3
1575600,190,55.9
1575700,190,55.4
1575800,190,56.8
1575900,190,57.3
1576000,190,58.7
1576100,190,58.9
1576200,190,58.2
1576300,190,58.5
1576400,190,58.3
1576500,225,57.7
1576600,225,57.3
1576700,225,57.5
1576800,225,56.8
1576900,225,58.9
1577000,225,59.9
1577100,225,59.8
1577200,225,60.3
1577300,225,60.1
1577400,225,59.4
1577500,225,59.7
1577600,225,58.0
1577700,225,58.0
1577800,225,57.1
1577900,225,58.0
1578000,120,59.8
1578100,120,57.8
1578200,120,54.0
1578300,120,51.9
1578400,120,50.1
1578500,120,48.9
1578600,120,48.9
1578700,120,47.6
1578800,120,45.9
1578900,120,45.2
1579000,120,44.9
1579100,120,44.6
1579200,120,47.2
1579300,120,49.0
1579400,120,49.4
1579500,155,50.5
1579600,155,51.8
1579700,155,53.1
1579800,155,54.3
1579900,155,54.2
1580000,155,52.2
1580100,155,51.9
1580200,155,51.9
1580300,155,53.1
1580400,155,54.7
1580500,155,55.6
1580600,155,55.2
1580700,155,55.5
1580800,155,54.7
1580900,155,55.1
1581000,120,54.8
1581100,120,50.8
1581200,120,48.5
1581300,120,46.0
1581400,120,46.8
1581500,120,48.3
1581600,120,49.7
1581700,120,50.1
1581800,120,50.3
1581900,120,49.9
1582000,120,49.2
1582100,120,50.1
1582200,120,50.1
1582300,120,47.7
1582400,120,47.3
1582500,255,45.3
1582600,255,57.8
1582700,255,64.2
1582800,255,64.7
1582900,255,63.9
1583000,255,64.4
1583100,255,64.4
1583200,255,63.8
1583300,255,63.8
1583400,255,63.6
1583500,255,62.6
1583600,255,64.0
1583700,255,64.0
1583800,255,63.6
1583900,255,64.4
1584000,190,63.6
1584100,190,61.7
1584200,190,59.2
1584300,190,56.4
1584400,190,56.2
1584500,190,55.7
1584600,190,56.6
1584700,190,58.2
1584800,190,58.8
1584900,190,58.3
1585000,190,58.5
1585100,190,58.4
1585200,190,57.7
1585300,190,57.7
1585400,190,56.5
1585500,255,55.0
1585600,255,61.4
1585700,255,64.3
1585800,255,64.0
1585900,255,64.5
1586000,255,64.5
1586100,255,63.6
1586200,255,64.4
1586300,255,63.6
1586400,255,62.9
1586500,255,63.4
1586600,255,64.2
1586700,255,63.9
1586800,255,64.7
1586900,255,64.4
1587000,155,63.4
1587100,155,61.0
1587200,155,56.5
1587300,155,54.0
1587400,155,52.9
1587500,155,50.5
1587600,155,51.7
1587700,155,53.7
1587800,155,54.6
1587900,155,55.6
1588000,155,55.5
1588100,155,54.6
1588200,155,55.1
1588300,155,55.0
1588400,155,52.9
1588500,120,53.2
1588600,120,49.6
1588700,120,48.6
1588800,120,49.4
1588900,120,50.1
1589000,120,50.4
1589100,120,50.4
1589200,120,49.7
1589300,120,49.2
1589400,120,49.9
1589500,120,49.4
1589600,120,47.4
1589700,120,47.3
1589800,120,45.3
1589900,120,45.7
1590000,225,47.7
1590100,225,53.8
1590200,225,58.2
1590300,225,59.8
1590400,225,59.3
1590500,225,59.7
1590600,225,59.7
1590700,225,58.5
1590800,225,58.3
1590900,225,57.1
1591000,225,57.9
1591100,225,59.4
1591200,225,60.2
1591300,225,59.7
1591400,225,60.1
1591500,120,59.9
1591600,120,56.8
1591700,120,53.6
1591800,120,49.6
1591900,120,47.6
1592000,120,45.5
1592100,120,46.4
1592200,120,47.3
1592300,120,47.7
1592400,120,48.1
1592500,120,48.6
1592600,120,49.2
1592700,120,49.0
1592800,120,48.6
1592900,120,49.1
1593000,255,48.1
1593100,255,57.8
1593200,255,62.9
1593300,255,64.2
1593400,255,63.9
1593500,255,64.7
1593600,255,63.9
1593700,255,64.4
1593800,255,64.4
1593900,255,63.5
1594000,255,63.6
1594100,255,63.3
1594200,255,63.0
1594300,255,64.3
1594400,255,64.5
1594500,120,64.0
1594600,120,61.0
1594700,120,55.9
1594800,120,52.6
1594900,120,51.1
1595000,120,49.1
1595100,120,47.3
1595200,120,45.3
1595300,120,46.2
1595400,120,47.2
1595500,120,49.0
1595600,120,49.9
1595700,120,50.0
1595800,120,49.7
1595900,120,49.0
1596000,225,48.2
1596100,225,53.7
1596200,225,57.1
1596300,225,56.9
1596400,225,56.6
1596500,225,57.0
1596600,225,58.2
1596700,225,59.8
1596800,225,59.7
1596900,225,60.1
1597000,225,59.9
1597100,225,59.2
1597200,225,59.4
1597300,225,57.9
1597400,225,56.8
1597500,120,58.2
1597600,120,56.5
1597700,120,53.4
1597800,120,52.6
1597900,120,51.5
1598000,120,50.3
1598100,120,49.7
1598200,120,49.6
1598300,120,48.7
1598400,120,47.6
1598500,120,47.1
1598600,120,44.1
1598700,120,45.7
1598800,120,47.4
1598900,120,48.2
1599000,255,50.0
1599100,255,60.1
1599200,255,63.5
1599300,255,64.3
1599400,255,64.4
1599500,255,63.1
1599600,255,63.6
1599700,255,63.1
1599800,255,63.5
1599900,255,64.5
1600000,255,64.0
1600100,255,64.5
1600200,255,64.4
1600300,255,63.6
1600400,255,64.2
1600500,120,63.4
1600600,120,57.9
1600700,120,52.6
1600800,120,50.5
1600900,120,49.1
1601000,120,48.2
1601100,120,49.2
1601200,120,49.1
1601300,120,49.2
1601400,120,49.2
1601500,120,48.7
1601600,120,48.6
1601700,120,46.6
1601800,120,45.8
1601900,120,44.8
1602000,190,46.6
1602100,190,51.5
1602200,190,56.9
1602300,190,58.3
1602400,190,57.9
1602500,190,58.4
1602600,190,58.3
1602700,190,57.5
1602800,190,56.6
1602900,190,56.4
1603000,190,54.7
1603100,190,57.0
1603200,190,57.5
1603300,190,58.8
1603400,190,58.8
1603500,225,58.2
1603600,225,58.8
1603700,225,59.4
1603800,225,58.3
1603900,225,58.0
1604000,225,57.0
1604100,225,57.8
1604200,225,59.3
1604300,225,60.1
1604400,225,59.4
1604500,225,59.7
1604600,225,59.1
1604700,225,58.5
1604800,225,59.2
1604900,225,57.7
1605000,190,56.6
1605100,190,56.0
1605200,190,56.5
1605300,190,57.5
1605400,190,58.8
1605500,190,58.7
1605600,190,57.9
1605700,190,58.4
1605800,190,58.2
1605900,190,56.6
1606000,190,56.5
1606100,190,55.0
1606200,190,56.2
1606300,190,57.9
1606400,190,58.2
1606500,155,58.9
1606600,155,57.5
1606700,155,55.6
1606800,155,55.5
1606900,155,55.0
1607000,155,52.4
1607100,155,52.7
1607200,155,51.0
1607300,155,52.6
1607400,155,54.2
1607500,155,55.2
1607600,155,55.0
1607700,155,55.5
1607800,155,55.2
1607900,155,54.5
1608000,255,54.8
1608100,255,60.5
1608200,255,62.6
1608300,255,63.5
1608400,255,64.3
1608500,255,63.9
1608600,255,64.7
1608700,255,64.4
1608800,255,63.8
1608900,255,64.4
1609000,255,64.0
1609100,255,62.8
1609200,255,62.9
1609300,255,63.9
1609400,255,63.6
1609500,225,64.2
1609600,225,62.0
1609700,225,60.5
1609800,225,59.8
1609900,225,59.1
1610000,225,58.7
1610100,225,57.9
1610200,225,56.5
1610300,225,58.5
1610400,225,59.4
1610500,225,59.6
1610600,225,60.3
1610700,225,60.2
1610800,225,59.3
1610900,225,59.7
1611000,120,59.2
1611100,120,54.2
1611200,120,50.0
1611300,120,48.0
1611400,120,48.1
1611500,120,49.4
1611600,120,50.5
1611700,120,50.0
1611800,120,49.9
1611900,120,49.6
1612000,120,49.0
1612100,120,49.5
1612200,120,48.9
1612300,120,46.2
1612400,120,46.7
1612500,255,44.9
1612600,255,57.9
1612700,255,64.2
1612800,255,64.0
1612900,255,64.5
1613000,255,64.2
1613100,255,63.5
1613200,255,64.2
1613300,255,63.4
1613400,255,62.6
1613500,255,63.0
1613600,255,63.9
1613700,255,63.9
1613800,255,64.5
1613900,255,64.4
1614000,120,63.9
1614100,120,60.7
1614200,120,55.4
1614300,120,49.6
1614400,120,48.2
1614500,120,45.9
1614600,120,46.8
1614700,120,48.3
1614800,120,49.4
1614900,120,49.6
1615000,120,50.3
1615100,120,49.9
1615200,120,49.6
1615300,120,50.3
1615400,120,49.9
1615500,155,47.4
1615600,155,49.0
1615700,155,49.9
1615800,155,51.9
1615900,155,54.0
1616000,155,54.6
1616100,155,55.6
1616200,155,55.5
1616300,155,54.7
1616400,155,55.1
1616500,155,55.0
1616600,155,53.6
1616700,155,52.7
1616800,155,51.7
1616900,155,51.8
1617000,255,54.0
1617100,255,61.5
1617200,255,63.9
1617300,255,64.5
1617400,255,64.4
1617500,255,63.8
1617600,255,64.2
1617700,255,63.4
1617800,255,62.5
1617900,255,63.9
1618000,255,64.3
1618100,255,63.3
1618200,255,64.4
1618300,255,64.2
1618400,255,63.6
1618500,225,64.3
1618600,225,61.0
1618700,225,58.3
1618800,225,57.5
1618900,225,58.9
1619000,225,59.2
1619100,225,60.3
1619200,225,59.7
1619300,225,60.1
1619400,225,59.8
1619500,225,59.2
1619600,225,58.9
1619700,225,58.3
1619800,225,56.5
1619900,225,58.5
1620000,155,59.7
1620100,155,58.2
1620200,155,57.1
1620300,155,56.1
1620400,155,54.8
1620500,155,55.1
1620600,155,54.8
1620700,155,52.7
1620800,155,52.8
1620900,155,51.4
1621000,155,52.6
1621100,155,54.5
1621200,155,55.4
1621300,155,55.1
1621400,155,55.2
1621500,225,54.3
1621600,225,55.9
1621700,225,58.3
1621800,225,57.8
1621900,225,57.1
1622000,225,56.8
1622100,225,57.4
1622200,225,58.7
1622300,225,60.2
1622400,225,59.7
1622500,225,60.1
1622600,225,59.8
1622700,225,59.1
1622800,225,58.8
1622900,225,58.2
1623000,255,56.6
1623100,255,62.1
1623200,255,64.4
1623300,255,64.0
1623400,255,64.7
1623500,255,64.4
1623600,255,63.8
1623700,255,64.3
1623800,255,63.5
1623900,255,62.8
1624000,255,63.6
1624100,255,64.4
1624200,255,63.9
1624300,255,64.5
1624400,255,64.5
1624500,190,63.9
1624600,190,62.0
1624700,190,59.2
1624800,190,56.2
1624900,190,55.9
1625000,190,56.5
1625100,190,57.1
1625200,190,58.5
1625300,190,58.9
1625400,190,58.2
1625500,190,58.5
1625600,190,57.8
1625700,190,58.2
1625800,190,56.9
1625900,190,56.0
1626000,255,55.6
1626100,255,61.5
1626200,255,63.4
1626300,255,64.2
1626400,255,64.5
1626500,255,63.5
1626600,255,64.3
1626700,255,64.2
1626800,255,62.9
1626900,255,63.3
1627000,255,63.8
1627100,255,63.6
1627200,255,64.7
1627300,255,64.7
1627400,255,63.8
1627500,120,64.5
1627600,120,60.8
1627700,120,54.7
1627800,120,50.4
1627900,120,47.7
1628000,120,46.2
1628100,120,47.7
1628200,120,48.9
1628300,120,49.2
1628400,120,50.1
1628500,120,50.0
1628600,120,49.4
1628700,120,50.4
1628800,120,49.7
1628900,120,49.7
1629000,190,47.7
1629100,190,50.8
1629200,190,54.1
1629300,190,56.6
1629400,190,57.4
1629500,190,58.8
1629600,190,58.7
1629700,190,57.5
1629800,190,57.5
1629900,190,57.8
1630000,190,56.9
1630100,190,56.1
1630200,190,55.5
1630300,190,54.7
1630400,190,56.4
1630500,120,58.0
1630600,120,56.1
1630700,120,54.0
1630800,120,52.2
1630900,120,50.3
1631000,120,50.3
1631100,120,50.1
1631200,120,47.6
1631300,120,47.4
1631400,120,45.3
1631500,120,46.2
1631600,120,48.1
1631700,120,49.2
1631800,120,50.0
1631900,120,50.4
1632000,190,49.5
1632100,190,53.2
1632200,190,56.6
1632300,190,57.0
1632400,190,56.6
1632500,190,56.2
1632600,190,55.4
1632700,190,57.4
1632800,190,58.3
1632900,190,58.3
1633000,190,58.8
1633100,190,58.5
1633200,190,57.8
1633300,190,58.3
1633400,190,57.5
1633500,120,56.1
1633600,120,52.7
1633700,120,50.5
1633800,120,49.6
1633900,120,50.4
1634000,120,50.5
1634100,120,49.9
1634200,120,50.5
1634300,120,50.1
1634400,120,49.5
1634500,120,50.1
1634600,120,49.2
1634700,120,47.2
1634800,120,45.8
1634900,120,46.0
1635000,255,46.6
1635100,255,59.2
1635200,255,63.8
1635300,255,64.5
1635400,255,64.5
1635500,255,63.8
1635600,255,64.3
1635700,255,63.5
1635800,255,62.8
1635900,255,63.9
1636000,255,64.4
1636100,255,64.0
1636200,255,64.7
1636300,255,64.5
1636400,255,63.8
1636500,190,64.4
1636600,190,61.4
1636700,190,57.3
1636800,190,56.1
1636900,190,56.9
1637000,190,57.3
1637100,190,58.7
1637200,190,58.9
1637300,190,58.3
1637400,190,58.4
1637500,190,58.4
1637600,190,57.5
1637700,190,56.8
1637800,190,56.2
1637900,190,55.2
1638000,155,57.4
1638100,155,57.3
1638200,155,56.0
1638300,155,55.9
1638400,155,54.6
1638500,155,54.6
1638600,155,54.6
1638700,155,53.7
1638800,155,52.6
1638900,155,52.3
1639000,155,50.9
1639100,155,51.8
1639200,155,53.8
1639300,155,54.6
1639400,155,55.5
1639500,120,55.5
1639600,120,53.2
1639700,120,51.7
1639800,120,50.5
1639900,120,48.1
1640000,120,47.3
1640100,120,45.8
1640200,120,45.7
1640300,120,47.6
1640400,120,48.7
1640500,120,49.4
1640600,120,50.0
1640700,120,50.0
1640800,120,49.5
1640900,120,50.3
1641000,155,50.1
1641100,155,50.8
1641200,155,51.5
1641300,155,51.8
1641400,155,51.5
1641500,155,53.6
1641600,155,54.2
1641700,155,55.6
1641800,155,55.7
1641900,155,55.0
1642000,155,55.2
1642100,155,55.2
1642200,155,54.3
1642300,155,53.3
1642400,155,52.8
1642500,120,51.4
1642600,120,51.8
1642700,120,51.0
1642800,120,50.5
1642900,120,50.9
1643000,120,50.5
1643100,120,50.0
1643200,120,50.3
1643300,120,50.0
1643400,120,49.5
1643500,120,48.1
1643600,120,47.3
1643700,120,45.4
1643800,120,46.7
1643900,120,47.8
1644000,190,48.9
1644100,190,53.4
1644200,190,57.0
1644300,190,57.4
1644400,190,58.2
1644500,190,58.3
1644600,190,56.8
1644700,190,56.9
1644800,190,55.0
1644900,190,57.0
1645000,190,57.9
1645100,190,58.2
1645200,190,58.9
1645300,190,58.8
1645400,190,57.9
1645500,225,58.5
1645600,225,58.8
1645700,225,57.5
1645800,225,57.8
1645900,225,57.9
1646000,225,58.5
1646100,225,60.1
1646200,225,60.6
1646300,225,59.7
1646400,225,60.1
1646500,225,59.9
1646600,225,59.2
1646700,225,58.7
1646800,225,58.2
1646900,225,57.0
1647000,120,59.1
1647100,120,57.3
1647200,120,54.0
1647300,120,52.7
1647400,120,51.3
1647500,120,49.4
1647600,120,49.5
1647700,120,49.1
1647800,120,47.6
1647900,120,46.9
1648000,120,45.2
1648100,120,45.2
1648200,120,45.3
1648300,120,46.8
1648400,120,49.0
1648500,190,50.4
1648600,190,53.1
1648700,190,56.9
1648800,190,57.9
1648900,190,57.4
1649000,190,57.1
1649100,190,56.8
1649200,190,55.0
1649300,190,57.0
1649400,190,58.0
1649500,190,58.2
1649600,190,58.9
1649700,190,58.8
1649800,190,57.9
1649900,190,58.4
1650000,255,58.2
1650100,255,60.8
1650200,255,63.1
1650300,255,64.0
1650400,255,63.9
1650500,255,64.7
1650600,255,64.7
1650700,255,63.8
1650800,255,64.5
1650900,255,64.4
1651000,255,63.1
1651100,255,63.6
1651200,255,62.9
1651300,255,64.3
1651400,255,64.7
1651500,225,64.0
1651600,225,62.6
1651700,225,60.7
1651800,225,59.4
1651900,225,59.8
1652000,225,58.4
1652100,225,57.4
1652200,225,57.7
1652300,225,58.8
1652400,225,58.3
1652500,225,59.3
1652600,225,59.9
1652700,225,59.1
1652800,225,59.6
1652900,225,59.6
1653000,120,57.9
1653100,120,55.2
1653200,120,49.7
1653300,120,48.7
1653400,120,49.6
1653500,120,50.0
1653600,120,49.7
1653700,120,50.1
1653800,120,50.0
1653900,120,49.6
1654000,120,50.3
1654100,120,49.9
1654200,120,47.8
1654300,120,47.7
1654400,120,45.4
1654500,155,46.7
1654600,155,49.6
1654700,155,52.6
1654800,155,55.0
1654900,155,55.4
1655000,155,54.8
1655100,155,55.1
1655200,155,55.1
1655300,155,54.2
1655400,155,53.2
1655500,155,52.7
1655600,155,51.7
1655700,155,53.6
1655800,155,54.7
1655900,155,55.0
1656000,120,55.7
1656100,120,53.8
1656200,120,50.6
1656300,120,49.7
1656400,120,49.1
1656500,120,47.4
1656600,120,46.7
1656700,120,45.4
1656800,120,44.4
1656900,120,44.6
1657000,120,47.1
1657100,120,48.5
1657200,120,49.9
1657300,120,50.3
1657400,120,49.6
1657500,255,50.1
1657600,255,59.2
1657700,255,63.8
1657800,255,63.6
1657900,255,62.6
1658000,255,64.2
1658100,255,64.5
1658200,255,64.0
1658300,255,64.7
1658400,255,64.5
1658500,255,63.8
1658600,255,64.3
1658700,255,63.5
1658800,255,62.8
1658900,255,63.9
1659000,190,64.5
1659100,190,61.9
1659200,190,60.2
1659300,190,59.3
1659400,190,58.0
1659500,190,58.5
1659600,190,58.2
1659700,190,56.2
1659800,190,56.2
1659900,190,56.0
1660000,190,56.8
1660100,190,58.4
1660200,190,58.8
1660300,190,58.3
1660400,190,58.7
1660500,225,58.5
1660600,225,58.4
1660700,225,58.8
1660800,225,57.7
1660900,225,57.4
1661000,225,58.3
1661100,225,58.7
1661200,225,58.5
1661300,225,59.7
1661400,225,59.2
1661500,225,59.7
1661600,225,59.6
1661700,225,58.5
1661800,225,58.0
1661900,225,57.4
1662000,190,57.9
1662100,190,58.7
1662200,190,59.1
1662300,190,58.4
1662400,190,58.8
1662500,190,58.5
1662600,190,57.8
1662700,190,58.2
1662800,190,56.9
1662900,190,56.0
1663000,190,55.7
1663100,190,57.3
1663200,190,57.5
1663300,190,58.8
1663400,190,58.9
1663500,155,58.0
1663600,155,57.3
1663700,155,56.0
1663800,155,54.5
1663900,155,53.1
1664000,155,51.8
1664100,155,52.3
1664200,155,53.8
1664300,155,54.3
1664400,155,55.5
1664500,155,55.5
1664600,155,54.5
1664700,155,54.5
1664800,155,54.3
1664900,155,53.6
1665000,190,52.6
1665100,190,53.8
1665200,190,54.2
1665300,190,55.7
1665400,190,57.5
1665500,190,58.0
1665600,190,58.7
1665700,190,58.5
1665800,190,57.8
1665900,190,58.2
1666000,190,57.5
1666100,190,56.0
1666200,190,55.7
1666300,190,56.5
1666400,190,57.1
1666500,255,58.7
1666600,255,62.8
1666700,255,63.8
1666800,255,64.4
1666900,255,64.4
1667000,255,63.4
1667100,255,63.6
1667200,255,62.5
1667300,255,64.2
1667400,255,64.5
1667500,255,64.0
1667600,255,64.5
1667700,255,64.4
1667800,255,63.8
1667900,255,64.3
1668000,225,63.5
1668100,225,60.3
1668200,225,58.8
1668300,225,59.4
1668400,225,59.4
1668500,225,60.2
1668600,225,60.1
1668700,225,59.3
1668800,225,59.8
1668900,225,59.7
1669000,225,57.9
1669100,225,58.2
1669200,225,57.5
1669300,225,57.8
1669400,225,59.6
1669500,120,60.3
1669600,120,57.3
1669700,120,54.3
1669800,120,52.0
1669900,120,50.3
1670000,120,49.5
1670100,120,47.6
1670200,120,46.8
1670300,120,45.2
1670400,120,46.0
1670500,120,47.8
1670600,120,49.1
1670700,120,49.7
1670800,120,50.6
1670900,120,50.3
1671000,255,49.2
1671100,255,59.8
1671200,255,64.0
1671300,255,62.9
1671400,255,63.1
1671500,255,63.9
1671600,255,63.6
1671700,255,64.8
1671800,255,64.5
1671900,255,63.8
1672000,255,64.3
1672100,255,64.3
1672200,255,63.1
1672300,255,63.6
1672400,255,63.3
1672500,190,63.6
1672600,190,62.2
1672700,190,60.2
1672800,190,58.5
1672900,190,58.0
1673000,190,57.8
1673100,190,57.1
1673200,190,56.8
1673300,190,56.2
1673400,190,54.5
1673500,190,55.4
1673600,190,56.5
1673700,190,58.4
1673800,190,58.8
1673900,190,58.0
1674000,120,58.4
1674100,120,56.0
1674200,120,52.3
1674300,120,49.4
1674400,120,48.0
1674500,120,45.0
1674600,120,46.4
1674700,120,47.8
1674800,120,48.6
1674900,120,50.0
1675000,120,49.9
1675100,120,49.2
1675200,120,50.3
1675300,120,50.3
1675400,120,49.5
1675500,255,49.4
1675600,255,58.7
1675700,255,62.2
1675800,255,64.0
1675900,255,64.5
1676000,255,64.0
1676100,255,64.5
1676200,255,64.4
1676300,255,63.6
1676400,255,64.3
1676500,255,63.5
1676600,255,62.9
1676700,255,63.6
1676800,255,63.6
1676900,255,64.5
1677000,155,64.7
1677100,155,61.1
1677200,155,57.9
1677300,155,56.2
1677400,155,54.7
1677500,155,53.4
1677600,155,53.1
1677700,155,51.0
1677800,155,52.7
1677900,155,54.0
1678000,155,52.8
1678100,155,54.6
1678200,155,54.8
1678300,155,54.1
1678400,155,54.7
1678500,255,54.7
1678600,255,59.7
1678700,255,63.4
1678800,255,63.4
1678900,255,63.6
1679000,255,64.5
1679100,255,64.7
1679200,255,63.9
1679300,255,64.4
1679400,255,64.4
1679500,255,63.5
1679600,255,63.5
1679700,255,63.3
1679800,255,63.4
1679900,255,64.5
1680000,190,64.2
1680100,190,62.2
1680200,190,59.8
1680300,190,58.2
1680400,190,58.4
1680500,190,57.8
1680600,190,55.9
1680700,190,55.5
1680800,190,56.6
1680900,190,57.1
1681000,190,58.5
1681100,190,58.7
1681200,190,57.8
1681300,190,57.8
1681400,190,57.7
1681500,155,57.0
1681600,155,55.1
1681700,155,53.6
1681800,155,50.9
1681900,155,51.7
1682000,155,53.4
1682100,155,54.3
1682200,155,55.4
1682300,155,55.4
1682400,155,54.6
1682500,155,55.0
1682600,155,54.8
1682700,155,53.1
1682800,155,52.9
1682900,155,51.7
1683000,225,52.6
1683100,225,56.2
1683200,225,58.5
1683300,225,59.9
1683400,225,59.9
1683500,225,59.2
1683600,225,59.7
1683700,225,59.4
1683800,225,57.7
1683900,225,57.9
1684000,225,57.9
1684100,225,58.5
1684200,225,59.9
1684300,225,60.3
1684400,225,59.6
1684500,155,59.9
1684600,155,58.2
1684700,155,55.7
1684800,155,54.2
1684900,155,53.3
1685000,155,51.3
1685100,155,53.1
1685200,155,54.3
1685300,155,54.6
1685400,155,55.7
1685500,155,55.6
1685600,155,54.8
1685700,155,55.2
1685800,155,55.0
1685900,155,53.4
1686000,255,53.2
1686100,255,59.8
1686200,255,63.0
1686300,255,64.3
1686400,255,63.9
1686500,255,64.5
1686600,255,64.4
1686700,255,63.6
1686800,255,64.3
1686900,255,63.6
1687000,255,62.9
1687100,255,63.6
1687200,255,64.3
1687300,255,63.9
1687400,255,64.5
1687500,155,64.5
1687600,155,60.7
1687700,155,57.8
1687800,155,55.9
1687900,155,53.1
1688000,155,52.9
1688100,155,52.2
1688200,155,53.1
1688300,155,54.6
1688400,155,55.6
1688500,155,55.1
1688600,155,55.5
1688700,155,55.1
1688800,155,54.5
1688900,155,54.8
1689000,120,53.3
1689100,120,50.9
1689200,120,47.8
1689300,120,48.1
1689400,120,48.3
1689500,120,49.9
1689600,120,50.1
1689700,120,50.3
1689800,120,49.5
1689900,120,48.5
1690000,120,48.7
1690100,120,48.5
1690200,120,46.8
1690300,120,46.3
1690400,120,45.3
1690500,255,44.4
1690600,255,58.0
1690700,255,64.3
1690800,255,63.9
1690900,255,64.5
1691000,255,64.3
1691100,255,63.8
1691200,255,64.2
1691300,255,63.5
1691400,255,62.5
1691500,255,63.9
1691600,255,64.4
1691700,255,64.0
1691800,255,64.5
1691900,255,64.4
1692000,120,63.6
1692100,120,60.6
1692200,120,54.7
1692300,120,50.0
1692400,120,47.6
1692500,120,47.1
1692600,120,47.7
1692700,120,49.0
1692800,120,49.2
1692900,120,50.0
1693000,120,50.1
1693100,120,49.6
1693200,120,50.3
1693300,120,50.1
1693400,120,49.4
1693500,225,47.6
1693600,225,52.6
1693700,225,56.1
1693800,225,58.7
1693900,225,59.9
1694000,225,59.7
1694100,225,60.3
1694200,225,59.9
1694300,225,59.2
1694400,225,59.7
1694500,225,58.7
1694600,225,57.7
1694700,225,57.1
1694800,225,58.3
1694900,225,58.7
1695000,190,58.9
1695100,190,59.2
1695200,190,57.9
1695300,190,58.2
1695400,190,58.2
1695500,190,57.1
1695600,190,56.4
1695700,190,55.6
1695800,190,55.9
1695900,190,57.7
1696000,190,57.9
1696100,190,58.8
1696200,190,58.7
1696300,190,57.9
1696400,190,58.3
1696500,155,58.2
1696600,155,55.1
1696700,155,54.1
1696800,155,52.2
1696900,155,52.8
1697000,155,54.3
1697100,155,55.4
1697200,155,55.1
1697300,155,55.5
1697400,155,55.1
1697500,155,54.3
1697600,155,54.8
1697700,155,53.6
1697800,155,52.6
1697900,155,51.8
1698000,120,53.2
1698100,120,52.2
1698200,120,51.8
1698300,120,51.3
1698400,120,50.3
1698500,120,49.6
1698600,120,48.9
1698700,120,48.3
1698800,120,48.6
1698900,120,47.3
1699000,120,46.2
1699100,120,44.8
1699200,120,44.3
1699300,120,45.3
1699400,120,47.6
1699500,225,48.7
1699600,225,54.5
1699700,225,58.5
1699800,225,58.8
1699900,225,59.6
1700000,225,59.4
1700100,225,57.4
1700200,225,57.8
1700300,225,57.8
1700400,225,58.5
1700500,225,59.8
1700600,225,60.2
1700700,225,59.6
1700800,225,59.9
1700900,225,59.8
1701000,255,59.1
1701100,255,62.0
1701200,255,63.5
1701300,255,62.9
1701400,255,64.3
1701500,255,64.5
1701600,255,63.9
1701700,255,64.4
1701800,255,64.5
1701900,255,63.6
1702000,255,64.0
1702100,255,63.6
1702200,255,62.5
1702300,255,64.2
1702400,255,63.9
1702500,190,64.8
1702600,190,62.2
1702700,190,59.3
1702800,190,58.8
1702900,190,58.4
1703000,190,56.8
1703100,190,56.5
1703200,190,55.5
1703300,190,56.0
1703400,190,57.7
1703500,190,58.7
1703600,190,58.3
1703700,190,58.7
1703800,190,58.4
1703900,190,57.8
1704000,225,58.2
1704100,225,57.3
1704200,225,57.0
1704300,225,57.9
1704400,225,59.2
1704500,225,59.4
1704600,225,60.3
1704700,225,60.2
1704800,225,59.4
1704900,225,59.8
1705000,225,59.7
1705100,225,57.9
1705200,225,58.2
1705300,225,57.4
1705400,225,58.3
1705500,155,59.8
1705600,155,58.3
1705700,155,57.1
1705800,155,56.1
1705900,155,55.0
1706000,155,55.2
1706100,155,54.7
1706200,155,52.4
1706300,155,52.4
1706400,155,52.3
1706500,155,53.2
1706600,155,54.7
1706700,155,55.5
1706800,155,55.1
1706900,155,55.0
1707000,190,54.5
1707100,190,55.2
1707200,190,56.9
1707300,190,56.0
1707400,190,55.2
1707500,190,55.4
1707600,190,56.1
1707700,190,57.4
1707800,190,58.7
1707900,190,58.8
1708000,190,58.0
1708100,190,58.4
1708200,190,58.3
1708300,190,56.9
1708400,190,56.8
1708500,120,55.6
1708600,120,53.8
1708700,120,52.2
1708800,120,51.0
1708900,120,51.3
1709000,120,50.8
1709100,120,49.6
1709200,120,49.6
1709300,120,49.7
1709400,120,48.7
1709500,120,47.7
1709600,120,47.2
1709700,120,44.6
1709800,120,46.3
1709900,120,47.7
1710000,255,48.6
1710100,255,59.8
1710200,255,64.3
1710300,255,63.6
1710400,255,64.3
1710500,255,64.3
1710600,255,63.0
1710700,255,63.4
1710800,255,63.8
1710900,255,63.6
1711000,255,64.7
1711100,255,64.7
1711200,255,63.8
1711300,255,64.4
1711400,255,64.4
1711500,155,63.4
1711600,155,59.9
1711700,155,55.0
1711800,155,53.3
1711900,155,54.2
1712000,155,53.2
1712100,155,54.5
1712200,155,55.0
1712300,155,54.1
1712400,155,54.6
1712500,155,54.7
1712600,155,53.6
1712700,155,52.8
1712800,155,51.9
1712900,155,52.0
1713000,255,53.8
1713100,255,61.4
1713200,255,63.8
1713300,255,64.5
1713400,255,64.4
1713500,255,63.8
1713600,255,64.3
1713700,255,63.5
1713800,255,62.6
1713900,255,64.2
1714000,255,64.4
1714100,255,64.0
1714200,255,64.5
1714300,255,64.3
1714400,255,63.8
1714500,120,64.4
1714600,120,59.7
1714700,120,53.3
1714800,120,49.4
1714900,120,48.9
1715000,120,48.6
1715100,120,50.0
1715200,120,50.3
1715300,120,50.4
1715400,120,49.2
1715500,120,48.1
1715600,120,48.6
1715700,120,48.6
1715800,120,47.2
1715900,120,46.7
1716000,225,45.5
1716100,225,50.6
1716200,225,56.6
1716300,225,59.1
1716400,225,59.4
1716500,225,60.2
1716600,225,59.9
1716700,225,59.3
1716800,225,59.7
1716900,225,58.7
1717000,225,57.5
1717100,225,57.3
1717200,225,58.8
1717300,225,59.1
1717400,225,60.2
1717500,190,60.2
1717600,190,58.8
1717700,190,58.7
1717800,190,58.4
1717900,190,57.1
1718000,190,56.6
1718100,190,56.0
1718200,190,56.2
1718300,190,57.8
1718400,190,58.0
1718500,190,58.9
1718600,190,58.8
1718700,190,57.9
1718800,190,58.4
1718900,190,58.0
1719000,255,56.2
1719100,255,61.2
1719200,255,63.5
1719300,255,63.8
1719400,255,64.7
1719500,255,64.7
1719600,255,63.8
1719700,255,64.4
1719800,255,64.4
1719900,255,63.5
1720000,255,63.6
1720100,255,63.1
1720200,255,63.4
1720300,255,64.2
1720400,255,64.0
1720500,155,63.9
1720600,155,61.1
1720700,155,57.5
1720800,155,55.4
1720900,155,54.3
1721000,155,53.1
1721100,155,51.5
1721200,155,52.9
1721300,155,54.2
1721400,155,54.6
1721500,155,55.7
1721600,155,55.1
1721700,155,55.5
1721800,155,55.2
1721900,155,54.5
1722000,120,54.7
1722100,120,51.4
1722200,120,48.2
1722300,120,47.3
1722400,120,48.1
1722500,120,48.5
1722600,120,50.4
1722700,120,50.6
1722800,120,49.7
1722900,120,49.5
1723000,120,49.6
1723100,120,49.0
1723200,120,49.4
1723300,120,47.6
1723400,120,46.7
1723500,190,45.4
1723600,190,50.9
1723700,190,55.4
1723800,190,58.2
1723900,190,58.5
1724000,190,57.8
1724100,190,57.8
1724200,190,57.7
1724300,190,57.0
1724400,190,56.5
1724500,190,56.4
1724600,190,54.7
1724700,190,55.9
1724800,190,57.1
1724900,190,58.7
1725000,225,58.9
1725100,225,58.5
1725200,225,59.7
1725300,225,59.8
1725400,225,58.5
1725500,225,58.3
1725600,225,57.5
1725700,225,57.9
1725800,225,59.4
1725900,225,60.3
1726000,225,59.8
1726100,225,60.3
1726200,225,60.1
1726300,225,59.3
1726400,225,59.6
1726500,120,58.4
1726600,120,53.8
1726700,120,50.5
1726800,120,49.6
1726900,120,49.9
1727000,120,50.8
1727100,120,50.9
1727200,120,49.9
1727300,120,49.7
1727400,120,49.9
1727500,120,49.7
1727600,120,50.0
1727700,120,48.0
1727800,120,46.2
1727900,120,46.2
1728000,225,47.1
1728100,225,53.3
1728200,225,58.5
1728300,225,59.3
1728400,225,59.9
1728500,225,59.8
1728600,225,59.2
1728700,225,59.6
1728800,225,58.2
1728900,225,57.1
1729000,225,58.0
1729100,225,59.1
1729200,225,59.4
1729300,225,60.3
1729400,225,60.2
1729500,155,59.4
1729600,155,58.3
1729700,155,56.4
1729800,155,53.6
1729900,155,53.3
1730000,155,52.0
1730100,155,52.8
1730200,155,54.5
1730300,155,55.4
1730400,155,55.2
1730500,155,55.6
1730600,155,55.4
1730700,155,54.6
1730800,155,55.0
1730900,155,53.7
1731000,225,52.7
1731100,225,54.1
1731200,225,57.4
1731300,225,59.4
1731400,225,60.2
1731500,225,59.8
1731600,225,60.1
1731700,225,59.9
1731800,225,59.3
1731900,225,59.3
1732000,225,58.3
1732100,225,56.9
1732200,225,58.5
1732300,225,59.4
1732400,225,59.6
1732500,155,60.5
1732600,155,58.4
1732700,155,55.2
1732800,155,55.0
1732900,155,54.5
1733000,155,52.6
1733100,155,52.8
1733200,155,51.4
1733300,155,50.9
1733400,155,53.3
1733500,155,54.8
1733600,155,55.0
1733700,155,55.5
1733800,155,55.4
1733900,155,54.6
1734000,225,55.1
1734100,225,56.1
1734200,225,57.0
1734300,225,57.0
1734400,225,58.0
1734500,225,59.6
1734600,225,60.1
1734700,225,59.4
1734800,225,60.1
1734900,225,59.8
1735000,225,59.2
1735100,225,59.3
1735200,225,58.3
1735300,225,56.9
1735400,225,58.5
1735500,120,59.6
1735600,120,57.3
1735700,120,54.7
1735800,120,52.8
1735900,120,50.8
1736000,120,50.4
1736100,120,49.6
1736200,120,48.7
1736300,120,47.2
1736400,120,46.9
1736500,120,45.3
1736600,120,47.3
1736700,120,48.3
1736800,120,49.2
1736900,120,50.1
1737000,190,49.9
1737100,190,52.6
1737200,190,56.6
1737300,190,57.8
1737400,190,57.1
1737500,190,56.6
1737600,190,55.2
1737700,190,56.2
1737800,190,57.4
1737900,190,57.9
1738000,190,58.9
1738100,190,58.7
1738200,190,57.9
1738300,190,58.4
1738400,190,58.3
1738500,225,56.5
1738600,225,57.1
1738700,225,57.1
1738800,225,58.3
1738900,225,59.8
1739000,225,60.3
1739100,225,59.7
1739200,225,59.9
1739300,225,59.8
1739400,225,59.2
1739500,225,58.9
1739600,225,58.3
1739700,225,56.8
1739800,225,58.7
1739900,225,59.6
1740000,120,59.7
1740100,120,58.0
1740200,120,54.3
1740300,120,51.5
1740400,120,50.9
1740500,120,49.7
1740600,120,47.8
1740700,120,47.4
1740800,120,45.5
1740900,120,46.3
1741000,120,47.6
1741100,120,48.3
1741200,120,49.9
1741300,120,50.4
1741400,120,49.5
1741500,225,49.1
1741600,225,53.8
1741700,225,57.3
1741800,225,58.3
1741900,225,58.0
1742000,225,56.5
1742100,225,57.4
1742200,225,59.1
1742300,225,59.4
1742400,225,60.2
1742500,225,60.2
1742600,225,59.3
1742700,225,59.8
1742800,225,59.4
1742900,225,57.8
1743000,120,57.8
1743100,120,55.4
1743200,120,52.3
1743300,120,51.8
1743400,120,51.5
1743500,120,50.5
1743600,120,50.5
1743700,120,49.9
1743800,120,49.5
1743900,120,50.3
1744000,120,48.6
1744100,120,48.1
1744200,120,46.2
1744300,120,46.4
1744400,120,48.1
1744500,155,49.2
1744600,155,51.5
1744700,155,54.2
1744800,155,54.8
1744900,155,54.5
1745000,155,55.0
1745100,155,54.8
1745200,155,52.9
1745300,155,53.2
1745400,155,51.8
1745500,155,52.8
1745600,155,54.5
1745700,155,55.4
1745800,155,55.1
1745900,155,55.5
1746000,190,55.4
1746100,190,55.6
1746200,190,57.5
1746300,190,56.8
1746400,190,56.0
1746500,190,55.9
1746600,190,56.9
1746700,190,57.4
1746800,190,58.7
1746900,190,58.8
1747000,190,58.0
1747100,190,58.3
1747200,190,57.7
1747300,190,57.9
1747400,190,56.6
1747500,255,55.5
1747600,255,61.5
1747700,255,64.4
1747800,255,64.0
1747900,255,64.7
1748000,255,64.4
1748100,255,63.8
1748200,255,64.3
1748300,255,63.8
1748400,255,63.1
1748500,255,63.3
1748600,255,64.2
1748700,255,64.0
1748800,255,64.5
1748900,255,64.4
1749000,190,63.6
1749100,190,61.9
1749200,190,59.4
1749300,190,56.5
1749400,190,56.5
1749500,190,56.1
1749600,190,56.9
1749700,190,58.4
1749800,190,58.8
1749900,190,58.0
1750000,190,57.9
1750100,190,57.7
1750200,190,57.1
1750300,190,57.0
1750400,190,55.7
1750500,255,55.6
1750600,255,60.8
1750700,255,63.5
1750800,255,64.7
1750900,255,64.5
1751000,255,63.8
1751100,255,64.3
1751200,255,64.3
1751300,255,63.0
1751400,255,63.6
1751500,255,63.5
1751600,255,63.5
1751700,255,64.5
1751800,255,64.7
1751900,255,63.8
1752000,225,64.3
1752100,225,62.4
1752200,225,59.7
1752300,225,58.5
1752400,225,57.7
1752500,225,57.7
1752600,225,59.3
1752700,225,60.1
1752800,225,59.8
1752900,225,60.1
1753000,225,59.9
1753100,225,59.2
1753200,225,59.6
1753300,225,58.3
1753400,225,57.4
1753500,255,57.9
1753600,255,61.7
1753700,255,64.5
1753800,255,64.7
1753900,255,63.8
1754000,255,64.3
1754100,255,64.4
1754200,255,63.4
1754300,255,63.6
1754400,255,63.3
1754500,255,63.3
1754600,255,64.4
1754700,255,64.7
1754800,255,63.9
1754900,255,64.2
1755000,155,64.2
1755100,155,60.6
1755200,155,56.5
1755300,155,54.2
1755400,155,51.7
1755500,155,53.2
1755600,155,54.3
1755700,155,54.7
1755800,155,55.7
1755900,155,55.5
1756000,155,54.7
1756100,155,55.0
1756200,155,54.8
1756300,155,53.4
1756400,155,53.1
1756500,255,52.2
1756600,255,59.8
1756700,255,64.2
1756800,255,63.9
1756900,255,64.7
1757000,255,64.4
1757100,255,63.6
1757200,255,64.2
1757300,255,63.6
1757400,255,63.1
1757500,255,63.5
1757600,255,64.3
1757700,255,63.9
1757800,255,64.5
1757900,255,64.4
1758000,190,63.4
1758100,190,61.5
1758200,190,58.9
1758300,190,56.0
1758400,190,56.0
1758500,190,55.4
1758600,190,55.6
1758700,190,57.9
1758800,190,58.7
1758900,190,58.2
1759000,190,58.5
1759100,190,58.3
1759200,190,57.5
1759300,190,57.4
1759400,190,56.5
1759500,225,55.2
1759600,225,57.4
1759700,225,59.3
1759800,225,59.6
1759900,225,60.3
1760000,225,59.4
1760100,225,59.9
1760200,225,59.8
1760300,225,58.8
1760400,225,58.0
1760500,225,57.8
1760600,225,57.7
1760700,225,59.3
1760800,225,60.1
1760900,225,59.8
1761000,155,60.2
1761100,155,58.4
1761200,155,56.0
1761300,155,55.4
1761400,155,53.8
1761500,155,52.8
1761600,155,51.9
1761700,155,53.2
1761800,155,54.0
1761900,155,55.2
1762000,155,55.6
1762100,155,55.0
1762200,155,55.2
1762300,155,55.1
1762400,155,54.3
1762500,190,54.0
1762600,190,54.5
1762700,190,54.3
1762800,190,56.2
1762900,190,57.7
1763000,190,56.4
1763100,190,57.9
1763200,190,57.7
1763300,190,57.9
1763400,190,57.9
1763500,190,57.3
1763600,190,56.5
1763700,190,56.4
1763800,190,55.5
1763900,190,57.4
1764000,255,58.3
1764100,255,62.0
1764200,255,64.4
1764300,255,64.3
1764400,255,63.6
1764500,255,64.2
1764600,255,63.5
1764700,255,62.8
1764800,255,63.8
1764900,255,64.4
1765000,255,63.9
1765100,255,64.5
1765200,255,64.4
1765300,255,63.6
1765400,255,64.3
1765500,155,63.9
1765600,155,59.4
1765700,155,55.0
1765800,155,54.3
1765900,155,54.3
1766000,155,55.5
1766100,155,55.6
1766200,155,54.7
1766300,155,54.3
1766400,155,53.6
1766500,155,54.2
1766600,155,53.2
1766700,155,52.0
1766800,155,51.7
1766900,155,51.4
1767000,255,52.3
1767100,255,61.1
1767200,255,64.4
1767300,255,63.9
1767400,255,64.4
1767500,255,64.3
1767600,255,63.5
1767700,255,63.5
1767800,255,63.1
1767900,255,63.4
1768000,255,64.4
1768100,255,64.7
1768200,255,63.9
1768300,255,64.4
1768400,255,64.3
1768500,225,63.6
1768600,225,61.2
1768700,225,58.9
1768800,225,57.1
1768900,225,58.9
1769000,225,59.8
1769100,225,59.8
1769200,225,60.3
1769300,225,60.1
1769400,225,59.2
1769500,225,59.8
1769600,225,58.3
1769700,225,58.4
1769800,225,57.3
1769900,225,58.0
1770000,120,59.8
1770100,120,57.8
1770200,120,54.1
1770300,120,52.6
1770400,120,51.1
1770500,120,49.9
1770600,120,49.7
1770700,120,48.6
1770800,120,46.9
1770900,120,46.2
1771000,120,46.0
1771100,120,46.4
1771200,120,48.3
1771300,120,49.6
1771400,120,49.5
1771500,225,50.3
1771600,225,54.6
1771700,225,57.7
1771800,225,59.3
1771900,225,58.7
1772000,225,57.8
1772100,225,57.3
1772200,225,58.7
1772300,225,58.9
1772400,225,60.2
1772500,225,60.3
1772600,225,59.6
1772700,225,59.9
1772800,225,59.2
1772900,225,59.2
1773000,155,58.3
1773100,155,55.0
1773200,155,54.3
1773300,155,54.7
1773400,155,54.8
1773500,155,55.7
1773600,155,55.5
1773700,155,54.7
1773800,155,55.1
1773900,155,55.0
1774000,155,53.7
1774100,155,53.1
1774200,155,51.9
1774300,155,52.2
1774400,155,54.0
1774500,120,55.1
1774600,120,53.6
1774700,120,52.4
1774800,120,50.5
1774900,120,49.0
1775000,120,49.0
1775100,120,48.7
1775200,120,46.9
1775300,120,46.9
1775400,120,45.4
1775500,120,44.5
1775600,120,45.7
1775700,120,47.8
1775800,120,48.7
1775900,120,50.3
1776000,255,49.9
1776100,255,59.9
1776200,255,64.2
1776300,255,63.6
1776400,255,63.6
1776500,255,63.3
1776600,255,63.3
1776700,255,64.4
1776800,255,64.7
1776900,255,63.9
1777000,255,64.4
1777100,255,64.4
1777200,255,63.6
1777300,255,63.8
1777400,255,63.6
1777500,190,62.8
1777600,190,61.7
1777700,190,59.7
1777800,190,58.7
1777900,190,59.1
1778000,190,58.7
1778100,190,57.8
1778200,190,58.2
1778300,190,57.4
1778400,190,56.1
1778500,190,55.7
1778600,190,56.9
1778700,190,57.4
1778800,190,58.7
1778900,190,58.9
1779000,225,58.2
1779100,225,59.1
1779200,225,59.1
1779300,225,59.4
1779400,225,58.4
1779500,225,57.1
1779600,225,57.8
1779700,225,58.8
1779800,225,58.3
1779900,225,59.3
1780000,225,59.8
1780100,225,59.1
1780200,225,59.6
1780300,225,59.6
1780400,225,57.8
1780500,155,58.3
1780600,155,55.5
1780700,155,54.5
1780800,155,55.2
1780900,155,55.7
1781000,155,55.2
1781100,155,55.6
1781200,155,55.2
1781300,155,54.5
1781400,155,54.7
1781500,155,53.4
1781600,155,52.6
1781700,155,51.8
1781800,155,53.3
1781900,155,54.0
1782000,190,55.5
1782100,190,56.9
1782200,190,57.5
1782300,190,58.2
1782400,190,57.7
1782500,190,58.0
1782600,190,56.8
1782700,190,55.9
1782800,190,56.0
1782900,190,57.4
1783000,190,57.8
1783100,190,58.8
1783200,190,58.8
1783300,190,57.4
1783400,190,57.7
1783500,155,57.8
1783600,155,55.6
1783700,155,53.8
1783800,155,52.2
1783900,155,51.3
1784000,155,52.8
1784100,155,54.6
1784200,155,54.8
1784300,155,55.6
1784400,155,55.5
1784500,155,54.6
1784600,155,55.1
1784700,155,54.6
1784800,155,52.6
1784900,155,52.6
1785000,190,52.6
1785100,190,54.6
1785200,190,57.7
1785300,190,58.7
1785400,190,58.2
1785500,190,58.7
1785600,190,57.8
1785700,190,58.3
1785800,190,57.5
1785900,190,56.1
1786000,190,55.7
1786100,190,56.9
1786200,190,57.3
1786300,190,58.8
1786400,190,58.9
1786500,120,58.2
1786600,120,56.4
1786700,120,53.3
1786800,120,50.9
1786900,120,49.1
1787000,120,48.0
1787100,120,45.5
1787200,120,46.6
1787300,120,47.8
1787400,120,48.5
1787500,120,49.7
1787600,120,50.4
1787700,120,49.6
1787800,120,50.0
1787900,120,50.3
1788000,155,49.6
1788100,155,51.3
1788200,155,51.9
1788300,155,51.3
1788400,155,52.2
1788500,155,53.2
1788600,155,54.0
1788700,155,55.2
1788800,155,54.8
1788900,155,55.1
1789000,155,54.8
1789100,155,54.3
1789200,155,54.6
1789300,155,53.1
1789400,155,52.2
1789500,255,52.0
1789600,255,60.7
1789700,255,63.8
1789800,255,64.5
1789900,255,64.5
1790000,255,63.8
1790100,255,64.4
1790200,255,64.3
1790300,255,63.1
1790400,255,63.3
1790500,255,64.0
1790600,255,63.8
1790700,255,64.7
1790800,255,64.7
1790900,255,63.8
1791000,225,64.4
1791100,225,62.4
1791200,225,59.2
1791300,225,58.5
1791400,225,57.1
1791500,225,58.0
1791600,225,59.7
1791700,225,60.3
1791800,225,59.7
1791900,225,59.7
1792000,225,58.5
1792100,225,59.3
1792200,225,58.8
1792300,225,57.4
1792400,225,57.3
1792500,120,57.3
1792600,120,55.2
1792700,120,53.4
1792800,120,52.4
1792900,120,50.9
1793000,120,50.9
1793100,120,50.1
1793200,120,49.2
1793300,120,50.1
1793400,120,48.5
1793500,120,47.3
1793600,120,45.4
1793700,120,46.6
1793800,120,47.2
1793900,120,49.0
1794000,155,50.4
1794100,155,51.7
1794200,155,54.1
1794300,155,54.6
1794400,155,54.3
1794500,155,54.7
1794600,155,53.3
1794700,155,52.6
1794800,155,51.8
1794900,155,53.4
1795000,155,54.0
1795100,155,55.5
1795200,155,55.1
1795300,155,55.5
1795400,155,55.2
1795500,120,54.6
1795600,120,53.4
1795700,120,50.1
1795800,120,48.0
1795900,120,46.2
1796000,120,46.9
1796100,120,47.4
1796200,120,49.1
1796300,120,49.9
1796400,120,49.7
1796500,120,50.1
1796600,120,50.0
1796700,120,49.9
1796800,120,50.1
1796900,120,49.6
1797000,255,47.3
1797100,255,58.3
1797200,255,63.6
1797300,255,63.6
1797400,255,63.9
1797500,255,64.4
1797600,255,63.6
1797700,255,64.3
1797800,255,64.3
1797900,255,63.1
1798000,255,63.6
1798100,255,63.3
1798200,255,63.5
1798300,255,64.5
1798400,255,64.0
1798500,190,64.5
1798600,190,61.9
1798700,190,58.9
1798800,190,58.7
1798900,190,57.1
1799000,190,56.2
1799100,190,56.0
1799200,190,57.4
1799300,190,57.7
1799400,190,58.9
1799500,190,58.9
1799600,190,58.0
1799700,190,58.4
1799800,190,58.4
1799900,190,57.1
1800000,155,56.9
1800100,155,54.6
1800200,155,53.6
1800300,155,54.6
1800400,155,55.4
1800500,155,55.1
1800600,155,55.5
1800700,155,54.6
1800800,155,53.8
1800900,155,54.3
1801000,155,54.0
1801100,155,52.3
1801200,155,51.9
1801300,155,51.4
1801400,155,51.9
1801500,190,54.5
1801600,190,55.9
1801700,190,58.0
1801800,190,58.4
1801900,190,57.8
1802000,190,58.3
1802100,190,57.7
1802200,190,56.1
1802300,190,55.7
1802400,190,56.8
1802500,190,57.3
1802600,190,58.7
1802700,190,58.9
1802800,190,58.2
1802900,190,58.5
1803000,255,58.4
1803100,255,61.6
1803200,255,63.5
1803300,255,63.4
1803400,255,63.4
1803500,255,64.4
1803600,255,64.7
1803700,255,64.0
1803800,255,64.4
1803900,255,64.4
1804000,255,63.6
1804100,255,63.9
1804200,255,63.8
1804300,255,62.6
1804400,255,64.2
1804500,120,64.5
1804600,120,60.7
1804700,120,56.5
1804800,120,52.9
1804900,120,51.7
1805000,120,50.6
1805100,120,49.1
1805200,120,47.6
1805300,120,47.2
1805400,120,45.0
1805500,120,46.4
1805600,120,47.7
1805700,120,47.3
1805800,120,48.0
1805900,120,49.1
1806000,255,48.7
1806100,255,59.7
1806200,255,64.0
1806300,255,63.4
1806400,255,63.6
1806500,255,63.3
1806600,255,63.5
1806700,255,64.4
1806800,255,64.5
1806900,255,63.9
1807000,255,64.4
1807100,255,64.4
1807200,255,63.6
1807300,255,63.8
1807400,255,63.6
1807500,155,63.1
1807600,155,61.4
1807700,155,58.4
1807800,155,56.4
1807900,155,56.2
1808000,155,55.0
1808100,155,55.2
1808200,155,55.1
1808300,155,54.0
1808400,155,53.4
1808500,155,52.2
1808600,155,52.3
1808700,155,54.1
1808800,155,55.1
1808900,155,55.1
1809000,120,55.6
1809100,120,53.3
1809200,120,50.5
1809300,120,49.9
1809400,120,49.5
1809500,120,46.9
1809600,120,47.2
1809700,120,45.3
1809800,120,44.6
1809900,120,46.6
1810000,120,48.3
1810100,120,49.0
1810200,120,50.4
1810300,120,50.3
1810400,120,49.4
1810500,225,50.3
1810600,225,54.7
1810700,225,56.9
1810800,225,58.2
1810900,225,57.5
1811000,225,58.2
1811100,225,59.7
1811200,225,59.8
1811300,225,60.5
1811400,225,60.1
1811500,225,59.3
1811600,225,59.9
1811700,225,59.2
1811800,225,57.8
1811900,225,57.5
1812000,255,58.7
1812100,255,62.1
1812200,255,64.7
1812300,255,64.5
1812400,255,63.9
1812500,255,64.3
1812600,255,64.4
1812700,255,63.1
1812800,255,63.8
1812900,255,63.5
1813000,255,63.6
1813100,255,64.5
1813200,255,64.5
1813300,255,63.8
1813400,255,64.4
1813500,190,64.5
1813600,190,61.1
1813700,190,58.2
1813800,190,56.8
1813900,190,56.1
1814000,190,57.5
1814100,190,57.3
1814200,190,57.1
1814300,190,58.3
1814400,190,57.4
1814500,190,57.9
1814600,190,57.9
1814700,190,56.4
1814800,190,56.8
1814900,190,55.7
1815000,255,56.6
1815100,255,62.4
1815200,255,64.5
1815300,255,63.9
1815400,255,64.4
1815500,255,64.4
1815600,255,63.6
1815700,255,63.8
1815800,255,63.5
1815900,255,63.1
1816000,255,64.3
1816100,255,64.7
1816200,255,64.0
1816300,255,64.5
1816400,255,64.4
1816500,155,63.8
1816600,155,61.0
1816700,155,56.0
1816800,155,53.1
1816900,155,53.3
1817000,155,54.3
1817100,155,54.5
1817200,155,55.5
1817300,155,55.4
1817400,155,54.0
1817500,155,54.2
1817600,155,53.6
1817700,155,54.1
1817800,155,52.7
1817900,155,51.9
1818000,255,51.8
1818100,255,60.1
1818200,255,63.8
1818300,255,64.7
1818400,255,64.5
1818500,255,63.8
1818600,255,64.4
1818700,255,64.3
1818800,255,63.0
1818900,255,63.1
1819000,255,64.0
1819100,255,63.8
1819200,255,64.7
1819300,255,64.5
1819400,255,63.8
1819500,120,64.4
1819600,120,60.7
1819700,120,54.2
1819800,120,51.0
1819900,120,48.2
1820000,120,47.3
1820100,120,48.5
1820200,120,49.2
1820300,120,49.6
1820400,120,50.3
1820500,120,50.0
1820600,120,49.5
1820700,120,50.3
1820800,120,49.5
1820900,120,49.6
1821000,190,48.0
1821100,190,50.6
1821200,190,55.1
1821300,190,57.0
1821400,190,57.7
1821500,190,58.8
1821600,190,58.9
1821700,190,57.9
1821800,190,58.4
1821900,190,58.3
1822000,190,56.9
1822100,190,57.0
1822200,190,55.7
1822300,190,56.1
1822400,190,57.8
1822500,120,57.3
1822600,120,55.2
1822700,120,53.2
1822800,120,51.0
1822900,120,49.7
1823000,120,49.9
1823100,120,49.1
1823200,120,46.8
1823300,120,46.6
1823400,120,46.2
1823500,120,46.9
1823600,120,48.6
1823700,120,49.7
1823800,120,50.0
1823900,120,50.3
1824000,155,49.5
1824100,155,51.3
1824200,155,53.4
1824300,155,53.4
1824400,155,52.9
1824500,155,52.7
1824600,155,51.9
1824700,155,53.8
1824800,155,54.8
1824900,155,55.0
1825000,155,55.6
1825100,155,55.4
1825200,155,54.5
1825300,155,55.0
1825400,155,54.7
1825500,120,52.8
1825600,120,51.4
1825700,120,48.0
1825800,120,47.8
1825900,120,49.0
1826000,120,49.7
1826100,120,49.9
1826200,120,50.0
1826300,120,49.2
1826400,120,48.3
1826500,120,48.6
1826600,120,48.5
1826700,120,46.8
1826800,120,46.8
1826900,120,45.3
1827000,155,44.6
1827100,155,47.7
1827200,155,51.7
1827300,155,54.5
1827400,155,55.1
1827500,155,54.7
1827600,155,55.1
1827700,155,55.0
1827800,155,54.2
1827900,155,53.4
1828000,155,53.1
1828100,155,51.5
1828200,155,53.6
1828300,155,54.6
1828400,155,54.8
1828500,255,55.7
1828600,255,61.6
1828700,255,63.6
1828800,255,64.3
1828900,255,64.0
1829000,255,63.1
1829100,255,63.4
1829200,255,64.3
1829300,255,63.9
1829400,255,64.7
1829500,255,64.5
1829600,255,63.6
1829700,255,64.3
1829800,255,64.3
1829900,255,63.0
1830000,120,63.5
1830100,120,59.7
1830200,120,54.5
1830300,120,53.1
1830400,120,51.7
1830500,120,51.4
1830600,120,50.8
1830700,120,49.6
1830800,120,50.0
1830900,120,50.1
1831000,120,48.5
1831100,120,47.8
1831200,120,46.2
1831300,120,46.2
1831400,120,47.4
1831500,190,48.3
1831600,190,51.0
1831700,190,56.6
1831800,190,57.7
1831900,190,57.3
1832000,190,58.0
1832100,190,57.8
1832200,190,56.0
1832300,190,56.4
1832400,190,56.5
1832500,190,57.0
1832600,190,58.4
1832700,190,58.8
1832800,190,58.3
1832900,190,58.4
1833000,225,58.4
1833100,225,58.0
1833200,225,58.5
1833300,225,58.4
1833400,225,56.9
1833500,225,58.8
1833600,225,59.2
1833700,225,60.3
1833800,225,60.3
1833900,225,59.4
1834000,225,59.8
1834100,225,59.8
1834200,225,58.5
1834300,225,58.4
1834400,225,57.4
1834500,120,58.0
1834600,120,56.9
1834700,120,54.1
1834800,120,52.0
1834900,120,51.1
1835000,120,50.1
1835100,120,49.0
1835200,120,49.0
1835300,120,48.5
1835400,120,46.6
1835500,120,46.8
1835600,120,45.2
1835700,120,44.6
1835800,120,46.4
1835900,120,48.2
1836000,155,49.0
1836100,155,51.5
1836200,155,53.8
1836300,155,54.0
1836400,155,54.7
1836500,155,54.7
1836600,155,52.9
1836700,155,53.3
1836800,155,51.4
1836900,155,53.4
1837000,155,54.6
1837100,155,54.8
1837200,155,55.7
1837300,155,55.6
1837400,155,54.7
1837500,255,55.1
1837600,255,61.2
1837700,255,62.8
1837800,255,63.4
1837900,255,63.9
1838000,255,63.8
1838100,255,64.7
1838200,255,64.7
1838300,255,63.8
1838400,255,64.4
1838500,255,64.4
1838600,255,63.3
1838700,255,63.8
1838800,255,63.3
1838900,255,63.5
1839000,190,64.7
1839100,190,62.4
1839200,190,59.4
1839300,190,59.1
1839400,190,58.4
1839500,190,57.7
1839600,190,57.5
1839700,190,56.9
1839800,190,55.2
1839900,190,56.6
1840000,190,57.1
1840100,190,57.0
1840200,190,58.2
1840300,190,57.8
1840400,190,58.0
1840500,155,58.2
1840600,155,56.1
1840700,155,54.2
1840800,155,53.2
1840900,155,51.4
1841000,155,53.4
1841100,155,54.6
1841200,155,55.0
1841300,155,55.7
1841400,155,55.5
1841500,155,54.7
1841600,155,55.1
1841700,155,54.8
1841800,155,53.1
1841900,155,53.1
1842000,225,52.0
1842100,225,55.0
1842200,225,58.7
1842300,225,59.9
1842400,225,59.7
1842500,225,60.1
1842600,225,59.8
1842700,225,59.2
1842800,225,59.3
1842900,225,58.3
1843000,225,57.0
1843100,225,58.4
1843200,225,58.8
1843300,225,60.2
1843400,225,60.2
1843500,120,59.4
1843600,120,56.6
1843700,120,52.8
1843800,120,50.1
1843900,120,48.3
1844000,120,47.3
1844100,120,45.0
1844200,120,45.2
1844300,120,45.7
1844400,120,47.3
1844500,120,49.1
1844600,120,50.4
1844700,120,49.9
1844800,120,50.0
1844900,120,50.1
1845000,190,49.9
1845100,190,53.1
1845200,190,55.2
1845300,190,55.0
1845400,190,56.5
1845500,190,57.5
1845600,190,57.9
1845700,190,58.9
1845800,190,58.8
1845900,190,57.9
1846000,190,58.4
1846100,190,58.3
1846200,190,56.8
1846300,190,57.0
1846400,190,55.2
1846500,120,57.1
1846600,120,55.7
1846700,120,53.1
1846800,120,52.4
1846900,120,51.3
1847000,120,50.0
1847100,120,49.9
1847200,120,50.0
1847300,120,49.1
1847400,120,47.7
1847500,120,47.2
1847600,120,45.5
1847700,120,47.2
1847800,120,48.3
1847900,120,49.0
1848000,155,50.5
1848100,155,51.9
1848200,155,53.3
1848300,155,54.6
1848400,155,54.7
1848500,155,54.0
1848600,155,53.3
1848700,155,52.4
1848800,155,51.9
1848900,155,53.4
1849000,155,54.7
1849100,155,54.8
1849200,155,55.5
1849300,155,55.4
1849400,155,54.6
1849500,190,55.2
1849600,190,55.4
1849700,190,56.1
1849800,190,56.1
1849900,190,55.7
1850000,190,57.5
1850100,190,58.5
1850200,190,58.3
1850300,190,58.8
1850400,190,58.5
1850500,190,57.8
1850600,190,58.3
1850700,190,57.3
1850800,190,56.4
1850900,190,55.9
1851000,255,57.1
1851100,255,61.6
1851200,255,64.7
1851300,255,64.5
1851400,255,63.9
1851500,255,64.3
1851600,255,64.3
1851700,255,63.0
1851800,255,63.5
1851900,255,63.6
1852000,255,63.8
1852100,255,64.5
1852200,255,64.5
1852300,255,63.6
1852400,255,64.2
1852500,120,64.3
1852600,120,59.4
1852700,120,53.3
1852800,120,49.2
1852900,120,47.3
1853000,120,46.4
1853100,120,47.4
1853200,120,49.4
1853300,120,49.9
1853400,120,49.4
1853500,120,50.1
1853600,120,50.3
1853700,120,49.5
1853800,120,50.0
1853900,120,48.1
1854000,190,47.3
1854100,190,50.4
1854200,190,55.6
1854300,190,57.0
1854400,190,58.5
1854500,190,58.8
1854600,190,58.2
1854700,190,58.5
1854800,190,58.3
1854900,190,57.5
1855000,190,57.0
1855100,190,56.5
1855200,190,55.9
1855300,190,57.7
1855400,190,58.4
1855500,225,58.3
1855600,225,59.3
1855700,225,59.7
1855800,225,59.2
1855900,225,59.8
1856000,225,58.2
1856100,225,58.4
1856200,225,57.7
1856300,225,58.4
1856400,225,59.8
1856500,225,60.5
1856600,225,59.7
1856700,225,59.9
1856800,225,59.8
1856900,225,59.2
1857000,190,59.1
1857100,190,57.9
1857200,190,55.7
1857300,190,56.9
1857400,190,57.8
1857500,190,56.2
1857600,190,57.9
1857700,190,58.3
1857800,190,57.5
1857900,190,58.2
1858000,190,57.9
1858100,190,56.2
1858200,190,56.5
1858300,190,56.2
1858400,190,56.9
1858500,225,58.4
1858600,225,59.4
1858700,225,59.3
1858800,225,59.9
1858900,225,59.9
1859000,225,59.2
1859100,225,58.9
1859200,225,58.0
1859300,225,57.7
1859400,225,58.9
1859500,225,59.2
1859600,225,60.1
1859700,225,60.1
1859800,225,59.4
1859900,225,59.8
1860000,155,59.8
1860100,155,57.1
1860200,155,54.7
1860300,155,53.1
1860400,155,52.7
1860500,155,54.3
1860600,155,55.2
1860700,155,55.1
1860800,155,55.6
1860900,155,54.7
1861000,155,53.8
1861100,155,54.3
1861200,155,54.1
1861300,155,52.3
1861400,155,52.6
1861500,255,51.9
1861600,255,59.6
1861700,255,64.4
1861800,255,64.7
1861900,255,63.9
1862000,255,64.4
1862100,255,64.3
1862200,255,63.4
1862300,255,63.6
1862400,255,62.8
1862500,255,64.0
1862600,255,64.4
1862700,255,64.0
1862800,255,64.5
1862900,255,64.4
1863000,225,63.8
1863100,225,62.2
1863200,225,59.6
1863300,225,58.0
1863400,225,57.8
1863500,225,58.9
1863600,225,59.2
1863700,225,60.5
1863800,225,60.3
1863900,225,59.4
1864000,225,59.9
1864100,225,59.8
1864200,225,58.3
1864300,225,58.4
1864400,225,57.7
1864500,120,58.3
1864600,120,57.1
1864700,120,54.5
1864800,120,52.3
1864900,120,51.7
1865000,120,50.8
1865100,120,49.5
1865200,120,49.9
1865300,120,49.6
1865400,120,47.2
1865500,120,47.1
1865600,120,45.5
1865700,120,46.7
1865800,120,48.1
1865900,120,48.9
1866000,255,50.0
1866100,255,59.9
1866200,255,63.5
1866300,255,64.4
1866400,255,64.3
1866500,255,63.0
1866600,255,63.4
1866700,255,63.9
1866800,255,63.6
1866900,255,64.7
1867000,255,64.7
1867100,255,63.8
1867200,255,64.4
1867300,255,64.4
1867400,255,63.1
1867500,120,63.9
1867600,120,58.7
1867700,120,53.6
1867800,120,52.2
1867900,120,51.7
1868000,120,50.8
1868100,120,50.9
1868200,120,50.3
1868300,120,49.4
1868400,120,50.1
1868500,120,50.1
1868600,120,48.0
1868700,120,47.7
1868800,120,45.7
1868900,120,47.3
1869000,190,48.3
1869100,190,52.3
1869200,190,57.0
1869300,190,57.9
1869400,190,57.0
1869500,190,57.5
1869600,190,57.5
1869700,190,56.2
1869800,190,56.5
1869900,190,55.4
1870000,190,55.1
1870100,190,57.4
1870200,190,58.5
1870300,190,58.2
1870400,190,58.7
1870500,255,58.5
1870600,255,61.7
1870700,255,64.0
1870800,255,63.6
1870900,255,62.6
1871000,255,64.0
1871100,255,64.4
1871200,255,63.9
1871300,255,64.5
1871400,255,64.4
1871500,255,63.8
1871600,255,64.3
1871700,255,63.6
1871800,255,62.9
1871900,255,63.8
1872000,190,63.8
1872100,190,62.5
1872200,190,60.2
1872300,190,58.5
1872400,190,58.7
1872500,190,58.4
1872600,190,57.8
1872700,190,57.0
1872800,190,56.5
1872900,190,55.5
1873000,190,57.4
1873100,190,58.3
1873200,190,58.2
1873300,190,58.8
1873400,190,58.7
1873500,225,57.9
1873600,225,58.9
1873700,225,59.1
1873800,225,57.8
1873900,225,57.5
1874000,225,58.3
1874100,225,58.7
1874200,225,58.5
1874300,225,59.6
1874400,225,59.2
1874500,225,59.6
1874600,225,59.6
1874700,225,58.8
1874800,225,58.3
1874900,225,57.8
1875000,120,57.7
1875100,120,56.8
1875200,120,53.4
1875300,120,52.7
1875400,120,51.5
1875500,120,50.4
1875600,120,49.9
1875700,120,49.7
1875800,120,49.1
1875900,120,48.1
1876000,120,47.7
1876100,120,45.5
1876200,120,46.7
1876300,120,48.0
1876400,120,48.6
1876500,225,50.0
1876600,225,55.0
1876700,225,58.0
1876800,225,59.3
1876900,225,59.6
1877000,225,58.9
1877100,225,58.4
1877200,225,57.8
1877300,225,57.8
1877400,225,59.4
1877500,225,60.2
1877600,225,59.7
1877700,225,59.8
1877800,225,59.2
1877900,225,58.7
1878000,255,59.3
1878100,255,62.0
1878200,255,62.6
1878300,255,63.3
1878400,255,63.5
1878500,255,64.7
1878600,255,64.7
1878700,255,63.8
1878800,255,64.3
1878900,255,64.3
1879000,255,63.4
1879100,255,63.9
1879200,255,63.4
1879300,255,63.5
1879400,255,64.5
1879500,120,64.8
1879600,120,60.6
1879700,120,56.1
1879800,120,53.2
1879900,120,51.0
1880000,120,50.4
1880100,120,48.2
1880200,120,46.7
1880300,120,46.6
1880400,120,47.7
1880500,120,48.3
1880600,120,49.9
1880700,120,50.0
1880800,120,49.5
1880900,120,49.7
1881000,155,50.3
1881100,155,51.5
1881200,155,53.6
1881300,155,52.8
1881400,155,52.3
1881500,155,52.4
1881600,155,53.2
1881700,155,54.7
1881800,155,55.6
1881900,155,55.1
1882000,155,55.5
1882100,155,55.4
1882200,155,54.6
1882300,155,54.8
1882400,155,53.6
1882500,120,52.9
1882600,120,50.6
1882700,120,49.7
1882800,120,49.0
1882900,120,50.4
1883000,120,50.5
1883100,120,49.6
1883200,120,49.9
1883300,120,50.0
1883400,120,49.9
1883500,120,50.0
1883600,120,48.5
1883700,120,47.6
1883800,120,46.2
1883900,120,47.3
1884000,255,48.0
1884100,255,59.8
1884200,255,64.4
1884300,255,63.9
1884400,255,64.4
1884500,255,64.4
1884600,255,63.6
1884700,255,63.8
1884800,255,62.8
1884900,255,64.2
1885000,255,64.4
1885100,255,63.9
1885200,255,64.5
1885300,255,64.4
1885400,255,63.8
1885500,155,64.4
1885600,155,60.3
1885700,155,55.7
1885800,155,53.6
1885900,155,54.2
1886000,155,54.3
1886100,155,55.6
1886200,155,55.6
1886300,155,54.7
1886400,155,54.3
1886500,155,54.2
1886600,155,53.7
1886700,155,53.4
1886800,155,53.2
1886900,155,51.3
1887000,255,51.9
1887100,255,60.5
1887200,255,63.8
1887300,255,64.5
1887400,255,64.4
1887500,255,63.8
1887600,255,64.3
1887700,255,63.8
1887800,255,63.1
1887900,255,63.5
1888000,255,63.6
1888100,255,64.5
1888200,255,64.7
1888300,255,63.8
1888400,255,64.5
1888500,120,64.4
1888600,120,59.8
1888700,120,54.0
1888800,120,50.5
1888900,120,47.4
1889000,120,48.3
1889100,120,49.0
1889200,120,49.4
1889300,120,50.5
1889400,120,50.3
1889500,120,49.4
1889600,120,49.9
1889700,120,50.5
1889800,120,49.4
1889900,120,48.5
1890000,190,48.1
1890100,190,49.6
1890200,190,55.4
1890300,190,57.4
1890400,190,57.9
1890500,190,58.8
1890600,190,58.7
1890700,190,57.8
1890800,190,58.4
1890900,190,58.2
1891000,190,56.4
1891100,190,56.5
1891200,190,55.7
1891300,190,57.1
1891400,190,58.3
1891500,225,58.3
1891600,225,59.3
1891700,225,59.8
1891800,225,59.2
1891900,225,59.7
1892000,225,58.8
1892100,225,58.0
1892200,225,57.8
1892300,225,58.9
1892400,225,59.2
1892500,225,60.3
1892600,225,60.5
1892700,225,59.6
1892800,225,59.9
1892900,225,59.8
1893000,155,58.8
1893100,155,56.8
1893200,155,54.0
1893300,155,53.3
1893400,155,54.5
1893500,155,55.4
1893600,155,55.2
1893700,155,55.7
1893800,155,55.4
1893900,155,54.5
1894000,155,55.0
1894100,155,54.3
1894200,155,52.8
1894300,155,52.4
1894400,155,52.6
1894500,225,54.3
1894600,225,57.1
1894700,225,58.9
1894800,225,59.8
1894900,225,59.2
1895000,225,58.5
1895100,225,59.3
1895200,225,58.3
1895300,225,57.7
1895400,225,57.3
1895500,225,57.7
1895600,225,58.7
1895700,225,60.2
1895800,225,60.2
1895900,225,59.3
1896000,255,59.8
1896100,255,62.8
1896200,255,63.0
1896300,255,63.8
1896400,255,63.6
1896500,255,63.6
1896600,255,64.7
1896700,255,64.7
1896800,255,63.9
1896900,255,64.4
1897000,255,64.3
1897100,255,63.5
1897200,255,63.6
1897300,255,63.4
1897400,255,63.4
1897500,225,64.5
1897600,225,62.1
1897700,225,61.1
1897800,225,60.5
1897900,225,59.4
1898000,225,59.8
1898100,225,59.4
1898200,225,57.8
1898300,225,57.8
1898400,225,58.7
1898500,225,59.1
1898600,225,60.3
1898700,225,60.3
1898800,225,59.6
1898900,225,59.8
1899000,255,59.9
1899100,255,61.9
1899200,255,63.6
1899300,255,63.4
1899400,255,63.3
1899500,255,64.4
1899600,255,64.5
1899700,255,63.9
1899800,255,64.4
1899900,255,64.4
1900000,255,63.6
1900100,255,63.8
1900200,255,63.6
1900300,255,63.1
1900400,255,64.3
1900500,190,64.8
1900600,190,61.7
1900700,190,59.8
1900800,190,57.8
1900900,190,58.2
1901000,190,57.9
1901100,190,56.1
1901200,190,56.5
1901300,190,56.2
1901400,190,56.9
1901500,190,58.3
1901600,190,58.9
1901700,190,58.2
1901800,190,58.5
1901900,190,58.3
1902000,225,57.7
1902100,225,58.2
1902200,225,58.0
1902300,225,57.0
1902400,225,58.7
1902500,225,59.4
1902600,225,59.6
1902700,225,60.2
1902800,225,59.8
1902900,225,58.5
1903000,225,59.2
1903100,225,58.9
1903200,225,57.1
1903300,225,57.8
1903400,225,57.4
1903500,120,57.8
1903600,120,57.1
1903700,120,54.3
1903800,120,51.9
1903900,120,51.1
1904000,120,49.6
1904100,120,49.5
1904200,120,49.2
1904300,120,47.1
1904400,120,47.6
1904500,120,45.8
1904600,120,46.3
1904700,120,48.0
1904800,120,49.1
1904900,120,49.4
1905000,255,50.3
1905100,255,59.9
1905200,255,63.4
1905300,255,64.3
1905400,255,63.9
1905500,255,63.1
1905600,255,63.4
1905700,255,64.3
1905800,255,63.9
1905900,255,64.7
1906000,255,64.5
1906100,255,63.9
1906200,255,64.3
1906300,255,64.2
1906400,255,63.0
1906500,190,63.6
1906600,190,61.2
1906700,190,58.7
1906800,190,59.2
1906900,190,59.1
1907000,190,58.3
1907100,190,58.5
1907200,190,57.8
1907300,190,58.0
1907400,190,56.9
1907500,190,56.1
1907600,190,56.1
1907700,190,57.0
1907800,190,57.5
1907900,190,58.8
1908000,255,59.2
1908100,255,61.6
1908200,255,64.3
1908300,255,64.3
1908400,255,63.0
1908500,255,63.8
1908600,255,63.6
1908700,255,63.6
1908800,255,64.7
1908900,255,64.7
1909000,255,63.8
1909100,255,64.4
1909200,255,64.4
1909300,255,63.4
1909400,255,63.5
1909500,225,63.5
1909600,225,61.5
1909700,225,60.8
1909800,225,60.6
1909900,225,59.8
1910000,225,60.1
1910100,225,59.8
1910200,225,59.2
1910300,225,59.2
1910400,225,57.8
1910500,225,57.9
1910600,225,58.5
1910700,225,58.9
1910800,225,60.3
1910900,225,60.2
1911000,120,59.2
1911100,120,56.5
1911200,120,52.8
1911300,120,50.1
1911400,120,48.1
1911500,120,47.3
1911600,120,45.3
1911700,120,45.4
1911800,120,45.9
1911900,120,47.4
1912000,120,49.5
1912100,120,49.9
1912200,120,49.2
1912300,120,50.0
1912400,120,50.4
1912500,255,49.6
1912600,255,59.6
1912700,255,63.5
1912800,255,62.8
1912900,255,64.2
1913000,255,64.4
1913100,255,64.0
1913200,255,64.5
1913300,255,64.4
1913400,255,63.6
1913500,255,64.3
1913600,255,62.9
1913700,255,63.6
1913800,255,63.9
1913900,255,63.6
1914000,120,64.8
1914100,120,61.4
1914200,120,55.9
1914300,120,53.2
1914400,120,51.4
1914500,120,50.0
1914600,120,49.0
1914700,120,47.7
1914800,120,46.2
1914900,120,46.6
1915000,120,47.8
1915100,120,48.5
1915200,120,50.0
1915300,120,50.5
1915400,120,49.6
1915500,155,49.9
1915600,155,51.5
1915700,155,53.1
1915800,155,53.7
1915900,155,52.8
1916000,155,52.0
1916100,155,52.8
1916200,155,53.7
1916300,155,53.3
1916400,155,53.7
1916500,155,54.7
1916600,155,54.2
1916700,155,54.7
1916800,155,54.2
1916900,155,54.3
1917000,120,52.9
1917100,120,50.6
1917200,120,48.7
1917300,120,48.7
1917400,120,48.9
1917500,120,50.1
1917600,120,50.6
1917700,120,49.6
1917800,120,49.6
1917900,120,49.7
1918000,120,49.0
1918100,120,49.2
1918200,120,47.6
1918300,120,46.9
1918400,120,45.8
1918500,225,47.1
1918600,225,52.4
1918700,225,58.4
1918800,225,59.9
1918900,225,59.6
1919000,225,59.8
1919100,225,59.7
1919200,225,58.9
1919300,225,58.4
1919400,225,58.3
1919500,225,57.3
1919600,225,59.2
1919700,225,59.9
1919800,225,59.7
1919900,225,60.1
1920000,190,58.8
1920100,190,58.5
1920200,190,57.9
1920300,190,56.5
1920400,190,56.6
1920500,190,55.9
1920600,190,55.4
1920700,190,57.3
1920800,190,58.5
1920900,190,58.3
1921000,190,58.7
1921100,190,58.4
1921200,190,57.7
1921300,190,58.0
1921400,190,56.8
1921500,120,56.0
1921600,120,53.8
1921700,120,51.7
1921800,120,50.4
1921900,120,50.9
1922000,120,50.8
1922100,120,49.9
1922200,120,50.4
1922300,120,50.0
1922400,120,49.5
1922500,120,49.7
1922600,120,47.6
1922700,120,46.6
1922800,120,46.3
1922900,120,47.6
1923000,190,48.2
1923100,190,53.4
1923200,190,56.6
1923300,190,58.2
1923400,190,58.2
1923500,190,57.7
1923600,190,58.0
1923700,190,56.9
1923800,190,56.1
1923900,190,56.1
1924000,190,57.4
1924100,190,57.7
1924200,190,58.8
1924300,190,58.9
1924400,190,57.9
1924500,225,58.4
1924600,225,58.9
1924700,225,58.3
1924800,225,58.2
1924900,225,57.7
1925000,225,57.7
1925100,225,59.2
1925200,225,58.8
1925300,225,58.9
1925400,225,59.8
1925500,225,59.6
1925600,225,58.9
1925700,225,59.4
1925800,225,58.2
1925900,225,57.1
1926000,255,58.3
1926100,255,62.5
1926200,255,63.9
1926300,255,64.5
1926400,255,63.8
1926500,255,64.4
1926600,255,64.3
1926700,255,63.4
1926800,255,63.6
1926900,255,63.4
1927000,255,63.5
1927100,255,64.4
1927200,255,64.7
1927300,255,63.9
1927400,255,64.4
1927500,225,64.4
1927600,225,61.5
1927700,225,59.2
1927800,225,58.4
1927900,225,57.5
1928000,225,59.1
1928100,225,59.8
1928200,225,59.6
1928300,225,60.1
1928400,225,59.4
1928500,225,58.5
1928600,225,59.2
1928700,225,58.3
1928800,225,57.5
1928900,225,57.3
1929000,120,57.7
1929100,120,55.9
1929200,120,54.0
1929300,120,52.6
1929400,120,50.9
1929500,120,50.3
1929600,120,49.1
1929700,120,49.6
1929800,120,48.7
1929900,120,46.4
1930000,120,46.8
1930100,120,46.0
1930200,120,46.8
1930300,120,48.5
1930400,120,49.9
1930500,155,50.3
1930600,155,52.0
1930700,155,54.0
1930800,155,54.1
1930900,155,54.8
1931000,155,54.3
1931100,155,52.3
1931200,155,52.7
1931300,155,52.8
1931400,155,53.3
1931500,155,55.0
1931600,155,55.6
1931700,155,55.1
1931800,155,55.5
1931900,155,55.2
1932000,120,54.6
1932100,120,53.1
1932200,120,49.6
1932300,120,48.0
1932400,120,46.6
1932500,120,47.6
1932600,120,48.1
1932700,120,49.6
1932800,120,49.5
1932900,120,50.1
1933000,120,50.0
1933100,120,49.6
1933200,120,50.1
1933300,120,50.1
1933400,120,48.2
1933500,190,47.8
1933600,190,50.3
1933700,190,54.2
1933800,190,56.9
1933900,190,56.8
1934000,190,57.4
1934100,190,58.4
1934200,190,58.4
1934300,190,57.8
1934400,190,58.3
1934500,190,57.0
1934600,190,56.4
1934700,190,56.1
1934800,190,57.4
1934900,190,57.7
1935000,225,58.9
1935100,225,59.4
1935200,225,59.3
1935300,225,59.8
1935400,225,59.9
1935500,225,58.7
1935600,225,58.4
1935700,225,57.9
1935800,225,58.2
1935900,225,59.7
1936000,225,59.7
1936100,225,60.5
1936200,225,60.1
1936300,225,59.3
1936400,225,59.8
1936500,255,59.6
1936600,255,61.5
1936700,255,63.3
1936800,255,64.2
1936900,255,63.8
1937000,255,64.8
1937100,255,64.5
1937200,255,63.4
1937300,255,64.2
1937400,255,64.0
1937500,255,62.9
1937600,255,63.6
1937700,255,63.3
1937800,255,63.3
1937900,255,64.5
1938000,155,64.7
1938100,155,61.0
1938200,155,58.0
1938300,155,56.4
1938400,155,54.8
1938500,155,54.0
1938600,155,53.6
1938700,155,51.9
1938800,155,53.7
1938900,155,54.6
1939000,155,54.8
1939100,155,55.7
1939200,155,55.1
1939300,155,55.4
1939400,155,55.1
1939500,255,54.5
1939600,255,60.7
1939700,255,63.5
1939800,255,63.0
1939900,255,64.3
1940000,255,64.5
1940100,255,63.9
1940200,255,64.5
1940300,255,64.4
1940400,255,63.6
1940500,255,64.0
1940600,255,63.6
1940700,255,62.8
1940800,255,64.3
1940900,255,64.5
1941000,190,64.2
1941100,190,62.2
1941200,190,59.8
1941300,190,58.4
1941400,190,58.4
1941500,190,57.7
1941600,190,56.4
1941700,190,56.2
1941800,190,56.8
1941900,190,57.0
1942000,190,58.4
1942100,190,58.7
1942200,190,57.8
1942300,190,58.0
1942400,190,57.5
1942500,225,57.9
1942600,225,57.4
1942700,225,57.4
1942800,225,57.9
1942900,225,59.2
1943000,225,59.4
1943100,225,60.5
1943200,225,60.3
1943300,225,59.4
1943400,225,59.8
1943500,225,59.7
1943600,225,58.3
1943700,225,58.5
1943800,225,57.9
1943900,225,58.5
1944000,120,59.9
1944100,120,58.0
1944200,120,54.2
1944300,120,52.4
1944400,120,51.0
1944500,120,49.7
1944600,120,49.6
1944700,120,48.3
1944800,120,47.2
1944900,120,46.3
1945000,120,47.1
1945100,120,47.6
1945200,120,49.4
1945300,120,49.9
1945400,120,49.4
1945500,255,49.6
1945600,255,58.8
1945700,255,63.9
1945800,255,64.0
1945900,255,62.9
1946000,255,63.4
1946100,255,63.4
1946200,255,63.6
1946300,255,64.7
1946400,255,64.7
1946500,255,63.8
1946600,255,64.4
1946700,255,64.4
1946800,255,63.1
1946900,255,63.8
1947000,190,63.6
1947100,190,61.1
1947200,190,59.9
1947300,190,59.4
1947400,190,58.5
1947500,190,58.7
1947600,190,58.5
1947700,190,57.8
1947800,190,57.5
1947900,190,57.0
1948000,190,55.6
1948100,190,57.4
1948200,190,58.2
1948300,190,58.3
1948400,190,58.9
1948500,255,58.9
1948600,255,61.7
1948700,255,64.4
1948800,255,63.4
1948900,255,63.8
1949000,255,63.5
1949100,255,63.5
1949200,255,64.5
1949300,255,64.5
1949400,255,63.9
1949500,255,64.4
1949600,255,64.3
1949700,255,63.5
1949800,255,63.6
1949900,255,63.5
1950000,190,63.1
1950100,190,61.9
1950200,190,58.5
1950300,190,57.8
1950400,190,58.4
1950500,190,58.2
1950600,190,57.5
1950700,190,58.0
1950800,190,56.8
1950900,190,56.1
1951000,190,56.1
1951100,190,57.5
1951200,190,57.7
1951300,190,58.8
1951400,190,58.9
1951500,255,58.0
1951600,255,62.4
1951700,255,64.2
1951800,255,63.1
1951900,255,63.9
1952000,255,62.9
1952100,255,64.2
1952200,255,64.5
1952300,255,64.0
1952400,255,64.4
1952500,255,64.3
1952600,255,63.6
1952700,255,64.3
1952800,255,63.6
1952900,255,62.8
1953000,155,64.2
1953100,155,61.5
1953200,155,57.8
1953300,155,56.9
1953400,155,55.6
1953500,155,54.0
1953600,155,54.3
1953700,155,54.3
1953800,155,52.7
1953900,155,53.1
1954000,155,51.8
1954100,155,51.4
1954200,155,53.6
1954300,155,55.0
1954400,155,55.0
1954500,190,55.6
1954600,190,56.5
1954700,190,57.1
1954800,190,58.0
1954900,190,57.1
1955000,190,56.4
1955100,190,56.1
1955200,190,56.9
1955300,190,58.3
1955400,190,58.8
1955500,190,58.3
1955600,190,58.7
1955700,190,58.5
1955800,190,57.8
1955900,190,57.9
1956000,120,57.0
1956100,120,53.2
1956200,120,50.8
1956300,120,50.0
1956400,120,49.6
1956500,120,50.4
1956600,120,50.4
1956700,120,49.4
1956800,120,49.6
1956900,120,50.1
1957000,120,50.0
1957100,120,49.5
1957200,120,48.1
1957300,120,46.6
1957400,120,46.7
1957500,255,47.8
1957600,255,58.8
1957700,255,64.4
1957800,255,64.5
1957900,255,63.8
1958000,255,64.4
1958100,255,64.3
1958200,255,63.0
1958300,255,63.6
1958400,255,63.0
1958500,255,64.2
1958600,255,63.8
1958700,255,63.8
1958800,255,64.3
1958900,255,64.3
1959000,190,63.6
1959100,190,61.5
1959200,190,58.0
1959300,190,56.0
1959400,190,56.9
1959500,190,57.8
1959600,190,58.0
1959700,190,58.9
1959800,190,58.7
1959900,190,57.8
1960000,190,58.3
1960100,190,58.2
1960200,190,56.5
1960300,190,56.9
1960400,190,56.2
1960500,155,56.8
1960600,155,57.1
1960700,155,56.6
1960800,155,55.5
1960900,155,55.5
1961000,155,55.1
1961100,155,54.5
1961200,155,54.7
1961300,155,53.3
1961400,155,52.6
1961500,155,52.7
1961600,155,53.3
1961700,155,54.8
1961800,155,55.5
1961900,155,55.0
1962000,190,55.0
1962100,190,55.6
1962200,190,56.4
1962300,190,57.5
1962400,190,56.6
1962500,190,55.9
1962600,190,55.9
1962700,190,56.4
1962800,190,57.4
1962900,190,58.7
1963000,190,58.8
1963100,190,58.0
1963200,190,58.4
1963300,190,58.3
1963400,190,57.0
1963500,255,57.0
1963600,255,61.2
1963700,255,63.4
1963800,255,64.5
1963900,255,64.7
1964000,255,63.8
1964100,255,64.4
1964200,255,64.3
1964300,255,63.6
1964400,255,63.8
1964500,255,63.6
1964600,255,63.3
1964700,255,64.4
1964800,255,64.0
1964900,255,64.5
1965000,155,64.4
1965100,155,60.7
1965200,155,57.8
1965300,155,56.0
1965400,155,53.3
1965500,155,53.3
1965600,155,53.1
1965700,155,53.4
1965800,155,55.0
1965900,155,55.6
1966000,155,55.1
1966100,155,55.4
1966200,155,55.2
1966300,155,54.5
1966400,155,54.6
1966500,255,53.3
1966600,255,59.7
1966700,255,63.5
1966800,255,64.2
1966900,255,63.9
1967000,255,64.7
1967100,255,64.4
1967200,255,63.6
1967300,255,64.3
1967400,255,63.9
1967500,255,63.0
1967600,255,63.4
1967700,255,64.2
1967800,255,63.9
1967900,255,64.7
1968000,225,64.0
1968100,225,62.2
1968200,225,60.6
1968300,225,59.4
1968400,225,58.9
1968500,225,58.5
1968600,225,57.3
1968700,225,59.1
1968800,225,59.9
1968900,225,59.6
1969000,225,60.2
1969100,225,59.8
1969200,225,59.2
1969300,225,59.7
1969400,225,59.1
1969500,120,58.0
1969600,120,54.7
1969700,120,51.7
1969800,120,50.1
1969900,120,50.9
1970000,120,50.8
1970100,120,49.9
1970200,120,49.4
1970300,120,48.9
1970400,120,48.1
1970500,120,48.7
1970600,120,47.7
1970700,120,46.7
1970800,120,45.9
1970900,120,45.4
1971000,225,45.5
1971100,225,52.9
1971200,225,57.9
1971300,225,59.8
1971400,225,59.9
1971500,225,59.2
1971600,225,59.8
1971700,225,59.2
1971800,225,57.8
1971900,225,57.8
1972000,225,58.8
1972100,225,58.9
1972200,225,60.2
1972300,225,60.3
1972400,225,59.6
1972500,155,59.9
1972600,155,58.3
1972700,155,55.6
1972800,155,54.0
1972900,155,53.3
1973000,155,52.3
1973100,155,54.1
1973200,155,54.8
1973300,155,55.1
1973400,155,55.7
1973500,155,55.5
1973600,155,54.7
1973700,155,55.1
1973800,155,54.7
1973900,155,53.1
1974000,225,53.3
1974100,225,55.1
1974200,225,57.8
1974300,225,59.7
1974400,225,59.7
1974500,225,60.3
1974600,225,60.1
1974700,225,59.3
1974800,225,59.8
1974900,225,59.1
1975000,225,58.0
1975100,225,57.8
1975200,225,58.4
1975300,225,58.8
1975400,225,58.7
1975500,190,59.7
1975600,190,58.5
1975700,190,58.3
1975800,190,58.3
1975900,190,57.3
1976000,190,56.6
1976100,190,56.2
1976200,190,56.2
1976300,190,57.7
1976400,190,58.5
1976500,190,58.3
1976600,190,58.8
1976700,190,58.5
1976800,190,57.8
1976900,190,58.2
1977000,120,57.3
1977100,120,54.0
1977200,120,50.1
1977300,120,49.6
1977400,120,49.2
1977500,120,50.6
1977600,120,50.1
1977700,120,50.8
1977800,120,50.0
1977900,120,49.4
1978000,120,49.7
1978100,120,49.2
1978200,120,47.6
1978300,120,47.7
1978400,120,46.0
1978500,225,46.6
1978600,225,53.1
1978700,225,58.4
1978800,225,59.2
1978900,225,59.8
1979000,225,59.2
1979100,225,58.5
1979200,225,59.3
1979300,225,58.4
1979400,225,57.7
1979500,225,57.4
1979600,225,57.7
1979700,225,58.7
1979800,225,60.2
1979900,225,60.3
1980000,190,59.4
1980100,190,59.3
1980200,190,58.5
1980300,190,57.4
1980400,190,56.9
1980500,190,56.1
1980600,190,56.4
1980700,190,57.9
1980800,190,58.2
1980900,190,58.9
1981000,190,58.8
1981100,190,57.9
1981200,190,58.3
1981300,190,58.2
1981400,190,56.2
1981500,155,56.8
1981600,155,54.7
1981700,155,54.1
1981800,155,55.2
1981900,155,55.7
1982000,155,55.2
1982100,155,55.5
1982200,155,55.2
1982300,155,54.5
1982400,155,54.7
1982500,155,53.3
1982600,155,52.6
1982700,155,52.3
1982800,155,53.7
1982900,155,54.1
1983000,225,55.7
1983100,225,57.5
1983200,225,58.8
1983300,225,59.7
1983400,225,59.7
1983500,225,58.9
1983600,225,58.5
1983700,225,57.9
1983800,225,57.7
1983900,225,59.2
1984000,225,59.4
1984100,225,60.2
1984200,225,60.2
1984300,225,59.4
1984400,225,59.9
1984500,255,59.7
1984600,255,61.4
1984700,255,63.5
1984800,255,64.0
1984900,255,63.8
1985000,255,64.7
1985100,255,64.5
1985200,255,63.8
1985300,255,64.3
1985400,255,64.4
1985500,255,63.3
1985600,255,63.9
1985700,255,63.5
1985800,255,63.5
1985900,255,64.5
1986000,225,64.7
1986100,225,62.0
1986200,225,60.6
1986300,225,59.9
1986400,225,59.1
1986500,225,58.7
1986600,225,58.4
1986700,225,57.5
1986800,225,59.1
1986900,225,59.8
1987000,225,59.8
1987100,225,59.9
1987200,225,58.7
1987300,225,59.2
1987400,225,59.2
1987500,190,57.9
1987600,190,57.7
1987700,190,56.1
1987800,190,55.4
1987900,190,57.4
1988000,190,58.5
1988100,190,58.0
1988200,190,58.7
1988300,190,58.3
1988400,190,57.7
1988500,190,57.9
1988600,190,56.9
1988700,190,55.9
1988800,190,56.5
1988900,190,57.5
1989000,155,58.2
1989100,155,57.8
1989200,155,56.6
1989300,155,55.2
1989400,155,55.4
1989500,155,55.1
1989600,155,53.8
1989700,155,53.2
1989800,155,52.7
1989900,155,52.6
1990000,155,54.2
1990100,155,55.1
1990200,155,55.2
1990300,155,55.6
1990400,155,54.8
1990500,190,55.5
1990600,190,56.2
1990700,190,56.6
1990800,190,56.5
1990900,190,56.1
1991000,190,56.2
1991100,190,57.8
1991200,190,58.5
1991300,190,58.3
1991400,190,58.7
1991500,190,58.4
1991600,190,57.7
1991700,190,58.3
1991800,190,57.0
1991900,190,56.2
1992000,225,56.2
1992100,225,57.5
1992200,225,58.7
1992300,225,60.1
1992400,225,60.2
1992500,225,59.4
1992600,225,59.8
1992700,225,59.8
1992800,225,58.5
1992900,225,58.4
1993000,225,57.8
1993100,225,58.2
1993200,225,59.6
1993300,225,60.3
1993400,225,59.7
1993500,120,60.3
1993600,120,56.8
1993700,120,53.8
1993800,120,51.5
1993900,120,48.3
1994000,120,48.2
1994100,120,46.6
1994200,120,46.9
1994300,120,48.5
1994400,120,49.5
1994500,120,49.5
1994600,120,50.1
1994700,120,49.9
1994800,120,49.6
1994900,120,50.3
1995000,255,50.0
1995100,255,58.5
1995200,255,63.5
1995300,255,63.6
1995400,255,63.6
1995500,255,64.5
1995600,255,64.5
1995700,255,63.6
1995800,255,64.0
1995900,255,64.2
1996000,255,63.3
1996100,255,63.5
1996200,255,63.4
1996300,255,62.9
1996400,255,64.3
1996500,120,64.8
1996600,120,60.6
1996700,120,56.2
1996800,120,52.7
1996900,120,51.4
1997000,120,50.0
1997100,120,47.6
1997200,120,47.7
1997300,120,46.2
1997400,120,46.9
1997500,120,48.3
1997600,120,49.4
1997700,120,49.4
1997800,120,50.0
1997900,120,50.1
1998000,190,49.6
1998100,190,53.4
1998200,190,56.6
1998300,190,56.0
1998400,190,56.8
1998500,190,56.2
1998600,190,56.8
1998700,190,58.3
1998800,190,58.8
1998900,190,58.2
1999000,190,58.7
1999100,190,58.3
1999200,190,57.7
1999300,190,57.9
1999400,190,56.9
1999500,120,55.9
1999600,120,54.3
1999700,120,52.0
1999800,120,50.9
1999900,120,51.3
2000000,120,50.3
2000100,120,50.5
2000200,120,50.0
2000300,120,49.4
2000400,120,50.3
2000500,120,49.0
2000600,120,47.6
2000700,120,46.4
2000800,120,46.8
2000900,120,46.9
2001000,155,48.3
2001100,155,49.2
2001200,155,52.3
2001300,155,54.1
2001400,155,54.3
2001500,155,54.1
2001600,155,54.6
2001700,155,53.4
2001800,155,52.7
2001900,155,52.3
2002000,155,53.4
2002100,155,54.0
2002200,155,55.4
2002300,155,55.7
2002400,155,55.1
2002500,225,55.4
2002600,225,57.1
2002700,225,58.4
2002800,225,58.7
2002900,225,58.5
2003000,225,57.3
2003100,225,58.9
2003200,225,59.2
2003300,225,60.5
2003400,225,60.3
2003500,225,59.3
2003600,225,59.8
2003700,225,59.8
2003800,225,58.4
2003900,225,58.5
2004000,155,57.8
2004100,155,56.4
2004200,155,56.0
2004300,155,56.1
2004400,155,55.2
2004500,155,55.4
2004600,155,54.5
2004700,155,53.8
2004800,155,54.2
2004900,155,53.4
2005000,155,52.7
2005100,155,52.2
2005200,155,52.2
2005300,155,52.9
2005400,155,55.0
2005500,225,55.5
2005600,225,56.9
2005700,225,59.3
2005800,225,59.7
2005900,225,59.1
2006000,225,58.7
2006100,225,58.5
2006200,225,57.4
2006300,225,59.1
2006400,225,59.3
2006500,225,60.3
2006600,225,60.3
2006700,225,59.4
2006800,225,59.8
2006900,225,59.9
2007000,120,58.4
2007100,120,55.9
2007200,120,50.4
2007300,120,48.7
2007400,120,49.4
2007500,120,50.0
2007600,120,49.5
2007700,120,50.0
2007800,120,50.0
2007900,120,49.5
2008000,120,50.4
2008100,120,50.0
2008200,120,48.3
2008300,120,47.8
2008400,120,46.6
2008500,255,46.4
2008600,255,59.2
2008700,255,64.3
2008800,255,63.9
2008900,255,64.5
2009000,255,64.4
2009100,255,63.8
2009200,255,64.2
2009300,255,63.8
2009400,255,62.8
2009500,255,63.9
2009600,255,63.8
2009700,255,64.7
2009800,255,64.5
2009900,255,63.8
2010000,155,64.4
2010100,155,61.4
2010200,155,56.2
2010300,155,54.7
2010400,155,52.7
2010500,155,52.9
2010600,155,54.5
2010700,155,55.4
2010800,155,55.1
2010900,155,55.6
2011000,155,55.4
2011100,155,54.6
2011200,155,55.0
2011300,155,54.1
2011400,155,52.9
2011500,190,52.3
2011600,190,54.7
2011700,190,56.4
2011800,190,58.3
2011900,190,58.8
2012000,190,58.0
2012100,190,58.4
