t_ms,pwm,rpm
100,60,3.4
200,60,8.7
300,60,11.4
400,60,13.0
500,60,13.6
600,60,14.0
700,60,14.7
800,60,15.2
900,60,15.9
1000,60,17.0
1100,60,17.1
1200,60,16.7
1300,60,15.4
1400,60,13.4
1500,90,11.6
1600,90,16.3
1700,90,23.0
1800,90,25.4
1900,90,27.7
2000,90,29.8
2100,90,31.2
2200,90,32.5
2300,90,32.7
2400,90,32.5
2500,90,33.2
2600,90,33.5
2700,90,33.2
2800,90,33.5
2900,90,33.7
3000,150,33.5
3100,150,40.2
3200,150,45.5
3300,150,46.7
3400,150,46.6
3500,150,45.7
3600,150,47.1
3700,150,47.6
3800,150,46.9
3900,150,47.7
4000,150,48.0
4100,150,47.2
4200,150,46.7
4300,150,45.7
4400,150,46.0
4500,120,46.3
4600,120,43.6
4700,120,41.7
4800,120,42.0
4900,120,42.5
5000,120,42.5
5100,120,43.0
5200,120,43.2
5300,120,43.1
5400,120,43.7
5500,120,43.7
5600,120,43.5
5700,120,44.1
5800,120,44.1
5900,120,43.2
6000,30,43.1
6100,30,36.2
6200,30,25.0
6300,30,17.2
6400,30,10.7
6500,30,6.5
6600,30,3.6
6700,30,0.9
6800,30,0.0
6900,30,0.0
7000,30,0.0
7100,30,0.0
7200,30,0.0
7300,30,0.0
7400,30,0.0
7500,90,0.0
7600,90,9.9
7700,90,23.1
7800,90,28.8
7900,90,31.1
8000,90,32.7
8100,90,33.5
8200,90,33.3
8300,90,33.2
8400,90,32.4
8500,90,32.0
8600,90,32.9
8700,90,33.3
8800,90,32.7
8900,90,31.2
9000,150,30.5
9100,150,37.0
9200,150,44.1
9300,150,46.7
9400,150,47.3
9500,150,48.0
9600,150,47.8
9700,150,48.5
9800,150,48.5
9900,150,48.0
10000,150,48.9
10100,150,48.9
10200,150,47.6
10300,150,47.6
10400,150,47.6
10500,120,47.6
10600,120,46.4
10700,120,44.3
10800,120,43.7
10900,120,43.9
11000,120,43.4
11100,120,41.3
11200,120,40.8
11300,120,41.6
11400,120,41.5
11500,120,40.8
11600,120,41.6
11700,120,41.5
11800,120,42.3
11900,120,43.1
12000,150,43.2
12100,150,45.4
12200,150,47.8
12300,150,48.3
12400,150,49.2
12500,150,49.2
12600,150,49.0
12700,150,49.5
12800,150,48.3
12900,150,48.3
13000,150,48.3
13100,150,48.2
13200,150,48.9
13300,150,48.7
13400,150,48.5
13500,30,48.5
13600,30,40.7
13700,30,27.9
13800,30,19.0
13900,30,11.7
14000,30,6.6
14100,30,3.2
14200,30,0.5
14300,30,0.0
14400,30,0.0
14500,30,0.0
14600,30,0.1
14700,30,0.0
14800,30,0.0
14900,30,0.0
15000,90,0.0
15100,90,10.3
15200,90,23.0
15300,90,28.8
15400,90,30.1
15500,90,30.1
15600,90,31.0
15700,90,31.2
15800,90,32.0
15900,90,33.4
16000,90,34.1
16100,90,34.7
16200,90,34.7
16300,90,34.6
16400,90,35.3
16500,120,35.6
16600,120,38.0
16700,120,42.0
16800,120,43.4
16900,120,43.5
17000,120,43.5
17100,120,42.9
17200,120,42.0
17300,120,42.5
17400,120,43.1
17500,120,43.1
17600,120,43.5
17700,120,43.9
17800,120,43.4
17900,120,42.9
18000,90,41.1
18100,90,37.6
18200,90,35.6
18300,90,34.8
18400,90,33.9
18500,90,33.7
18600,90,33.5
18700,90,33.0
18800,90,33.4
18900,90,34.2
19000,90,34.4
19100,90,35.1
19200,90,34.6
19300,90,35.3
19400,90,35.7
19500,150,35.6
19600,150,42.0
19700,150,47.4
19800,150,48.2
19900,150,49.1
20000,150,48.6
20100,150,47.6
20200,150,48.1
20300,150,48.5
20400,150,48.2
20500,150,48.6
20600,150,48.7
20700,150,47.8
20800,150,47.7
20900,150,47.6
21000,30,47.4
21100,30,41.3
21200,30,27.9
21300,30,16.6
21400,30,9.4
21500,30,3.7
21600,30,0.3
21700,30,0.0
21800,30,0.0
21900,30,0.0
22000,30,0.0
22100,30,0.0
22200,30,0.0
22300,30,0.0
22400,30,0.0
22500,90,0.0
22600,90,9.6
22700,90,21.4
22800,90,27.0
22900,90,30.2
23000,90,31.8
23100,90,33.4
23200,90,34.2
23300,90,33.7
23400,90,34.7
23500,90,35.3
23600,90,34.8
23700,90,35.3
23800,90,34.9
23900,90,34.6
24000,120,35.6
24100,120,38.8
24200,120,41.2
24300,120,42.0
24400,120,41.8
24500,120,41.6
24600,120,42.5
24700,120,43.1
24800,120,42.7
24900,120,43.5
25000,120,43.5
25100,120,41.6
25200,120,40.7
25300,120,40.7
25400,120,41.2
25500,150,42.7
25600,150,45.2
25700,150,47.2
25800,150,47.3
25900,150,47.4
26000,150,48.6
26100,150,48.7
26200,150,48.3
26300,150,49.2
26400,150,49.2
26500,150,48.7
26600,150,49.4
26700,150,49.5
26800,150,48.7
26900,150,48.5
27000,90,48.2
27100,90,44.4
27200,90,40.4
27300,90,38.1
27400,90,36.0
27500,90,35.7
27600,90,34.9
27700,90,34.2
27800,90,33.9
27900,90,33.8
28000,90,33.5
28100,90,34.2
28200,90,34.7
28300,90,33.3
28400,90,32.8
28500,30,32.9
28600,30,26.5
28700,30,17.7
28800,30,11.1
28900,30,6.5
29000,30,3.2
29100,30,0.5
29200,30,0.0
29300,30,0.0
29400,30,0.0
29500,30,0.0
29600,30,0.0
29700,30,0.0
29800,30,0.0
29900,30,0.0
30000,120,0.0
30100,120,16.7
30200,120,34.1
30300,120,39.5
30400,120,42.0
30500,120,43.4
30600,120,43.4
30700,120,43.9
30800,120,43.7
30900,120,43.5
31000,120,44.3
31100,120,43.7
31200,120,42.3
31300,120,42.3
31400,120,42.2
31500,150,42.6
31600,150,45.8
31700,150,47.8
31800,150,47.8
31900,150,47.6
32000,150,46.0
32100,150,46.7
32200,150,47.6
32300,150,48.0
32400,150,48.7
32500,150,48.0
32600,150,47.3
32700,150,48.3
32800,150,48.9
32900,150,48.5
33000,120,49.1
33100,120,47.8
33200,120,45.5
33300,120,46.0
33400,120,45.9
33500,120,45.5
33600,120,45.9
33700,120,45.3
33800,120,43.2
33900,120,43.2
34000,120,43.5
34100,120,43.4
34200,120,43.5
34300,120,43.2
34400,120,42.7
34500,60,43.1
34600,60,38.0
34700,60,30.5
34800,60,26.5
34900,60,24.2
35000,60,22.4
35100,60,21.4
35200,60,19.6
35300,60,18.6
35400,60,18.0
35500,60,17.5
35600,60,17.1
35700,60,16.6
35800,60,17.0
35900,60,17.7
36000,30,18.2
36100,30,15.1
36200,30,9.3
36300,30,5.4
36400,30,2.9
36500,30,1.5
36600,30,0.0
36700,30,0.0
36800,30,-0.1
36900,30,0.0
37000,30,0.0
37100,30,0.0
37200,30,0.0
37300,30,0.0
37400,30,0.0
37500,90,0.0
37600,90,10.3
37700,90,23.7
37800,90,29.2
37900,90,31.8
38000,90,33.9
38100,90,34.4
38200,90,34.3
38300,90,34.8
38400,90,34.4
38500,90,35.2
38600,90,35.7
38700,90,35.3
38800,90,34.9
38900,90,33.8
39000,60,32.8
39100,60,29.3
39200,60,25.0
39300,60,22.3
39400,60,21.0
39500,60,20.7
39600,60,20.2
39700,60,19.6
39800,60,19.0
39900,60,18.2
40000,60,18.0
40100,60,17.6
40200,60,16.7
40300,60,16.1
40400,60,15.3
40500,90,14.9
40600,90,19.8
40700,90,26.1
40800,90,28.1
40900,90,30.6
41000,90,32.8
41100,90,33.8
41200,90,34.6
41300,90,34.1
41400,90,33.4
41500,90,33.4
41600,90,33.2
41700,90,34.2
41800,90,34.6
41900,90,34.7
42000,30,34.9
42100,30,30.2
42200,30,21.2
42300,30,14.8
42400,30,9.8
42500,30,6.0
42600,30,3.4
42700,30,0.9
42800,30,0.0
42900,30,0.0
43000,30,0.0
43100,30,0.0
43200,30,0.0
43300,30,0.0
43400,30,0.0
43500,120,0.0
43600,120,16.8
43700,120,34.2
43800,120,40.6
43900,120,42.7
44000,120,43.4
44100,120,44.0
44200,120,43.2
44300,120,42.2
44400,120,42.5
44500,120,42.9
44600,120,42.7
44700,120,42.7
44800,120,42.0
44900,120,42.9
45000,150,43.0
45100,150,44.5
45200,150,46.4
45300,150,47.7
45400,150,47.6
45500,150,47.6
45600,150,47.4
45700,150,47.2
45800,150,48.3
45900,150,48.7
46000,150,48.2
46100,150,49.1
46200,150,49.1
46300,150,48.6
46400,150,49.1
46500,60,49.5
46600,60,43.5
46700,60,34.6
46800,60,27.9
46900,60,23.2
47000,60,20.8
47100,60,19.6
47200,60,19.1
47300,60,19.4
47400,60,19.5
47500,60,19.4
47600,60,19.8
47700,60,18.6
47800,60,17.1
47900,60,16.5
48000,90,16.2
48100,90,21.2
48200,90,27.0
48300,90,29.5
48400,90,31.0
48500,90,31.0
48600,90,31.4
48700,90,33.5
48800,90,34.6
48900,90,34.7
49000,90,34.8
49100,90,34.1
49200,90,33.5
49300,90,33.5
49400,90,34.1
49500,120,34.3
49600,120,38.1
49700,120,41.7
49800,120,42.7
49900,120,44.1
50000,120,44.3
50100,120,43.9
50200,120,44.5
50300,120,44.5
50400,120,44.0
50500,120,43.7
50600,120,43.1
50700,120,42.2
50800,120,43.0
50900,120,43.1
51000,60,42.2
51100,60,37.5
51200,60,30.5
51300,60,26.8
51400,60,23.7
51500,60,21.6
51600,60,20.3
51700,60,19.6
51800,60,19.1
51900,60,19.3
52000,60,19.5
52100,60,19.9
52200,60,20.2
52300,60,20.2
52400,60,19.5
52500,30,18.6
52600,30,14.2
52700,30,7.8
52800,30,2.9
52900,30,0.1
53000,30,0.0
53100,30,0.0
53200,30,0.0
53300,30,0.0
53400,30,0.0
53500,30,0.0
53600,30,0.0
53700,30,0.0
53800,30,0.0
53900,30,0.0
54000,120,0.0
54100,120,15.9
54200,120,32.3
54300,120,38.4
54400,120,40.4
54500,120,42.3
54600,120,42.9
54700,120,42.7
54800,120,43.6
54900,120,44.0
55000,120,43.6
55100,120,43.7
55200,120,44.1
55300,120,43.6
55400,120,43.4
55500,60,42.6
55600,60,36.6
55700,60,29.7
55800,60,25.5
55900,60,22.3
56000,60,20.5
56100,60,19.3
56200,60,17.7
56300,60,16.2
56400,60,15.4
56500,60,15.2
56600,60,15.8
56700,60,16.5
56800,60,16.8
56900,60,17.2
57000,150,16.8
57100,150,29.7
57200,150,43.2
57300,150,46.9
57400,150,47.7
57500,150,48.5
57600,150,47.6
57700,150,48.0
57800,150,48.0
57900,150,48.1
58000,150,49.1
58100,150,49.1
58200,150,48.9
58300,150,49.5
58400,150,49.6
58500,90,49.1
58600,90,46.0
58700,90,41.3
58800,90,37.8
58900,90,36.2
59000,90,34.9
59100,90,34.2
59200,90,34.4
59300,90,33.8
59400,90,33.2
59500,90,33.4
59600,90,34.2
59700,90,34.2
59800,90,34.3
59900,90,34.4
60000,60,34.3
60100,60,31.6
60200,60,27.3
60300,60,24.6
60400,60,23.1
60500,60,21.8
60600,60,19.8
60700,60,19.1
60800,60,18.1
60900,60,17.7
61000,60,16.8
61100,60,16.8
61200,60,17.7
61300,60,18.2
61400,60,18.6
61500,120,19.1
61600,120,28.6
61700,120,37.8
61800,120,41.5
61900,120,43.0
62000,120,43.2
62100,120,43.9
62200,120,44.0
62300,120,43.9
62400,120,44.1
62500,120,43.4
62600,120,42.0
62700,120,42.0
62800,120,42.2
62900,120,41.5
63000,150,41.6
63100,150,43.5
63200,150,46.2
63300,150,47.3
63400,150,48.0
63500,150,48.1
63600,150,48.7
63700,150,48.9
63800,150,48.1
63900,150,48.2
64000,150,47.4
64100,150,48.3
64200,150,48.9
64300,150,48.3
64400,150,49.1
64500,120,49.4
64600,120,47.4
64700,120,45.4
64800,120,45.2
64900,120,44.4
65000,120,44.6
65100,120,43.5
65200,120,42.5
65300,120,42.3
65400,120,41.8
65500,120,41.5
65600,120,42.3
65700,120,42.9
65800,120,42.7
65900,120,43.5
66000,30,43.6
66100,30,36.9
66200,30,26.9
66300,30,18.9
66400,30,12.5
66500,30,7.9
66600,30,4.5
66700,30,1.8
66800,30,0.0
66900,30,0.0
67000,30,0.0
67100,30,0.0
67200,30,0.0
67300,30,0.0
67400,30,0.0
67500,150,0.0
67600,150,22.4
67700,150,41.2
67800,150,45.2
67900,150,46.8
68000,150,47.6
68100,150,47.6
68200,150,48.1
68300,150,48.6
68400,150,48.3
68500,150,48.7
68600,150,48.6
68700,150,48.5
68800,150,48.9
68900,150,48.1
69000,60,46.9
69100,60,40.9
69200,60,31.0
69300,60,24.1
69400,60,20.7
69500,60,19.4
69600,60,18.1
69700,60,17.0
69800,60,16.7
69900,60,17.2
70000,60,17.9
70100,60,18.4
70200,60,18.6
70300,60,19.0
70400,60,19.0
70500,30,19.8
70600,30,16.6
70700,30,10.8
70800,30,7.0
70900,30,4.2
71000,30,1.4
71100,30,0.5
71200,30,0.0
71300,30,0.0
71400,30,0.0
71500,30,0.0
71600,30,0.0
71700,30,0.0
71800,30,0.0
71900,30,0.0
72000,120,0.0
72100,120,17.0
72200,120,33.9
72300,120,40.2
72400,120,42.2
72500,120,42.1
72600,120,42.3
72700,120,42.2
72800,120,42.3
72900,120,43.2
73000,120,43.5
73100,120,43.1
73200,120,43.9
73300,120,44.3
73400,120,43.9
73500,90,44.4
73600,90,41.7
73700,90,39.0
73800,90,37.4
73900,90,35.1
74000,90,34.4
74100,90,33.0
74200,90,31.6
74300,90,31.5
74400,90,32.0
74500,90,32.8
74600,90,33.3
74700,90,33.7
74800,90,33.8
74900,90,34.4
75000,60,34.7
75100,60,31.2
75200,60,27.2
75300,60,24.5
75400,60,22.8
75500,60,22.2
75600,60,21.3
75700,60,20.2
75800,60,18.7
75900,60,18.0
76000,60,17.3
76100,60,17.1
76200,60,16.5
76300,60,16.3
76400,60,17.0
76500,150,17.7
76600,150,31.1
76700,150,43.9
76800,150,46.3
76900,150,47.8
77000,150,48.6
77100,150,48.2
77200,150,48.9
77300,150,48.9
77400,150,48.3
77500,150,48.1
77600,150,47.4
77700,150,46.0
77800,150,45.7
77900,150,46.3
78000,60,45.9
78100,60,41.5
78200,60,33.3
78300,60,28.1
78400,60,25.4
78500,60,23.9
78600,60,22.4
78700,60,21.9
78800,60,21.2
78900,60,20.5
79000,60,20.8
79100,60,20.9
79200,60,20.7
79300,60,20.7
79400,60,20.2
79500,120,18.9
79600,120,27.7
79700,120,37.1
79800,120,40.1
79900,120,42.1
80000,120,42.5
80100,120,43.2
80200,120,43.7
80300,120,43.7
80400,120,44.3
80500,120,44.4
80600,120,43.9
80700,120,44.4
80800,120,44.1
80900,120,42.9
81000,90,42.5
81100,90,38.3
81200,90,34.1
81300,90,33.5
81400,90,34.1
81500,90,33.7
81600,90,33.9
81700,90,34.6
81800,90,34.4
81900,90,34.9
82000,90,35.1
82100,90,34.7
82200,90,35.3
82300,90,35.6
82400,90,34.9
82500,120,34.4
82600,120,36.9
82700,120,39.5
82800,120,41.6
82900,120,42.2
83000,120,42.5
83100,120,43.0
83200,120,43.1
83300,120,43.9
83400,120,43.9
83500,120,43.2
83600,120,43.7
83700,120,44.0
83800,120,43.4
83900,120,42.7
84000,60,41.6
84100,60,33.7
84200,60,25.4
84300,60,20.9
84400,60,18.7
84500,60,18.4
84600,60,18.7
84700,60,18.1
84800,60,17.6
84900,60,17.6
85000,60,18.0
85100,60,18.7
85200,60,19.5
85300,60,19.9
85400,60,20.5
85500,30,20.5
85600,30,17.1
85700,30,11.2
85800,30,6.8
85900,30,3.8
86000,30,1.7
86100,30,0.0
86200,30,0.0
86300,30,0.0
86400,30,0.0
86500,30,0.0
86600,30,0.0
86700,30,0.0
86800,30,0.0
86900,30,0.0
87000,120,0.0
87100,120,16.8
87200,120,34.3
87300,120,39.7
87400,120,42.3
87500,120,42.6
87600,120,42.0
87700,120,42.2
87800,120,42.6
87900,120,42.7
88000,120,43.6
88100,120,43.6
88200,120,43.4
88300,120,44.1
88400,120,44.4
88500,30,43.7
88600,30,38.1
88700,30,27.6
88800,30,19.0
88900,30,13.1
89000,30,8.4
89100,30,4.8
89200,30,2.0
89300,30,0.1
89400,30,0.0
89500,30,0.0
89600,30,0.0
89700,30,0.0
89800,30,0.0
89900,30,0.0
90000,150,0.0
90100,150,22.3
90200,150,40.4
90300,150,44.3
90400,150,45.2
90500,150,46.0
90600,150,47.1
90700,150,47.6
90800,150,47.6
90900,150,48.3
91000,150,48.6
91100,150,48.1
91200,150,48.9
91300,150,48.6
91400,150,47.1
91500,120,47.3
91600,120,46.2
91700,120,44.6
91800,120,44.3
91900,120,43.7
92000,120,43.5
92100,120,44.1
92200,120,44.1
92300,120,43.6
92400,120,44.0
92500,120,44.0
92600,120,43.2
92700,120,42.3
92800,120,40.2
92900,120,38.8
93000,60,39.7
93100,60,35.3
93200,60,29.0
93300,60,24.1
93400,60,21.6
93500,60,21.0
93600,60,20.9
93700,60,21.0
93800,60,21.0
93900,60,20.9
94000,60,20.5
94100,60,20.4
94200,60,20.3
94300,60,20.0
94400,60,20.4
94500,30,20.4
94600,30,17.1
94700,30,11.6
94800,30,7.7
94900,30,4.5
95000,30,2.6
95100,30,0.8
95200,30,0.0
95300,30,0.0
95400,30,0.1
95500,30,0.0
95600,30,0.0
95700,30,0.0
95800,30,0.0
95900,30,0.0
96000,150,0.0
96100,150,22.6
96200,150,41.8
96300,150,45.9
96400,150,46.9
96500,150,47.6
96600,150,47.7
96700,150,48.6
96800,150,48.7
96900,150,48.6
97000,150,49.1
97100,150,49.0
97200,150,48.5
97300,150,49.0
97400,150,48.1
97500,30,46.0
97600,30,37.0
97700,30,23.6
97800,30,13.8
97900,30,7.3
98000,30,2.3
98100,30,0.0
98200,30,0.0
98300,30,0.0
98400,30,0.0
98500,30,0.0
98600,30,0.0
98700,30,0.0
98800,30,0.0
98900,30,0.0
99000,150,0.0
99100,150,21.7
99200,150,40.8
99300,150,45.8
99400,150,47.2
99500,150,47.6
99600,150,48.3
99700,150,48.3
99800,150,48.1
99900,150,48.7
100000,150,48.0
100100,150,47.2
100200,150,47.1
100300,150,47.7
100400,150,47.7
100500,60,48.5
100600,60,43.2
100700,60,35.1
100800,60,30.0
100900,60,26.5
101000,60,23.9
101100,60,22.2
101200,60,21.6
101300,60,21.2
101400,60,21.3
101500,60,21.3
101600,60,20.8
101700,60,20.2
101800,60,17.9
101900,60,14.7
102000,90,13.0
102100,90,17.0
102200,90,22.4
102300,90,24.9
102400,90,27.2
102500,90,29.1
102600,90,30.4
102700,90,31.4
102800,90,32.1
102900,90,33.0
103000,90,33.9
103100,90,34.9
103200,90,35.1
103300,90,34.8
103400,90,35.2
103500,30,35.3
103600,30,30.0
103700,30,21.4
103800,30,14.5
103900,30,9.3
104000,30,5.4
104100,30,2.2
104200,30,0.1
104300,30,0.0
104400,30,0.0
104500,30,0.0
104600,30,0.0
104700,30,0.0
104800,30,0.0
104900,30,0.0
105000,150,0.0
105100,150,22.1
105200,150,41.5
105300,150,45.9
105400,150,46.3
105500,150,48.0
105600,150,48.0
105700,150,48.6
105800,150,49.0
105900,150,48.5
106000,150,48.9
106100,150,48.9
106200,150,48.5
106300,150,48.2
106400,150,46.2
106500,60,45.4
106600,60,40.1
106700,60,31.1
106800,60,25.8
106900,60,23.6
107000,60,21.4
107100,60,20.2
107200,60,20.2
107300,60,20.4
107400,60,20.4
107500,60,20.5
107600,60,20.4
107700,60,20.2
107800,60,20.4
107900,60,20.3
108000,120,19.9
108100,120,29.2
108200,120,38.5
108300,120,41.5
108400,120,42.1
108500,120,41.8
108600,120,41.1
108700,120,42.1
108800,120,42.3
108900,120,43.0
109000,120,43.0
109100,120,43.1
109200,120,43.6
109300,120,43.7
109400,120,43.1
109500,30,44.0
109600,30,37.8
109700,30,26.4
109800,30,16.2
109900,30,6.1
110000,30,0.4
110100,30,0.0
110200,30,0.0
110300,30,0.0
110400,30,0.0
110500,30,0.0
110600,30,0.0
110700,30,0.0
110800,30,0.0
110900,30,0.0
111000,90,0.0
111100,90,7.4
111200,90,17.0
111300,90,22.3
111400,90,25.0
111500,90,26.1
111600,90,27.8
111700,90,29.1
111800,90,29.8
111900,90,31.6
112000,90,32.4
112100,90,33.8
112200,90,34.6
112300,90,34.4
112400,90,35.1
112500,60,35.2
112600,60,32.0
112700,60,27.9
112800,60,25.3
112900,60,23.7
113000,60,22.8
113100,60,22.1
113200,60,20.8
113300,60,19.8
113400,60,19.1
113500,60,18.5
113600,60,18.4
113700,60,18.0
113800,60,18.2
113900,60,19.1
114000,90,19.5
114100,90,24.0
114200,90,30.1
114300,90,32.8
114400,90,33.7
114500,90,34.9
114600,90,35.5
114700,90,35.3
114800,90,35.8
114900,90,35.6
115000,90,35.2
115100,90,35.8
115200,90,34.4
115300,90,32.5
115400,90,31.5
115500,120,30.6
115600,120,33.9
115700,120,38.6
115800,120,40.3
115900,120,42.1
116000,120,42.9
116100,120,43.1
116200,120,43.9
116300,120,43.7
116400,120,43.2
116500,120,44.0
116600,120,44.3
116700,120,43.2
116800,120,42.7
116900,120,42.1
117000,150,42.2
117100,150,45.3
117200,150,47.7
117300,150,47.8
117400,150,48.9
117500,150,48.9
117600,150,48.2
117700,150,48.6
117800,150,49.0
117900,150,47.4
118000,150,44.9
118100,150,44.8
118200,150,44.4
118300,150,46.3
118400,150,46.4
118500,60,48.1
118600,60,43.1
118700,60,34.9
118800,60,30.0
118900,60,26.8
119000,60,24.2
119100,60,23.3
119200,60,22.3
119300,60,21.7
119400,60,21.8
119500,60,21.8
119600,60,21.4
119700,60,21.4
119800,60,20.3
119900,60,19.4
120000,90,19.3
120100,90,23.5
120200,90,28.4
120300,90,31.9
120400,90,33.7
120500,90,34.2
120600,90,35.1
120700,90,35.3
120800,90,35.3
120900,90,36.0
121000,90,36.0
121100,90,35.5
121200,90,35.7
121300,90,35.7
121400,90,35.2
121500,60,34.6
121600,60,29.0
121700,60,23.0
121800,60,19.4
121900,60,16.5
122000,60,14.3
122100,60,13.1
122200,60,13.3
122300,60,14.0
122400,60,14.4
122500,60,14.9
122600,60,15.9
122700,60,17.0
122800,60,18.1
122900,60,18.6
123000,120,18.7
123100,120,27.8
123200,120,38.3
123300,120,41.8
123400,120,42.6
123500,120,43.5
123600,120,43.7
123700,120,43.7
123800,120,44.0
123900,120,43.0
124000,120,42.0
124100,120,42.5
124200,120,43.1
124300,120,43.1
124400,120,43.6
124500,90,44.1
124600,90,41.6
124700,90,39.0
124800,90,36.9
124900,90,36.4
125000,90,36.0
125100,90,35.2
125200,90,34.4
125300,90,31.8
125400,90,29.2
125500,90,29.1
125600,90,28.2
125700,90,28.3
125800,90,29.8
125900,90,31.8
126000,120,33.4
126100,120,37.6
126200,120,41.5
126300,120,42.7
126400,120,43.7
126500,120,44.0
126600,120,43.7
126700,120,44.4
126800,120,44.5
126900,120,43.5
127000,120,43.4
127100,120,43.1
127200,120,43.1
127300,120,44.0
127400,120,44.3
127500,90,43.7
127600,90,42.2
127700,90,39.3
127800,90,37.4
127900,90,36.7
128000,90,35.8
128100,90,35.7
128200,90,34.9
128300,90,33.7
128400,90,32.5
128500,90,31.6
128600,90,30.0
128700,90,30.5
128800,90,31.4
128900,90,32.4
129000,150,33.9
129100,150,40.6
129200,150,45.7
129300,150,48.0
129400,150,48.5
129500,150,48.2
129600,150,49.0
129700,150,49.0
129800,150,47.8
129900,150,47.7
130000,150,47.7
130100,150,47.6
130200,150,48.6
130300,150,48.7
130400,150,48.6
130500,60,49.2
130600,60,43.6
130700,60,34.7
130800,60,29.3
130900,60,25.3
131000,60,22.2
131100,60,20.0
131200,60,17.7
131300,60,16.1
131400,60,14.0
131500,60,12.1
131600,60,11.7
131700,60,11.0
131800,60,10.2
131900,60,9.8
132000,30,8.9
132100,30,3.2
132200,30,0.0
132300,30,0.0
132400,30,0.0
132500,30,0.0
132600,30,0.0
132700,30,0.0
132800,30,0.0
132900,30,0.0
133000,30,0.0
133100,30,0.0
133200,30,0.0
133300,30,0.0
133400,30,0.0
133500,120,0.0
133600,120,13.6
133700,120,30.2
133800,120,37.2
133900,120,40.7
134000,120,42.7
134100,120,43.4
134200,120,43.4
134300,120,44.3
134400,120,43.9
134500,120,44.3
134600,120,44.5
134700,120,44.3
134800,120,44.5
134900,120,43.6
135000,90,42.9
135100,90,41.1
135200,90,38.6
135300,90,37.2
135400,90,36.7
135500,90,36.4
135600,90,36.0
135700,90,36.2
135800,90,36.2
135900,90,35.6
136000,90,35.6
136100,90,35.1
136200,90,34.4
136300,90,34.6
136400,90,32.8
136500,150,31.4
136600,150,37.4
136700,150,44.0
136800,150,46.6
136900,150,48.1
137000,150,48.3
137100,150,48.5
137200,150,49.1
137300,150,49.1
137400,150,48.6
137500,150,49.4
137600,150,48.6
137700,150,48.1
137800,150,47.7
137900,150,47.7
138000,120,48.7
138100,120,47.2
138200,120,45.2
138300,120,45.2
138400,120,44.8
138500,120,44.1
138600,120,43.9
138700,120,43.0
138800,120,42.0
138900,120,41.7
139000,120,39.9
139100,120,38.6
139200,120,40.1
139300,120,42.2
139400,120,42.9
139500,90,43.7
139600,90,41.6
139700,90,38.9
139800,90,38.0
139900,90,37.4
140000,90,36.6
140100,90,36.9
140200,90,36.9
140300,90,36.4
140400,90,36.2
140500,90,35.5
140600,90,34.7
140700,90,34.9
140800,90,34.9
140900,90,35.8
141000,30,36.0
141100,30,30.2
141200,30,21.6
141300,30,14.9
141400,30,9.9
141500,30,6.3
141600,30,3.8
141700,30,2.2
141800,30,0.5
141900,30,0.0
142000,30,0.0
142100,30,0.0
142200,30,0.0
142300,30,0.1
142400,30,0.0
142500,90,0.0
142600,90,10.3
142700,90,24.0
142800,90,30.1
142900,90,32.7
143000,90,33.5
143100,90,33.5
143200,90,33.5
143300,90,34.4
143400,90,33.5
143500,90,31.4
143600,90,30.6
143700,90,29.6
143800,90,30.5
143900,90,32.3
144000,150,33.3
144100,150,40.4
144200,150,46.7
144300,150,47.8
144400,150,48.9
144500,150,48.9
144600,150,48.5
144700,150,49.2
144800,150,48.9
144900,150,47.4
145000,150,47.7
145100,150,48.0
145200,150,48.0
145300,150,48.6
145400,150,48.7
145500,120,48.6
145600,120,47.4
145700,120,44.9
145800,120,42.6
145900,120,41.8
146000,120,42.2
146100,120,40.8
146200,120,39.8
146300,120,39.8
146400,120,40.9
146500,120,42.9
146600,120,43.4
146700,120,43.1
146800,120,43.9
146900,120,44.3
147000,30,44.0
147100,30,38.6
147200,30,28.1
147300,30,20.5
147400,30,14.4
147500,30,9.9
147600,30,6.8
147700,30,4.2
147800,30,2.6
147900,30,1.3
148000,30,-0.1
148100,30,0.0
148200,30,0.0
148300,30,0.0
148400,30,0.0
148500,120,0.0
148600,120,17.1
148700,120,34.4
148800,120,40.2
148900,120,41.7
149000,120,41.8
149100,120,43.0
149200,120,43.5
149300,120,43.1
149400,120,43.6
149500,120,44.0
149600,120,43.7
149700,120,43.7
149800,120,43.1
149900,120,42.9
150000,30,43.6
150100,30,35.7
150200,30,21.9
150300,30,11.5
150400,30,2.9
150500,30,0.0
150600,30,0.0
150700,30,0.0
150800,30,0.0
150900,30,0.0
151000,30,0.0
151100,30,0.0
151200,30,0.0
151300,30,0.0
151400,30,0.0
151500,60,0.0
151600,60,0.1
151700,60,1.3
151800,60,4.8
151900,60,7.4
152000,60,9.1
152100,60,9.6
152200,60,10.7
152300,60,12.6
152400,60,14.5
152500,60,15.8
152600,60,17.1
152700,60,17.7
152800,60,18.5
152900,60,19.3
153000,90,19.1
153100,90,23.3
153200,90,29.5
153300,90,32.8
153400,90,34.1
153500,90,35.2
153600,90,35.3
153700,90,35.8
153800,90,36.1
153900,90,36.0
154000,90,36.2
154100,90,35.1
154200,90,34.2
154300,90,33.7
154400,90,33.8
154500,30,34.1
154600,30,29.0
154700,30,20.2
154800,30,13.0
154900,30,7.8
155000,30,3.7
155100,30,0.9
155200,30,0.0
155300,30,0.0
155400,30,0.0
155500,30,0.0
155600,30,0.0
155700,30,0.0
155800,30,0.0
155900,30,0.0
156000,90,0.0
156100,90,9.8
156200,90,23.0
156300,90,29.1
156400,90,32.7
156500,90,34.2
156600,90,34.2
156700,90,33.9
156800,90,32.3
156900,90,31.5
157000,90,32.4
157100,90,32.7
157200,90,32.0
157300,90,30.5
157400,90,31.1
157500,60,32.3
157600,60,29.8
157700,60,25.8
157800,60,23.7
157900,60,22.2
158000,60,21.4
158100,60,20.8
158200,60,20.4
158300,60,20.3
158400,60,20.8
158500,60,21.2
158600,60,21.3
158700,60,21.6
158800,60,21.6
158900,60,21.3
159000,30,21.7
159100,30,18.2
159200,30,12.1
159300,30,8.2
159400,30,5.0
159500,30,2.8
159600,30,0.9
159700,30,0.0
159800,30,0.0
159900,30,0.0
160000,30,0.0
160100,30,0.0
160200,30,0.0
160300,30,0.0
160400,30,0.0
160500,90,0.0
160600,90,10.3
160700,90,23.9
160800,90,30.2
160900,90,32.9
161000,90,33.8
161100,90,33.9
161200,90,33.7
161300,90,34.2
161400,90,34.4
161500,90,34.4
161600,90,35.2
161700,90,35.1
161800,90,34.9
161900,90,35.7
162000,60,35.6
162100,60,31.4
162200,60,26.5
162300,60,23.2
162400,60,21.6
162500,60,21.3
162600,60,21.0
162700,60,20.2
162800,60,19.1
162900,60,17.1
163000,60,15.3
163100,60,14.8
163200,60,14.2
163300,60,14.0
163400,60,13.5
163500,30,13.6
163600,30,10.7
163700,30,5.5
163800,30,1.7
163900,30,0.1
164000,30,0.1
164100,30,0.0
164200,30,0.0
164300,30,0.0
164400,30,0.0
164500,30,0.0
164600,30,0.0
164700,30,0.0
164800,30,0.0
164900,30,0.0
165000,60,0.0
165100,60,3.6
165200,60,9.6
165300,60,13.0
165400,60,15.4
165500,60,17.0
165600,60,17.9
165700,60,19.0
165800,60,19.0
165900,60,18.7
166000,60,19.1
166100,60,19.6
166200,60,19.9
166300,60,20.7
166400,60,20.7
166500,120,20.9
166600,120,29.7
166700,120,38.5
166800,120,42.1
166900,120,43.4
167000,120,43.4
167100,120,43.2
167200,120,42.7
167300,120,42.1
167400,120,42.9
167500,120,43.2
167600,120,43.0
167700,120,43.7
167800,120,44.3
167900,120,43.7
168000,90,43.2
168100,90,38.4
168200,90,34.4
168300,90,34.6
168400,90,34.4
168500,90,32.8
168600,90,32.9
168700,90,33.3
168800,90,33.0
168900,90,33.9
169000,90,34.4
169100,90,34.7
169200,90,35.1
169300,90,35.2
169400,90,35.2
169500,60,36.1
169600,60,33.3
169700,60,29.3
169800,60,26.7
169900,60,24.7
170000,60,23.7
170100,60,23.2
170200,60,22.4
170300,60,22.3
170400,60,21.7
170500,60,20.5
170600,60,20.2
170700,60,19.8
170800,60,19.3
170900,60,18.9
171000,30,19.0
171100,30,15.6
171200,30,9.9
171300,30,5.6
171400,30,2.8
171500,30,0.5
171600,30,0.0
171700,30,0.0
171800,30,0.0
171900,30,0.0
172000,30,0.0
172100,30,0.0
172200,30,0.0
172300,30,0.0
172400,30,0.0
172500,150,0.0
172600,150,22.4
172700,150,42.2
172800,150,45.5
172900,150,47.4
173000,150,48.5
173100,150,47.6
173200,150,47.8
173300,150,48.1
173400,150,47.8
173500,150,47.4
173600,150,46.8
173700,150,46.2
173800,150,47.8
173900,150,48.5
174000,30,48.1
174100,30,42.1
174200,30,31.1
174300,30,22.1
174400,30,15.7
174500,30,10.7
174600,30,7.0
174700,30,4.2
174800,30,2.2
174900,30,0.4
175000,30,0.0
175100,30,0.0
175200,30,0.0
175300,30,0.0
175400,30,0.0
175500,60,0.0
175600,60,4.1
175700,60,11.2
175800,60,15.2
175900,60,17.6
176000,60,18.7
176100,60,19.8
176200,60,20.7
176300,60,20.8
176400,60,20.9
176500,60,20.4
176600,60,19.3
176700,60,18.6
176800,60,18.4
176900,60,17.6
177000,90,17.1
177100,90,21.7
177200,90,27.9
177300,90,31.5
177400,90,33.0
177500,90,33.5
177600,90,34.1
177700,90,34.8
177800,90,34.9
177900,90,35.3
178000,90,33.9
178100,90,31.5
178200,90,31.2
178300,90,32.0
178400,90,32.7
178500,120,33.7
178600,120,37.1
178700,120,40.2
178800,120,41.7
178900,120,42.2
179000,120,42.6
179100,120,43.5
179200,120,43.2
179300,120,44.0
179400,120,44.5
179500,120,44.3
179600,120,44.6
179700,120,44.6
179800,120,44.4
179900,120,44.6
180000,30,44.0
180100,30,36.9
180200,30,25.6
180300,30,17.5
180400,30,11.1
180500,30,6.9
180600,30,3.6
180700,30,1.5
180800,30,0.0
180900,30,0.0
181000,30,0.0
181100,30,0.0
181200,30,0.0
181300,30,0.0
181400,30,0.0
181500,150,0.0
181600,150,22.2
181700,150,42.1
181800,150,46.8
181900,150,47.6
182000,150,48.5
182100,150,48.2
182200,150,47.4
182300,150,48.1
182400,150,48.0
182500,150,47.7
182600,150,47.2
182700,150,46.9
182800,150,48.0
182900,150,48.5
183000,120,48.1
183100,120,47.1
183200,120,46.2
183300,120,45.5
183400,120,45.9
183500,120,46.2
183600,120,45.4
183700,120,45.8
183800,120,44.3
183900,120,42.6
184000,120,43.0
184100,120,43.2
184200,120,43.2
184300,120,43.6
184400,120,44.0
184500,150,43.4
184600,150,44.6
184700,150,46.4
184800,150,46.3
184900,150,48.0
185000,150,48.6
185100,150,47.8
185200,150,48.0
185300,150,48.1
185400,150,48.1
185500,150,48.9
185600,150,48.5
185700,150,49.4
185800,150,49.5
185900,150,49.0
186000,30,49.5
186100,30,43.2
186200,30,31.8
186300,30,22.8
186400,30,14.8
186500,30,8.9
186600,30,4.7
186700,30,1.5
186800,30,0.0
186900,30,0.0
187000,30,0.0
187100,30,0.0
187200,30,0.0
187300,30,0.0
187400,30,0.0
187500,60,0.0
187600,60,3.7
187700,60,9.2
187800,60,13.1
187900,60,14.9
188000,60,15.6
188100,60,16.8
188200,60,17.7
188300,60,18.4
188400,60,19.0
188500,60,19.4
188600,60,19.6
188700,60,20.0
188800,60,19.4
188900,60,19.6
189000,120,19.9
189100,120,28.3
189200,120,38.0
189300,120,40.9
189400,120,41.2
189500,120,42.1
189600,120,42.7
189700,120,42.6
189800,120,42.2
189900,120,42.0
190000,120,41.5
190100,120,42.7
190200,120,43.2
190300,120,43.0
190400,120,43.7
190500,60,44.3
190600,60,39.8
190700,60,33.3
190800,60,29.1
190900,60,25.9
191000,60,24.7
191100,60,23.9
191200,60,23.0
191300,60,22.4
191400,60,21.4
191500,60,19.6
191600,60,19.1
191700,60,18.6
191800,60,17.6
191900,60,17.2
192000,120,17.2
192100,120,27.2
192200,120,37.5
192300,120,40.9
192400,120,42.6
192500,120,43.2
192600,120,42.5
192700,120,41.8
192800,120,41.2
192900,120,40.9
193000,120,42.3
193100,120,43.2
193200,120,43.0
193300,120,43.0
193400,120,42.7
193500,30,42.6
193600,30,37.2
193700,30,26.8
193800,30,18.6
193900,30,12.2
194000,30,7.3
194100,30,4.0
194200,30,1.7
194300,30,0.1
194400,30,0.0
194500,30,0.0
194600,30,0.0
194700,30,0.0
194800,30,0.0
194900,30,0.0
195000,120,0.0
195100,120,17.1
195200,120,34.7
195300,120,41.1
195400,120,43.2
195500,120,43.5
195600,120,44.4
195700,120,44.6
195800,120,44.4
195900,120,44.4
196000,120,43.6
196100,120,42.7
196200,120,43.4
196300,120,43.7
196400,120,43.4
196500,150,43.5
196600,150,45.4
196700,150,46.8
196800,150,48.0
196900,150,48.1
197000,150,48.1
197100,150,48.6
197200,150,47.8
197300,150,47.1
197400,150,48.1
197500,150,48.5
197600,150,48.3
197700,150,49.0
197800,150,49.2
197900,150,48.9
198000,30,49.2
198100,30,42.7
198200,30,31.4
198300,30,23.1
198400,30,15.9
198500,30,10.5
198600,30,5.9
198700,30,2.0
198800,30,0.0
198900,30,0.0
199000,30,0.0
199100,30,0.0
199200,30,0.0
199300,30,0.0
199400,30,0.0
199500,150,0.0
199600,150,21.3
199700,150,41.1
199800,150,45.8
199900,150,46.6
200000,150,48.0
200100,150,48.5
200200,150,47.6
200300,150,47.6
200400,150,47.1
200500,150,46.4
200600,150,46.8
200700,150,48.5
200800,150,48.3
200900,150,48.5
201000,60,48.2
201100,60,42.1
201200,60,34.6
201300,60,29.6
201400,60,26.4
201500,60,24.4
201600,60,22.7
201700,60,22.6
201800,60,22.4
201900,60,22.2
202000,60,22.3
202100,60,22.1
202200,60,21.8
202300,60,21.9
202400,60,21.9
202500,150,21.6
202600,150,34.3
202700,150,45.8
202800,150,47.6
202900,150,48.1
203000,150,47.8
203100,150,47.6
203200,150,48.5
203300,150,48.2
203400,150,47.4
203500,150,48.3
203600,150,48.5
203700,150,47.7
203800,150,48.6
203900,150,48.9
204000,60,48.0
204100,60,42.1
204200,60,32.8
204300,60,27.2
204400,60,24.7
204500,60,23.2
204600,60,22.1
204700,60,22.1
204800,60,20.9
204900,60,20.7
205000,60,20.9
205100,60,20.9
205200,60,21.3
205300,60,21.4
205400,60,21.3
205500,150,21.3
205600,150,33.7
205700,150,44.9
205800,150,48.1
205900,150,48.9
206000,150,47.8
206100,150,47.8
206200,150,47.6
206300,150,47.7
206400,150,48.7
206500,150,47.8
206600,150,47.1
206700,150,47.4
206800,150,47.2
206900,150,46.9
207000,120,48.6
207100,120,47.2
207200,120,44.4
207300,120,43.6
207400,120,43.2
207500,120,42.9
207600,120,43.9
207700,120,44.3
207800,120,43.7
207900,120,44.5
208000,120,44.4
208100,120,44.8
208200,120,44.8
208300,120,44.4
208400,120,44.9
208500,150,44.6
208600,150,45.0
208700,150,46.7
208800,150,47.8
208900,150,47.7
209000,150,47.8
209100,150,47.8
209200,150,48.0
209300,150,48.5
209400,150,48.6
209500,150,48.1
209600,150,48.9
209700,150,48.6
209800,150,47.4
209900,150,47.6
210000,30,48.2
210100,30,41.6
210200,30,30.6
210300,30,21.3
210400,30,14.2
210500,30,9.6
210600,30,6.1
210700,30,3.6
210800,30,1.7
210900,30,0.1
211000,30,0.0
211100,30,0.0
211200,30,0.0
211300,30,0.0
211400,30,0.0
211500,150,0.0
211600,150,22.6
211700,150,42.7
211800,150,47.3
211900,150,48.7
212000,150,49.1
212100,150,48.9
212200,150,48.7
212300,150,47.8
212400,150,46.9
212500,150,48.0
212600,150,48.1
212700,150,46.9
212800,150,46.9
212900,150,47.6
213000,120,47.1
213100,120,46.0
213200,120,44.6
213300,120,44.0
213400,120,44.3
213500,120,43.7
213600,120,43.0
213700,120,43.0
213800,120,43.5
213900,120,43.7
214000,120,44.3
214100,120,44.3
214200,120,44.1
214300,120,44.8
214400,120,44.4
214500,90,45.0
214600,90,42.7
214700,90,39.5
214800,90,38.1
214900,90,36.2
215000,90,34.8
215100,90,34.6
215200,90,34.4
215300,90,33.7
215400,90,33.8
215500,90,33.8
215600,90,33.8
215700,90,34.7
215800,90,35.1
215900,90,34.7
216000,30,35.3
216100,30,30.1
216200,30,20.9
216300,30,14.7
216400,30,9.9
216500,30,6.1
216600,30,3.6
216700,30,1.7
216800,30,0.1
216900,30,0.0
217000,30,0.0
217100,30,0.0
217200,30,0.0
217300,30,0.0
217400,30,0.0
217500,90,0.0
217600,90,10.3
217700,90,23.6
217800,90,29.2
217900,90,31.0
218000,90,32.4
218100,90,32.7
218200,90,33.2
218300,90,34.6
218400,90,35.1
218500,90,34.8
218600,90,35.2
218700,90,35.6
218800,90,35.6
218900,90,36.1
219000,150,36.1
219100,150,41.5
219200,150,46.8
219300,150,48.6
219400,150,47.8
219500,150,47.8
219600,150,47.6
219700,150,47.2
219800,150,47.3
219900,150,47.1
220000,150,46.9
220100,150,48.0
220200,150,48.3
220300,150,48.5
220400,150,49.1
220500,90,49.4
220600,90,45.0
220700,90,40.1
220800,90,36.9
220900,90,36.0
221000,90,36.0
221100,90,35.7
221200,90,36.1
221300,90,36.0
221400,90,35.7
221500,90,36.5
221600,90,36.9
221700,90,36.5
221800,90,36.9
221900,90,36.9
222000,30,36.6
222100,30,32.0
222200,30,22.6
222300,30,14.5
222400,30,8.0
222500,30,3.4
222600,30,0.3
222700,30,0.0
222800,30,0.0
222900,30,0.0
223000,30,0.0
223100,30,0.0
223200,30,0.0
223300,30,0.0
223400,30,0.0
223500,60,0.0
223600,60,3.4
223700,60,9.3
223800,60,12.8
223900,60,15.1
224000,60,15.9
224100,60,16.2
224200,60,16.6
224300,60,16.5
224400,60,16.2
224500,60,16.1
224600,60,15.6
224700,60,16.5
224800,60,17.3
224900,60,17.5
225000,30,18.1
225100,30,14.7
225200,30,9.2
225300,30,5.0
225400,30,2.2
225500,30,0.3
225600,30,0.0
225700,30,0.0
225800,30,0.0
225900,30,0.0
226000,30,0.0
226100,30,0.0
226200,30,0.0
226300,30,0.0
226400,30,0.0
226500,120,0.0
226600,120,16.3
226700,120,33.8
226800,120,40.2
226900,120,42.3
227000,120,42.7
227100,120,43.7
227200,120,43.6
227300,120,43.6
227400,120,42.9
227500,120,42.0
227600,120,42.9
227700,120,43.6
227800,120,43.4
227900,120,43.7
228000,30,44.3
228100,30,38.3
228200,30,28.1
228300,30,20.0
228400,30,13.8
228500,30,9.4
228600,30,5.9
228700,30,3.1
228800,30,1.1
228900,30,0.0
229000,30,0.0
229100,30,0.0
229200,30,0.0
229300,30,0.0
229400,30,0.0
229500,150,0.0
229600,150,22.1
229700,150,42.6
229800,150,47.3
229900,150,47.3
230000,150,47.7
230100,150,47.2
230200,150,46.0
230300,150,45.7
230400,150,45.5
230500,150,46.6
230600,150,48.1
230700,150,48.1
230800,150,48.9
230900,150,49.0
231000,120,48.9
231100,120,47.4
231200,120,44.9
231300,120,43.4
231400,120,43.5
231500,120,44.0
231600,120,43.9
231700,120,44.1
231800,120,44.4
231900,120,44.4
232000,120,44.9
232100,120,44.9
232200,120,44.5
232300,120,45.2
232400,120,44.8
232500,30,43.4
232600,30,36.6
232700,30,23.9
232800,30,13.6
232900,30,6.3
233000,30,0.6
233100,30,0.0
233200,30,0.0
233300,30,0.0
233400,30,0.0
233500,30,0.0
233600,30,0.0
233700,30,0.0
233800,30,0.0
233900,30,0.0
234000,150,0.0
234100,150,21.8
234200,150,40.6
234300,150,46.2
234400,150,47.2
234500,150,47.7
234600,150,48.6
234700,150,48.9
234800,150,48.5
234900,150,49.1
235000,150,48.9
235100,150,47.7
235200,150,47.8
235300,150,48.2
235400,150,48.1
235500,90,48.9
235600,90,45.0
235700,90,40.4
235800,90,38.8
235900,90,37.5
236000,90,36.7
236100,90,36.7
236200,90,36.7
236300,90,36.2
236400,90,35.8
236500,90,34.7
236600,90,33.8
236700,90,32.3
236800,90,30.9
236900,90,30.7
237000,60,31.4
237100,60,29.1
237200,60,25.0
237300,60,22.8
237400,60,21.3
237500,60,21.2
237600,60,21.2
237700,60,21.2
237800,60,21.4
237900,60,21.7
238000,60,21.3
238100,60,21.6
238200,60,21.3
238300,60,21.0
238400,60,21.2
238500,150,21.2
238600,150,33.5
238700,150,44.9
238800,150,47.3
238900,150,47.2
239000,150,48.3
239100,150,48.9
239200,150,48.5
239300,150,49.4
239400,150,49.6
239500,150,49.1
239600,150,49.6
239700,150,49.5
239800,150,49.0
239900,150,48.9
240000,90,47.4
240100,90,42.6
240200,90,37.4
240300,90,35.3
240400,90,35.3
240500,90,34.8
240600,90,34.8
240700,90,35.6
240800,90,35.7
240900,90,35.5
241000,90,35.8
241100,90,36.0
241200,90,36.0
241300,90,36.2
241400,90,35.3
241500,150,34.3
241600,150,40.3
241700,150,46.4
241800,150,47.4
241900,150,48.5
242000,150,48.6
242100,150,48.5
242200,150,49.1
242300,150,49.4
242400,150,48.7
242500,150,49.5
242600,150,49.0
242700,150,47.6
242800,150,46.9
242900,150,45.9
243000,30,45.8
243100,30,39.5
243200,30,26.7
243300,30,17.7
243400,30,11.4
243500,30,6.6
243600,30,3.6
243700,30,1.1
243800,30,0.0
243900,30,0.0
244000,30,0.0
244100,30,0.0
244200,30,0.0
244300,30,0.0
244400,30,0.0
244500,120,0.0
244600,120,17.1
244700,120,34.7
244800,120,41.1
244900,120,43.0
245000,120,43.1
245100,120,44.1
245200,120,44.4
245300,120,43.7
245400,120,43.5
245500,120,43.2
245600,120,43.0
245700,120,43.9
245800,120,44.3
245900,120,43.9
246000,60,44.8
246100,60,40.7
246200,60,33.8
246300,60,29.8
246400,60,26.7
246500,60,25.0
246600,60,23.9
246700,60,23.0
246800,60,22.7
246900,60,21.9
247000,60,20.4
247100,60,18.9
247200,60,17.3
247300,60,15.6
247400,60,13.9
247500,90,12.6
247600,90,17.6
247700,90,25.1
247800,90,29.1
247900,90,31.1
248000,90,33.2
248100,90,33.4
248200,90,34.1
248300,90,35.2
248400,90,35.6
248500,90,35.3
248600,90,35.7
248700,90,36.0
248800,90,35.8
248900,90,36.4
249000,30,35.5
249100,30,28.8
249200,30,19.1
249300,30,10.8
249400,30,3.8
249500,30,0.0
249600,30,0.0
249700,30,0.0
249800,30,0.0
249900,30,0.0
250000,30,0.0
250100,30,0.0
250200,30,0.0
250300,30,0.0
250400,30,0.0
250500,60,0.0
250600,60,2.2
250700,60,6.6
250800,60,10.7
250900,60,13.6
251000,60,15.6
251100,60,16.7
251200,60,18.0
251300,60,18.6
251400,60,19.3
251500,60,20.0
251600,60,19.9
251700,60,19.6
251800,60,20.2
251900,60,20.7
252000,120,20.8
252100,120,29.8
252200,120,39.0
252300,120,41.8
252400,120,43.4
252500,120,44.0
252600,120,43.7
252700,120,43.4
252800,120,41.3
252900,120,39.2
253000,120,39.0
253100,120,39.9
253200,120,41.7
253300,120,42.1
253400,120,42.7
253500,150,44.1
253600,150,46.7
253700,150,48.1
253800,150,49.1
253900,150,49.5
254000,150,48.9
254100,150,48.7
254200,150,48.5
254300,150,48.2
254400,150,49.2
254500,150,49.4
254600,150,49.0
254700,150,49.7
254800,150,49.7
254900,150,49.2
255000,90,49.6
255100,90,46.4
255200,90,40.8
255300,90,36.4
255400,90,33.3
255500,90,31.2
255600,90,31.6
255700,90,32.5
255800,90,33.3
255900,90,33.9
256000,90,34.2
256100,90,35.3
256200,90,35.8
256300,90,35.7
256400,90,36.1
256500,120,36.1
256600,120,38.8
256700,120,42.6
256800,120,43.2
256900,120,42.5
257000,120,42.6
257100,120,42.9
257200,120,43.0
257300,120,43.9
257400,120,43.7
257500,120,43.7
257600,120,44.5
257700,120,44.8
257800,120,44.1
257900,120,44.6
258000,90,44.9
258100,90,42.0
258200,90,36.6
258300,90,32.5
258400,90,28.8
258500,90,28.7
258600,90,29.6
258700,90,30.2
258800,90,32.1
258900,90,33.0
259000,90,33.9
259100,90,35.5
259200,90,35.8
259300,90,36.4
259400,90,36.1
259500,30,35.6
259600,30,31.1
259700,30,22.6
259800,30,15.9
259900,30,11.1
260000,30,7.5
260100,30,4.5
260200,30,2.3
260300,30,0.1
260400,30,0.0
260500,30,0.0
260600,30,0.0
260700,30,0.0
260800,30,0.0
260900,30,0.0
261000,90,0.0
261100,90,10.8
261200,90,23.9
261300,90,29.2
261400,90,32.0
261500,90,33.0
261600,90,33.7
261700,90,34.9
261800,90,35.6
261900,90,35.6
262000,90,36.0
262100,90,36.4
262200,90,36.4
262300,90,36.9
262400,90,36.5
262500,60,36.9
262600,60,33.9
262700,60,29.6
262800,60,26.8
262900,60,23.7
263000,60,19.4
263100,60,17.1
263200,60,15.7
263300,60,14.7
263400,60,13.1
263500,60,12.0
263600,60,11.5
263700,60,12.2
263800,60,13.0
263900,60,13.5
264000,120,14.5
264100,120,25.1
264200,120,36.5
264300,120,41.1
264400,120,43.1
264500,120,43.6
264600,120,44.4
264700,120,44.6
264800,120,44.3
264900,120,45.0
265000,120,44.9
265100,120,43.5
265200,120,43.1
265300,120,43.0
265400,120,43.2
265500,90,44.1
265600,90,41.5
265700,90,39.2
265800,90,38.1
265900,90,37.4
266000,90,37.2
266100,90,37.0
266200,90,36.6
266300,90,37.1
266400,90,36.7
266500,90,34.6
266600,90,31.1
266700,90,29.3
266800,90,27.8
266900,90,27.9
267000,60,28.7
267100,60,26.0
267200,60,22.6
267300,60,21.3
267400,60,20.4
267500,60,20.8
267600,60,21.0
267700,60,21.2
267800,60,21.7
267900,60,21.8
268000,60,21.4
268100,60,21.7
268200,60,21.7
268300,60,21.2
268400,60,21.6
268500,30,21.7
268600,30,18.1
268700,30,12.9
268800,30,8.7
268900,30,5.7
269000,30,3.4
269100,30,1.9
269200,30,0.5
269300,30,0.0
269400,30,0.1
269500,30,0.0
269600,30,0.0
269700,30,0.0
269800,30,0.0
269900,30,0.0
270000,120,0.0
270100,120,17.0
270200,120,34.8
270300,120,39.9
270400,120,41.8
270500,120,42.5
270600,120,42.9
270700,120,43.7
270800,120,44.0
270900,120,43.9
271000,120,44.6
271100,120,44.9
271200,120,44.1
271300,120,44.6
271400,120,44.9
271500,30,43.7
271600,30,35.1
271700,30,22.1
271800,30,11.4
271900,30,3.1
272000,30,0.0
272100,30,0.0
272200,30,0.0
272300,30,0.0
272400,30,0.0
272500,30,0.0
272600,30,0.0
272700,30,0.0
272800,30,0.0
272900,30,0.0
273000,60,0.0
273100,60,1.5
273200,60,4.3
273300,60,5.6
273400,60,5.9
273500,60,6.1
273600,60,6.6
273700,60,7.1
273800,60,8.2
273900,60,9.4
274000,60,10.6
274100,60,11.4
274200,60,12.0
274300,60,13.0
274400,60,13.8
274500,90,14.8
274600,90,21.3
274700,90,27.8
274800,90,31.6
274900,90,33.8
275000,90,34.8
275100,90,35.6
275200,90,35.5
275300,90,36.0
275400,90,36.2
275500,90,36.2
275600,90,36.7
275700,90,35.6
275800,90,34.3
275900,90,33.5
276000,150,33.4
276100,150,39.8
276200,150,46.0
276300,150,47.7
276400,150,48.3
276500,150,49.4
276600,150,49.6
276700,150,49.0
276800,150,49.7
276900,150,49.5
277000,150,47.1
277100,150,45.2
277200,150,44.1
277300,150,43.5
277400,150,45.4
277500,60,47.3
277600,60,42.5
277700,60,35.2
277800,60,30.4
277900,60,27.0
278000,60,25.4
278100,60,23.7
278200,60,22.4
278300,60,22.4
278400,60,22.2
278500,60,22.4
278600,60,22.4
278700,60,22.3
278800,60,22.1
278900,60,20.9
279000,90,20.0
279100,90,24.1
279200,90,29.5
279300,90,31.8
279400,90,33.9
279500,90,34.9
279600,90,34.9
279700,90,35.3
279800,90,35.8
279900,90,35.8
280000,90,36.6
280100,90,36.6
280200,90,36.2
280300,90,36.7
280400,90,36.6
280500,30,35.5
280600,30,28.4
280700,30,16.8
280800,30,8.3
280900,30,2.0
281000,30,0.0
281100,30,0.0
281200,30,0.0
281300,30,0.0
281400,30,0.0
281500,30,0.0
281600,30,0.0
281700,30,0.0
281800,30,0.0
281900,30,0.0
282000,150,0.0
282100,150,20.9
282200,150,38.9
282300,150,43.5
282400,150,46.2
282500,150,47.1
282600,150,48.5
282700,150,49.1
282800,150,48.9
282900,150,49.5
283000,150,49.6
283100,150,49.4
283200,150,49.5
283300,150,48.5
283400,150,47.3
283500,30,48.2
283600,30,41.5
283700,30,29.7
283800,30,20.7
283900,30,13.5
284000,30,8.5
284100,30,5.4
284200,30,2.8
284300,30,0.3
284400,30,0.0
284500,30,0.0
284600,30,0.0
284700,30,0.0
284800,30,0.0
284900,30,0.0
285000,150,0.0
285100,150,22.8
285200,150,42.6
285300,150,47.4
285400,150,48.3
285500,150,49.2
285600,150,49.1
285700,150,47.6
285800,150,46.0
285900,150,45.8
286000,150,43.6
286100,150,45.3
286200,150,48.0
286300,150,48.2
286400,150,49.1
286500,90,49.5
286600,90,45.8
286700,90,41.8
286800,90,39.5
286900,90,38.1
287000,90,37.9
287100,90,36.9
287200,90,35.7
287300,90,35.5
287400,90,35.3
287500,90,35.6
287600,90,36.1
287700,90,36.1
287800,90,35.7
287900,90,36.4
288000,30,36.2
288100,30,31.8
288200,30,23.1
288300,30,16.1
288400,30,11.4
288500,30,7.3
288600,30,4.2
288700,30,2.2
288800,30,0.3
288900,30,0.0
289000,30,0.0
289100,30,0.0
289200,30,0.0
289300,30,0.0
289400,30,0.0
289500,120,0.0
289600,120,17.1
289700,120,34.9
289800,120,39.9
289900,120,41.6
290000,120,41.1
290100,120,39.7
290200,120,38.9
290300,120,39.7
290400,120,41.1
290500,120,42.7
290600,120,43.5
290700,120,43.6
290800,120,44.5
290900,120,44.5
291000,150,44.3
291100,150,46.7
291200,150,48.2
291300,150,48.3
291400,150,48.0
291500,150,47.6
291600,150,48.5
291700,150,48.9
291800,150,48.5
291900,150,49.2
292000,150,49.5
292100,150,49.1
292200,150,49.4
292300,150,48.9
292400,150,47.3
292500,30,46.3
292600,30,36.0
292700,30,17.7
292800,30,4.5
292900,30,0.0
293000,30,0.0
293100,30,0.0
293200,30,0.0
293300,30,0.0
293400,30,0.0
293500,30,0.0
293600,30,0.0
293700,30,0.0
293800,30,0.0
293900,30,0.0
294000,60,0.0
294100,60,0.3
294200,60,0.0
294300,60,0.1
294400,60,0.0
294500,60,0.0
294600,60,0.0
294700,60,0.0
294800,60,0.0
294900,60,0.1
295000,60,0.0
295100,60,0.0
295200,60,0.0
295300,60,0.0
295400,60,0.0
295500,120,0.0
295600,120,13.6
295700,120,30.5
295800,120,38.4
295900,120,41.5
296000,120,43.1
296100,120,43.6
296200,120,43.6
296300,120,44.4
296400,120,44.4
296500,120,44.1
296600,120,45.2
296700,120,45.0
296800,120,43.9
296900,120,44.0
297000,90,43.6
297100,90,41.3
297200,90,39.0
297300,90,37.4
297400,90,36.4
297500,90,36.5
297600,90,36.2
297700,90,36.7
297800,90,36.9
297900,90,36.2
298000,90,36.1
298100,90,35.8
298200,90,35.2
298300,90,33.8
298400,90,32.3
298500,60,29.7
298600,60,24.9
298700,60,20.4
298800,60,18.6
298900,60,18.7
299000,60,18.7
299100,60,19.0
299200,60,19.3
299300,60,19.4
299400,60,19.6
299500,60,20.2
299600,60,20.4
299700,60,20.5
299800,60,21.2
299900,60,21.2
300000,120,21.2
300100,120,30.0
300200,120,39.4
300300,120,42.3
300400,120,44.1
300500,120,43.9
300600,120,42.7
300700,120,42.9
300800,120,42.7
300900,120,43.6
301000,120,44.0
301100,120,43.5
301200,120,44.3
301300,120,44.8
301400,120,44.4
301500,150,44.9
301600,150,45.7
301700,150,46.3
301800,150,47.1
301900,150,45.2
302000,150,43.7
302100,150,46.2
302200,150,48.5
302300,150,48.5
302400,150,49.2
302500,150,49.5
302600,150,49.4
302700,150,49.9
302800,150,50.0
302900,150,49.6
303000,60,49.9
303100,60,44.1
303200,60,35.2
303300,60,29.8
303400,60,26.8
303500,60,24.7
303600,60,23.9
303700,60,23.1
303800,60,21.9
303900,60,21.6
304000,60,21.3
304100,60,21.4
304200,60,21.6
304300,60,21.6
304400,60,22.1
304500,150,22.2
304600,150,34.2
304700,150,45.0
304800,150,47.4
304900,150,48.1
305000,150,47.2
305100,150,46.3
305200,150,45.9
305300,150,47.2
305400,150,48.3
305500,150,48.3
305600,150,49.1
305700,150,49.5
305800,150,49.2
305900,150,49.7
306000,120,50.1
306100,120,47.7
306200,120,45.2
306300,120,43.9
306400,120,43.0
306500,120,43.9
306600,120,44.3
306700,120,43.7
306800,120,44.4
306900,120,44.8
307000,120,44.6
307100,120,44.8
307200,120,43.4
307300,120,43.0
307400,120,43.2
307500,90,41.2
307600,90,37.0
307700,90,33.2
307800,90,33.3
307900,90,34.8
308000,90,35.6
308100,90,35.5
308200,90,35.6
308300,90,36.0
308400,90,36.1
308500,90,36.9
308600,90,37.0
308700,90,36.4
308800,90,37.1
308900,90,37.2
309000,60,37.1
309100,60,34.2
309200,60,28.8
309300,60,25.3
309400,60,23.1
309500,60,21.7
309600,60,21.2
309700,60,21.3
309800,60,21.2
309900,60,21.0
310000,60,21.3
310100,60,20.8
310200,60,20.5
310300,60,20.9
310400,60,20.8
310500,150,21.2
310600,150,34.4
310700,150,45.4
310800,150,48.1
310900,150,48.7
311000,150,48.7
311100,150,47.8
311200,150,46.2
311300,150,45.7
311400,150,47.7
311500,150,48.7
311600,150,48.3
311700,150,49.2
311800,150,49.6
311900,150,49.2
312000,120,49.9
312100,120,48.2
312200,120,45.7
312300,120,44.5
312400,120,43.7
312500,120,42.7
312600,120,43.6
312700,120,44.0
312800,120,43.7
312900,120,44.3
313000,120,44.6
313100,120,44.5
313200,120,44.8
313300,120,43.4
313400,120,42.1
313500,60,43.4
313600,60,37.6
313700,60,28.1
313800,60,22.7
313900,60,20.3
314000,60,18.9
314100,60,18.6
314200,60,19.0
314300,60,19.9
314400,60,20.3
314500,60,20.3
314600,60,20.7
314700,60,20.8
314800,60,20.3
314900,60,20.4
315000,150,20.8
315100,150,33.4
315200,150,45.5
315300,150,48.3
315400,150,49.0
315500,150,49.9
315600,150,50.0
315700,150,48.7
315800,150,48.9
315900,150,48.9
316000,150,48.9
316100,150,49.4
316200,150,49.2
316300,150,49.0
316400,150,49.6
316500,30,49.4
316600,30,41.8
316700,30,31.1
316800,30,22.2
316900,30,15.4
317000,30,9.2
317100,30,3.2
317200,30,0.0
317300,30,0.0
317400,30,0.0
317500,30,0.0
317600,30,0.0
317700,30,0.0
317800,30,0.0
317900,30,0.0
318000,150,0.0
318100,150,22.1
318200,150,40.6
318300,150,44.1
318400,150,46.2
318500,150,47.7
318600,150,48.2
318700,150,49.0
318800,150,49.2
318900,150,49.2
319000,150,49.9
319100,150,49.9
319200,150,49.4
319300,150,49.6
319400,150,48.7
319500,30,47.8
319600,30,41.6
319700,30,30.2
319800,30,20.9
319900,30,14.5
320000,30,8.9
320100,30,5.0
320200,30,1.3
320300,30,0.0
320400,30,0.0
320500,30,0.0
320600,30,0.0
320700,30,0.0
320800,30,0.0
320900,30,0.0
321000,150,0.0
321100,150,22.7
321200,150,42.0
321300,150,47.1
321400,150,48.9
321500,150,48.1
321600,150,47.3
321700,150,47.7
321800,150,47.7
321900,150,47.4
322000,150,47.8
322100,150,47.6
322200,150,48.5
322300,150,49.0
322400,150,48.5
322500,120,49.2
322600,120,48.1
322700,120,45.4
322800,120,45.4
322900,120,45.3
323000,120,45.8
323100,120,45.8
323200,120,44.4
323300,120,43.9
323400,120,43.9
323500,120,43.9
323600,120,44.4
323700,120,44.3
323800,120,44.0
323900,120,44.5
324000,150,44.1
324100,150,45.3
324200,150,48.0
324300,150,48.9
324400,150,47.2
324500,150,47.2
324600,150,47.4
324700,150,48.0
324800,150,48.9
324900,150,48.9
325000,150,48.9
325100,150,49.6
325200,150,49.9
325300,150,49.2
325400,150,50.0
325500,30,49.7
325600,30,41.7
325700,30,29.7
325800,30,19.0
325900,30,11.4
326000,30,5.7
326100,30,1.8
326200,30,0.0
326300,30,0.0
326400,30,0.0
326500,30,0.0
326600,30,0.0
326700,30,0.0
326800,30,0.0
326900,30,0.0
327000,90,0.0
327100,90,9.9
327200,90,23.2
327300,90,29.2
327400,90,32.5
327500,90,34.2
327600,90,34.6
327700,90,35.5
327800,90,36.0
327900,90,35.6
328000,90,34.7
328100,90,32.9
328200,90,32.4
328300,90,33.7
328400,90,34.4
328500,30,34.1
328600,30,28.7
328700,30,19.1
328800,30,12.0
328900,30,6.6
329000,30,2.6
329100,30,0.0
329200,30,0.0
329300,30,0.0
329400,30,0.0
329500,30,0.0
329600,30,0.0
329700,30,0.0
329800,30,0.0
329900,30,0.0
330000,90,0.0
330100,90,9.8
330200,90,22.1
330300,90,28.6
330400,90,32.1
330500,90,33.9
330600,90,35.3
330700,90,35.6
330800,90,35.5
330900,90,36.2
331000,90,36.9
331100,90,36.7
331200,90,37.2
331300,90,37.2
331400,90,37.1
331500,30,37.5
331600,30,32.1
331700,30,22.1
331800,30,14.9
331900,30,8.9
332000,30,4.7
332100,30,1.5
332200,30,0.0
332300,30,0.0
332400,30,0.0
332500,30,0.0
332600,30,0.0
332700,30,0.0
332800,30,0.0
332900,30,0.0
333000,60,0.0
333100,60,3.7
333200,60,9.3
333300,60,12.9
333400,60,14.5
333500,60,16.5
333600,60,18.0
333700,60,18.6
333800,60,19.9
333900,60,20.3
334000,60,20.3
334100,60,20.5
334200,60,20.3
334300,60,20.2
334400,60,20.5
334500,150,20.5
334600,150,32.9
334700,150,44.5
334800,150,46.7
334900,150,47.4
335000,150,48.7
335100,150,48.5
335200,150,46.9
335300,150,47.3
335400,150,48.1
335500,150,48.3
335600,150,48.9
335700,150,49.2
335800,150,49.0
335900,150,49.7
336000,90,49.4
336100,90,46.4
336200,90,42.1
336300,90,39.0
336400,90,37.1
336500,90,35.8
336600,90,34.4
336700,90,34.7
336800,90,34.9
336900,90,35.1
337000,90,35.5
337100,90,35.7
337200,90,35.7
337300,90,36.0
337400,90,34.8
337500,120,32.8
337600,120,36.1
337700,120,40.4
337800,120,42.3
337900,120,43.9
338000,120,43.7
338100,120,43.1
338200,120,43.2
338300,120,43.7
338400,120,43.9
338500,120,44.4
338600,120,44.5
338700,120,44.6
338800,120,45.2
338900,120,45.3
339000,150,45.3
339100,150,47.7
339200,150,48.7
339300,150,49.0
339400,150,48.6
339500,150,48.3
339600,150,49.2
339700,150,49.2
339800,150,48.5
339900,150,49.0
340000,150,49.0
340100,150,48.3
340200,150,49.0
340300,150,49.2
340400,150,48.2
340500,30,48.2
340600,30,40.6
340700,30,28.4
340800,30,19.8
340900,30,13.0
341000,30,7.1
341100,30,3.6
341200,30,1.3
341300,30,0.0
341400,30,0.0
341500,30,0.0
341600,30,0.0
341700,30,0.0
341800,30,0.0
341900,30,0.0
342000,60,0.0
342100,60,4.0
342200,60,10.6
342300,60,14.8
342400,60,16.6
342500,60,18.0
342600,60,18.9
342700,60,19.6
342800,60,20.7
342900,60,21.2
343000,60,21.6
343100,60,21.8
343200,60,21.8
343300,60,21.6
343400,60,21.8
343500,90,21.7
343600,90,25.8
343700,90,31.8
343800,90,34.4
343900,90,34.7
344000,90,34.4
344100,90,33.9
344200,90,33.0
344300,90,33.9
344400,90,34.4
344500,90,34.4
344600,90,35.2
344700,90,35.5
344800,90,34.9
344900,90,34.6
345000,150,33.4
345100,150,39.0
345200,150,45.3
345300,150,47.6
345400,150,48.5
345500,150,49.0
345600,150,48.0
345700,150,48.3
345800,150,48.9
345900,150,48.7
346000,150,49.4
346100,150,49.6
346200,150,49.4
346300,150,50.1
346400,150,50.1
346500,90,49.6
346600,90,46.7
346700,90,41.6
346800,90,38.0
346900,90,36.5
347000,90,35.8
347100,90,35.6
347200,90,36.1
347300,90,35.7
347400,90,34.8
347500,90,35.1
347600,90,35.2
347700,90,35.1
347800,90,35.2
347900,90,35.2
348000,150,35.2
348100,150,41.8
348200,150,46.7
348300,150,46.9
348400,150,47.4
348500,150,48.1
348600,150,48.1
348700,150,48.9
348800,150,48.5
348900,150,49.4
349000,150,49.7
349100,150,49.1
349200,150,49.7
349300,150,49.9
349400,150,48.9
349500,60,48.5
349600,60,42.0
349700,60,33.2
349800,60,28.3
349900,60,25.3
350000,60,23.6
350100,60,22.2
350200,60,21.0
350300,60,20.2
350400,60,19.1
350500,60,18.2
350600,60,17.6
350700,60,17.0
350800,60,16.6
350900,60,16.3
351000,120,16.8
351100,120,25.9
351200,120,36.2
351300,120,41.5
351400,120,43.7
351500,120,43.6
351600,120,43.5
351700,120,43.2
351800,120,42.9
351900,120,44.0
352000,120,43.9
352100,120,44.4
352200,120,44.5
352300,120,44.4
352400,120,45.2
352500,30,45.0
352600,30,39.4
352700,30,30.1
352800,30,22.2
352900,30,15.8
353000,30,10.8
353100,30,6.5
353200,30,2.7
353300,30,0.1
353400,30,0.0
353500,30,0.0
353600,30,0.0
353700,30,0.0
353800,30,0.0
353900,30,0.0
354000,120,0.0
354100,120,16.2
354200,120,33.8
354300,120,39.8
354400,120,41.2
354500,120,43.1
354600,120,43.5
354700,120,42.5
354800,120,42.9
354900,120,43.4
355000,120,43.4
355100,120,43.7
355200,120,43.4
355300,120,44.3
355400,120,44.3
355500,150,43.1
355600,150,45.3
355700,150,47.1
355800,150,47.4
355900,150,48.6
356000,150,48.7
356100,150,48.5
356200,150,49.4
356300,150,49.6
356400,150,49.4
356500,150,50.0
356600,150,50.0
356700,150,48.2
356800,150,47.8
356900,150,48.0
357000,120,48.1
357100,120,46.4
357200,120,43.5
357300,120,42.1
357400,120,42.6
357500,120,42.9
357600,120,42.1
357700,120,43.6
357800,120,44.5
357900,120,44.1
358000,120,44.0
358100,120,43.4
358200,120,42.6
358300,120,43.6
358400,120,43.6
358500,90,44.3
358600,90,42.0
358700,90,38.9
358800,90,38.3
358900,90,37.9
359000,90,37.2
359100,90,37.6
359200,90,37.8
359300,90,37.1
359400,90,37.0
359500,90,35.8
359600,90,34.6
359700,90,34.3
359800,90,34.9
359900,90,34.6
360000,120,34.3
360100,120,36.9
360200,120,40.6
360300,120,42.7
360400,120,43.6
360500,120,43.5
360600,120,44.1
360700,120,44.4
360800,120,44.0
360900,120,43.6
361000,120,42.9
361100,120,42.1
361200,120,43.1
361300,120,43.6
361400,120,43.2
361500,90,44.0
361600,90,41.6
361700,90,39.7
361800,90,38.4
361900,90,37.5
362000,90,37.6
362100,90,37.5
362200,90,36.9
362300,90,36.0
362400,90,34.8
362500,90,33.2
362600,90,33.4
362700,90,33.8
362800,90,33.4
362900,90,33.5
363000,30,32.3
363100,30,26.1
363200,30,16.3
363300,30,8.9
363400,30,3.3
363500,30,0.1
363600,30,0.0
363700,30,0.0
363800,30,0.0
363900,30,0.0
364000,30,0.0
364100,30,0.0
364200,30,0.0
364300,30,0.0
364400,30,0.0
364500,60,0.0
364600,60,2.8
364700,60,8.2
364800,60,12.5
364900,60,14.9
365000,60,15.9
365100,60,16.3
365200,60,17.9
365300,60,19.0
365400,60,19.9
365500,60,20.8
365600,60,21.2
365700,60,21.4
365800,60,21.7
365900,60,21.7
366000,120,21.3
366100,120,29.6
366200,120,38.5
366300,120,40.7
366400,120,42.1
366500,120,43.4
366600,120,43.6
366700,120,44.1
366800,120,44.3
366900,120,44.1
367000,120,45.2
367100,120,44.9
367200,120,44.8
367300,120,45.5
367400,120,46.2
367500,150,44.6
367600,150,46.3
367700,150,47.6
367800,150,47.2
367900,150,47.6
368000,150,47.4
368100,150,48.6
368200,150,49.0
368300,150,48.7
368400,150,49.4
368500,150,49.7
368600,150,49.0
368700,150,48.5
368800,150,47.6
368900,150,47.3
369000,30,48.5
369100,30,42.1
369200,30,30.1
369300,30,21.6
369400,30,14.5
369500,30,9.6
369600,30,6.3
369700,30,4.0
369800,30,2.0
369900,30,0.6
370000,30,0.0
370100,30,0.0
370200,30,0.0
370300,30,0.0
370400,30,0.0
370500,60,0.0
370600,60,4.3
370700,60,11.2
370800,60,15.4
370900,60,17.7
371000,60,19.3
371100,60,20.4
371200,60,21.0
371300,60,21.4
371400,60,21.9
371500,60,22.1
371600,60,22.3
371700,60,22.2
371800,60,21.2
371900,60,20.0
372000,30,18.6
372100,30,14.2
372200,30,7.0
372300,30,0.9
372400,30,0.0
372500,30,0.0
372600,30,0.0
372700,30,0.0
372800,30,0.0
372900,30,0.0
373000,30,0.0
373100,30,0.0
373200,30,0.0
373300,30,0.0
373400,30,0.0
373500,150,0.0
373600,150,21.0
373700,150,40.3
373800,150,45.4
373900,150,45.5
374000,150,46.0
374100,150,46.3
374200,150,46.7
374300,150,48.2
374400,150,48.6
374500,150,49.6
374600,150,49.6
374700,150,49.1
374800,150,49.0
374900,150,48.3
375000,30,48.0
375100,30,42.5
375200,30,31.2
375300,30,21.7
375400,30,14.9
375500,30,9.7
375600,30,5.6
375700,30,2.9
375800,30,1.1
375900,30,0.1
376000,30,0.0
376100,30,0.0
376200,30,0.0
376300,30,0.0
376400,30,0.0
376500,60,0.0
376600,60,3.7
376700,60,10.2
376800,60,14.3
376900,60,17.1
377000,60,18.9
377100,60,20.2
377200,60,20.9
377300,60,21.6
377400,60,21.7
377500,60,22.3
377600,60,22.2
377700,60,22.7
377800,60,22.6
377900,60,22.3
378000,120,22.3
378100,120,30.4
378200,120,38.0
378300,120,40.9
378400,120,41.3
378500,120,40.8
378600,120,41.1
378700,120,41.8
378800,120,42.3
378900,120,43.5
379000,120,44.1
379100,120,44.1
379200,120,44.6
379300,120,45.0
379400,120,44.4
379500,30,43.7
379600,30,36.2
379700,30,22.7
379800,30,13.8
379900,30,7.5
380000,30,2.6
380100,30,0.0
380200,30,0.0
380300,30,0.0
380400,30,0.0
380500,30,0.0
380600,30,0.0
380700,30,0.0
380800,30,0.0
380900,30,0.0
381000,120,0.0
381100,120,15.7
381200,120,33.5
381300,120,40.1
381400,120,41.7
381500,120,43.4
381600,120,44.0
381700,120,44.1
381800,120,44.8
381900,120,45.0
382000,120,44.9
382100,120,45.2
382200,120,44.1
382300,120,42.6
382400,120,41.6
382500,90,40.3
382600,90,35.6
382700,90,32.7
382800,90,31.9
382900,90,32.4
383000,90,33.3
383100,90,34.6
383200,90,35.1
383300,90,36.4
383400,90,36.7
383500,90,36.4
383600,90,36.9
383700,90,36.9
383800,90,35.8
383900,90,35.3
384000,60,34.2
384100,60,30.9
384200,60,26.7
384300,60,24.1
384400,60,23.0
384500,60,21.9
384600,60,20.8
384700,60,20.7
384800,60,20.8
384900,60,20.7
385000,60,21.0
385100,60,21.6
385200,60,21.6
385300,60,22.1
385400,60,22.2
385500,120,21.6
385600,120,30.5
385700,120,39.8
385800,120,42.7
385900,120,44.3
386000,120,43.6
386100,120,42.1
386200,120,40.9
386300,120,40.6
386400,120,40.9
386500,120,42.2
386600,120,42.9
386700,120,43.2
386800,120,44.3
386900,120,44.6
387000,60,44.4
387100,60,41.1
387200,60,33.9
387300,60,28.7
387400,60,24.4
387500,60,21.2
387600,60,18.5
387700,60,16.2
387800,60,15.7
387900,60,16.5
388000,60,17.0
388100,60,17.7
388200,60,18.4
388300,60,18.6
388400,60,18.9
388500,90,18.7
388600,90,23.7
388700,90,29.6
388800,90,32.8
388900,90,34.8
389000,90,35.5
389100,90,36.5
389200,90,36.7
389300,90,36.7
389400,90,37.2
389500,90,36.6
389600,90,34.9
389700,90,34.1
389800,90,31.6
389900,90,28.8
390000,60,27.0
390100,60,22.2
390200,60,15.8
390300,60,14.3
390400,60,14.4
390500,60,14.4
390600,60,15.6
390700,60,16.3
390800,60,17.6
390900,60,17.9
391000,60,18.2
391100,60,19.4
391200,60,20.3
391300,60,20.7
391400,60,21.4
391500,120,21.8
391600,120,30.0
391700,120,39.4
391800,120,43.1
391900,120,43.9
392000,120,44.0
392100,120,43.5
392200,120,42.3
392300,120,43.6
392400,120,44.1
392500,120,43.7
392600,120,44.5
392700,120,44.8
392800,120,44.8
392900,120,45.5
393000,150,46.3
393100,150,46.8
393200,150,49.1
393300,150,48.7
393400,150,46.7
393500,150,45.8
393600,150,45.8
393700,150,46.4
393800,150,47.7
393900,150,48.2
394000,150,49.2
394100,150,49.5
394200,150,49.2
394300,150,49.9
394400,150,49.6
394500,90,48.2
394600,90,43.5
394700,90,38.0
394800,90,35.8
394900,90,35.7
395000,90,35.5
395100,90,35.2
395200,90,35.8
395300,90,36.2
395400,90,36.2
395500,90,36.9
395600,90,37.0
395700,90,36.7
395800,90,37.2
395900,90,36.9
396000,120,35.1
396100,120,36.9
396200,120,37.1
396300,120,35.7
396400,120,36.5
396500,120,38.6
396600,120,40.4
396700,120,42.1
396800,120,43.0
396900,120,44.6
397000,120,45.0
397100,120,44.8
397200,120,45.4
397300,120,45.7
397400,120,45.5
397500,60,44.8
397600,60,38.5
397700,60,30.6
397800,60,26.8
397900,60,24.6
398000,60,22.8
398100,60,22.1
398200,60,21.6
398300,60,21.4
398400,60,21.4
398500,60,21.6
398600,60,21.6
398700,60,22.2
398800,60,22.2
398900,60,22.1
399000,30,21.8
399100,30,18.7
399200,30,13.0
399300,30,8.9
399400,30,5.7
399500,30,3.3
399600,30,1.8
399700,30,0.3
399800,30,0.0
399900,30,-0.1
400000,30,0.0
400100,30,0.0
400200,30,0.0
400300,30,0.0
400400,30,0.0
400500,90,0.0
400600,90,10.5
400700,90,24.5
400800,90,31.1
400900,90,33.5
401000,90,34.1
401100,90,32.3
401200,90,28.8
401300,90,28.4
401400,90,29.3
401500,90,30.0
401600,90,31.5
401700,90,32.4
401800,90,33.0
401900,90,34.2
402000,120,35.3
402100,120,38.5
402200,120,42.7
402300,120,44.1
402400,120,44.5
402500,120,44.8
402600,120,43.5
402700,120,42.0
402800,120,41.5
402900,120,42.2
403000,120,42.6
403100,120,43.5
403200,120,43.5
403300,120,44.4
403400,120,44.9
403500,90,44.6
403600,90,42.7
403700,90,40.2
403800,90,38.5
403900,90,37.4
404000,90,34.7
404100,90,30.2
404200,90,25.3
404300,90,22.8
404400,90,23.5
404500,90,25.8
404600,90,27.9
404700,90,30.0
404800,90,31.5
404900,90,33.0
405000,60,34.2
405100,60,32.9
405200,60,29.1
405300,60,26.3
405400,60,24.9
405500,60,23.9
405600,60,23.0
405700,60,23.1
405800,60,23.2
405900,60,22.7
406000,60,22.4
406100,60,21.7
406200,60,20.2
406300,60,19.6
406400,60,18.6
406500,120,17.3
406600,120,26.1
406700,120,36.9
406800,120,41.7
406900,120,43.2
407000,120,43.6
407100,120,44.5
407200,120,45.2
407300,120,44.9
407400,120,45.5
407500,120,45.5
407600,120,45.9
407700,120,45.0
407800,120,42.2
407900,120,39.2
408000,150,39.0
408100,150,42.6
408200,150,45.7
408300,150,47.4
408400,150,48.7
408500,150,48.9
408600,150,49.6
408700,150,49.7
408800,150,49.5
408900,150,49.7
409000,150,48.6
409100,150,46.6
409200,150,46.6
409300,150,48.0
409400,150,48.0
409500,120,49.0
409600,120,47.1
409700,120,46.0
409800,120,45.3
409900,120,45.3
410000,120,45.3
410100,120,46.2
410200,120,43.6
410300,120,39.4
410400,120,35.7
410500,120,35.2
410600,120,37.2
410700,120,39.0
410800,120,40.4
410900,120,42.9
411000,90,44.1
411100,90,42.1
411200,90,39.7
411300,90,38.4
411400,90,37.4
411500,90,37.8
411600,90,37.6
411700,90,36.4
411800,90,35.6
411900,90,34.2
412000,90,33.2
412100,90,34.2
412200,90,34.9
412300,90,34.8
412400,90,35.6
412500,150,36.1
412600,150,41.8
412700,150,47.1
412800,150,48.1
412900,150,49.4
413000,150,49.7
413100,150,48.3
413200,150,46.2
413300,150,44.4
413400,150,44.1
413500,150,46.2
413600,150,47.1
413700,150,47.7
413800,150,49.0
413900,150,49.5
414000,120,49.1
414100,120,48.0
414200,120,46.6
414300,120,44.8
414400,120,43.7
414500,120,42.2
414600,120,40.9
414700,120,42.3
414800,120,42.9
414900,120,43.0
415000,120,44.0
415100,120,44.5
415200,120,44.3
415300,120,44.8
415400,120,44.9
415500,30,44.8
415600,30,39.2
415700,30,24.7
415800,30,9.2
415900,30,0.0
416000,30,0.0
416100,30,0.0
416200,30,0.0
416300,30,0.0
416400,30,0.0
416500,30,0.0
416600,30,0.0
416700,30,0.0
416800,30,0.0
416900,30,0.0
417000,150,0.0
417100,150,19.4
417200,150,36.4
417300,150,40.3
417400,150,42.5
417500,150,44.1
417600,150,46.7
417700,150,48.3
417800,150,48.7
417900,150,49.6
418000,150,49.7
418100,150,49.4
418200,150,50.1
418300,150,50.0
418400,150,48.6
418500,30,48.5
418600,30,41.3
418700,30,29.8
418800,30,21.0
418900,30,13.6
419000,30,8.5
419100,30,4.6
419200,30,1.4
419300,30,0.0
419400,30,0.0
419500,30,0.0
419600,30,0.0
419700,30,0.0
419800,30,0.0
419900,30,0.0
420000,90,0.0
420100,90,9.8
420200,90,23.3
420300,90,30.1
420400,90,33.2
420500,90,35.2
420600,90,36.0
420700,90,36.0
420800,90,36.5
420900,90,36.9
421000,90,36.5
421100,90,35.5
421200,90,32.8
421300,90,30.6
421400,90,28.1
421500,30,26.8
421600,30,19.8
421700,30,8.4
421800,30,0.9
421900,30,0.0
422000,30,0.0
422100,30,0.0
422200,30,0.0
422300,30,0.0
422400,30,0.0
422500,30,0.0
422600,30,0.0
422700,30,0.0
422800,30,0.0
422900,30,0.0
423000,60,0.0
423100,60,1.5
423200,60,5.0
423300,60,8.2
423400,60,9.9
423500,60,11.2
423600,60,13.0
423700,60,15.4
423800,60,16.3
423900,60,17.0
424000,60,18.2
424100,60,19.1
424200,60,19.4
424300,60,20.3
424400,60,20.8
424500,90,20.7
424600,90,25.1
424700,90,30.9
424800,90,33.4
424900,90,35.3
425000,90,36.4
425100,90,36.5
425200,90,35.6
425300,90,34.6
425400,90,32.9
425500,90,32.9
425600,90,33.2
425700,90,34.6
425800,90,34.9
425900,90,34.9
426000,120,35.8
426100,120,39.0
426200,120,42.3
426300,120,43.9
426400,120,44.6
426500,120,44.5
426600,120,44.5
426700,120,41.7
426800,120,37.9
426900,120,36.9
427000,120,36.0
427100,120,36.6
427200,120,39.4
427300,120,42.2
427400,120,43.2
427500,30,44.4
427600,30,38.5
427700,30,27.9
427800,30,20.2
427900,30,14.0
428000,30,9.6
428100,30,6.0
428200,30,3.6
428300,30,1.5
428400,30,0.1
428500,30,0.0
428600,30,0.0
428700,30,0.1
428800,30,0.0
428900,30,0.0
429000,60,0.0
429100,60,4.0
429200,60,11.1
429300,60,15.4
429400,60,17.9
429500,60,20.2
429600,60,21.2
429700,60,21.6
429800,60,21.6
429900,60,20.4
430000,60,19.6
430100,60,19.4
430200,60,18.6
430300,60,17.3
430400,60,17.6
430500,30,18.2
430600,30,15.3
430700,30,10.2
430800,30,6.0
430900,30,3.2
431000,30,0.9
431100,30,0.0
431200,30,0.0
431300,30,0.0
431400,30,0.0
431500,30,0.0
431600,30,0.0
431700,30,0.0
431800,30,0.0
431900,30,0.0
432000,90,0.0
432100,90,9.7
432200,90,22.8
432300,90,29.1
432400,90,32.7
432500,90,34.4
432600,90,34.8
432700,90,36.0
432800,90,36.2
432900,90,35.5
433000,90,36.2
433100,90,36.5
433200,90,35.5
433300,90,34.2
433400,90,32.1
433500,120,30.1
433600,120,31.8
433700,120,35.8
433800,120,38.0
433900,120,40.9
434000,120,42.6
434100,120,43.2
434200,120,44.3
434300,120,44.4
434400,120,44.1
434500,120,44.8
434600,120,45.4
434700,120,44.4
434800,120,43.6
434900,120,42.5
435000,150,41.3
435100,150,44.6
435200,150,46.7
435300,150,48.2
435400,150,49.0
435500,150,48.9
435600,150,49.4
435700,150,49.5
435800,150,49.0
435900,150,48.7
436000,150,45.4
436100,150,43.4
436200,150,42.5
436300,150,43.2
436400,150,45.5
436500,120,48.3
436600,120,47.1
436700,120,44.6
436800,120,45.0
436900,120,44.9
437000,120,44.4
437100,120,45.3
437200,120,45.4
437300,120,44.6
437400,120,44.1
437500,120,43.2
437600,120,43.1
437700,120,44.0
437800,120,44.1
437900,120,44.0
438000,30,44.6
438100,30,38.8
438200,30,28.2
438300,30,20.0
438400,30,13.9
438500,30,9.4
438600,30,6.0
438700,30,3.3
438800,30,1.1
438900,30,0.0
439000,30,0.0
439100,30,0.0
439200,30,0.0
439300,30,0.0
439400,30,0.0
439500,150,0.0
439600,150,22.4
439700,150,42.5
439800,150,47.1
439900,150,46.0
440000,150,44.8
440100,150,43.7
440200,150,44.4
440300,150,46.3
440400,150,47.8
440500,150,48.2
440600,150,49.1
440700,150,49.4
440800,150,49.0
440900,150,49.7
441000,120,49.9
441100,120,46.7
441200,120,44.5
441300,120,42.5
441400,120,42.2
441500,120,43.2
441600,120,43.1
441700,120,43.9
441800,120,44.4
441900,120,44.0
442000,120,44.5
442100,120,44.5
442200,120,43.6
442300,120,43.1
442400,120,40.9
442500,90,38.3
442600,90,32.7
442700,90,26.9
442800,90,26.5
442900,90,30.5
443000,90,33.0
443100,90,34.2
443200,90,35.2
443300,90,35.6
443400,90,35.6
443500,90,36.2
443600,90,36.4
443700,90,36.4
443800,90,37.1
443900,90,37.5
444000,30,37.1
444100,30,31.6
444200,30,21.6
444300,30,13.5
444400,30,7.7
444500,30,2.7
444600,30,-0.1
444700,30,0.0
444800,30,0.0
444900,30,0.0
445000,30,0.0
445100,30,0.0
445200,30,0.0
445300,30,0.0
445400,30,0.0
445500,150,0.0
445600,150,21.8
445700,150,40.8
445800,150,46.7
445900,150,48.0
446000,150,48.1
446100,150,49.0
446200,150,49.4
446300,150,48.9
446400,150,49.2
446500,150,49.1
446600,150,48.5
446700,150,47.4
446800,150,44.6
446900,150,42.9
447000,30,44.9
447100,30,38.9
447200,30,27.2
447300,30,18.6
447400,30,12.1
447500,30,7.1
447600,30,3.8
447700,30,1.0
447800,30,0.0
447900,30,0.0
448000,30,0.0
448100,30,0.0
448200,30,0.0
448300,30,0.0
448400,30,0.0
448500,120,0.0
448600,120,16.6
448700,120,34.6
448800,120,41.2
448900,120,42.7
449000,120,44.1
449100,120,44.9
449200,120,44.8
449300,120,44.6
449400,120,43.1
449500,120,41.2
449600,120,41.5
449700,120,42.5
449800,120,42.7
449900,120,43.5
450000,90,43.9
450100,90,41.5
450200,90,39.2
450300,90,37.9
450400,90,36.5
450500,90,35.6
450600,90,34.3
450700,90,33.2
450800,90,31.1
450900,90,27.9
451000,90,25.1
451100,90,23.9
451200,90,25.8
451300,90,30.1
451400,90,32.9
451500,120,34.1
451600,120,38.1
451700,120,42.1
451800,120,43.2
451900,120,44.5
452000,120,44.9
452100,120,44.6
452200,120,46.0
452300,120,46.0
452400,120,45.0
452500,120,44.1
452600,120,43.0
452700,120,42.7
452800,120,43.4
452900,120,43.5
453000,150,43.6
453100,150,46.7
453200,150,48.9
453300,150,48.7
453400,150,49.1
453500,150,49.2
453600,150,48.2
453700,150,46.0
453800,150,44.1
453900,150,44.3
454000,150,45.9
454100,150,47.1
454200,150,47.8
454300,150,49.1
454400,150,49.0
454500,90,49.6
454600,90,46.3
454700,90,41.6
454800,90,39.7
454900,90,37.2
455000,90,34.9
455100,90,33.3
455200,90,32.3
455300,90,32.7
455400,90,33.5
455500,90,33.8
455600,90,34.3
455700,90,35.3
455800,90,35.7
455900,90,35.8
456000,150,36.5
456100,150,41.7
456200,150,46.3
456300,150,47.4
456400,150,47.6
456500,150,44.9
456600,150,44.1
456700,150,45.8
456800,150,47.2
456900,150,48.5
457000,150,48.9
457100,150,48.9
457200,150,49.9
457300,150,50.0
457400,150,49.6
457500,30,50.3
457600,30,43.5
457700,30,32.3
457800,30,22.3
457900,30,14.3
458000,30,7.8
458100,30,1.9
458200,30,0.0
458300,30,0.0
458400,30,0.0
458500,30,0.0
458600,30,0.0
458700,30,0.0
458800,30,0.0
458900,30,0.0
459000,120,0.0
459100,120,15.7
459200,120,32.8
459300,120,39.5
459400,120,41.8
459500,120,43.1
459600,120,43.6
459700,120,43.6
459800,120,44.6
459900,120,44.3
460000,120,43.2
460100,120,43.9
460200,120,44.3
460300,120,42.5
460400,120,39.9
460500,30,38.0
460600,30,29.3
460700,30,18.1
460800,30,10.2
460900,30,4.3
461000,30,0.5
461100,30,0.0
461200,30,0.0
461300,30,0.0
461400,30,0.0
461500,30,0.0
461600,30,0.0
461700,30,0.0
461800,30,0.0
461900,30,0.0
462000,120,0.0
462100,120,15.8
462200,120,33.3
462300,120,39.5
462400,120,42.6
462500,120,43.7
462600,120,43.9
462700,120,44.4
462800,120,44.8
462900,120,44.6
463000,120,45.0
463100,120,44.1
463200,120,42.3
463300,120,41.3
463400,120,41.8
463500,150,42.0
463600,150,45.0
463700,150,47.4
463800,150,48.2
463900,150,49.4
464000,150,48.3
464100,150,47.8
464200,150,47.7
464300,150,47.4
464400,150,45.7
464500,150,46.6
464600,150,46.4
464700,150,48.1
464800,150,48.5
464900,150,48.3
465000,60,49.2
465100,60,44.3
465200,60,36.2
465300,60,31.8
465400,60,28.6
465500,60,26.3
465600,60,25.3
465700,60,24.6
465800,60,23.7
465900,60,23.1
466000,60,21.8
466100,60,20.5
466200,60,20.0
466300,60,18.4
466400,60,17.0
466500,30,17.2
466600,30,14.0
466700,30,8.2
466800,30,4.3
466900,30,1.3
467000,30,0.0
467100,30,0.0
467200,30,0.0
467300,30,0.0
467400,30,0.0
467500,30,0.0
467600,30,0.0
467700,30,0.0
467800,30,0.0
467900,30,0.0
468000,150,0.0
468100,150,22.3
468200,150,42.0
468300,150,47.2
468400,150,48.1
468500,150,49.1
468600,150,49.0
468700,150,48.1
468800,150,48.7
468900,150,49.0
469000,150,46.8
469100,150,45.0
469200,150,44.6
469300,150,46.0
469400,150,47.3
469500,90,48.2
469600,90,45.0
469700,90,41.2
469800,90,39.0
469900,90,37.6
470000,90,37.5
470100,90,37.4
470200,90,37.0
470300,90,37.0
470400,90,35.2
470500,90,34.2
470600,90,32.3
470700,90,31.5
470800,90,32.7
470900,90,32.7
471000,120,32.9
471100,120,37.6
471200,120,41.7
471300,120,42.7
471400,120,43.7
471500,120,42.9
471600,120,41.7
471700,120,42.6
471800,120,43.0
471900,120,41.1
472000,120,41.6
472100,120,41.8
472200,120,41.7
472300,120,42.5
472400,120,42.7
472500,90,43.2
472600,90,41.7
472700,90,39.0
472800,90,37.6
472900,90,37.6
473000,90,37.6
473100,90,37.1
473200,90,37.6
473300,90,37.2
473400,90,35.6
473500,90,35.1
473600,90,33.4
473700,90,33.3
473800,90,33.4
473900,90,32.9
474000,30,33.9
474100,30,29.0
474200,30,20.0
474300,30,13.5
474400,30,8.3
474500,30,4.2
474600,30,1.1
474700,30,0.0
474800,30,0.0
474900,30,0.0
475000,30,0.0
475100,30,0.0
475200,30,0.0
475300,30,0.0
475400,30,0.0
475500,60,0.0
475600,60,3.8
475700,60,10.1
475800,60,13.9
475900,60,16.2
476000,60,17.0
476100,60,17.9
476200,60,17.7
476300,60,17.2
476400,60,18.1
476500,60,18.9
476600,60,19.0
476700,60,19.8
476800,60,19.8
476900,60,20.0
477000,30,19.1
477100,30,12.8
477200,30,2.8
477300,30,0.0
477400,30,0.0
477500,30,0.0
477600,30,0.0
477700,30,0.0
477800,30,0.0
477900,30,0.0
478000,30,0.0
478100,30,0.0
478200,30,0.0
478300,30,0.0
478400,30,0.0
478500,120,0.0
478600,120,14.4
478700,120,30.5
478800,120,35.7
478900,120,37.2
479000,120,39.8
479100,120,40.8
479200,120,42.0
479300,120,43.4
479400,120,43.7
479500,120,43.7
479600,120,44.6
479700,120,44.8
479800,120,44.6
479900,120,45.0
480000,30,43.4
480100,30,35.5
480200,30,22.1
480300,30,10.8
480400,30,2.6
480500,30,0.0
480600,30,0.0
480700,30,0.0
480800,30,0.0
480900,30,0.0
481000,30,0.0
481100,30,0.0
481200,30,0.0
481300,30,0.0
481400,30,0.0
481500,120,0.0
481600,120,14.8
481700,120,31.8
481800,120,37.5
481900,120,40.2
482000,120,42.2
482100,120,42.7
482200,120,43.7
482300,120,43.6
482400,120,41.8
482500,120,42.1
482600,120,42.7
482700,120,42.9
482800,120,43.1
482900,120,42.6
483000,60,41.7
483100,60,36.5
483200,60,28.7
483300,60,24.4
483400,60,21.6
483500,60,20.5
483600,60,20.3
483700,60,20.5
483800,60,20.4
483900,60,20.7
484000,60,20.9
484100,60,20.8
484200,60,21.2
484300,60,21.4
484400,60,21.6
484500,30,22.2
484600,30,18.9
484700,30,13.3
484800,30,9.2
484900,30,6.3
485000,30,4.1
485100,30,2.6
485200,30,1.5
485300,30,0.5
485400,30,0.0
485500,30,0.0
485600,30,0.0
485700,30,0.0
485800,30,0.1
485900,30,0.0
486000,150,0.0
486100,150,22.6
486200,150,42.6
486300,150,47.3
486400,150,46.8
486500,150,46.9
486600,150,47.2
486700,150,47.1
486800,150,48.2
486900,150,48.6
487000,150,48.0
487100,150,48.5
487200,150,48.5
487300,150,48.3
487400,150,48.7
487500,30,46.9
487600,30,36.9
487700,30,21.9
487800,30,10.5
487900,30,1.7
488000,30,0.0
488100,30,0.0
488200,30,0.0
488300,30,0.0
488400,30,0.0
488500,30,0.0
488600,30,0.0
488700,30,0.0
488800,30,0.0
488900,30,0.0
489000,150,0.0
489100,150,21.3
489200,150,40.6
489300,150,45.3
489400,150,46.8
489500,150,48.7
489600,150,48.6
489700,150,49.2
489800,150,49.5
489900,150,49.4
490000,150,49.9
490100,150,48.6
490200,150,46.6
490300,150,46.4
490400,150,45.8
490500,90,45.8
490600,90,43.2
490700,90,39.8
490800,90,37.5
490900,90,36.2
491000,90,34.6
491100,90,32.9
491200,90,33.5
491300,90,34.1
491400,90,34.4
491500,90,35.6
491600,90,35.1
491700,90,33.9
491800,90,33.4
491900,90,32.5
492000,150,32.3
492100,150,39.3
492200,150,45.7
492300,150,47.4
492400,150,49.2
492500,150,49.5
492600,150,49.2
492700,150,49.9
492800,150,49.5
492900,150,49.9
493000,150,48.6
493100,150,47.1
493200,150,47.1
493300,150,47.3
493400,150,47.3
493500,90,48.6
493600,90,44.8
493700,90,39.3
493800,90,36.9
493900,90,35.6
494000,90,35.3
494100,90,36.0
494200,90,35.7
494300,90,33.3
494400,90,31.8
494500,90,31.0
494600,90,30.0
494700,90,30.6
494800,90,31.2
494900,90,31.2
495000,150,33.0
495100,150,40.7
495200,150,46.7
495300,150,48.7
495400,150,49.4
495500,150,49.2
495600,150,49.9
495700,150,49.6
495800,150,47.6
495900,150,46.9
496000,150,45.9
496100,150,45.8
496200,150,46.3
496300,150,47.6
496400,150,48.9
496500,60,48.2
496600,60,41.5
496700,60,32.4
496800,60,27.0
496900,60,24.1
497000,60,23.5
497100,60,23.2
497200,60,22.3
497300,60,21.6
497400,60,19.9
497500,60,18.0
497600,60,17.1
497700,60,16.2
497800,60,15.1
497900,60,14.3
498000,30,14.4
498100,30,10.6
498200,30,4.2
498300,30,0.3
498400,30,0.0
498500,30,0.0
498600,30,0.0
498700,30,0.0
498800,30,0.0
498900,30,0.0
499000,30,0.0
499100,30,0.0
499200,30,0.0
499300,30,0.0
499400,30,0.0
499500,150,0.0
499600,150,21.7
499700,150,41.5
499800,150,46.0
499900,150,48.6
500000,150,49.4
500100,150,49.0
500200,150,49.9
500300,150,50.0
500400,150,49.6
500500,150,49.6
500600,150,48.2
500700,150,47.1
500800,150,47.3
500900,150,47.4
501000,120,47.4
501100,120,46.4
501200,120,44.6
501300,120,43.5
501400,120,43.6
501500,120,43.7
501600,120,43.6
501700,120,44.0
501800,120,42.6
501900,120,41.1
502000,120,40.8
502100,120,40.8
502200,120,40.8
502300,120,42.1
502400,120,43.0
502500,30,44.1
502600,30,38.3
502700,30,27.4
502800,30,19.8
502900,30,13.6
503000,30,9.2
503100,30,5.9
503200,30,3.4
503300,30,1.4
503400,30,0.1
503500,30,0.0
503600,30,0.0
503700,30,0.0
503800,30,0.0
503900,30,0.0
504000,120,0.0
504100,120,17.2
504200,120,34.8
504300,120,41.5
504400,120,42.9
504500,120,41.5
504600,120,41.1
504700,120,40.6
504800,120,40.6
504900,120,41.2
505000,120,42.1
505100,120,42.2
505200,120,42.6
505300,120,42.3
505400,120,42.1
505500,30,42.1
505600,30,36.1
505700,30,26.7
505800,30,19.1
505900,30,13.0
506000,30,8.0
506100,30,4.1
506200,30,1.0
506300,30,0.0
506400,30,0.0
506500,30,0.0
506600,30,0.0
506700,30,0.0
506800,30,0.0
506900,30,0.0
507000,60,0.0
507100,60,3.4
507200,60,9.1
507300,60,12.2
507400,60,13.5
507500,60,13.9
507600,60,14.0
507700,60,14.2
507800,60,14.5
507900,60,14.4
508000,60,14.2
508100,60,14.4
508200,60,14.9
508300,60,15.6
508400,60,16.2
508500,150,16.5
508600,150,30.1
508700,150,43.9
508800,150,46.9
508900,150,49.1
509000,150,49.4
509100,150,49.2
509200,150,50.0
509300,150,50.0
509400,150,48.7
509500,150,47.8
509600,150,47.2
509700,150,46.7
509800,150,47.3
509900,150,47.3
510000,120,47.4
510100,120,46.4
510200,120,44.8
510300,120,43.2
510400,120,43.9
510500,120,44.3
510600,120,43.4
510700,120,42.1
510800,120,41.2
510900,120,40.3
511000,120,40.9
511100,120,41.3
511200,120,42.1
511300,120,43.5
511400,120,44.3
511500,60,43.9
511600,60,39.9
511700,60,33.5
511800,60,29.1
511900,60,26.8
512000,60,25.0
512100,60,23.3
512200,60,20.8
512300,60,17.9
512400,60,15.7
512500,60,14.5
512600,60,13.3
512700,60,12.6
512800,60,11.4
512900,60,11.0
513000,150,10.8
513100,150,26.8
513200,150,41.3
513300,150,45.7
513400,150,46.7
513500,150,46.6
513600,150,47.4
513700,150,48.0
513800,150,47.3
513900,150,49.2
514000,150,49.7
514100,150,48.6
514200,150,47.6
514300,150,47.3
514400,150,47.1
514500,30,47.8
514600,30,41.3
514700,30,30.0
514800,30,21.4
514900,30,14.9
515000,30,9.7
515100,30,5.6
515200,30,2.3
515300,30,0.3
515400,30,0.0
515500,30,0.0
515600,30,0.0
515700,30,0.0
515800,30,0.0
515900,30,0.0
516000,60,0.0
516100,60,3.1
516200,60,9.6
516300,60,14.2
516400,60,17.0
516500,60,19.0
516600,60,20.4
516700,60,21.0
516800,60,21.7
516900,60,21.8
517000,60,21.9
517100,60,22.1
517200,60,21.8
517300,60,21.2
517400,60,19.9
517500,150,18.2
517600,150,30.5
517700,150,42.7
517800,150,46.4
517900,150,46.3
518000,150,45.9
518100,150,46.6
518200,150,47.6
518300,150,48.5
518400,150,48.2
518500,150,49.1
518600,150,49.2
518700,150,48.1
518800,150,46.9
518900,150,46.3
519000,120,45.5
519100,120,44.5
519200,120,43.4
519300,120,43.2
519400,120,44.1
519500,120,44.3
519600,120,44.1
519700,120,44.9
519800,120,45.0
519900,120,44.5
520000,120,43.9
520100,120,41.8
520200,120,40.7
520300,120,40.6
520400,120,41.1
520500,60,39.7
520600,60,33.8
520700,60,26.1
520800,60,22.1
520900,60,20.0
521000,60,19.1
521100,60,18.4
521200,60,18.2
521300,60,17.7
521400,60,17.6
521500,60,18.6
521600,60,19.5
521700,60,20.5
521800,60,21.2
521900,60,21.2
522000,150,21.6
522100,150,33.7
522200,150,44.4
522300,150,46.4
522400,150,46.7
522500,150,47.1
522600,150,48.0
522700,150,48.5
522800,150,48.7
522900,150,49.5
523000,150,49.7
523100,150,49.5
523200,150,50.3
523300,150,50.0
523400,150,48.6
523500,30,47.8
523600,30,39.7
523700,30,25.9
523800,30,15.2
523900,30,6.8
524000,30,0.5
524100,30,0.0
524200,30,0.0
524300,30,0.0
524400,30,0.0
524500,30,0.0
524600,30,0.0
524700,30,0.0
524800,30,0.0
524900,30,0.0
525000,120,0.0
525100,120,14.9
525200,120,30.7
525300,120,37.2
525400,120,40.6
525500,120,42.6
525600,120,43.5
525700,120,43.1
525800,120,43.6
525900,120,44.1
526000,120,44.0
526100,120,43.2
526200,120,41.6
526300,120,40.3
526400,120,40.4
526500,60,41.2
526600,60,36.4
526700,60,30.5
526800,60,26.7
526900,60,24.2
527000,60,23.1
527100,60,22.2
527200,60,21.7
527300,60,21.7
527400,60,21.7
527500,60,21.7
527600,60,21.9
527700,60,22.1
527800,60,21.9
527900,60,22.1
528000,30,21.7
528100,30,17.3
528200,30,9.3
528300,30,2.3
528400,30,0.0
528500,30,0.0
528600,30,0.0
528700,30,0.0
528800,30,0.0
528900,30,0.0
529000,30,0.0
529100,30,0.0
529200,30,0.0
529300,30,0.0
529400,30,0.0
529500,120,0.0
529600,120,15.4
529700,120,31.5
529800,120,36.6
529900,120,38.5
530000,120,39.5
530100,120,38.9
530200,120,37.6
530300,120,39.3
530400,120,40.9
530500,120,42.2
530600,120,43.1
530700,120,43.7
530800,120,44.8
530900,120,44.9
531000,60,44.5
531100,60,39.2
531200,60,29.8
531300,60,24.2
531400,60,20.4
531500,60,18.2
531600,60,17.5
531700,60,17.2
531800,60,17.1
531900,60,17.2
532000,60,16.7
532100,60,17.2
532200,60,18.4
532300,60,19.0
532400,60,19.5
532500,30,20.2
532600,30,17.0
532700,30,11.6
532800,30,7.5
532900,30,4.5
533000,30,2.2
533100,30,0.4
533200,30,0.0
533300,30,0.0
533400,30,0.0
533500,30,0.0
533600,30,0.0
533700,30,0.0
533800,30,0.0
533900,30,0.0
534000,120,0.0
534100,120,17.0
534200,120,34.8
534300,120,41.5
534400,120,43.5
534500,120,44.8
534600,120,44.8
534700,120,43.2
534800,120,42.2
534900,120,41.2
535000,120,39.9
535100,120,39.8
535200,120,40.3
535300,120,41.7
535400,120,43.2
535500,150,43.9
535600,150,45.8
535700,150,48.5
535800,150,49.4
535900,150,48.6
536000,150,47.6
536100,150,45.9
536200,150,45.7
536300,150,46.6
536400,150,47.3
536500,150,47.8
536600,150,49.1
536700,150,49.4
536800,150,49.1
536900,150,50.0
537000,120,50.0
537100,120,47.3
537200,120,44.4
537300,120,41.8
537400,120,39.8
537500,120,38.9
537600,120,37.2
537700,120,36.6
537800,120,39.4
537900,120,41.5
538000,120,43.0
538100,120,43.9
538200,120,44.1
538300,120,44.9
538400,120,44.8
538500,30,44.4
538600,30,37.8
538700,30,24.7
538800,30,14.0
538900,30,5.6
539000,30,0.0
539100,30,0.0
539200,30,0.0
539300,30,0.0
539400,30,0.0
539500,30,0.0
539600,30,0.0
539700,30,0.0
539800,30,0.0
539900,30,0.0
540000,90,0.0
540100,90,8.3
540200,90,20.0
540300,90,26.0
540400,90,29.7
540500,90,31.9
540600,90,32.4
540700,90,34.1
540800,90,34.4
540900,90,35.6
541000,90,36.4
541100,90,36.2
541200,90,37.0
541300,90,37.1
541400,90,36.9
541500,120,37.0
541600,120,39.4
541700,120,40.8
541800,120,41.2
541900,120,39.5
542000,120,38.4
542100,120,39.2
542200,120,39.9
542300,120,41.6
542400,120,43.2
542500,120,43.9
542600,120,43.7
542700,120,44.4
542800,120,44.6
542900,120,44.3
543000,90,43.5
543100,90,39.2
543200,90,33.8
543300,90,31.8
543400,90,31.4
543500,90,31.4
543600,90,32.4
543700,90,33.8
543800,90,34.4
543900,90,35.5
544000,90,35.7
544100,90,36.4
544200,90,36.6
544300,90,36.7
544400,90,37.2
544500,120,37.1
544600,120,38.3
544700,120,40.2
544800,120,39.8
544900,120,37.5
545000,120,36.0
545100,120,35.8
545200,120,36.5
545300,120,40.1
545400,120,42.2
545500,120,43.0
545600,120,44.4
545700,120,44.9
545800,120,44.5
545900,120,45.0
546000,30,45.0
546100,30,37.4
546200,30,25.0
546300,30,14.5
546400,30,5.7
546500,30,0.1
546600,30,0.0
546700,30,0.0
546800,30,0.0
546900,30,0.0
547000,30,0.0
547100,30,0.0
547200,30,0.0
547300,30,0.0
547400,30,0.0
547500,150,0.0
547600,150,21.6
547700,150,40.8
547800,150,45.4
547900,150,47.2
548000,150,48.7
548100,150,48.9
548200,150,49.9
548300,150,50.0
548400,150,49.6
548500,150,50.0
548600,150,49.6
548700,150,47.7
548800,150,46.6
548900,150,45.5
549000,30,45.0
549100,30,37.5
549200,30,24.5
549300,30,15.3
549400,30,9.1
549500,30,4.2
549600,30,0.1
549700,30,0.0
549800,30,0.0
549900,30,0.0
550000,30,0.0
550100,30,0.0
550200,30,0.0
550300,30,0.0
550400,30,0.0
550500,90,0.0
550600,90,9.7
550700,90,22.4
550800,90,29.5
550900,90,32.7
551000,90,34.2
551100,90,35.6
551200,90,36.2
551300,90,36.1
551400,90,35.7
551500,90,34.1
551600,90,32.1
551700,90,31.1
551800,90,29.7
551900,90,29.6
552000,60,30.5
552100,60,27.4
552200,60,23.0
552300,60,21.6
552400,60,20.7
552500,60,20.2
552600,60,20.3
552700,60,20.8
552800,60,20.9
552900,60,21.3
553000,60,21.4
553100,60,21.3
553200,60,21.7
553300,60,21.9
553400,60,21.7
553500,30,21.9
553600,30,18.1
553700,30,12.2
553800,30,7.8
553900,30,3.8
554000,30,0.5
554100,30,0.0
554200,30,0.0
554300,30,0.0
554400,30,0.0
554500,30,0.0
554600,30,0.0
554700,30,0.0
554800,30,0.0
554900,30,0.0
555000,60,0.0
555100,60,3.8
555200,60,9.8
555300,60,12.9
555400,60,13.8
555500,60,14.2
555600,60,13.8
555700,60,13.0
555800,60,12.2
555900,60,10.2
556000,60,7.5
556100,60,5.1
556200,60,1.1
556300,60,0.0
556400,60,0.0
556500,30,0.0
556600,30,0.0
556700,30,0.0
556800,30,0.0
556900,30,0.0
557000,30,0.0
557100,30,0.0
557200,30,0.0
557300,30,0.0
557400,30,0.0
557500,30,0.0
557600,30,0.0
557700,30,0.0
557800,30,0.0
557900,30,0.0
558000,120,0.0
558100,120,12.1
558200,120,26.0
558300,120,30.0
558400,120,32.5
558500,120,34.9
558600,120,37.0
558700,120,40.2
558800,120,42.3
558900,120,43.4
559000,120,44.5
559100,120,44.9
559200,120,44.5
559300,120,45.2
559400,120,44.6
559500,30,43.0
559600,30,35.6
559700,30,22.7
559800,30,12.6
559900,30,5.4
560000,30,0.5
560100,30,0.0
560200,30,0.0
560300,30,0.0
560400,30,0.0
560500,30,0.0
560600,30,0.0
560700,30,0.0
560800,30,0.0
560900,30,0.0
561000,90,0.0
561100,90,9.1
561200,90,21.3
561300,90,27.6
561400,90,30.6
561500,90,32.7
561600,90,34.6
561700,90,35.7
561800,90,36.1
561900,90,36.9
562000,90,37.0
562100,90,36.7
562200,90,37.0
562300,90,36.9
562400,90,36.1
562500,120,34.9
562600,120,35.3
562700,120,35.7
562800,120,36.4
562900,120,37.2
563000,120,37.4
563100,120,39.8
563200,120,41.7
563300,120,43.4
563400,120,44.0
563500,120,44.0
563600,120,44.6
563700,120,45.0
563800,120,44.1
563900,120,42.9
564000,90,41.3
564100,90,36.7
564200,90,33.4
564300,90,32.4
564400,90,31.9
564500,90,33.7
564600,90,34.4
564700,90,34.9
564800,90,35.8
564900,90,36.1
565000,90,36.4
565100,90,37.0
565200,90,37.0
565300,90,36.6
565400,90,36.4
565500,60,34.4
565600,60,27.2
565700,60,17.2
565800,60,8.4
565900,60,1.0
566000,60,0.0
566100,60,0.0
566200,60,0.0
566300,60,0.0
566400,60,0.0
566500,60,0.0
566600,60,0.0
566700,60,0.0
566800,60,0.0
566900,60,0.0
567000,30,0.0
567100,30,0.0
567200,30,0.0
567300,30,0.0
567400,30,0.0
567500,30,0.0
567600,30,0.0
567700,30,0.0
567800,30,0.0
567900,30,0.0
568000,30,0.0
568100,30,0.0
568200,30,0.0
568300,30,0.0
568400,30,0.0
568500,150,0.0
568600,150,17.9
568700,150,34.9
568800,150,39.8
568900,150,42.1
569000,150,44.4
569100,150,46.4
569200,150,48.7
569300,150,49.2
569400,150,49.0
569500,150,49.6
569600,150,49.2
569700,150,49.6
569800,150,48.9
569900,150,47.4
570000,90,47.4
570100,90,44.0
570200,90,39.2
570300,90,37.9
570400,90,37.4
570500,90,36.9
570600,90,37.0
570700,90,37.1
570800,90,36.9
570900,90,37.1
571000,90,37.1
571100,90,36.5
571200,90,34.7
571300,90,31.8
571400,90,29.0
571500,60,27.3
571600,60,22.1
571700,60,15.4
571800,60,12.0
571900,60,9.8
572000,60,7.5
572100,60,5.2
572200,60,4.1
572300,60,3.8
572400,60,4.6
572500,60,5.9
572600,60,7.1
572700,60,9.3
572800,60,11.2
572900,60,13.3
573000,90,15.1
573100,90,20.8
573200,90,28.6
573300,90,32.5
573400,90,34.2
573500,90,35.6
573600,90,36.2
573700,90,36.2
573800,90,36.9
573900,90,36.2
574000,90,34.2
574100,90,32.8
574200,90,31.2
574300,90,29.6
574400,90,30.1
574500,150,30.7
574600,150,38.0
574700,150,46.0
574800,150,48.3
574900,150,48.9
575000,150,49.6
575100,150,49.7
575200,150,49.5
575300,150,50.0
575400,150,48.0
575500,150,44.0
575600,150,40.8
575700,150,41.2
575800,150,41.7
575900,150,43.4
576000,30,46.8
576100,30,42.2
576200,30,31.1
576300,30,21.8
576400,30,14.9
576500,30,9.6
576600,30,5.4
576700,30,1.5
576800,30,0.0
576900,30,0.0
577000,30,0.0
577100,30,0.0
577200,30,0.0
577300,30,0.0
577400,30,0.0
577500,60,0.0
577600,60,4.5
577700,60,10.7
577800,60,14.8
577900,60,17.3
578000,60,19.1
578100,60,19.9
578200,60,20.8
578300,60,21.3
578400,60,21.0
578500,60,20.7
578600,60,19.6
578700,60,18.5
578800,60,18.1
578900,60,17.2
579000,90,15.7
579100,90,19.9
579200,90,26.0
579300,90,29.6
579400,90,31.8
579500,90,32.8
579600,90,34.4
579700,90,35.6
579800,90,36.0
579900,90,36.7
580000,90,37.0
580100,90,36.7
580200,90,37.4
580300,90,37.4
580400,90,36.7
580500,120,35.1
580600,120,35.1
580700,120,36.0
580800,120,35.7
580900,120,36.1
581000,120,36.4
581100,120,38.0
581200,120,41.1
581300,120,42.6
581400,120,44.3
581500,120,44.6
581600,120,44.4
581700,120,45.0
581800,120,45.3
581900,120,43.7
582000,90,42.5
582100,90,38.0
582200,90,33.3
582300,90,32.4
582400,90,31.6
582500,90,32.9
582600,90,34.1
582700,90,34.4
582800,90,35.6
582900,90,36.1
583000,90,35.8
583100,90,36.5
583200,90,36.6
583300,90,36.4
583400,90,36.7
583500,30,35.2
583600,30,24.2
583700,30,7.0
583800,30,-0.1
583900,30,0.0
584000,30,0.0
584100,30,0.0
584200,30,0.0
584300,30,0.0
584400,30,0.0
584500,30,0.0
584600,30,0.0
584700,30,0.0
584800,30,0.0
584900,30,0.0
585000,150,0.0
585100,150,18.6
585200,150,35.5
585300,150,39.4
585400,150,40.8
585500,150,42.5
585600,150,44.3
585700,150,47.7
585800,150,49.0
585900,150,48.9
586000,150,49.5
586100,150,49.7
586200,150,49.4
586300,150,49.7
586400,150,48.6
586500,30,47.1
586600,30,39.9
586700,30,27.6
586800,30,17.6
586900,30,10.2
587000,30,5.5
587100,30,2.0
587200,30,0.3
587300,30,0.0
587400,30,0.0
587500,30,0.0
587600,30,0.0
587700,30,0.0
587800,30,0.0
587900,30,0.0
588000,120,0.0
588100,120,16.5
588200,120,34.3
588300,120,40.4
588400,120,43.2
588500,120,44.1
588600,120,44.0
588700,120,44.6
588800,120,44.3
588900,120,44.1
589000,120,41.5
589100,120,38.6
589200,120,37.0
589300,120,36.4
589400,120,35.8
589500,30,36.7
589600,30,32.1
589700,30,21.8
589800,30,14.5
589900,30,8.8
590000,30,4.6
590100,30,1.7
590200,30,0.0
590300,30,0.0
590400,30,0.0
590500,30,0.0
590600,30,0.0
590700,30,0.0
590800,30,0.0
590900,30,0.0
591000,60,0.0
591100,60,3.8
591200,60,9.8
591300,60,14.2
591400,60,16.8
591500,60,18.0
591600,60,18.9
591700,60,19.4
591800,60,19.9
591900,60,20.5
592000,60,20.4
592100,60,20.9
592200,60,20.9
592300,60,21.2
592400,60,21.4
592500,150,20.8
592600,150,31.8
592700,150,43.0
592800,150,44.8
592900,150,45.8
593000,150,46.2
593100,150,47.8
593200,150,48.2
593300,150,49.2
593400,150,49.4
593500,150,49.0
593600,150,49.6
593700,150,49.4
593800,150,46.0
593900,150,42.7
594000,30,41.7
594100,30,30.5
594200,30,13.0
594300,30,1.1
594400,30,0.0
594500,30,0.0
594600,30,0.0
594700,30,0.0
594800,30,0.0
594900,30,0.0
595000,30,0.0
595100,30,0.0
595200,30,0.0
595300,30,0.0
595400,30,0.0
595500,150,0.0
595600,150,19.4
595700,150,37.5
595800,150,44.0
595900,150,47.8
596000,150,49.0
596100,150,48.9
596200,150,49.5
596300,150,49.6
596400,150,49.2
596500,150,49.9
596600,150,48.9
596700,150,47.3
596800,150,47.6
596900,150,47.7
597000,120,48.0
597100,120,47.3
597200,120,45.8
597300,120,45.7
597400,120,45.9
597500,120,45.9
597600,120,45.4
597700,120,45.2
597800,120,42.2
597900,120,38.4
598000,120,36.5
598100,120,36.0
598200,120,35.8
598300,120,37.4
598400,120,40.2
598500,150,42.9
598600,150,45.8
598700,150,47.7
598800,150,48.9
598900,150,49.4
599000,150,49.0
599100,150,49.1
599200,150,47.6
599300,150,45.4
599400,150,46.2
599500,150,46.0
599600,150,46.7
599700,150,48.7
599800,150,49.2
599900,150,49.0
600000,60,49.6
600100,60,44.4
600200,60,35.3
600300,60,27.6
600400,60,19.9
600500,60,13.9
600600,60,9.3
600700,60,5.0
600800,60,1.0
600900,60,0.0
601000,60,0.0
601100,60,0.0
601200,60,0.0
601300,60,0.0
601400,60,0.0
601500,150,0.0
601600,150,18.9
601700,150,36.4
601800,150,39.7
601900,150,41.1
602000,150,44.6
602100,150,47.4
602200,150,48.2
602300,150,49.2
602400,150,49.4
602500,150,49.1
602600,150,49.7
602700,150,49.7
602800,150,49.1
602900,150,48.7
603000,30,48.0
603100,30,39.8
603200,30,27.6
603300,30,17.7
603400,30,9.8
603500,30,4.8
603600,30,1.1
603700,30,0.0
603800,30,0.0
603900,30,0.0
604000,30,0.0
604100,30,0.0
604200,30,0.0
604300,30,0.0
604400,30,0.0
604500,120,0.0
604600,120,16.2
604700,120,34.2
604800,120,40.3
604900,120,43.1
605000,120,44.0
605100,120,43.7
605200,120,44.4
605300,120,43.9
605400,120,42.6
605500,120,41.6
605600,120,38.8
605700,120,36.1
605800,120,35.6
605900,120,36.5
606000,90,37.8
606100,90,38.4
606200,90,37.1
606300,90,36.0
606400,90,36.2
606500,90,36.1
606600,90,35.8
606700,90,36.2
606800,90,36.4
606900,90,36.1
607000,90,35.8
607100,90,34.2
607200,90,32.0
607300,90,30.7
607400,90,30.1
607500,30,30.4
607600,30,25.0
607700,30,14.9
607800,30,8.3
607900,30,4.1
608000,30,0.9
608100,30,0.0
608200,30,0.0
608300,30,0.0
608400,30,0.0
608500,30,0.0
608600,30,0.0
608700,30,0.0
608800,30,0.0
608900,30,0.0
609000,60,0.0
609100,60,3.3
609200,60,9.4
609300,60,13.1
609400,60,15.6
609500,60,16.8
609600,60,18.1
609700,60,19.0
609800,60,19.1
609900,60,19.9
610000,60,19.9
610100,60,19.8
610200,60,20.0
610300,60,20.3
610400,60,20.4
610500,30,20.3
610600,30,16.2
610700,30,8.5
610800,30,2.2
610900,30,0.0
611000,30,0.0
611100,30,0.0
611200,30,0.0
611300,30,0.0
611400,30,0.0
611500,30,0.0
611600,30,0.0
611700,30,0.0
611800,30,0.0
611900,30,0.0
612000,90,0.0
612100,90,9.3
612200,90,21.3
612300,90,25.4
612400,90,24.6
612500,90,23.2
612600,90,20.4
612700,90,15.8
612800,90,12.9
612900,90,12.0
613000,90,11.0
613100,90,10.7
613200,90,11.6
613300,90,14.2
613400,90,18.1
613500,150,24.2
613600,150,35.8
613700,150,45.7
613800,150,48.2
613900,150,48.6
614000,150,49.4
614100,150,49.5
614200,150,49.1
614300,150,49.7
614400,150,49.2
614500,150,49.0
614600,150,48.0
614700,150,47.2
614800,150,47.8
614900,150,48.6
615000,120,48.6
615100,120,47.4
615200,120,45.8
615300,120,44.8
615400,120,44.5
615500,120,43.6
615600,120,42.6
615700,120,41.2
615800,120,38.1
615900,120,35.3
616000,120,35.8
616100,120,37.6
616200,120,39.5
616300,120,42.2
616400,120,43.4
616500,60,43.5
616600,60,39.5
616700,60,32.4
616800,60,27.6
616900,60,25.5
617000,60,23.7
617100,60,22.6
617200,60,22.4
617300,60,21.3
617400,60,19.6
617500,60,17.9
617600,60,16.5
617700,60,15.3
617800,60,13.9
617900,60,12.1
618000,120,11.9
618100,120,21.8
618200,120,33.7
618300,120,38.8
618400,120,41.5
618500,120,42.7
618600,120,43.9
618700,120,44.3
618800,120,43.9
618900,120,44.0
619000,120,43.4
619100,120,41.5
619200,120,40.1
619300,120,36.5
619400,120,31.2
619500,60,29.3
619600,60,23.2
619700,60,17.7
619800,60,15.8
619900,60,15.7
620000,60,16.1
620100,60,17.1
620200,60,17.5
620300,60,18.0
620400,60,18.6
620500,60,19.1
620600,60,19.5
620700,60,20.2
620800,60,20.2
620900,60,20.3
621000,30,20.5
621100,30,17.0
621200,30,11.2
621300,30,6.3
621400,30,2.4
621500,30,0.3
621600,30,0.0
621700,30,0.0
621800,30,0.0
621900,30,0.0
622000,30,0.0
622100,30,0.0
622200,30,0.0
622300,30,0.0
622400,30,0.0
622500,120,0.0
622600,120,16.1
622700,120,34.4
622800,120,41.2
622900,120,43.0
623000,120,44.5
623100,120,44.0
623200,120,42.6
623300,120,42.2
623400,120,42.3
623500,120,42.2
623600,120,43.5
623700,120,44.1
623800,120,43.9
623900,120,44.4
624000,90,43.5
624100,90,40.7
624200,90,37.4
624300,90,35.6
624400,90,33.7
624500,90,30.4
624600,90,27.0
624700,90,24.5
624800,90,23.6
624900,90,24.6
625000,90,26.9
625100,90,29.2
625200,90,31.4
625300,90,33.4
625400,90,34.4
625500,30,34.8
625600,30,30.0
625700,30,20.8
625800,30,13.1
625900,30,7.7
626000,30,3.4
626100,30,0.1
626200,30,0.0
626300,30,0.0
626400,30,0.0
626500,30,0.0
626600,30,0.0
626700,30,0.0
626800,30,0.0
626900,30,0.0
627000,60,0.0
627100,60,3.1
627200,60,8.9
627300,60,13.1
627400,60,15.8
627500,60,17.3
627600,60,18.7
627700,60,19.4
627800,60,19.9
627900,60,20.8
628000,60,20.4
628100,60,19.3
628200,60,18.0
628300,60,17.3
628400,60,16.1
628500,120,14.3
628600,120,22.8
628700,120,33.7
628800,120,38.6
628900,120,40.7
629000,120,42.1
629100,120,43.6
629200,120,44.0
629300,120,43.9
629400,120,44.0
629500,120,43.0
629600,120,41.5
629700,120,41.5
629800,120,40.6
629900,120,37.6
630000,150,36.7
630100,150,41.6
630200,150,45.3
630300,150,46.7
630400,150,48.0
630500,150,49.2
630600,150,49.5
630700,150,49.1
630800,150,49.7
630900,150,49.6
631000,150,49.4
631100,150,49.6
631200,150,48.7
631300,150,47.3
631400,150,47.7
631500,120,48.2
631600,120,46.3
631700,120,45.2
631800,120,44.5
631900,120,43.9
632000,120,43.6
632100,120,43.1
632200,120,42.9
632300,120,42.6
632400,120,39.8
632500,120,36.9
632600,120,36.6
632700,120,38.1
632800,120,39.8
632900,120,42.0
633000,90,43.4
633100,90,41.2
633200,90,38.8
633300,90,37.4
633400,90,35.7
633500,90,35.7
633600,90,35.5
633700,90,36.4
633800,90,36.1
633900,90,34.7
634000,90,33.9
634100,90,31.8
634200,90,30.7
634300,90,31.4
634400,90,31.9
634500,30,32.9
634600,30,28.8
634700,30,20.2
634800,30,13.1
634900,30,8.2
635000,30,4.1
635100,30,1.1
635200,30,0.1
635300,30,0.0
635400,30,0.0
635500,30,0.0
635600,30,0.0
635700,30,0.0
635800,30,0.0
635900,30,0.0
636000,60,0.0
636100,60,3.6
636200,60,9.4
636300,60,13.4
636400,60,16.1
636500,60,17.7
636600,60,18.2
636700,60,18.2
636800,60,17.5
636900,60,16.5
637000,60,14.7
637100,60,13.4
637200,60,12.4
637300,60,12.2
637400,60,12.5
637500,90,13.8
637600,90,19.6
637700,90,25.4
637800,90,27.2
637900,90,26.7
638000,90,25.9
638100,90,28.2
638200,90,29.8
638300,90,31.0
638400,90,32.4
638500,90,32.9
638600,90,33.5
638700,90,34.9
638800,90,35.7
638900,90,35.7
639000,60,36.5
639100,60,33.8
639200,60,29.3
639300,60,26.5
639400,60,24.6
639500,60,23.0
639600,60,23.0
639700,60,22.8
639800,60,22.2
639900,60,21.6
640000,60,20.4
640100,60,19.6
640200,60,18.0
640300,60,16.3
640400,60,15.7
640500,30,15.6
640600,30,11.6
640700,30,5.1
640800,30,0.4
640900,30,0.0
641000,30,0.0
641100,30,0.0
641200,30,0.0
641300,30,0.0
641400,30,0.0
641500,30,0.0
641600,30,0.0
641700,30,0.0
641800,30,0.0
641900,30,0.0
642000,150,0.0
642100,150,21.8
642200,150,41.5
642300,150,47.3
642400,150,48.2
642500,150,49.0
642600,150,48.7
642700,150,47.6
642800,150,48.2
642900,150,48.3
643000,150,45.8
643100,150,44.1
643200,150,42.9
643300,150,45.3
643400,150,46.9
643500,60,47.8
643600,60,43.7
643700,60,35.6
643800,60,30.0
643900,60,26.9
644000,60,24.5
644100,60,22.8
644200,60,22.3
644300,60,21.6
644400,60,20.9
644500,60,21.3
644600,60,20.9
644700,60,20.4
644800,60,19.9
644900,60,18.9
645000,90,17.7
645100,90,21.3
645200,90,25.8
645300,90,27.7
645400,90,30.0
645500,90,31.0
645600,90,31.6
645700,90,33.4
645800,90,34.4
645900,90,34.8
646000,90,35.7
646100,90,35.5
646200,90,33.7
646300,90,32.0
646400,90,30.7
646500,60,31.8
646600,60,28.3
646700,60,21.8
646800,60,17.3
646900,60,14.4
647000,60,14.2
647100,60,14.4
647200,60,14.4
647300,60,14.5
647400,60,14.3
647500,60,14.4
647600,60,14.3
647700,60,14.5
647800,60,14.9
647900,60,14.9
648000,120,15.2
648100,120,25.8
648200,120,36.7
648300,120,41.7
648400,120,43.7
648500,120,43.9
648600,120,44.9
648700,120,44.9
648800,120,44.3
648900,120,44.9
649000,120,45.7
649100,120,44.0
649200,120,43.5
649300,120,42.5
649400,120,42.0
649500,150,42.9
649600,150,45.8
649700,150,48.6
649800,150,49.0
649900,150,48.2
650000,150,48.6
650100,150,48.5
650200,150,47.3
650300,150,46.3
650400,150,45.0
650500,150,44.5
650600,150,46.6
650700,150,47.2
650800,150,48.1
650900,150,49.2
651000,120,49.5
651100,120,47.2
651200,120,45.0
651300,120,44.6
651400,120,44.6
651500,120,44.5
651600,120,43.2
651700,120,41.2
651800,120,40.9
651900,120,41.3
652000,120,41.6
652100,120,43.4
652200,120,44.1
652300,120,43.7
652400,120,43.6
652500,60,42.0
652600,60,35.8
652700,60,28.6
652800,60,23.3
652900,60,19.6
653000,60,16.5
653100,60,15.8
653200,60,15.9
653300,60,16.5
653400,60,16.5
653500,60,16.8
653600,60,16.6
653700,60,15.7
653800,60,14.9
653900,60,14.7
654000,30,14.3
654100,30,10.8
654200,30,3.7
654300,30,0.0
654400,30,0.0
654500,30,0.0
654600,30,0.0
654700,30,0.0
654800,30,0.0
654900,30,0.0
655000,30,0.0
655100,30,0.0
655200,30,0.0
655300,30,0.0
655400,30,0.0
655500,60,0.0
655600,60,2.7
655700,60,7.4
655800,60,10.7
655900,60,13.4
656000,60,14.4
656100,60,15.8
656200,60,17.2
656300,60,18.2
656400,60,19.1
656500,60,19.9
656600,60,20.2
656700,60,20.7
656800,60,20.9
656900,60,21.0
657000,30,21.4
657100,30,17.7
657200,30,11.9
657300,30,7.3
657400,30,3.6
657500,30,0.9
657600,30,0.0
657700,30,0.0
657800,30,0.0
657900,30,0.0
658000,30,0.0
658100,30,0.0
658200,30,0.0
658300,30,0.0
658400,30,0.0
658500,120,0.0
658600,120,17.0
658700,120,34.4
658800,120,41.1
658900,120,43.9
659000,120,43.7
659100,120,43.6
659200,120,42.0
659300,120,42.2
659400,120,42.5
659500,120,42.7
659600,120,44.1
659700,120,44.0
659800,120,43.2
659900,120,43.5
660000,60,43.6
660100,60,38.1
660200,60,30.7
660300,60,24.9
660400,60,19.4
660500,60,15.4
660600,60,12.0
660700,60,9.9
660800,60,8.0
660900,60,7.8
661000,60,7.7
661100,60,6.9
661200,60,6.6
661300,60,7.1
661400,60,7.4
661500,30,7.9
661600,30,4.3
661700,30,0.0
661800,30,0.0
661900,30,0.0
662000,30,0.0
662100,30,0.0
662200,30,0.0
662300,30,0.0
662400,30,0.0
662500,30,0.0
662600,30,0.0
662700,30,0.0
662800,30,0.0
662900,30,0.0
663000,60,0.0
663100,60,2.3
663200,60,5.7
663300,60,8.4
663400,60,10.5
663500,60,11.5
663600,60,12.2
663700,60,13.4
663800,60,13.9
663900,60,14.5
664000,60,16.2
664100,60,17.5
664200,60,18.0
664300,60,19.0
664400,60,19.5
664500,150,19.4
664600,150,33.4
664700,150,45.0
664800,150,47.4
664900,150,48.9
665000,150,49.4
665100,150,48.6
665200,150,48.1
665300,150,46.7
665400,150,45.2
665500,150,45.9
665600,150,46.7
665700,150,48.7
665800,150,49.0
665900,150,47.8
666000,30,47.3
666100,30,39.2
666200,30,25.9
666300,30,15.9
666400,30,8.5
666500,30,3.6
666600,30,1.7
666700,30,0.3
666800,30,0.0
666900,30,0.0
667000,30,0.0
667100,30,0.0
667200,30,0.0
667300,30,0.0
667400,30,0.0
667500,90,0.0
667600,90,10.7
667700,90,24.0
667800,90,30.2
667900,90,32.8
668000,90,33.0
668100,90,32.7
668200,90,32.1
668300,90,32.4
668400,90,33.3
668500,90,34.1
668600,90,34.7
668700,90,35.7
668800,90,35.8
668900,90,36.5
669000,60,36.5
669100,60,33.2
669200,60,29.2
669300,60,26.3
669400,60,24.5
669500,60,24.0
669600,60,23.1
669700,60,21.8
669800,60,20.9
669900,60,19.5
670000,60,18.0
670100,60,16.5
670200,60,15.6
670300,60,14.9
670400,60,15.3
670500,120,15.3
670600,120,25.0
670700,120,36.5
670800,120,41.2
670900,120,42.5
671000,120,43.1
671100,120,43.4
671200,120,42.7
671300,120,42.9
671400,120,42.7
671500,120,42.5
671600,120,42.0
671700,120,40.9
671800,120,39.8
671900,120,40.4
672000,30,40.7
672100,30,35.6
672200,30,25.1
672300,30,17.1
672400,30,11.5
672500,30,6.8
672600,30,3.1
672700,30,0.4
672800,30,0.0
672900,30,0.0
673000,30,0.0
673100,30,0.0
673200,30,0.0
673300,30,0.0
673400,30,0.0
673500,150,0.0
673600,150,23.0
673700,150,42.6
673800,150,46.2
673900,150,48.1
674000,150,49.0
674100,150,49.0
674200,150,48.9
674300,150,47.7
674400,150,45.7
674500,150,45.9
674600,150,46.4
674700,150,47.3
674800,150,48.7
674900,150,48.2
675000,90,47.3
675100,90,43.0
675200,90,37.4
675300,90,35.3
675400,90,35.8
675500,90,36.1
675600,90,36.0
675700,90,35.2
675800,90,33.3
675900,90,32.9
676000,90,33.2
676100,90,33.0
676200,90,34.2
676300,90,35.2
676400,90,35.7
676500,150,36.5
676600,150,42.3
676700,150,46.9
676800,150,49.0
676900,150,49.4
677000,150,49.4
677100,150,49.1
677200,150,48.1
677300,150,46.9
677400,150,47.7
677500,150,48.2
677600,150,48.0
677700,150,48.3
677800,150,48.6
677900,150,48.0
678000,60,48.5
678100,60,42.6
678200,60,33.4
678300,60,26.8
678400,60,21.7
678500,60,18.5
678600,60,15.6
678700,60,12.9
678800,60,11.9
678900,60,11.1
679000,60,11.2
679100,60,11.6
679200,60,12.0
679300,60,12.1
679400,60,13.0
679500,90,13.6
679600,90,19.0
679700,90,27.2
679800,90,31.4
679900,90,33.5
680000,90,35.1
680100,90,35.5
680200,90,35.2
680300,90,35.3
680400,90,35.5
680500,90,35.3
680600,90,36.4
680700,90,36.5
680800,90,34.8
680900,90,33.7
681000,30,31.5
681100,30,24.0
681200,30,13.5
681300,30,4.7
681400,30,0.0
681500,30,0.0
681600,30,0.0
681700,30,0.0
681800,30,0.0
681900,30,0.0
682000,30,0.0
682100,30,0.0
682200,30,0.0
682300,30,0.0
682400,30,0.0
682500,150,0.0
682600,150,21.3
682700,150,41.1
682800,150,45.9
682900,150,47.6
683000,150,47.4
683100,150,47.1
683200,150,47.4
683300,150,47.8
683400,150,48.2
683500,150,49.4
683600,150,48.9
683700,150,47.6
683800,150,47.7
683900,150,47.8
684000,60,48.0
684100,60,43.9
684200,60,36.1
684300,60,30.5
684400,60,27.6
684500,60,25.1
684600,60,23.5
684700,60,22.7
684800,60,21.9
684900,60,21.7
685000,60,21.4
685100,60,21.8
685200,60,22.4
685300,60,22.2
685400,60,21.0
685500,30,20.4
685600,30,15.6
685700,30,8.3
685800,30,1.8
685900,30,0.0
686000,30,0.0
686100,30,0.0
686200,30,0.0
686300,30,0.0
686400,30,0.0
686500,30,0.0
686600,30,0.0
686700,30,0.0
686800,30,0.0
686900,30,0.0
687000,120,0.0
687100,120,15.3
687200,120,31.8
687300,120,38.3
687400,120,40.7
687500,120,41.2
687600,120,42.2
687700,120,42.9
687800,120,42.9
687900,120,43.1
688000,120,42.5
688100,120,42.9
688200,120,43.4
688300,120,43.0
688400,120,42.3
688500,60,41.2
688600,60,34.6
688700,60,27.0
688800,60,22.4
688900,60,19.4
689000,60,19.4
689100,60,19.5
689200,60,19.6
689300,60,20.2
689400,60,20.4
689500,60,20.3
689600,60,20.3
689700,60,20.2
689800,60,19.9
689900,60,19.6
690000,150,19.3
690100,150,31.8
690200,150,44.6
690300,150,48.1
690400,150,48.3
690500,150,48.0
690600,150,46.8
690700,150,45.4
690800,150,45.9
690900,150,46.0
691000,150,45.5
691100,150,46.0
691200,150,46.7
691300,150,48.0
691400,150,48.7
691500,120,48.7
691600,120,48.0
691700,120,45.4
691800,120,43.5
691900,120,42.6
692000,120,42.5
692100,120,42.3
692200,120,43.6
692300,120,44.5
692400,120,44.3
692500,120,44.8
692600,120,44.8
692700,120,44.4
692800,120,44.8
692900,120,45.2
693000,150,44.3
693100,150,45.4
693200,150,45.9
693300,150,45.7
693400,150,45.9
693500,150,45.9
693600,150,46.6
693700,150,48.5
693800,150,48.6
693900,150,48.3
694000,150,48.6
694100,150,49.0
694200,150,48.1
694300,150,47.7
694400,150,46.3
694500,30,46.0
694600,30,38.5
694700,30,26.8
694800,30,18.7
694900,30,12.2
695000,30,7.3
695100,30,3.8
695200,30,0.8
695300,30,0.0
695400,30,0.0
695500,30,0.0
695600,30,0.0
695700,30,0.0
695800,30,0.0
695900,30,0.0
696000,90,0.0
696100,90,10.1
696200,90,23.2
696300,90,29.8
696400,90,32.8
696500,90,34.1
696600,90,34.9
696700,90,35.5
696800,90,35.5
696900,90,36.6
697000,90,36.4
697100,90,34.6
697200,90,33.7
697300,90,31.5
697400,90,30.6
697500,150,31.4
697600,150,37.8
697700,150,43.6
697800,150,46.6
697900,150,46.9
698000,150,48.2
698100,150,48.5
698200,150,48.9
698300,150,49.5
698400,150,49.6
698500,150,48.5
698600,150,48.3
698700,150,47.7
698800,150,47.4
698900,150,48.5
699000,120,49.4
699100,120,47.6
699200,120,45.7
699300,120,45.2
699400,120,44.4
699500,120,44.9
699600,120,45.2
699700,120,44.9
699800,120,44.0
699900,120,42.7
700000,120,41.3
700100,120,41.1
700200,120,40.8
700300,120,42.0
700400,120,43.4
700500,150,43.7
700600,150,45.7
700700,150,48.1
700800,150,48.2
700900,150,49.2
701000,150,48.5
701100,150,46.9
701200,150,45.9
701300,150,46.2
701400,150,46.6
701500,150,48.6
701600,150,49.2
701700,150,48.9
701800,150,49.2
701900,150,49.0
702000,30,49.0
702100,30,43.5
702200,30,31.1
702300,30,20.0
702400,30,12.0
702500,30,4.3
702600,30,0.0
702700,30,0.0
702800,30,0.0
702900,30,0.0
703000,30,0.0
703100,30,0.0
703200,30,0.0
703300,30,0.0
703400,30,0.0
703500,120,0.0
703600,120,15.6
703700,120,31.9
703800,120,36.9
703900,120,39.0
704000,120,37.6
704100,120,38.1
704200,120,40.3
704300,120,41.6
704400,120,43.1
704500,120,43.7
704600,120,44.1
704700,120,44.8
704800,120,45.0
704900,120,44.5
705000,150,44.4
705100,150,45.8
705200,150,46.7
705300,150,48.1
705400,150,48.7
705500,150,48.9
705600,150,49.6
705700,150,49.9
705800,150,49.2
705900,150,49.7
706000,150,49.9
706100,150,49.2
706200,150,49.0
706300,150,48.1
706400,150,46.2
706500,90,45.8
706600,90,42.7
706700,90,38.4
706800,90,37.1
706900,90,36.4
707000,90,35.6
707100,90,35.7
707200,90,35.2
707300,90,35.7
707400,90,36.4
707500,90,36.0
707600,90,35.1
707700,90,33.8
707800,90,31.4
707900,90,30.9
708000,30,31.2
708100,30,25.5
708200,30,16.1
708300,30,9.7
708400,30,5.0
708500,30,1.7
708600,30,0.0
708700,30,0.0
708800,30,0.0
708900,30,0.0
709000,30,0.0
709100,30,0.0
709200,30,0.0
709300,30,0.0
709400,30,0.0
709500,150,0.0
709600,150,21.8
709700,150,42.5
709800,150,47.6
709900,150,48.3
710000,150,49.1
710100,150,49.2
710200,150,49.1
710300,150,49.4
710400,150,47.7
710500,150,47.1
710600,150,45.9
710700,150,44.1
710800,150,43.4
710900,150,45.8
711000,30,47.3
711100,30,41.6
711200,30,30.5
711300,30,21.6
711400,30,15.3
711500,30,10.2
711600,30,6.3
711700,30,3.1
711800,30,0.6
711900,30,0.0
712000,30,-0.1
712100,30,0.0
712200,30,0.0
712300,30,0.0
712400,30,0.0
712500,60,0.0
712600,60,4.3
712700,60,11.0
712800,60,14.5
712900,60,17.1
713000,60,18.6
713100,60,19.5
713200,60,20.7
713300,60,21.0
713400,60,20.7
713500,60,20.0
713600,60,19.4
713700,60,19.0
713800,60,18.0
713900,60,16.3
714000,30,16.1
714100,30,12.0
714200,30,5.7
714300,30,0.8
714400,30,0.0
714500,30,0.0
714600,30,0.0
714700,30,0.0
714800,30,0.0
714900,30,0.0
715000,30,0.0
715100,30,0.0
715200,30,0.0
715300,30,0.0
715400,30,0.0
715500,120,0.0
715600,120,15.6
715700,120,32.8
715800,120,39.5
715900,120,42.9
716000,120,43.6
716100,120,44.6
716200,120,44.8
716300,120,44.3
716400,120,44.6
716500,120,44.8
716600,120,44.5
716700,120,44.1
716800,120,42.7
716900,120,40.8
717000,30,39.5
717100,30,31.4
717200,30,18.5
717300,30,9.9
717400,30,3.6
717500,30,0.1
717600,30,0.0
717700,30,0.0
717800,30,0.0
717900,30,0.0
718000,30,0.0
718100,30,0.0
718200,30,0.0
718300,30,0.0
718400,30,0.0
718500,60,0.0
718600,60,2.9
718700,60,7.8
718800,60,11.7
718900,60,13.9
719000,60,15.9
719100,60,17.0
719200,60,17.5
719300,60,18.1
719400,60,18.7
719500,60,18.7
719600,60,19.1
719700,60,19.1
719800,60,18.9
719900,60,19.3
720000,90,19.3
720100,90,24.0
720200,90,30.4
720300,90,32.8
720400,90,33.2
720500,90,32.8
720600,90,31.5
720700,90,30.5
720800,90,30.7
720900,90,31.0
721000,90,31.9
721100,90,33.4
721200,90,34.3
721300,90,35.6
721400,90,36.0
721500,150,35.6
721600,150,41.6
721700,150,47.3
721800,150,48.3
721900,150,49.4
722000,150,48.3
722100,150,46.6
722200,150,44.1
722300,150,42.3
722400,150,42.2
722500,150,45.8
722600,150,47.8
722700,150,48.1
722800,150,49.4
722900,150,49.7
723000,60,49.4
723100,60,44.9
723200,60,36.5
723300,60,30.7
723400,60,26.4
723500,60,22.8
723600,60,20.2
723700,60,18.2
723800,60,17.2
723900,60,17.5
724000,60,17.2
724100,60,17.5
724200,60,17.6
724300,60,18.2
724400,60,19.1
724500,90,20.0
724600,90,24.9
724700,90,30.9
724800,90,34.1
724900,90,35.5
725000,90,35.8
725100,90,36.5
725200,90,36.6
725300,90,36.2
725400,90,36.9
725500,90,36.1
725600,90,34.6
725700,90,32.4
725800,90,29.1
725900,90,27.8
726000,30,28.4
726100,30,21.7
726200,30,10.6
726300,30,3.1
726400,30,0.0
726500,30,0.0
726600,30,0.0
726700,30,0.0
726800,30,0.0
726900,30,0.0
727000,30,0.0
727100,30,0.0
727200,30,0.0
727300,30,0.0
727400,30,0.0
727500,90,0.0
727600,90,8.9
727700,90,21.6
727800,90,28.4
727900,90,31.6
728000,90,33.8
728100,90,34.8
728200,90,34.9
728300,90,35.5
728400,90,35.7
728500,90,35.7
728600,90,36.4
728700,90,34.9
728800,90,33.3
728900,90,32.1
729000,30,30.4
729100,30,23.6
729200,30,13.4
729300,30,5.2
729400,30,0.1
729500,30,0.0
729600,30,0.0
729700,30,0.0
729800,30,0.0
729900,30,0.0
730000,30,0.0
730100,30,0.0
730200,30,0.0
730300,30,0.0
730400,30,0.0
730500,90,0.0
730600,90,9.6
730700,90,21.7
730800,90,27.4
730900,90,31.8
731000,90,33.9
731100,90,34.6
731200,90,35.6
731300,90,36.0
731400,90,35.8
731500,90,36.4
731600,90,36.4
731700,90,36.1
731800,90,36.5
731900,90,35.2
732000,150,33.4
732100,150,37.1
732200,150,40.3
732300,150,40.8
732400,150,42.7
732500,150,45.4
732600,150,47.1
732700,150,48.9
732800,150,49.1
732900,150,49.6
733000,150,49.6
733100,150,49.4
733200,150,49.7
733300,150,49.0
733400,150,47.6
733500,90,47.8
733600,90,44.4
733700,90,39.8
733800,90,38.6
733900,90,37.9
734000,90,37.1
734100,90,37.2
734200,90,36.9
734300,90,36.4
734400,90,36.6
734500,90,37.0
734600,90,36.5
734700,90,35.2
734800,90,32.4
734900,90,28.6
735000,30,27.0
735100,30,19.4
735200,30,6.5
735300,30,0.1
735400,30,0.0
735500,30,0.0
735600,30,0.0
735700,30,0.0
735800,30,0.0
735900,30,0.0
736000,30,0.0
736100,30,0.0
736200,30,0.0
736300,30,0.0
736400,30,0.0
736500,120,0.0
736600,120,13.6
736700,120,29.5
736800,120,36.0
736900,120,39.8
737000,120,42.6
737100,120,43.7
737200,120,43.6
737300,120,44.3
737400,120,44.3
737500,120,44.0
737600,120,44.0
737700,120,42.6
737800,120,40.9
737900,120,40.3
738000,150,40.9
738100,150,43.9
738200,150,48.2
738300,150,49.1
738400,150,48.9
738500,150,49.4
738600,150,49.0
738700,150,48.9
738800,150,49.7
738900,150,48.5
739000,150,44.5
739100,150,41.5
739200,150,40.9
739300,150,42.2
739400,150,44.1
739500,60,46.2
739600,60,43.0
739700,60,35.6
739800,60,30.2
739900,60,27.2
740000,60,25.3
740100,60,23.9
740200,60,23.3
740300,60,22.7
740400,60,22.6
740500,60,22.6
740600,60,21.8
740700,60,20.5
740800,60,20.0
740900,60,19.5
741000,30,18.1
741100,30,12.8
741200,30,4.7
741300,30,0.0
741400,30,0.0
741500,30,0.0
741600,30,0.0
741700,30,0.0
741800,30,0.0
741900,30,0.0
742000,30,0.0
742100,30,0.0
742200,30,0.0
742300,30,0.0
742400,30,0.0
742500,150,0.0
742600,150,21.6
742700,150,41.1
742800,150,46.0
742900,150,47.8
743000,150,48.6
743100,150,49.6
743200,150,49.7
743300,150,49.2
743400,150,49.7
743500,150,50.0
743600,150,48.6
743700,150,46.6
743800,150,44.4
743900,150,43.2
744000,120,44.0
744100,120,43.4
744200,120,43.2
744300,120,44.1
744400,120,44.5
744500,120,44.1
744600,120,44.8
744700,120,44.8
744800,120,44.5
744900,120,43.9
745000,120,42.6
745100,120,40.6
745200,120,40.8
745300,120,41.3
745400,120,42.3
745500,30,43.7
745600,30,37.6
745700,30,27.9
745800,30,19.6
745900,30,13.0
746000,30,8.0
746100,30,3.4
746200,30,0.1
746300,30,0.0
746400,30,0.0
746500,30,0.0
746600,30,0.0
746700,30,0.0
746800,30,0.0
746900,30,0.0
747000,150,0.0
747100,150,22.1
747200,150,42.6
747300,150,48.0
747400,150,48.7
747500,150,48.1
747600,150,44.1
747700,150,40.6
747800,150,39.9
747900,150,41.1
748000,150,42.2
748100,150,46.6
748200,150,49.0
748300,150,49.0
748400,150,49.5
748500,30,49.6
748600,30,43.0
748700,30,32.4
748800,30,23.5
748900,30,16.2
749000,30,9.8
749100,30,4.7
749200,30,0.3
749300,30,0.0
749400,30,0.0
749500,30,0.0
749600,30,0.0
749700,30,0.0
749800,30,0.0
749900,30,0.0
750000,90,0.0
750100,90,9.3
750200,90,22.4
750300,90,28.2
750400,90,30.4
750500,90,31.8
750600,90,33.2
750700,90,34.2
750800,90,34.9
750900,90,35.3
751000,90,36.2
751100,90,36.6
751200,90,36.4
751300,90,36.7
751400,90,36.7
751500,60,36.4
751600,60,33.9
751700,60,29.6
751800,60,24.0
751900,60,18.5
752000,60,13.8
752100,60,10.7
752200,60,7.9
752300,60,5.5
752400,60,4.1
752500,60,1.0
752600,60,0.0
752700,60,0.1
752800,60,0.0
752900,60,0.0
753000,120,0.0
753100,120,12.4
753200,120,26.9
753300,120,33.2
753400,120,36.6
753500,120,37.4
753600,120,40.2
753700,120,42.6
753800,120,43.6
753900,120,44.4
754000,120,44.4
754100,120,44.1
754200,120,44.6
754300,120,44.9
754400,120,43.0
754500,60,42.1
754600,60,34.7
754700,60,26.3
754800,60,21.9
754900,60,19.3
755000,60,17.6
755100,60,18.2
755200,60,18.9
755300,60,19.6
755400,60,20.2
755500,60,20.2
755600,60,20.8
755700,60,21.0
755800,60,20.8
755900,60,20.8
756000,150,20.7
756100,150,32.5
756200,150,44.9
756300,150,48.5
756400,150,48.2
756500,150,44.8
756600,150,41.5
756700,150,39.5
756800,150,39.4
756900,150,41.3
757000,150,43.7
757100,150,48.3
757200,150,49.4
757300,150,49.2
757400,150,49.7
757500,60,50.0
757600,60,44.8
757700,60,37.6
757800,60,32.1
757900,60,27.2
758000,60,24.1
758100,60,20.8
758200,60,18.2
758300,60,17.2
758400,60,17.5
758500,60,18.2
758600,60,18.9
758700,60,18.6
758800,60,19.3
758900,60,19.9
759000,90,20.3
759100,90,25.1
759200,90,31.1
759300,90,33.8
759400,90,35.6
759500,90,36.1
759600,90,36.1
759700,90,36.7
759800,90,36.7
759900,90,35.5
760000,90,32.7
760100,90,29.3
760200,90,26.1
760300,90,24.2
760400,90,23.6
760500,120,24.4
760600,120,30.4
760700,120,36.0
760800,120,39.7
760900,120,42.9
761000,120,44.1
761100,120,44.0
761200,120,44.6
761300,120,44.8
761400,120,44.5
761500,120,45.2
761600,120,43.0
761700,120,42.1
761800,120,40.7
761900,120,40.7
762000,150,42.0
762100,150,45.8
762200,150,48.2
762300,150,49.5
762400,150,49.7
762500,150,49.1
762600,150,49.7
762700,150,49.4
762800,150,45.5
762900,150,41.1
763000,150,38.3
763100,150,37.1
763200,150,39.2
763300,150,42.6
763400,150,46.7
763500,90,49.2
763600,90,46.0
763700,90,40.9
763800,90,39.3
763900,90,38.4
764000,90,37.6
764100,90,37.9
764200,90,37.9
764300,90,36.5
764400,90,35.8
764500,90,34.3
764600,90,33.5
764700,90,34.6
764800,90,34.3
764900,90,35.5
765000,30,36.1
765100,30,31.0
765200,30,22.6
765300,30,15.9
765400,30,10.3
765500,30,6.5
765600,30,3.3
765700,30,0.4
765800,30,0.0
765900,30,0.0
766000,30,0.0
766100,30,0.0
766200,30,0.0
766300,30,0.0
766400,30,0.0
766500,90,0.0
766600,90,9.8
766700,90,23.5
766800,90,30.0
766900,90,33.0
767000,90,34.9
767100,90,35.2
767200,90,33.4
767300,90,31.1
767400,90,28.4
767500,90,25.6
767600,90,23.7
767700,90,22.7
767800,90,23.0
767900,90,23.7
768000,150,24.7
768100,150,35.7
768200,150,45.7
768300,150,48.1
768400,150,49.2
768500,150,49.2
768600,150,49.0
768700,150,49.6
768800,150,49.7
768900,150,47.7
769000,150,46.9
769100,150,45.9
769200,150,46.0
769300,150,47.8
769400,150,49.1
769500,90,49.2
769600,90,46.0
769700,90,41.5
769800,90,38.5
769900,90,37.8
770000,90,36.1
770100,90,31.6
770200,90,25.8
770300,90,20.5
770400,90,17.1
770500,90,14.4
770600,90,13.0
770700,90,11.5
770800,90,10.7
770900,90,10.5
771000,150,12.5
771100,150,25.6
771200,150,38.3
771300,150,45.9
771400,150,48.7
771500,150,49.0
771600,150,49.7
771700,150,49.7
771800,150,49.5
771900,150,50.0
772000,150,50.1
772100,150,49.0
772200,150,48.7
772300,150,47.8
772400,150,47.8
772500,30,48.9
772600,30,43.0
772700,30,31.5
772800,30,23.1
772900,30,16.3
773000,30,10.6
773100,30,6.4
773200,30,3.1
773300,30,0.4
773400,30,0.0
773500,30,0.0
773600,30,0.0
773700,30,0.0
773800,30,0.0
773900,30,0.0
774000,60,0.0
774100,60,3.7
774200,60,9.8
774300,60,13.6
774400,60,15.8
774500,60,18.0
774600,60,19.1
774700,60,19.6
774800,60,19.5
774900,60,19.1
775000,60,18.4
775100,60,17.9
775200,60,16.2
775300,60,13.9
775400,60,11.2
775500,30,9.2
775600,30,2.6
775700,30,0.0
775800,30,0.0
775900,30,0.0
776000,30,0.0
776100,30,0.0
776200,30,0.0
776300,30,0.0
776400,30,0.0
776500,30,0.0
776600,30,0.0
776700,30,0.0
776800,30,0.0
776900,30,0.0
777000,150,0.0
777100,150,19.3
777200,150,37.2
777300,150,40.9
777400,150,42.0
777500,150,44.4
777600,150,46.9
777700,150,49.0
777800,150,49.4
777900,150,49.0
778000,150,49.6
778100,150,49.7
778200,150,49.4
778300,150,48.9
778400,150,47.7
778500,60,46.2
778600,60,40.3
778700,60,31.5
778800,60,26.1
778900,60,24.6
779000,60,23.2
779100,60,22.6
779200,60,22.3
779300,60,22.1
779400,60,21.7
779500,60,21.6
779600,60,21.2
779700,60,20.8
779800,60,21.0
779900,60,20.8
780000,120,20.0
780100,120,28.2
780200,120,36.4
780300,120,36.5
780400,120,34.6
780500,120,31.5
780600,120,28.4
780700,120,28.4
780800,120,31.6
780900,120,38.4
781000,120,42.2
781100,120,43.4
781200,120,44.5
781300,120,44.9
781400,120,44.6
781500,150,45.4
781600,150,46.7
781700,150,48.7
781800,150,49.7
781900,150,49.1
782000,150,47.8
782100,150,48.2
782200,150,48.7
782300,150,48.9
782400,150,49.7
782500,150,50.0
782600,150,49.2
782700,150,49.6
782800,150,49.0
782900,150,48.1
783000,120,46.8
783100,120,41.6
783200,120,36.5
783300,120,36.2
783400,120,38.3
783500,120,40.3
783600,120,43.0
783700,120,44.1
783800,120,44.1
783900,120,44.6
784000,120,44.3
784100,120,44.9
784200,120,45.2
784300,120,44.6
784400,120,43.2
784500,150,42.1
784600,150,43.1
784700,150,46.6
784800,150,48.0
784900,150,48.6
785000,150,49.6
785100,150,49.9
785200,150,49.2
785300,150,49.1
785400,150,47.8
785500,150,45.0
785600,150,42.9
785700,150,39.5
785800,150,38.4
785900,150,42.6
786000,30,46.8
786100,30,41.7
786200,30,31.0
786300,30,22.2
786400,30,15.2
786500,30,10.1
786600,30,5.9
786700,30,3.1
786800,30,0.8
786900,30,-0.1
787000,30,0.0
787100,30,0.0
787200,30,0.0
787300,30,0.0
787400,30,0.0
787500,60,0.0
787600,60,4.6
787700,60,11.2
787800,60,15.2
787900,60,17.9
788000,60,19.0
788100,60,19.6
788200,60,20.3
788300,60,20.7
788400,60,20.9
788500,60,21.3
788600,60,21.4
788700,60,21.8
788800,60,22.4
788900,60,22.3
789000,90,21.4
789100,90,24.9
789200,90,29.8
789300,90,31.2
789400,90,32.5
789500,90,33.8
789600,90,34.3
789700,90,35.5
789800,90,36.0
789900,90,36.1
790000,90,36.7
790100,90,36.7
790200,90,36.1
790300,90,35.7
790400,90,34.6
790500,150,34.9
790600,150,40.6
790700,150,43.5
790800,150,43.0
790900,150,42.6
791000,150,44.3
791100,150,46.2
791200,150,48.2
791300,150,48.9
791400,150,49.6
791500,150,49.6
791600,150,49.1
791700,150,49.7
791800,150,49.9
791900,150,48.1
792000,30,47.6
792100,30,38.4
792200,30,25.3
792300,30,16.2
792400,30,8.7
792500,30,2.4
792600,30,0.0
792700,30,0.0
792800,30,0.0
792900,30,0.0
793000,30,0.0
793100,30,0.0
793200,30,0.0
793300,30,0.0
793400,30,0.0
793500,60,0.0
793600,60,0.1
793700,60,0.0
793800,60,0.0
793900,60,0.0
794000,60,0.8
794100,60,5.0
794200,60,9.2
794300,60,12.6
794400,60,15.7
794500,60,17.3
794600,60,18.6
794700,60,19.6
794800,60,20.3
794900,60,20.7
795000,150,21.0
795100,150,33.8
795200,150,45.4
795300,150,47.3
795400,150,46.4
795500,150,46.6
795600,150,43.7
795700,150,39.8
795800,150,40.7
795900,150,44.1
796000,150,46.8
796100,150,48.7
796200,150,49.4
796300,150,49.2
796400,150,50.0
796500,60,50.0
796600,60,44.4
796700,60,37.0
796800,60,31.9
796900,60,29.1
797000,60,26.4
797100,60,23.9
797200,60,22.3
797300,60,20.4
797400,60,18.2
797500,60,17.6
797600,60,17.7
797700,60,18.1
797800,60,18.7
797900,60,18.7
798000,30,19.0
798100,30,16.2
798200,30,10.3
798300,30,6.0
798400,30,2.8
798500,30,0.4
798600,30,0.0
798700,30,0.0
798800,30,0.0
798900,30,0.0
799000,30,0.0
799100,30,0.0
799200,30,0.0
799300,30,0.0
799400,30,0.0
799500,120,0.0
799600,120,16.3
799700,120,34.9
799800,120,40.9
799900,120,43.5
800000,120,43.1
800100,120,43.1
800200,120,43.4
800300,120,43.0
800400,120,40.9
800500,120,37.8
800600,120,35.2
800700,120,36.5
800800,120,39.5
800900,120,41.2
801000,90,43.5
801100,90,42.0
801200,90,39.0
801300,90,38.3
801400,90,37.4
801500,90,36.7
801600,90,36.9
801700,90,37.1
801800,90,36.9
801900,90,35.8
802000,90,34.7
802100,90,32.5
802200,90,31.6
802300,90,32.3
802400,90,32.7
802500,60,34.2
802600,60,32.3
802700,60,28.1
802800,60,25.8
802900,60,24.4
803000,60,23.2
803100,60,22.8
803200,60,21.3
803300,60,19.9
803400,60,17.5
803500,60,15.4
803600,60,14.0
803700,60,13.0
803800,60,12.8
803900,60,13.4
804000,150,14.7
804100,150,29.0
804200,150,40.1
804300,150,40.4
804400,150,42.3
804500,150,45.0
804600,150,47.3
804700,150,48.2
804800,150,49.4
804900,150,49.9
805000,150,49.4
805100,150,49.9
805200,150,50.0
805300,150,49.6
805400,150,50.3
805500,90,49.6
805600,90,44.6
805700,90,39.4
805800,90,37.5
805900,90,36.4
806000,90,36.6
806100,90,36.6
806200,90,36.5
806300,90,37.1
806400,90,36.2
806500,90,35.7
806600,90,35.1
806700,90,34.6
806800,90,35.1
806900,90,34.2
807000,30,30.9
807100,30,21.7
807200,30,6.9
807300,30,0.0
807400,30,0.0
807500,30,0.0
807600,30,0.0
807700,30,0.0
807800,30,0.0
807900,30,0.0
808000,30,0.0
808100,30,0.0
808200,30,0.0
808300,30,0.0
808400,30,0.0
808500,150,0.0
808600,150,19.5
808700,150,37.5
808800,150,43.1
808900,150,46.0
809000,150,48.2
809100,150,48.6
809200,150,49.6
809300,150,49.7
809400,150,49.2
809500,150,49.7
809600,150,49.6
809700,150,49.6
809800,150,48.2
809900,150,46.3
810000,30,46.2
810100,30,39.5
810200,30,28.1
810300,30,19.6
810400,30,12.9
810500,30,8.2
810600,30,4.7
810700,30,2.3
810800,30,0.3
810900,30,0.0
811000,30,0.0
811100,30,0.0
811200,30,0.0
811300,30,0.0
811400,30,0.0
811500,90,0.0
811600,90,10.6
811700,90,23.9
811800,90,30.7
811900,90,33.7
812000,90,34.2
812100,90,33.5
812200,90,32.3
812300,90,31.6
812400,90,32.7
812500,90,30.9
812600,90,26.8
812700,90,26.3
812800,90,26.7
812900,90,28.6
813000,150,30.9
813100,150,38.8
813200,150,46.2
813300,150,48.5
813400,150,48.9
813500,150,49.9
813600,150,50.0
813700,150,49.5
813800,150,50.0
813900,150,50.1
814000,150,49.6
814100,150,49.4
814200,150,48.3
814300,150,48.0
814400,150,48.9
814500,90,49.4
814600,90,45.7
814700,90,41.6
814800,90,38.8
814900,90,36.4
815000,90,36.0
815100,90,35.6
815200,90,35.1
815300,90,33.8
815400,90,31.1
815500,90,28.7
815600,90,27.7
815700,90,27.4
815800,90,29.1
815900,90,31.4
816000,60,32.3
816100,60,31.1
816200,60,27.2
816300,60,24.9
816400,60,24.0
816500,60,23.0
816600,60,22.3
816700,60,22.1
816800,60,21.7
816900,60,21.3
817000,60,21.3
817100,60,20.9
817200,60,20.7
817300,60,20.9
817400,60,21.9
817500,120,21.9
817600,120,30.4
817700,120,38.4
817800,120,40.1
817900,120,40.3
818000,120,41.5
818100,120,41.8
818200,120,43.5
818300,120,44.5
818400,120,44.4
818500,120,44.6
818600,120,43.2
818700,120,41.8
818800,120,42.9
818900,120,43.2
819000,90,42.0
819100,90,40.2
819200,90,36.9
819300,90,34.7
819400,90,34.3
819500,90,34.6
819600,90,35.6
819700,90,36.2
819800,90,36.5
819900,90,37.1
820000,90,37.1
820100,90,36.9
820200,90,37.1
820300,90,37.1
820400,90,36.7
820500,150,37.6
820600,150,43.0
820700,150,47.2
820800,150,47.6
820900,150,48.0
821000,150,48.2
821100,150,49.2
821200,150,49.6
821300,150,48.9
821400,150,49.0
821500,150,49.0
821600,150,48.2
821700,150,48.3
821800,150,47.1
821900,150,45.2
822000,120,46.3
822100,120,44.6
822200,120,43.0
822300,120,44.3
822400,120,44.3
822500,120,45.0
822600,120,45.0
822700,120,44.5
822800,120,45.3
822900,120,45.5
823000,120,45.2
823100,120,43.7
823200,120,42.2
823300,120,40.3
823400,120,41.3
823500,90,42.2
823600,90,40.4
823700,90,38.9
823800,90,37.9
823900,90,36.4
824000,90,35.5
824100,90,33.8
824200,90,33.2
824300,90,33.8
824400,90,34.1
824500,90,34.2
824600,90,34.8
824700,90,34.9
824800,90,33.9
824900,90,32.8
825000,60,32.9
825100,60,30.2
825200,60,26.4
825300,60,24.4
825400,60,23.0
825500,60,22.7
825600,60,22.4
825700,60,22.6
825800,60,22.6
825900,60,22.2
826000,60,22.2
826100,60,21.8
826200,60,21.3
826300,60,21.3
826400,60,21.4
826500,90,21.3
826600,90,25.8
826700,90,32.0
826800,90,34.7
826900,90,35.6
827000,90,35.1
827100,90,33.5
827200,90,33.3
827300,90,34.1
827400,90,34.4
827500,90,35.6
827600,90,36.0
827700,90,35.6
827800,90,35.6
827900,90,35.5
828000,60,34.9
828100,60,32.3
828200,60,27.7
828300,60,24.1
828400,60,22.3
828500,60,20.3
828600,60,17.2
828700,60,14.5
828800,60,12.2
828900,60,10.8
829000,60,10.5
829100,60,9.8
829200,60,9.8
829300,60,9.3
829400,60,7.5
829500,90,7.3
829600,90,13.4
829700,90,21.8
829800,90,26.9
829900,90,30.2
830000,90,31.5
830100,90,34.1
830200,90,35.6
830300,90,36.0
830400,90,36.6
830500,90,36.6
830600,90,36.2
830700,90,36.7
830800,90,36.9
830900,90,36.9
831000,60,37.0
831100,60,32.4
831200,60,25.8
831300,60,20.9
831400,60,16.2
831500,60,13.6
831600,60,12.2
831700,60,12.9
831800,60,13.0
831900,60,13.9
832000,60,15.1
832100,60,15.3
832200,60,15.8
832300,60,17.0
832400,60,18.7
832500,30,19.5
832600,30,16.7
832700,30,11.1
832800,30,5.9
832900,30,1.4
833000,30,0.0
833100,30,0.0
833200,30,0.0
833300,30,0.0
833400,30,0.0
833500,30,0.0
833600,30,0.0
833700,30,0.0
833800,30,0.0
833900,30,0.0
834000,150,0.0
834100,150,21.7
834200,150,41.6
834300,150,45.7
834400,150,45.8
834500,150,47.3
834600,150,48.9
834700,150,49.1
834800,150,49.1
834900,150,48.1
835000,150,47.2
835100,150,48.5
835200,150,48.7
835300,150,49.9
835400,150,50.1
835500,30,49.5
835600,30,43.6
835700,30,32.5
835800,30,23.2
835900,30,16.7
836000,30,12.1
836100,30,8.4
836200,30,5.7
836300,30,3.7
836400,30,1.9
836500,30,0.1
836600,30,0.0
836700,30,0.0
836800,30,0.0
836900,30,0.0
837000,60,0.0
837100,60,4.5
837200,60,11.5
837300,60,15.3
837400,60,17.6
837500,60,18.4
837600,60,18.2
837700,60,17.9
837800,60,16.6
837900,60,14.8
838000,60,14.5
838100,60,14.9
838200,60,15.4
838300,60,16.5
838400,60,17.2
838500,90,17.6
838600,90,23.1
838700,90,29.2
838800,90,32.5
838900,90,33.7
839000,90,34.2
839100,90,34.8
839200,90,34.6
839300,90,34.6
839400,90,35.2
839500,90,35.2
839600,90,34.3
839700,90,33.3
839800,90,31.9
839900,90,30.1
840000,120,29.5
840100,120,33.8
840200,120,38.9
840300,120,41.7
840400,120,43.7
840500,120,44.1
840600,120,44.8
840700,120,44.8
840800,120,44.4
840900,120,44.9
841000,120,45.8
841100,120,45.4
841200,120,43.7
841300,120,41.5
841400,120,40.2
841500,90,41.7
841600,90,39.3
841700,90,37.8
841800,90,36.5
841900,90,34.8
842000,90,34.4
842100,90,34.4
842200,90,34.1
842300,90,34.3
842400,90,35.1
842500,90,35.6
842600,90,35.8
842700,90,36.1
842800,90,34.8
842900,90,33.9
843000,150,32.4
843100,150,38.9
843200,150,46.7
843300,150,48.9
843400,150,49.2
843500,150,49.9
843600,150,49.7
843700,150,49.2
843800,150,49.7
843900,150,50.1
844000,150,49.4
844100,150,49.0
844200,150,48.0
844300,150,47.4
844400,150,48.3
844500,60,48.5
844600,60,42.5
844700,60,34.8
844800,60,29.1
844900,60,25.9
845000,60,23.3
845100,60,21.9
845200,60,21.4
845300,60,20.9
845400,60,20.3
845500,60,20.0
845600,60,19.5
845700,60,19.0
845800,60,18.0
845900,60,16.6
846000,120,15.6
846100,120,24.6
846200,120,34.2
846300,120,37.8
846400,120,40.6
846500,120,42.1
846600,120,43.4
846700,120,44.6
846800,120,45.0
846900,120,44.4
847000,120,44.9
847100,120,44.9
847200,120,45.2
847300,120,45.9
847400,120,44.0
847500,90,41.2
847600,90,37.5
847700,90,34.6
847800,90,33.5
847900,90,33.3
848000,90,32.4
848100,90,32.7
848200,90,32.5
848300,90,32.7
848400,90,33.5
848500,90,33.2
848600,90,32.8
848700,90,34.3
848800,90,35.3
848900,90,35.8
849000,60,36.5
849100,60,32.5
849200,60,26.5
849300,60,22.2
849400,60,18.5
849500,60,16.8
849600,60,17.1
849700,60,17.3
849800,60,17.6
849900,60,17.9
850000,60,19.1
850100,60,19.9
850200,60,20.7
850300,60,21.2
850400,60,21.6
850500,30,21.8
850600,30,18.4
850700,30,12.1
850800,30,7.5
850900,30,4.0
851000,30,1.1
851100,30,0.0
851200,30,0.0
851300,30,0.0
851400,30,0.0
851500,30,0.0
851600,30,0.0
851700,30,0.0
851800,30,0.0
851900,30,0.0
852000,120,0.0
852100,120,16.6
852200,120,34.8
852300,120,41.2
852400,120,43.1
852500,120,44.8
852600,120,45.5
852700,120,43.7
852800,120,42.7
852900,120,41.7
853000,120,41.7
853100,120,41.6
853200,120,42.0
853300,120,42.7
853400,120,43.7
853500,150,44.0
853600,150,46.0
853700,150,48.6
853800,150,49.2
853900,150,48.2
854000,150,47.3
854100,150,45.7
854200,150,46.2
854300,150,47.6
854400,150,48.2
854500,150,49.5
854600,150,49.6
854700,150,49.0
854800,150,49.5
854900,150,49.6
855000,60,49.5
855100,60,44.1
855200,60,33.4
855300,60,24.9
855400,60,18.1
855500,60,14.0
855600,60,12.8
855700,60,12.9
855800,60,13.1
855900,60,13.8
856000,60,14.0
856100,60,12.8
856200,60,10.3
856300,60,8.9
856400,60,8.3
856500,30,7.9
856600,30,3.6
856700,30,0.0
856800,30,0.0
856900,30,0.0
857000,30,0.0
857100,30,0.0
857200,30,0.0
857300,30,0.0
857400,30,0.0
857500,30,0.0
857600,30,0.0
857700,30,0.0
857800,30,0.0
857900,30,0.0
858000,60,0.0
858100,60,1.0
858200,60,3.6
858300,60,6.3
858400,60,8.2
858500,60,9.6
858600,60,11.4
858700,60,12.8
858800,60,13.8
858900,60,14.5
859000,60,15.4
859100,60,15.9
859200,60,16.8
859300,60,17.1
859400,60,17.1
859500,120,17.1
859600,120,26.8
859700,120,37.5
859800,120,42.1
859900,120,43.9
860000,120,43.9
860100,120,43.4
860200,120,42.3
860300,120,41.3
860400,120,43.0
860500,120,43.7
860600,120,44.1
860700,120,45.2
860800,120,45.2
860900,120,45.2
861000,90,45.3
861100,90,42.9
861200,90,40.4
861300,90,39.0
861400,90,36.7
861500,90,35.3
861600,90,33.7
861700,90,32.1
861800,90,32.4
861900,90,31.4
862000,90,30.5
862100,90,32.3
862200,90,34.1
862300,90,34.6
862400,90,35.5
862500,60,35.7
862600,60,32.5
862700,60,28.3
862800,60,25.4
862900,60,23.5
863000,60,23.0
863100,60,22.1
863200,60,20.4
863300,60,18.6
863400,60,16.6
863500,60,14.5
863600,60,12.9
863700,60,9.9
863800,60,7.8
863900,60,7.3
864000,150,7.1
864100,150,25.1
864200,150,41.7
864300,150,45.3
864400,150,47.8
864500,150,49.2
864600,150,49.0
864700,150,49.5
864800,150,49.5
864900,150,49.4
865000,150,50.1
865100,150,49.0
865200,150,46.7
865300,150,46.0
865400,150,46.0
865500,30,45.2
865600,30,37.0
865700,30,24.0
865800,30,14.9
865900,30,8.2
866000,30,3.2
866100,30,-0.1
866200,30,0.0
866300,30,0.0
866400,30,0.0
866500,30,0.0
866600,30,0.0
866700,30,0.0
866800,30,0.0
866900,30,0.0
867000,120,0.0
867100,120,16.1
867200,120,33.5
867300,120,40.3
867400,120,42.6
867500,120,43.4
867600,120,44.3
867700,120,44.8
867800,120,44.4
867900,120,43.6
868000,120,42.3
868100,120,41.8
868200,120,43.2
868300,120,44.1
868400,120,44.3
868500,150,45.3
868600,150,47.3
868700,150,48.5
868800,150,49.5
868900,150,49.7
869000,150,49.6
869100,150,49.4
869200,150,48.3
869300,150,45.9
869400,150,45.7
869500,150,46.3
869600,150,46.8
869700,150,48.6
869800,150,49.1
869900,150,48.9
870000,30,49.5
870100,30,43.2
870200,30,31.9
870300,30,22.1
870400,30,12.6
870500,30,5.0
870600,30,0.3
870700,30,0.0
870800,30,0.0
870900,30,0.0
871000,30,0.0
871100,30,0.0
871200,30,0.0
871300,30,0.0
871400,30,0.0
871500,120,0.0
871600,120,15.2
871700,120,31.9
871800,120,36.6
871900,120,38.5
872000,120,40.9
872100,120,41.8
872200,120,43.0
872300,120,44.5
872400,120,44.8
872500,120,44.3
872600,120,44.8
872700,120,44.9
872800,120,44.8
872900,120,45.5
873000,60,43.6
873100,60,36.1
873200,60,25.9
873300,60,18.4
873400,60,11.6
873500,60,6.6
873600,60,1.4
873700,60,-0.1
873800,60,0.0
873900,60,0.0
874000,60,0.0
874100,60,0.0
874200,60,0.0
874300,60,0.0
874400,60,0.0
874500,90,0.0
874600,90,4.0
874700,90,12.4
874800,90,17.5
874900,90,19.9
875000,90,22.1
875100,90,25.8
875200,90,30.1
875300,90,32.8
875400,90,33.8
875500,90,34.7
875600,90,35.3
875700,90,35.8
875800,90,36.5
875900,90,36.5
876000,60,36.2
876100,60,33.5
876200,60,28.1
876300,60,23.9
876400,60,21.2
876500,60,18.1
876600,60,16.2
876700,60,16.5
876800,60,17.0
876900,60,17.9
877000,60,18.5
877100,60,18.2
877200,60,18.5
877300,60,19.5
877400,60,20.2
877500,150,20.9
877600,150,34.2
877700,150,45.2
877800,150,48.5
877900,150,49.4
878000,150,49.2
878100,150,50.0
878200,150,49.6
878300,150,48.2
878400,150,46.2
878500,150,45.0
878600,150,45.3
878700,150,47.2
878800,150,48.5
878900,150,48.6
879000,60,49.2
879100,60,44.1
879200,60,36.0
879300,60,31.5
879400,60,28.2
879500,60,24.6
879600,60,21.7
879700,60,19.1
879800,60,16.3
879900,60,14.3
880000,60,10.8
880100,60,9.2
880200,60,8.7
880300,60,8.9
880400,60,10.1
880500,150,11.5
880600,150,27.6
880700,150,42.6
880800,150,46.8
880900,150,48.3
881000,150,49.4
881100,150,49.4
881200,150,49.0
881300,150,49.6
881400,150,49.9
881500,150,48.7
881600,150,48.0
881700,150,45.7
881800,150,42.0
881900,150,41.6
882000,30,43.4
882100,30,37.8
882200,30,27.2
882300,30,18.5
882400,30,11.9
882500,30,7.0
882600,30,2.8
882700,30,0.4
882800,30,0.0
882900,30,0.0
883000,30,0.0
883100,30,0.0
883200,30,0.0
883300,30,0.0
883400,30,0.0
883500,60,0.0
883600,60,3.8
883700,60,10.1
883800,60,14.3
883900,60,17.0
884000,60,18.5
884100,60,18.7
884200,60,19.3
884300,60,20.0
884400,60,20.2
884500,60,20.5
884600,60,21.0
884700,60,21.4
884800,60,21.8
884900,60,21.6
885000,90,20.5
885100,90,24.0
885200,90,29.0
885300,90,30.1
885400,90,31.4
885500,90,32.8
885600,90,33.5
885700,90,34.9
885800,90,36.0
885900,90,36.5
886000,90,36.9
886100,90,36.7
886200,90,36.4
886300,90,36.9
886400,90,36.4
886500,120,37.0
886600,120,40.1
886700,120,42.1
886800,120,41.8
886900,120,38.9
887000,120,37.5
887100,120,38.1
887200,120,39.0
887300,120,40.9
887400,120,43.2
887500,120,44.1
887600,120,43.9
887700,120,44.5
887800,120,44.5
887900,120,44.5
888000,90,44.6
888100,90,40.3
888200,90,34.9
888300,90,31.9
888400,90,31.4
888500,90,31.6
888600,90,32.7
888700,90,34.3
888800,90,35.3
888900,90,36.4
889000,90,36.4
889100,90,35.8
889200,90,36.4
889300,90,36.6
889400,90,36.2
889500,30,37.1
889600,30,31.6
889700,30,21.6
889800,30,12.6
889900,30,5.1
890000,30,0.0
890100,30,0.0
890200,30,0.0
890300,30,0.0
890400,30,0.0
890500,30,0.0
890600,30,0.0
890700,30,0.0
890800,30,0.0
890900,30,0.0
891000,120,0.0
891100,120,14.9
891200,120,30.2
891300,120,32.4
891400,120,31.0
891500,120,32.4
891600,120,34.9
891700,120,37.4
891800,120,40.9
891900,120,43.2
892000,120,43.9
892100,120,44.9
892200,120,45.0
892300,120,44.6
892400,120,45.3
892500,60,45.9
892600,60,40.9
892700,60,33.2
892800,60,26.1
892900,60,22.7
893000,60,21.3
893100,60,20.5
893200,60,20.5
893300,60,21.2
893400,60,21.2
893500,60,21.6
893600,60,21.9
893700,60,21.9
893800,60,22.2
893900,60,21.9
894000,150,21.6
894100,150,34.3
894200,150,45.4
894300,150,47.7
894400,150,49.5
894500,150,49.6
894600,150,47.1
894700,150,44.9
894800,150,43.9
894900,150,43.7
895000,150,45.7
895100,150,47.6
895200,150,48.6
895300,150,49.5
895400,150,49.6
895500,60,49.2
895600,60,45.4
895700,60,37.1
895800,60,29.5
895900,60,24.4
896000,60,19.5
896100,60,15.3
896200,60,12.8
896300,60,11.9
896400,60,12.2
896500,60,12.8
896600,60,13.5
896700,60,14.7
896800,60,15.3
896900,60,15.4
897000,150,17.0
897100,150,32.0
897200,150,45.2
897300,150,48.7
897400,150,49.4
897500,150,49.1
897600,150,49.7
897700,150,50.0
897800,150,49.1
897900,150,46.9
898000,150,42.7
898100,150,39.7
898200,150,40.9
898300,150,42.9
898400,150,45.3
898500,60,48.2
898600,60,44.4
898700,60,36.4
898800,60,30.9
898900,60,27.3
899000,60,25.3
899100,60,24.2
899200,60,23.3
899300,60,23.5
899400,60,23.2
899500,60,22.4
899600,60,21.6
899700,60,20.7
899800,60,19.3
899900,60,17.5
900000,150,15.7
900100,150,29.8
900200,150,44.1
900300,150,47.8
900400,150,49.0
900500,150,50.1
900600,150,50.1
900700,150,49.5
900800,150,50.0
900900,150,50.0
901000,150,49.6
901100,150,48.2
901200,150,45.3
901300,150,43.1
901400,150,43.2
901500,60,44.6
901600,60,40.9
901700,60,34.4
901800,60,29.8
901900,60,26.4
902000,60,24.6
902100,60,23.2
902200,60,22.2
902300,60,22.1
902400,60,21.4
902500,60,21.7
902600,60,22.1
902700,60,22.2
902800,60,22.4
902900,60,21.3
903000,30,19.6
903100,30,14.8
903200,30,6.6
903300,30,0.5
903400,30,0.0
903500,30,0.0
903600,30,0.0
903700,30,0.0
903800,30,0.0
903900,30,0.0
904000,30,0.0
904100,30,0.0
904200,30,0.0
904300,30,0.0
904400,30,0.0
904500,90,0.0
904600,90,8.3
904700,90,19.4
904800,90,23.3
904900,90,26.8
905000,90,29.5
905100,90,31.2
905200,90,33.2
905300,90,34.7
905400,90,35.6
905500,90,36.5
905600,90,36.2
905700,90,36.5
905800,90,36.5
905900,90,36.2
906000,150,36.9
906100,150,43.0
906200,150,46.3
906300,150,43.7
906400,150,41.1
906500,150,39.9
906600,150,41.2
906700,150,43.0
906800,150,46.2
906900,150,49.1
907000,150,49.9
907100,150,49.4
907200,150,50.0
907300,150,50.1
907400,150,49.9
907500,30,50.0
907600,30,42.5
907700,30,28.3
907800,30,18.2
907900,30,11.4
908000,30,6.0
908100,30,2.4
908200,30,0.0
908300,30,0.0
908400,30,0.0
908500,30,0.0
908600,30,0.0
908700,30,0.0
908800,30,0.0
908900,30,0.0
909000,150,0.0
909100,150,21.8
909200,150,42.6
909300,150,47.8
909400,150,49.1
909500,150,50.0
909600,150,49.6
909700,150,49.1
909800,150,49.6
909900,150,50.0
910000,150,47.6
910100,150,44.8
910200,150,43.0
910300,150,42.0
910400,150,43.4
910500,120,45.8
910600,120,45.9
910700,120,45.5
910800,120,46.2
910900,120,45.5
911000,120,45.9
911100,120,46.2
911200,120,45.3
911300,120,44.9
911400,120,42.6
911500,120,40.4
911600,120,41.7
911700,120,42.6
911800,120,43.5
911900,120,44.8
912000,60,44.9
912100,60,40.6
912200,60,33.7
912300,60,28.7
912400,60,26.1
912500,60,24.4
912600,60,23.7
912700,60,23.6
912800,60,21.9
912900,60,17.5
913000,60,11.7
913100,60,6.5
913200,60,1.8
913300,60,0.0
913400,60,0.0
913500,90,0.1
913600,90,4.2
913700,90,11.2
913800,90,15.3
913900,90,16.5
914000,90,16.6
914100,90,15.7
914200,90,14.7
914300,90,14.2
914400,90,15.1
914500,90,17.2
914600,90,20.0
914700,90,22.1
914800,90,25.6
914900,90,30.7
915000,150,33.9
915100,150,41.7
915200,150,47.6
915300,150,49.1
915400,150,49.6
915500,150,49.6
915600,150,50.4
915700,150,49.9
915800,150,48.1
915900,150,48.1
916000,150,49.1
916100,150,49.4
916200,150,50.3
916300,150,50.4
916400,150,49.5
916500,90,50.0
916600,90,46.7
916700,90,42.0
916800,90,39.2
916900,90,34.9
917000,90,30.2
917100,90,26.9
917200,90,23.5
917300,90,20.4
917400,90,20.0
917500,90,21.6
917600,90,23.7
917700,90,26.8
917800,90,30.9
917900,90,33.7
918000,30,35.7
918100,30,30.9
918200,30,21.4
918300,30,14.5
918400,30,8.7
918500,30,4.7
918600,30,0.9
918700,30,0.0
918800,30,0.0
918900,30,0.0
919000,30,0.0
919100,30,0.0
919200,30,0.0
919300,30,0.0
919400,30,0.0
919500,60,0.0
919600,60,3.3
919700,60,9.4
919800,60,13.9
919900,60,16.3
920000,60,18.1
920100,60,19.3
920200,60,20.0
920300,60,21.4
920400,60,22.2
920500,60,21.6
920600,60,20.5
920700,60,18.5
920800,60,16.6
920900,60,14.7
921000,30,11.5
921100,30,4.6
921200,30,0.0
921300,30,0.0
921400,30,0.0
921500,30,0.0
921600,30,0.0
921700,30,0.0
921800,30,0.0
921900,30,0.0
922000,30,0.0
922100,30,0.0
922200,30,0.0
922300,30,0.0
922400,30,0.0
922500,90,0.0
922600,90,6.9
922700,90,17.7
922800,90,24.5
922900,90,29.0
923000,90,31.8
923100,90,33.2
923200,90,35.2
923300,90,36.4
923400,90,36.2
923500,90,36.6
923600,90,36.5
923700,90,36.2
923800,90,36.7
923900,90,36.7
924000,150,35.3
924100,150,36.9
924200,150,38.8
924300,150,38.1
924400,150,37.9
924500,150,39.2
924600,150,41.8
924700,150,46.9
924800,150,49.0
924900,150,50.0
925000,150,50.0
925100,150,49.5
925200,150,50.3
925300,150,50.4
925400,150,49.9
925500,90,49.2
925600,90,44.1
925700,90,38.4
925800,90,37.4
925900,90,37.2
926000,90,37.0
926100,90,37.6
926200,90,37.5
926300,90,36.9
926400,90,36.9
926500,90,36.7
926600,90,36.4
926700,90,36.6
926800,90,35.1
926900,90,31.0
927000,30,26.7
927100,30,13.8
927200,30,0.5
927300,30,0.0
927400,30,0.0
927500,30,0.0
927600,30,0.0
927700,30,0.0
927800,30,0.0
927900,30,0.0
928000,30,0.0
928100,30,0.0
928200,30,0.0
928300,30,0.0
928400,30,0.0
928500,150,0.0
928600,150,18.2
928700,150,33.8
928800,150,37.8
928900,150,40.2
929000,150,44.1
929100,150,48.0
929200,150,48.7
929300,150,49.5
929400,150,49.5
929500,150,49.1
929600,150,49.9
929700,150,49.9
929800,150,47.7
929900,150,46.7
930000,30,46.2
930100,30,39.3
930200,30,27.7
930300,30,19.6
930400,30,13.1
930500,30,8.4
930600,30,4.5
930700,30,1.9
930800,30,0.0
930900,30,0.0
931000,30,0.0
931100,30,0.0
931200,30,0.0
931300,30,0.0
931400,30,0.0
931500,90,0.0
931600,90,10.6
931700,90,24.4
931800,90,30.5
931900,90,33.9
932000,90,35.1
932100,90,35.2
932200,90,35.8
932300,90,36.0
932400,90,34.9
932500,90,32.1
932600,90,26.5
932700,90,21.9
932800,90,18.6
932900,90,16.1
933000,60,13.6
933100,60,5.9
933200,60,0.0
933300,60,0.0
933400,60,0.0
933500,60,0.0
933600,60,0.0
933700,60,0.0
933800,60,0.0
933900,60,0.0
934000,60,0.0
934100,60,0.0
934200,60,0.0
934300,60,0.0
934400,60,0.0
934500,30,0.0
934600,30,-0.3
934700,30,0.0
934800,30,0.0
934900,30,0.0
935000,30,0.0
935100,30,0.0
935200,30,0.0
935300,30,0.0
935400,30,0.0
935500,30,0.0
935600,30,0.0
935700,30,0.0
935800,30,0.0
935900,30,0.0
936000,150,0.0
936100,150,16.5
936200,150,32.0
936300,150,38.6
936400,150,44.5
936500,150,47.7
936600,150,49.5
936700,150,49.7
936800,150,49.2
936900,150,49.6
937000,150,50.0
937100,150,49.6
937200,150,49.6
937300,150,48.9
937400,150,47.6
937500,90,48.3
937600,90,45.3
937700,90,41.8
937800,90,39.7
937900,90,38.1
938000,90,37.8
938100,90,37.1
938200,90,36.4
938300,90,36.5
938400,90,36.0
938500,90,34.8
938600,90,33.2
938700,90,30.2
938800,90,26.8
938900,90,23.9
939000,150,20.5
939100,150,27.6
939200,150,38.5
939300,150,44.3
939400,150,47.7
939500,150,49.4
939600,150,49.6
939700,150,49.0
939800,150,49.7
939900,150,50.0
940000,150,49.4
940100,150,48.3
940200,150,46.8
940300,150,45.7
940400,150,47.2
940500,60,48.6
940600,60,44.0
940700,60,36.9
940800,60,31.2
940900,60,27.9
941000,60,25.4
941100,60,23.3
941200,60,22.8
941300,60,21.8
941400,60,20.4
941500,60,19.0
941600,60,17.2
941700,60,14.2
941800,60,11.2
941900,60,7.8
942000,30,3.3
942100,30,-0.1
942200,30,0.0
942300,30,0.0
942400,30,0.0
942500,30,0.0
942600,30,0.0
942700,30,0.0
942800,30,0.0
942900,30,0.0
943000,30,0.0
943100,30,0.0
943200,30,0.0
943300,30,0.0
943400,30,0.0
943500,90,0.0
943600,90,5.7
943700,90,14.4
943800,90,17.5
943900,90,17.9
944000,90,16.3
944100,90,15.2
944200,90,13.8
944300,90,12.1
944400,90,11.1
944500,90,11.9
944600,90,14.2
944700,90,18.5
944800,90,24.7
944900,90,29.6
945000,120,33.8
945100,120,38.5
945200,120,42.2
945300,120,44.3
945400,120,44.8
945500,120,44.3
945600,120,44.9
945700,120,45.4
945800,120,45.8
945900,120,45.3
946000,120,44.0
946100,120,42.1
946200,120,43.2
946300,120,44.3
946400,120,44.4
946500,150,45.3
946600,150,47.3
946700,150,48.3
946800,150,49.2
946900,150,48.9
947000,150,48.1
947100,150,47.1
947200,150,44.6
947300,150,42.3
947400,150,41.2
947500,150,43.5
947600,150,47.7
947700,150,49.2
947800,150,49.1
947900,150,49.6
948000,120,49.7
948100,120,47.6
948200,120,46.4
948300,120,44.9
948400,120,42.9
948500,120,41.6
948600,120,40.4
948700,120,41.3
948800,120,43.2
948900,120,44.6
949000,120,44.5
949100,120,45.0
949200,120,44.9
949300,120,44.3
949400,120,44.0
949500,30,42.6
949600,30,32.9
949700,30,16.2
949800,30,1.8
949900,30,-0.1
950000,30,0.0
950100,30,0.0
950200,30,0.0
950300,30,0.0
950400,30,0.0
950500,30,0.0
950600,30,0.0
950700,30,0.0
950800,30,0.0
950900,30,0.0
951000,60,0.0
951100,60,0.1
951200,60,0.0
951300,60,0.0
951400,60,0.0
951500,60,0.0
951600,60,0.0
951700,60,0.0
951800,60,0.0
951900,60,0.0
952000,60,0.0
952100,60,0.0
952200,60,0.0
952300,60,0.0
952400,60,0.0
952500,30,0.0
952600,30,0.0
952700,30,0.0
952800,30,0.0
952900,30,0.0
953000,30,0.0
953100,30,0.0
953200,30,0.0
953300,30,0.0
953400,30,0.0
953500,30,0.0
953600,30,0.0
953700,30,0.0
953800,30,0.0
953900,30,0.0
954000,60,0.0
954100,60,0.0
954200,60,0.0
954300,60,0.0
954400,60,0.0
954500,60,0.0
954600,60,0.0
954700,60,0.0
954800,60,0.0
954900,60,0.0
955000,60,0.0
955100,60,0.0
955200,60,0.0
955300,60,0.0
955400,60,0.0
955500,30,0.0
955600,30,0.0
955700,30,0.0
955800,30,0.0
955900,30,0.0
956000,30,0.0
956100,30,0.0
956200,30,0.0
956300,30,0.0
956400,30,0.0
956500,30,0.0
956600,30,0.0
956700,30,0.0
956800,30,0.0
956900,30,0.0
957000,60,0.0
957100,60,0.0
957200,60,0.0
957300,60,0.0
957400,60,0.0
957500,60,0.0
957600,60,0.0
957700,60,0.0
957800,60,0.0
957900,60,0.0
958000,60,0.0
958100,60,0.0
958200,60,0.0
958300,60,0.0
958400,60,0.0
958500,90,0.0
958600,90,5.1
958700,90,12.5
958800,90,15.4
958900,90,15.2
959000,90,14.9
959100,90,15.3
959200,90,14.4
959300,90,15.7
959400,90,20.4
959500,90,25.0
959600,90,29.5
959700,90,33.3
959800,90,34.9
959900,90,36.2
960000,30,36.4
960100,30,31.8
960200,30,22.8
960300,30,15.8
960400,30,10.2
960500,30,5.6
960600,30,1.0
960700,30,0.0
960800,30,0.0
960900,30,0.0
961000,30,0.0
961100,30,0.0
961200,30,0.0
961300,30,0.0
961400,30,0.0
961500,120,0.0
961600,120,15.6
961700,120,33.9
961800,120,40.6
961900,120,43.7
962000,120,44.9
962100,120,44.3
962200,120,43.9
962300,120,42.5
962400,120,42.9
962500,120,44.4
962600,120,45.2
962700,120,45.3
962800,120,45.3
962900,120,45.2
963000,30,44.3
963100,30,37.9
963200,30,26.3
963300,30,18.5
963400,30,11.9
963500,30,5.6
963600,30,0.5
963700,30,0.0
963800,30,0.0
963900,30,0.0
964000,30,0.0
964100,30,0.0
964200,30,0.0
964300,30,0.0
964400,30,0.0
964500,120,0.0
964600,120,15.6
964700,120,31.1
964800,120,35.3
964900,120,34.9
965000,120,33.4
965100,120,34.8
965200,120,38.8
965300,120,41.5
965400,120,43.7
965500,120,44.5
965600,120,44.1
965700,120,44.8
965800,120,44.9
965900,120,44.9
966000,90,45.5
966100,90,43.1
966200,90,37.9
966300,90,34.6
966400,90,31.6
966500,90,32.5
966600,90,33.7
966700,90,34.8
966800,90,36.1
966900,90,36.9
967000,90,36.7
967100,90,37.1
967200,90,36.9
967300,90,35.8
967400,90,34.9
967500,150,33.3
967600,150,38.8
967700,150,43.0
967800,150,40.9
967900,150,40.2
968000,150,43.6
968100,150,47.1
968200,150,48.7
968300,150,49.9
968400,150,50.1
968500,150,49.5
968600,150,50.0
968700,150,50.0
968800,150,49.5
968900,150,50.1
969000,60,49.7
969100,60,43.2
969200,60,33.5
969300,60,27.9
969400,60,25.1
969500,60,24.0
969600,60,23.2
969700,60,23.0
969800,60,22.7
969900,60,22.4
970000,60,22.7
970100,60,22.4
970200,60,22.1
970300,60,21.9
970400,60,21.0
970500,120,19.6
970600,120,28.1
970700,120,37.8
970800,120,41.5
970900,120,42.5
971000,120,39.9
971100,120,37.1
971200,120,35.5
971300,120,36.0
971400,120,38.9
971500,120,42.1
971600,120,44.1
971700,120,44.5
971800,120,45.2
971900,120,44.9
972000,60,44.4
972100,60,40.6
972200,60,34.4
972300,60,30.2
972400,60,27.4
972500,60,24.5
972600,60,21.8
972700,60,19.1
972800,60,14.9
972900,60,13.1
973000,60,12.9
973100,60,13.9
973200,60,15.2
973300,60,17.0
973400,60,17.7
973500,30,19.1
973600,30,17.1
973700,30,11.6
973800,30,7.8
973900,30,4.3
974000,30,1.4
974100,30,0.0
974200,30,0.0
974300,30,0.0
974400,30,0.0
974500,30,0.0
974600,30,0.0
974700,30,0.0
974800,30,0.0
974900,30,0.0
975000,120,0.0
975100,120,16.3
975200,120,34.7
975300,120,41.5
975400,120,43.6
975500,120,43.4
975600,120,42.7
975700,120,41.6
975800,120,41.5
975900,120,39.4
976000,120,35.7
976100,120,36.2
976200,120,38.4
976300,120,39.4
976400,120,42.6
976500,30,44.4
976600,30,38.9
976700,30,29.6
976800,30,21.6
976900,30,14.9
977000,30,10.1
977100,30,5.9
977200,30,2.8
977300,30,0.3
977400,30,0.0
977500,30,0.0
977600,30,0.0
977700,30,0.0
977800,30,0.0
977900,30,0.0
978000,150,0.0
978100,150,22.4
978200,150,42.7
978300,150,48.0
978400,150,48.9
978500,150,50.1
978600,150,49.7
978700,150,48.3
978800,150,47.8
978900,150,48.7
979000,150,49.2
979100,150,50.0
979200,150,49.6
979300,150,49.7
979400,150,48.9
979500,90,48.2
979600,90,45.7
979700,90,39.8
979800,90,33.5
979900,90,29.5
980000,90,26.5
980100,90,24.2
980200,90,25.0
980300,90,27.7
980400,90,30.4
980500,90,33.2
980600,90,35.1
980700,90,35.8
980800,90,36.7
980900,90,36.9
981000,150,36.4
981100,150,42.2
981200,150,47.3
981300,150,48.9
981400,150,49.4
981500,150,48.2
981600,150,45.8
981700,150,46.2
981800,150,48.0
981900,150,49.0
982000,150,49.9
982100,150,50.1
982200,150,49.1
982300,150,48.6
982400,150,47.6
982500,120,48.5
982600,120,44.5
982700,120,41.6
982800,120,42.2
982900,120,41.8
983000,120,42.6
983100,120,44.4
983200,120,45.2
983300,120,44.9
983400,120,46.2
983500,120,45.8
983600,120,45.5
983700,120,45.9
983800,120,46.0
983900,120,45.4
984000,150,46.0
984100,150,46.8
984200,150,47.2
984300,150,48.7
984400,150,49.7
984500,150,49.5
984600,150,50.0
984700,150,49.4
984800,150,48.5
984900,150,49.1
985000,150,49.1
985100,150,47.3
985200,150,45.3
985300,150,44.4
985400,150,45.0
985500,30,47.2
985600,30,41.8
985700,30,31.5
985800,30,23.2
985900,30,16.2
986000,30,11.1
986100,30,6.9
986200,30,3.3
986300,30,0.9
986400,30,0.0
986500,30,0.0
986600,30,0.0
986700,30,0.0
986800,30,0.0
986900,30,0.0
987000,150,0.0
987100,150,21.9
987200,150,42.6
987300,150,48.1
987400,150,48.9
987500,150,50.1
987600,150,49.7
987700,150,47.7
987800,150,46.3
987900,150,47.2
988000,150,47.7
988100,150,49.4
988200,150,50.0
988300,150,49.6
988400,150,49.2
988500,120,48.3
988600,120,45.9
988700,120,45.0
988800,120,43.0
988900,120,43.1
989000,120,43.0
989100,120,41.5
989200,120,42.5
989300,120,43.7
989400,120,44.3
989500,120,45.8
989600,120,46.2
989700,120,45.3
989800,120,45.9
989900,120,45.9
990000,90,45.8
990100,90,43.7
990200,90,40.3
990300,90,37.1
990400,90,34.6
990500,90,33.8
990600,90,34.2
990700,90,35.3
990800,90,36.2
990900,90,36.4
991000,90,37.0
991100,90,36.4
991200,90,35.3
991300,90,35.6
991400,90,35.5
991500,60,35.1
991600,60,32.3
991700,60,26.5
991800,60,20.9
991900,60,16.5
992000,60,12.9
992100,60,10.8
992200,60,9.6
992300,60,8.7
992400,60,6.6
992500,60,5.1
992600,60,4.6
992700,60,4.8
992800,60,5.1
992900,60,3.7
993000,150,4.6
993100,150,23.2
993200,150,40.1
993300,150,46.7
993400,150,48.9
993500,150,49.4
993600,150,50.1
993700,150,49.9
993800,150,49.4
993900,150,50.0
994000,150,50.3
994100,150,49.0
994200,150,47.7
994300,150,45.8
994400,150,45.9
994500,30,48.1
994600,30,42.9
994700,30,32.1
994800,30,23.6
994900,30,16.2
995000,30,9.4
995100,30,4.1
995200,30,0.0
995300,30,0.0
995400,30,0.0
995500,30,0.0
995600,30,0.0
995700,30,0.0
995800,30,0.0
995900,30,0.0
996000,120,0.0
996100,120,15.7
996200,120,33.0
996300,120,38.9
996400,120,40.8
996500,120,42.5
996600,120,43.5
996700,120,43.6
996800,120,43.9
996900,120,42.6
997000,120,42.0
997100,120,43.7
997200,120,44.6
997300,120,44.8
997400,120,46.2
997500,60,45.8
997600,60,40.8
997700,60,34.4
997800,60,29.8
997900,60,26.9
998000,60,25.8
998100,60,25.0
998200,60,24.1
998300,60,23.3
998400,60,21.8
998500,60,20.7
998600,60,18.5
998700,60,16.1
998800,60,15.6
998900,60,16.1
999000,90,17.0
999100,90,23.0
999200,90,29.7
999300,90,33.4
999400,90,35.5
999500,90,36.1
999600,90,35.6
999700,90,35.7
999800,90,35.2
999900,90,34.7
1000000,90,35.1
1000100,90,35.3
1000200,90,34.8
1000300,90,33.3
1000400,90,31.5
1000500,60,30.1
1000600,60,25.3
1000700,60,20.5
1000800,60,18.4
1000900,60,18.4
1001000,60,18.1
1001100,60,17.7
1001200,60,19.1
1001300,60,20.2
1001400,60,20.4
1001500,60,21.4
1001600,60,21.6
1001700,60,21.9
1001800,60,21.7
1001900,60,21.2
1002000,90,21.2
1002100,90,25.3
1002200,90,30.6
1002300,90,33.8
1002400,90,35.6
1002500,90,36.4
1002600,90,36.7
1002700,90,35.2
1002800,90,32.8
1002900,90,30.6
1003000,90,30.9
1003100,90,32.1
1003200,90,33.5
1003300,90,35.2
1003400,90,36.1
1003500,60,36.6
1003600,60,32.7
1003700,60,26.9
1003800,60,23.3
1003900,60,20.5
1004000,60,18.9
1004100,60,18.1
1004200,60,18.0
1004300,60,17.7
1004400,60,18.5
1004500,60,19.9
1004600,60,20.8
1004700,60,21.6
1004800,60,21.4
1004900,60,21.6
1005000,150,20.7
1005100,150,32.1
1005200,150,43.0
1005300,150,47.3
1005400,150,48.7
1005500,150,49.9
1005600,150,50.4
1005700,150,49.9
1005800,150,49.9
1005900,150,49.7
1006000,150,49.5
1006100,150,50.4
1006200,150,50.1
1006300,150,48.5
1006400,150,47.7
1006500,120,48.6
1006600,120,47.3
1006700,120,46.3
1006800,120,46.0
1006900,120,45.7
1007000,120,45.8
1007100,120,46.0
1007200,120,45.5
1007300,120,45.9
1007400,120,44.6
1007500,120,42.2
1007600,120,40.8
1007700,120,40.9
1007800,120,42.1
1007900,120,43.7
1008000,60,44.5
1008100,60,41.3
1008200,60,34.6
1008300,60,29.3
1008400,60,26.3
1008500,60,24.2
1008600,60,22.8
1008700,60,22.6
1008800,60,22.6
1008900,60,22.8
1009000,60,23.1
1009100,60,22.6
1009200,60,21.2
1009300,60,19.5
1009400,60,17.5
1009500,120,15.3
1009600,120,22.4
1009700,120,33.4
1009800,120,38.9
1009900,120,42.5
1010000,120,44.4
1010100,120,44.0
1010200,120,43.6
1010300,120,43.4
1010400,120,42.9
1010500,120,43.4
1010600,120,44.4
1010700,120,44.6
1010800,120,45.4
1010900,120,44.5
1011000,30,42.6
1011100,30,35.6
1011200,30,24.7
1011300,30,17.6
1011400,30,11.6
1011500,30,8.0
1011600,30,5.4
1011700,30,2.8
1011800,30,1.1
1011900,30,0.1
1012000,30,0.0
1012100,30,0.0
1012200,30,0.0
1012300,30,0.0
1012400,30,0.0
1012500,120,0.0
1012600,120,16.6
1012700,120,34.8
1012800,120,42.0
1012900,120,44.3
1013000,120,44.5
1013100,120,44.9
1013200,120,45.0
1013300,120,45.0
1013400,120,46.2
1013500,120,45.4
1013600,120,43.9
1013700,120,42.3
1013800,120,43.0
1013900,120,43.7
1014000,60,44.3
1014100,60,39.4
1014200,60,32.3
1014300,60,27.9
1014400,60,24.6
1014500,60,22.8
1014600,60,21.4
1014700,60,20.5
1014800,60,20.5
1014900,60,20.4
1015000,60,20.3
1015100,60,20.7
1015200,60,20.7
1015300,60,20.2
1015400,60,19.3
1015500,150,17.6
1015600,150,29.8
1015700,150,41.6
1015800,150,45.3
1015900,150,46.6
1016000,150,49.0
1016100,150,49.9
1016200,150,49.5
1016300,150,49.7
1016400,150,49.7
1016500,150,49.4
1016600,150,50.5
1016700,150,49.9
1016800,150,47.7
1016900,150,46.4
1017000,120,47.2
1017100,120,45.7
1017200,120,44.5
1017300,120,43.6
1017400,120,42.7
1017500,120,43.6
1017600,120,42.7
1017700,120,43.6
1017800,120,44.8
1017900,120,44.8
1018000,120,45.9
1018100,120,44.8
1018200,120,42.6
1018300,120,42.5
1018400,120,43.7
1018500,150,44.6
1018600,150,47.2
1018700,150,49.5
1018800,150,49.5
1018900,150,49.7
1019000,150,49.9
1019100,150,49.7
1019200,150,50.5
1019300,150,49.6
1019400,150,48.0
1019500,150,47.7
1019600,150,48.5
1019700,150,47.3
1019800,150,48.6
1019900,150,49.1
1020000,60,48.9
1020100,60,43.9
1020200,60,35.8
1020300,60,30.2
1020400,60,27.6
1020500,60,25.8
1020600,60,23.5
1020700,60,21.2
1020800,60,18.6
1020900,60,16.7
1021000,60,13.3
1021100,60,9.8
1021200,60,8.5
1021300,60,8.2
1021400,60,8.7
1021500,30,9.9
1021600,30,6.3
1021700,30,0.5
1021800,30,0.0
1021900,30,0.0
1022000,30,0.0
1022100,30,0.0
1022200,30,0.0
1022300,30,0.0
1022400,30,0.0
1022500,30,0.0
1022600,30,0.0
1022700,30,0.0
1022800,30,0.0
1022900,30,0.0
1023000,150,0.0
1023100,150,21.2
1023200,150,41.2
1023300,150,47.3
1023400,150,49.4
1023500,150,49.4
1023600,150,49.7
1023700,150,49.5
1023800,150,49.2
1023900,150,50.3
1024000,150,49.6
1024100,150,48.5
1024200,150,46.3
1024300,150,45.4
1024400,150,46.9
1024500,30,45.9
1024600,30,38.3
1024700,30,26.5
1024800,30,17.1
1024900,30,10.3
1025000,30,5.0
1025100,30,0.9
1025200,30,0.0
1025300,30,0.0
1025400,30,0.0
1025500,30,0.0
1025600,30,0.0
1025700,30,0.0
1025800,30,0.0
1025900,30,0.0
1026000,120,0.0
1026100,120,15.6
1026200,120,33.7
1026300,120,40.2
1026400,120,42.9
1026500,120,44.5
1026600,120,45.2
1026700,120,44.6
1026800,120,44.3
1026900,120,43.0
1027000,120,42.1
1027100,120,43.9
1027200,120,44.5
1027300,120,46.0
1027400,120,46.4
1027500,90,45.3
1027600,90,43.7
1027700,90,40.4
1027800,90,38.5
1027900,90,38.6
1028000,90,38.4
1028100,90,37.4
1028200,90,36.1
1028300,90,33.9
1028400,90,32.4
1028500,90,33.2
1028600,90,32.4
1028700,90,31.6
1028800,90,33.5
1028900,90,34.9
1029000,120,35.2
1029100,120,38.8
1029200,120,42.3
1029300,120,43.4
1029400,120,44.5
1029500,120,45.3
1029600,120,44.3
1029700,120,43.0
1029800,120,40.7
1029900,120,40.4
1030000,120,42.3
1030100,120,43.5
1030200,120,44.1
1030300,120,45.5
1030400,120,44.6
1030500,90,45.2
1030600,90,42.7
1030700,90,39.8
1030800,90,39.2
1030900,90,38.5
1031000,90,36.4
1031100,90,34.3
1031200,90,31.2
1031300,90,29.8
1031400,90,29.8
1031500,90,27.8
1031600,90,25.8
1031700,90,27.2
1031800,90,29.6
1031900,90,32.0
1032000,150,34.1
1032100,150,41.1
1032200,150,47.3
1032300,150,49.5
1032400,150,49.9
1032500,150,49.4
1032600,150,49.7
1032700,150,48.9
1032800,150,47.3
1032900,150,48.9
1033000,150,49.7
1033100,150,49.7
1033200,150,50.4
1033300,150,50.3
1033400,150,49.5
1033500,120,50.1
1033600,120,48.2
1033700,120,47.2
1033800,120,45.5
1033900,120,43.9
1034000,120,41.8
1034100,120,41.1
1034200,120,40.4
1034300,120,41.8
1034400,120,43.7
1034500,120,44.0
1034600,120,44.6
1034700,120,44.5
1034800,120,44.3
1034900,120,45.7
1035000,30,46.2
1035100,30,38.0
1035200,30,25.5
1035300,30,13.3
1035400,30,1.7
1035500,30,0.0
1035600,30,0.0
1035700,30,0.0
1035800,30,0.0
1035900,30,0.0
1036000,30,0.0
1036100,30,0.0
1036200,30,0.0
1036300,30,0.0
1036400,30,0.0
1036500,60,0.0
1036600,60,0.1
1036700,60,0.0
1036800,60,0.0
1036900,60,0.0
1037000,60,0.5
1037100,60,0.4
1037200,60,0.0
1037300,60,0.0
1037400,60,0.0
1037500,60,0.0
1037600,60,0.0
1037700,60,0.0
1037800,60,0.0
1037900,60,0.0
1038000,90,0.0
1038100,90,6.1
1038200,90,16.7
1038300,90,23.0
1038400,90,28.1
1038500,90,31.6
1038600,90,32.9
1038700,90,34.9
1038800,90,36.4
1038900,90,36.4
1039000,90,36.9
1039100,90,36.7
1039200,90,36.4
1039300,90,36.9
1039400,90,37.2
1039500,30,37.4
1039600,30,32.7
1039700,30,22.6
1039800,30,13.4
1039900,30,6.1
1040000,30,0.3
1040100,30,0.0
1040200,30,0.0
1040300,30,0.0
1040400,30,0.0
1040500,30,0.0
1040600,30,0.0
1040700,30,0.0
1040800,30,0.0
1040900,30,0.0
1041000,90,0.0
1041100,90,8.7
1041200,90,20.0
1041300,90,24.1
1041400,90,25.5
1041500,90,24.1
1041600,90,22.8
1041700,90,22.4
1041800,90,22.2
1041900,90,25.0
1042000,90,29.2
1042100,90,32.1
1042200,90,34.1
1042300,90,34.9
1042400,90,35.5
1042500,120,36.5
1042600,120,39.8
1042700,120,42.7
1042800,120,44.6
1042900,120,45.3
1043000,120,44.0
1043100,120,43.0
1043200,120,42.5
1043300,120,44.1
1043400,120,45.3
1043500,120,45.0
1043600,120,46.2
1043700,120,45.9
1043800,120,45.4
1043900,120,46.0
1044000,90,46.2
1044100,90,43.2
1044200,90,40.6
1044300,90,38.1
1044400,90,34.4
1044500,90,31.0
1044600,90,28.6
1044700,90,27.9
1044800,90,29.0
1044900,90,31.0
1045000,90,33.3
1045100,90,35.1
1045200,90,35.8
1045300,90,35.8
1045400,90,36.1
1045500,60,36.4
1045600,60,33.3
1045700,60,30.0
1045800,60,27.6
1045900,60,24.9
1046000,60,22.7
1046100,60,20.3
1046200,60,17.6
1046300,60,14.9
1046400,60,11.4
1046500,60,9.7
1046600,60,8.5
1046700,60,8.9
1046800,60,9.3
1046900,60,9.7
1047000,150,10.3
1047100,150,27.7
1047200,150,43.1
1047300,150,47.7
1047400,150,49.7
1047500,150,49.9
1047600,150,49.2
1047700,150,49.6
1047800,150,49.9
1047900,150,49.9
1048000,150,49.6
1048100,150,47.8
1048200,150,43.2
1048300,150,40.9
1048400,150,42.1
1048500,30,45.0
1048600,30,41.8
1048700,30,30.5
1048800,30,21.4
1048900,30,14.9
1049000,30,9.9
1049100,30,5.9
1049200,30,3.2
1049300,30,0.3
1049400,30,0.0
1049500,30,0.0
1049600,30,0.0
1049700,30,0.0
1049800,30,0.0
1049900,30,0.0
1050000,120,0.0
1050100,120,16.7
1050200,120,34.6
1050300,120,41.5
1050400,120,43.7
1050500,120,44.5
1050600,120,45.3
1050700,120,44.3
1050800,120,42.3
1050900,120,42.3
1051000,120,43.6
1051100,120,44.3
1051200,120,45.3
1051300,120,46.2
1051400,120,45.3
1051500,90,45.9
1051600,90,43.5
1051700,90,40.2
1051800,90,39.4
1051900,90,38.6
1052000,90,37.0
1052100,90,34.7
1052200,90,30.1
1052300,90,26.1
1052400,90,25.1
1052500,90,26.0
1052600,90,27.3
1052700,90,30.0
1052800,90,32.5
1052900,90,34.9
1053000,120,35.8
1053100,120,38.8
1053200,120,42.6
1053300,120,44.0
1053400,120,44.5
1053500,120,46.3
1053600,120,45.0
1053700,120,42.5
1053800,120,40.7
1053900,120,40.7
1054000,120,41.3
1054100,120,43.2
1054200,120,44.6
1054300,120,44.8
1054400,120,45.3
1054500,150,45.2
1054600,150,46.6
1054700,150,49.4
1054800,150,50.1
1054900,150,49.0
1055000,150,46.9
1055100,150,42.0
1055200,150,40.1
1055300,150,42.7
1055400,150,45.9
1055500,150,48.1
1055600,150,49.6
1055700,150,50.0
1055800,150,49.6
1055900,150,50.3
1056000,30,50.0
1056100,30,44.4
1056200,30,32.9
1056300,30,22.6
1056400,30,13.9
1056500,30,4.7
1056600,30,0.0
1056700,30,-0.1
1056800,30,0.0
1056900,30,0.0
1057000,30,0.0
1057100,30,0.0
1057200,30,0.0
1057300,30,0.0
1057400,30,0.0
1057500,90,0.0
1057600,90,7.9
1057700,90,19.9
1057800,90,26.8
1057900,90,31.6
1058000,90,34.6
1058100,90,36.1
1058200,90,37.4
1058300,90,37.6
1058400,90,37.4
1058500,90,37.6
1058600,90,37.4
1058700,90,37.0
1058800,90,37.4
1058900,90,37.8
1059000,150,37.4
1059100,150,42.3
1059200,150,44.8
1059300,150,43.5
1059400,150,43.1
1059500,150,44.3
1059600,150,46.9
1059700,150,49.1
1059800,150,49.2
1059900,150,49.7
1060000,150,49.9
1060100,150,49.7
1060200,150,50.3
1060300,150,49.4
1060400,150,47.1
1060500,30,45.9
1060600,30,39.0
1060700,30,27.0
1060800,30,18.7
1060900,30,12.8
1061000,30,8.4
1061100,30,5.0
1061200,30,2.3
1061300,30,0.5
1061400,30,0.0
1061500,30,0.0
1061600,30,0.0
1061700,30,0.0
1061800,30,0.0
1061900,30,0.0
1062000,150,0.0
1062100,150,22.2
1062200,150,42.6
1062300,150,48.1
1062400,150,48.7
1062500,150,49.6
1062600,150,50.0
1062700,150,49.9
1062800,150,49.4
1062900,150,45.8
1063000,150,40.9
1063100,150,40.3
1063200,150,42.5
1063300,150,44.1
1063400,150,47.4
1063500,120,49.4
1063600,120,47.8
1063700,120,46.3
1063800,120,45.5
1063900,120,45.8
1064000,120,45.8
1064100,120,45.9
1064200,120,45.4
1064300,120,44.1
1064400,120,43.9
1064500,120,44.4
1064600,120,45.8
1064700,120,46.0
1064800,120,45.4
1064900,120,45.9
1065000,30,46.2
1065100,30,39.9
1065200,30,30.2
1065300,30,22.6
1065400,30,16.3
1065500,30,11.6
1065600,30,7.1
1065700,30,3.2
1065800,30,0.0
1065900,30,0.0
1066000,30,0.0
1066100,30,0.0
1066200,30,0.0
1066300,30,0.0
1066400,30,0.0
1066500,120,0.0
1066600,120,15.9
1066700,120,32.3
1066800,120,35.7
1066900,120,35.7
1067000,120,34.7
1067100,120,36.0
1067200,120,38.5
1067300,120,41.5
1067400,120,43.4
1067500,120,44.8
1067600,120,44.8
1067700,120,44.4
1067800,120,45.3
1067900,120,45.5
1068000,30,45.4
1068100,30,38.8
1068200,30,25.4
1068300,30,12.4
1068400,30,2.0
1068500,30,0.0
1068600,30,0.0
1068700,30,0.0
1068800,30,0.0
1068900,30,0.0
1069000,30,0.0
1069100,30,0.0
1069200,30,0.0
1069300,30,0.0
1069400,30,0.0
1069500,150,0.0
1069600,150,20.7
1069700,150,40.3
1069800,150,46.8
1069900,150,49.2
1070000,150,49.5
1070100,150,50.1
1070200,150,50.0
1070300,150,49.5
1070400,150,50.0
1070500,150,50.5
1070600,150,49.2
1070700,150,45.4
1070800,150,41.2
1070900,150,39.2
1071000,30,40.9
1071100,30,32.8
1071200,30,19.1
1071300,30,11.4
1071400,30,6.6
1071500,30,3.2
1071600,30,0.5
1071700,30,0.0
1071800,30,0.0
1071900,30,0.0
1072000,30,0.0
1072100,30,0.0
1072200,30,0.0
1072300,30,0.0
1072400,30,0.0
1072500,60,0.0
1072600,60,4.2
1072700,60,10.8
1072800,60,15.4
1072900,60,18.1
1073000,60,19.6
1073100,60,20.5
1073200,60,20.7
1073300,60,21.2
1073400,60,21.0
1073500,60,20.7
1073600,60,21.0
1073700,60,21.3
1073800,60,21.2
1073900,60,21.8
1074000,150,22.3
1074100,150,34.3
1074200,150,45.5
1074300,150,47.3
1074400,150,46.6
1074500,150,48.1
1074600,150,49.4
1074700,150,49.6
1074800,150,50.5
1074900,150,50.4
1075000,150,49.5
1075100,150,49.9
1075200,150,49.4
1075300,150,50.0
1075400,150,47.6
1075500,120,44.3
1075600,120,39.5
1075700,120,35.8
1075800,120,36.4
1075900,120,39.0
1076000,120,42.5
1076100,120,43.9
1076200,120,45.0
1076300,120,45.0
1076400,120,44.6
1076500,120,45.3
1076600,120,46.3
1076700,120,44.9
1076800,120,43.5
1076900,120,40.9
1077000,150,40.8
1077100,150,44.9
1077200,150,48.5
1077300,150,49.2
1077400,150,50.1
1077500,150,50.0
1077600,150,49.2
1077700,150,49.7
1077800,150,50.3
1077900,150,48.5
1078000,150,44.3
1078100,150,41.3
1078200,150,39.3
1078300,150,40.3
1078400,150,42.1
1078500,90,46.8
1078600,90,46.4
1078700,90,42.2
1078800,90,40.1
1078900,90,38.6
1079000,90,37.6
1079100,90,37.9
1079200,90,38.3
